{
"type": "FeatureCollection",
"name": "Holderness_Shoreline_2026",
"crs": { "type": "name", "properties": { "name": "urn:ogc:def:crs:OGC:1.3:CRS84" } },
"features": [
{ "type": "Feature", "properties": { "Year": 2026, "Sensor": "Sentinel-2 MSI" }, "geometry": { "type": "LineString", "coordinates": [ [ -0.289274253830367, 53.714141828747053 ], [ -0.289285190260701, 53.713872306546072 ], [ -0.288830848830213, 53.713865818083057 ], [ -0.288841787984465, 53.713596295931929 ], [ -0.287478773463481, 53.713576820400327 ], [ -0.287489721144453, 53.713307298426336 ], [ -0.287035386227713, 53.713300803201712 ], [ -0.287046336632312, 53.713031281277622 ], [ -0.286592004794776, 53.71302478439447 ], [ -0.28660295792291, 53.712755262520325 ], [ -0.286148629164571, 53.712748763978681 ], [ -0.286159585016146, 53.712479242154465 ], [ -0.284796608512573, 53.712459736387807 ], [ -0.284818537089325, 53.711920693080465 ], [ -0.28436421774656, 53.711914187841472 ], [ -0.284375184669025, 53.711644666230939 ], [ -0.283920868405469, 53.711638159333638 ], [ -0.283931838050948, 53.711368637773127 ], [ -0.283023211860401, 53.711355618939841 ], [ -0.283034187129828, 53.711086097493165 ], [ -0.282579877202872, 53.71107958555725 ], [ -0.282590855195074, 53.710810064160654 ], [ -0.282136548347348, 53.710803550566517 ], [ -0.282147529062229, 53.710534029220014 ], [ -0.281693225293723, 53.710527513967698 ], [ -0.281704208731189, 53.710257992671302 ], [ -0.281249908041897, 53.710251475760856 ], [ -0.281260894201855, 53.709981954514546 ], [ -0.280352299160106, 53.709968915655487 ], [ -0.280374282547891, 53.709429873377204 ], [ -0.279465699823004, 53.709416827885946 ], [ -0.279476697050542, 53.709147306854028 ], [ -0.279022408856578, 53.709140781589454 ], [ -0.27903340880618, 53.708871260607701 ], [ -0.278579123691436, 53.708864733685175 ], [ -0.278590126363008, 53.708595212753657 ], [ -0.278135844327471, 53.708588684173215 ], [ -0.278146849720919, 53.708319163291911 ], [ -0.277692570764585, 53.708312633053595 ], [ -0.277703578879815, 53.708043112222512 ], [ -0.277249303002675, 53.708036580326358 ], [ -0.277271324497741, 53.707497538750935 ], [ -0.276817054600151, 53.707491005260998 ], [ -0.27682806797985, 53.707221484516673 ], [ -0.275919534521781, 53.707208412499476 ], [ -0.275941572345717, 53.706669371225765 ], [ -0.275033051204196, 53.70665629257779 ], [ -0.275055099913106, 53.706117251505326 ], [ -0.27414659108807, 53.706104166226822 ], [ -0.274168650681201, 53.705565125355754 ], [ -0.273714402337338, 53.70555858026222 ], [ -0.27373646701407, 53.705019539464381 ], [ -0.273282224649188, 53.70501299277749 ], [ -0.273293259618753, 53.704743472422052 ], [ -0.272839020332886, 53.704736924077686 ], [ -0.272861095534147, 53.704197883453887 ], [ -0.272406862227046, 53.70419133351627 ], [ -0.272417902458604, 53.703921813247888 ], [ -0.271963672230451, 53.703915261652895 ], [ -0.271985757955152, 53.703376221203236 ], [ -0.271531533705549, 53.703369668015107 ], [ -0.271542579198555, 53.703100147833837 ], [ -0.271088358027833, 53.703093592988409 ], [ -0.271110454274885, 53.702554552713018 ], [ -0.270656239082499, 53.702547996274582 ], [ -0.27067834041092, 53.702008956072575 ], [ -0.270224131196713, 53.702002398041188 ], [ -0.270246237606151, 53.70146335791263 ], [ -0.269792034369967, 53.701456798288355 ], [ -0.269803090204755, 53.701187278267696 ], [ -0.269348890047267, 53.701180716986322 ], [ -0.269371006976713, 53.700641677032245 ], [ -0.268916812797033, 53.700635114158082 ], [ -0.268927873891553, 53.700365594224706 ], [ -0.268473682790502, 53.70035902969353 ], [ -0.268495810238868, 53.699819989914047 ], [ -0.268041625115409, 53.699813423790218 ], [ -0.268052691469117, 53.699543903944168 ], [ -0.267598509424222, 53.699537336163402 ], [ -0.267620647390419, 53.698998296558671 ], [ -0.267166471322899, 53.698991727185366 ], [ -0.267199685620792, 53.698183167868024 ], [ -0.266745518429169, 53.698176596966626 ], [ -0.266756592400995, 53.697907077231008 ], [ -0.266302428287758, 53.697900504672816 ], [ -0.266324581489252, 53.697361465289035 ], [ -0.265870423352921, 53.697354891138524 ], [ -0.265892581632143, 53.696815851828433 ], [ -0.265438429472561, 53.696809276085645 ], [ -0.265460592829158, 53.696270236849294 ], [ -0.265006446646169, 53.696263659514294 ], [ -0.26502861507979, 53.695724620351704 ], [ -0.264574474873237, 53.695718041424584 ], [ -0.264607734868741, 53.69490948277069 ], [ -0.264153603536558, 53.694902902315945 ], [ -0.264175781763179, 53.694363863273381 ], [ -0.26372165640702, 53.694357281226658 ], [ -0.263743839709529, 53.693818242257933 ], [ -0.263289720329239, 53.693811658619289 ], [ -0.263300814608297, 53.693542139178753 ], [ -0.262846698305923, 53.693535553883706 ], [ -0.262891085212391, 53.692457476241742 ], [ -0.262436980681017, 53.692450889484 ], [ -0.262459178848786, 53.691911850709346 ], [ -0.262913277585, 53.691918437338046 ], [ -0.262935469237235, 53.691379398379155 ], [ -0.261573190953956, 53.691359633718037 ], [ -0.261595399270176, 53.690820595091331 ], [ -0.261141312664234, 53.6908140035586 ], [ -0.261152419449324, 53.690544484289141 ], [ -0.260698335920955, 53.690537891100298 ], [ -0.260731663886306, 53.68972933340293 ], [ -0.260277589229869, 53.689722738687252 ], [ -0.260288701088168, 53.68945321949181 ], [ -0.259834629509185, 53.689446623120105 ], [ -0.259867972693107, 53.688638065644945 ], [ -0.259413909985549, 53.688631467746553 ], [ -0.259425026916352, 53.688361948625229 ], [ -0.25897096728613, 53.688355349070889 ], [ -0.259004325686511, 53.687546791818122 ], [ -0.258550274927206, 53.687540190737259 ], [ -0.258572518751919, 53.687001152629115 ], [ -0.258118473966503, 53.686994549957127 ], [ -0.258140722862451, 53.686455511923157 ], [ -0.257686684050769, 53.686448907660115 ], [ -0.257720064730158, 53.685640350699785 ], [ -0.257266034788484, 53.685633744910461 ], [ -0.257277164216858, 53.685364225960825 ], [ -0.256823137352176, 53.685357618515845 ], [ -0.256856533242511, 53.684549061778299 ], [ -0.256402515247327, 53.684542452807214 ], [ -0.256413649745664, 53.684272933931844 ], [ -0.255959634827355, 53.684266323305216 ], [ -0.255993045926527, 53.683457766790568 ], [ -0.255539039877207, 53.683451154638007 ], [ -0.255550179444806, 53.683181635836959 ], [ -0.255096176472241, 53.683175022028934 ], [ -0.255129602778139, 53.682366465737388 ], [ -0.254675608674057, 53.6823598504036 ], [ -0.254686753310213, 53.682090331676932 ], [ -0.254232762282768, 53.682083714687771 ], [ -0.254266203793283, 53.681275158619485 ], [ -0.253812221633812, 53.681268540104703 ], [ -0.25382337133782, 53.680999021452514 ], [ -0.25336939225487, 53.680992401282474 ], [ -0.253402848967891, 53.68018384543759 ], [ -0.252948878752404, 53.680177223742092 ], [ -0.252982342522888, 53.679368667967566 ], [ -0.252528381174466, 53.679362044746689 ], [ -0.252539538297899, 53.679092526192449 ], [ -0.252085580025771, 53.67908590131649 ], [ -0.252107899519907, 53.678546864296386 ], [ -0.251653947219224, 53.67854023783029 ], [ -0.251676271779241, 53.678001200884786 ], [ -0.251222325449846, 53.677994572828645 ], [ -0.251244655075393, 53.677455535957748 ], [ -0.250790714717128, 53.677448906311611 ], [ -0.250801882153089, 53.677179387920404 ], [ -0.250347944870934, 53.67717275661937 ], [ -0.250381454776116, 53.67636420155771 ], [ -0.249473598124451, 53.676350934186068 ], [ -0.249495948733864, 53.675811897669192 ], [ -0.24904202646937, 53.675805261533696 ], [ -0.249064382142711, 53.675266225091562 ], [ -0.248610465848762, 53.675259587366376 ], [ -0.248632826585679, 53.674720550999041 ], [ -0.248178916262117, 53.674713911684208 ], [ -0.248190099252907, 53.674444393544867 ], [ -0.247736192005205, 53.674437752575422 ], [ -0.247747377708931, 53.67416823448729 ], [ -0.247293473537079, 53.674161591863253 ], [ -0.247315850188692, 53.673622555775729 ], [ -0.246861951986954, 53.67361591156223 ], [ -0.246873142934705, 53.673346393562824 ], [ -0.246419247808752, 53.673339747694797 ], [ -0.246430441469114, 53.673070229746671 ], [ -0.245976549418937, 53.673063582224188 ], [ -0.245987745791816, 53.672794064327356 ], [ -0.245533856817409, 53.672787415150424 ], [ -0.245545055902713, 53.672517897304914 ], [ -0.245091170004066, 53.672511246473583 ], [ -0.245113573417602, 53.671972210871395 ], [ -0.244659693488676, 53.671965558450871 ], [ -0.244670897816771, 53.671696040694215 ], [ -0.24421702096354, 53.671689386619349 ], [ -0.244228228003735, 53.671419868914064 ], [ -0.243320480630506, 53.671406555736318 ], [ -0.243331693276523, 53.671137038147613 ], [ -0.24287782275656, 53.671130379044776 ], [ -0.242889038114439, 53.670860861507464 ], [ -0.242435170670189, 53.670854200750419 ], [ -0.242446388739836, 53.670584683264543 ], [ -0.241992524371291, 53.670578020853341 ], [ -0.242003745152611, 53.670308503418909 ], [ -0.241549883859764, 53.670301839353577 ], [ -0.241561107352665, 53.670032321970581 ], [ -0.241107249135506, 53.670025656251177 ], [ -0.241118475339892, 53.669756138919638 ], [ -0.240664620198415, 53.669749471546162 ], [ -0.240675849114195, 53.669479954266123 ], [ -0.239768145164796, 53.66946661449176 ], [ -0.239779379685331, 53.669197097328556 ], [ -0.239325530877445, 53.669190424927741 ], [ -0.239336768109134, 53.668920907816052 ], [ -0.238882922376947, 53.668914233761299 ], [ -0.238894162319697, 53.668644716701166 ], [ -0.238440319663202, 53.668638040992512 ], [ -0.238451562316919, 53.668368523983929 ], [ -0.237543883337727, 53.668355167539616 ], [ -0.237566379670936, 53.667816133742626 ], [ -0.23711254624147, 53.667809453072465 ], [ -0.237123797027525, 53.667539936218638 ], [ -0.23666996667372, 53.667533253894717 ], [ -0.236692473484463, 53.666994220276479 ], [ -0.23623864909936, 53.666987536364289 ], [ -0.23626116096587, 53.666448502821652 ], [ -0.235807342549314, 53.66644181732125 ], [ -0.235818601101593, 53.666172300594688 ], [ -0.23536478576057, 53.666165613440654 ], [ -0.235387308102907, 53.665626580076946 ], [ -0.234933498730215, 53.665619891334849 ], [ -0.234944762520135, 53.665350374697752 ], [ -0.234490956222911, 53.665343684302115 ], [ -0.234513489039988, 53.664804651117443 ], [ -0.234059688710879, 53.66479795913385 ], [ -0.234070957737899, 53.664528442586303 ], [ -0.233617160484191, 53.664521748949241 ], [ -0.233639703774923, 53.663982715943739 ], [ -0.232732121386186, 53.663969323774943 ], [ -0.232754675515328, 53.663430290976422 ], [ -0.231847105427997, 53.663416892194221 ], [ -0.231880952603695, 53.66260834328633 ], [ -0.231427176511433, 53.662601641513739 ], [ -0.231438461429538, 53.662332125249058 ], [ -0.230984688412527, 53.662325421823255 ], [ -0.230995976039748, 53.66205590561038 ], [ -0.230542206097981, 53.662049200531399 ], [ -0.230564786587343, 53.661510168195441 ], [ -0.230111022612868, 53.661503461528987 ], [ -0.23013360815371, 53.660964429269015 ], [ -0.229226092322241, 53.660951011042542 ], [ -0.229259986610975, 53.660142462942972 ], [ -0.228806237645675, 53.66013575144877 ], [ -0.22881753826719, 53.659866235453613 ], [ -0.228363792376941, 53.659859522306455 ], [ -0.228386398853493, 53.65932049040606 ], [ -0.227932658929949, 53.659313775671748 ], [ -0.227943964784851, 53.659044259766524 ], [ -0.22749022793629, 53.659037543379334 ], [ -0.227501536499387, 53.658768027526051 ], [ -0.227047802725803, 53.658761309485989 ], [ -0.227070425084748, 53.658222277869463 ], [ -0.226616697277595, 53.658215558242404 ], [ -0.226628011073306, 53.657946042479182 ], [ -0.226174286341062, 53.657939321199343 ], [ -0.226196919164693, 53.657400289762954 ], [ -0.225743200398666, 53.657393566896253 ], [ -0.225754519426449, 53.657124051223107 ], [ -0.225300803735263, 53.657117326703712 ], [ -0.225323447022497, 53.656578295447588 ], [ -0.224416027755787, 53.656564841516769 ], [ -0.224438681872941, 53.656025810468741 ], [ -0.223984978297299, 53.656019081057416 ], [ -0.223996307971343, 53.655749565578517 ], [ -0.223542607470461, 53.655742834514669 ], [ -0.223565272049214, 53.65520380364714 ], [ -0.223111577513998, 53.655197070996721 ], [ -0.223122912418571, 53.654927555608111 ], [ -0.222669220958048, 53.654920821305254 ], [ -0.222680558569615, 53.654651305968734 ], [ -0.222226870183777, 53.654644570013474 ], [ -0.222238210502246, 53.654375054729044 ], [ -0.221784525191084, 53.654368317121417 ], [ -0.221807211057684, 53.653829286642932 ], [ -0.221353531711856, 53.653822547448961 ], [ -0.221364877259851, 53.653553032254933 ], [ -0.220911200988634, 53.653546291408666 ], [ -0.220922549243207, 53.653276776266779 ], [ -0.22046887604659, 53.653270033768258 ], [ -0.220491577784627, 53.652731003574942 ], [ -0.220037910553072, 53.652724259490249 ], [ -0.220049264036399, 53.652454744438849 ], [ -0.219595599879378, 53.652447998701987 ], [ -0.21960695606896, 53.65217848370277 ], [ -0.219153294986465, 53.65217173631379 ], [ -0.219164653882207, 53.651902221366768 ], [ -0.218710995874231, 53.651895472325663 ], [ -0.21872235747604, 53.651625957430888 ], [ -0.218268702542574, 53.651619206737728 ], [ -0.218280066850356, 53.651349691895192 ], [ -0.217826414991393, 53.651342939549977 ], [ -0.217837782005054, 53.651073424759701 ], [ -0.217384133220586, 53.651066670762511 ], [ -0.217395502940033, 53.650797156024502 ], [ -0.216941857230051, 53.650790400375328 ], [ -0.216964601895915, 53.650251370990013 ], [ -0.216057322589392, 53.650237854802086 ], [ -0.216068700425635, 53.649968340220987 ], [ -0.215615063939064, 53.649961579616132 ], [ -0.215626444480719, 53.649692065087351 ], [ -0.214265544798185, 53.649671773163178 ], [ -0.21428832266687, 53.649132744461447 ], [ -0.213381068694478, 53.649119208186967 ], [ -0.213392463131311, 53.648849693947852 ], [ -0.212938839311991, 53.648842923299917 ], [ -0.212950236453761, 53.648573409113219 ], [ -0.212496615708949, 53.648566636813648 ], [ -0.21250801555556, 53.648297122679374 ], [ -0.212054397885247, 53.648290348728167 ], [ -0.212065800436607, 53.648020834646374 ], [ -0.211612185840786, 53.648014059043597 ], [ -0.211634996167879, 53.647475030971023 ], [ -0.211181387536038, 53.647468253783067 ], [ -0.211169979575463, 53.647737767759907 ], [ -0.210716368239106, 53.647730988787657 ], [ -0.210727779089175, 53.647461474877211 ], [ -0.210274170827338, 53.647454694253462 ], [ -0.210285584381823, 53.647185180395525 ], [ -0.209378374192282, 53.64717161412721 ], [ -0.209401212303517, 53.646632586635384 ], [ -0.208947613265185, 53.646625801057354 ], [ -0.20895903493236, 53.646356287357051 ], [ -0.208505438968513, 53.646349500127641 ], [ -0.208516863339732, 53.646079986479904 ], [ -0.208063270450361, 53.646073197599186 ], [ -0.208074697525529, 53.645803684004044 ], [ -0.207621107710629, 53.645796893472024 ], [ -0.207643967083351, 53.645257866373065 ], [ -0.207190383231998, 53.645251074256315 ], [ -0.207201815529416, 53.644981560752512 ], [ -0.206748234752466, 53.644974766984532 ], [ -0.20675966975351, 53.644705253533374 ], [ -0.206306092050954, 53.644698458114235 ], [ -0.206317529755531, 53.644428944715713 ], [ -0.205863955127361, 53.644422147645422 ], [ -0.2058868357579, 53.643883120939819 ], [ -0.204526130319683, 53.643862719822451 ], [ -0.204549027540845, 53.643323693460822 ], [ -0.20409546521014, 53.64331688978632 ], [ -0.204106916430975, 53.643047376651289 ], [ -0.203653357174615, 53.643040571325827 ], [ -0.203664811098421, 53.642771058243532 ], [ -0.203211254916399, 53.642764251267138 ], [ -0.203234167984018, 53.642225225194167 ], [ -0.202780617764856, 53.642218416633533 ], [ -0.202769158435389, 53.64248792961029 ], [ -0.201862052777433, 53.642474307203038 ], [ -0.201873517883951, 53.642204794359671 ], [ -0.2014199682223, 53.642197980646422 ], [ -0.201431436031406, 53.641928467855891 ], [ -0.200524343042876, 53.641914835410283 ], [ -0.200547289656899, 53.64137581005447 ], [ -0.20009374921842, 53.641368991388958 ], [ -0.200128176409198, 53.640560453451243 ], [ -0.199674644821585, 53.64055363326861 ], [ -0.199686123067922, 53.640284120661654 ], [ -0.199232594554573, 53.640277298828401 ], [ -0.199255556265188, 53.639738273706413 ], [ -0.199709079002333, 53.639745095406056 ], [ -0.19969760112817, 53.640014608040829 ], [ -0.200151126939479, 53.640021428089874 ], [ -0.200185551339626, 53.639212889943515 ], [ -0.200639068672854, 53.639219708074876 ], [ -0.2006505402129, 53.638950195264826 ], [ -0.201104054844158, 53.638957011612085 ], [ -0.201126991590568, 53.638417985816787 ], [ -0.202034009859279, 53.638431613092408 ], [ -0.202068396257889, 53.637623073894801 ], [ -0.201614895693911, 53.637616261315792 ], [ -0.201626360342824, 53.637346748288827 ], [ -0.20117286285238, 53.637339934059284 ], [ -0.201184330203063, 53.637070421085127 ], [ -0.200730835786147, 53.637063605205078 ], [ -0.200742305838506, 53.636794092283758 ], [ -0.200288814495108, 53.636787274753274 ], [ -0.20030028724905, 53.636517761884811 ], [ -0.199846798979163, 53.636510942703893 ], [ -0.199858274434594, 53.636241429888308 ], [ -0.199404789238209, 53.636234609056999 ], [ -0.199416267395036, 53.635965096294285 ], [ -0.198509303335372, 53.635951449613842 ], [ -0.198532270640208, 53.635412424313927 ], [ -0.197625318874559, 53.635398771032321 ], [ -0.197636808022279, 53.635129258495198 ], [ -0.197183335306068, 53.635122429345621 ], [ -0.19719482715476, 53.634852916861433 ], [ -0.196287888055683, 53.634839253544826 ], [ -0.196299385492414, 53.634569741180506 ], [ -0.195845919109582, 53.634562907013539 ], [ -0.195857419247046, 53.63429339470224 ], [ -0.194950492814911, 53.634279721351021 ], [ -0.194961998540071, 53.634010209159698 ], [ -0.194508538490802, 53.634003369975531 ], [ -0.194520046916458, 53.633733857837228 ], [ -0.193613133151634, 53.633720174451852 ], [ -0.193624647164642, 53.633450662433646 ], [ -0.192717739920289, 53.63343697231435 ], [ -0.192729259520451, 53.63316746041626 ], [ -0.191822358796816, 53.633153763563229 ], [ -0.191833883983932, 53.632884251785335 ], [ -0.191380436789164, 53.632877400850482 ], [ -0.191391964676249, 53.632607889125744 ], [ -0.19048507662093, 53.632594182239494 ], [ -0.190473542960278, 53.632863693829989 ], [ -0.189566649879233, 53.632849979941803 ], [ -0.189578189313436, 53.632580468485571 ], [ -0.18867130275414, 53.63256674786404 ], [ -0.188682847774735, 53.632297236528224 ], [ -0.188229407662494, 53.632290373709296 ], [ -0.188310237772682, 53.630403794438827 ], [ -0.18785681805329, 53.630396930373514 ], [ -0.187845268569813, 53.630666441672446 ], [ -0.185578158349996, 53.630632095258136 ], [ -0.185566594247222, 53.630901606206834 ], [ -0.184659745698253, 53.630887855489043 ], [ -0.184671315573835, 53.630618344674986 ], [ -0.183764473547812, 53.630604587224745 ], [ -0.183776049008556, 53.630335076531459 ], [ -0.182869213505729, 53.630321312348912 ], [ -0.182880794551435, 53.630051801776453 ], [ -0.181520551364046, 53.630031142829338 ], [ -0.181532140880749, 53.629761632445188 ], [ -0.181078729746827, 53.629754742763495 ], [ -0.181090321961862, 53.629485232432884 ], [ -0.179730098346182, 53.629464553290028 ], [ -0.179741699031705, 53.629195043147931 ], [ -0.179288294421933, 53.629188146734471 ], [ -0.179299897805501, 53.628918636645963 ], [ -0.17839309492236, 53.628904838804118 ], [ -0.178404703889895, 53.628635328836772 ], [ -0.17795130561656, 53.628628427408451 ], [ -0.177962917281901, 53.628358917494701 ], [ -0.177509522082736, 53.628352014417352 ], [ -0.17752113644579, 53.628082504557256 ], [ -0.177067744320786, 53.628075599830886 ], [ -0.177090978253844, 53.627536580204065 ], [ -0.1761842061121, 53.627522765872065 ], [ -0.176207450834989, 53.626983746459914 ], [ -0.175300690989688, 53.626969925532357 ], [ -0.175323946501662, 53.626430906335031 ], [ -0.17441719895274, 53.626417078812167 ], [ -0.174440465253051, 53.625878059829773 ], [ -0.173987097532453, 53.625871143629062 ], [ -0.17399873328526, 53.625601634184626 ], [ -0.173545368638706, 53.625594716335193 ], [ -0.173557007088342, 53.625325206944545 ], [ -0.173103645515824, 53.625318287446447 ], [ -0.173115286662196, 53.625048778109573 ], [ -0.172661928163707, 53.625041856962831 ], [ -0.172673572006722, 53.624772347679759 ], [ -0.172220216582253, 53.624765424884394 ], [ -0.172231863121818, 53.624495915655139 ], [ -0.171778510771358, 53.624488991211201 ], [ -0.171790160007379, 53.624219482035791 ], [ -0.171336810730924, 53.624212555943295 ], [ -0.171348462663308, 53.623943046821736 ], [ -0.170895116460847, 53.623936119080746 ], [ -0.170906771089501, 53.623666610013039 ], [ -0.17000008502148, 53.623652749517802 ], [ -0.170011745231361, 53.623383240571833 ], [ -0.169558405365835, 53.62337630781763 ], [ -0.169570068271747, 53.623106798925605 ], [ -0.168210058464431, 53.623085990569066 ], [ -0.168233401018761, 53.622546973150506 ], [ -0.167326740299214, 53.622533092603319 ], [ -0.167338417062347, 53.622263584008984 ], [ -0.166431762869417, 53.622249696732872 ], [ -0.166443445212891, 53.62198018826053 ], [ -0.165990121285173, 53.621973242116198 ], [ -0.166001806324061, 53.621703733697863 ], [ -0.165095164806234, 53.621689836396683 ], [ -0.165106855425121, 53.621420328100442 ], [ -0.164653537835046, 53.621413376943678 ], [ -0.164665231149108, 53.621143868701516 ], [ -0.164211916633158, 53.621136915896685 ], [ -0.164223612642302, 53.620867407708602 ], [ -0.163316989948224, 53.620853497086735 ], [ -0.163328691536878, 53.620583989020865 ], [ -0.162875383358784, 53.620577031203865 ], [ -0.162887087642283, 53.620307523192153 ], [ -0.16243378253833, 53.62030056372722 ], [ -0.162445489516581, 53.620031055769644 ], [ -0.161538885646705, 53.620017131827872 ], [ -0.161562310571452, 53.619478116143455 ], [ -0.16065571899815, 53.619464185610255 ], [ -0.160667436944358, 53.619194677883442 ], [ -0.160214144326782, 53.619187710111056 ], [ -0.160225864967317, 53.618918202438437 ], [ -0.159319286070429, 53.618904261882157 ], [ -0.159331012289357, 53.618634754332078 ], [ -0.15887772601008, 53.618627781548227 ], [ -0.158889454923097, 53.618358274052412 ], [ -0.158436171717989, 53.61835129962089 ], [ -0.158447903325003, 53.61808179217936 ], [ -0.157994623194057, 53.618074816100183 ], [ -0.158006357494973, 53.617805308712967 ], [ -0.157099803571582, 53.617791351543516 ], [ -0.157111543450259, 53.617521844278954 ], [ -0.156658269657848, 53.617514863188731 ], [ -0.156670012230191, 53.617245355978518 ], [ -0.156216741511958, 53.617238373240774 ], [ -0.156228486777873, 53.61696886608491 ], [ -0.155321951680119, 53.616954895598624 ], [ -0.155333702523307, 53.616685388565536 ], [ -0.154880438143819, 53.61667840081703 ], [ -0.154892191680342, 53.61640889383834 ], [ -0.153985669260259, 53.61639491333073 ], [ -0.153997428373712, 53.61612540647495 ], [ -0.153544170333151, 53.616118413715881 ], [ -0.153555932139701, 53.615848906914543 ], [ -0.152649422397656, 53.615834916386042 ], [ -0.15267295697326, 53.615295903015294 ], [ -0.15176645952814, 53.615281905897788 ], [ -0.151778232296904, 53.615012399328428 ], [ -0.152231478040625, 53.615019398676516 ], [ -0.152243247735196, 53.614749892024648 ], [ -0.151336762205381, 53.614735891749802 ], [ -0.15136031255586, 53.614196878678143 ], [ -0.150453839322668, 53.614182871814769 ], [ -0.150477400443025, 53.613643858961346 ], [ -0.149570939506388, 53.613629845509735 ], [ -0.149594511395877, 53.613090832874647 ], [ -0.148688062755732, 53.61307681283504 ], [ -0.148711645413606, 53.612537800418409 ], [ -0.147805209069885, 53.612523773791096 ], [ -0.14781700587821, 53.612254267699079 ], [ -0.14736379087601, 53.612247251880788 ], [ -0.147375590376126, 53.611977745843447 ], [ -0.146922378448033, 53.611970728378324 ], [ -0.146934180639847, 53.611701222395659 ], [ -0.146027763123124, 53.611687182456329 ], [ -0.146051378464295, 53.611148170723837 ], [ -0.145144973243998, 53.611134124197562 ], [ -0.145156786393066, 53.610864618447806 ], [ -0.144703586952709, 53.610857592680254 ], [ -0.144715402793052, 53.61058808698526 ], [ -0.143809010252037, 53.610574030441484 ], [ -0.143820831666174, 53.610304524870052 ], [ -0.14336763856555, 53.610297494093871 ], [ -0.143379462670725, 53.610027988577265 ], [ -0.142926272644233, 53.610020956154514 ], [ -0.142938099440351, 53.609751450692741 ], [ -0.142484912487983, 53.609744416623478 ], [ -0.142496741974952, 53.609474911216516 ], [ -0.14159037441015, 53.609460838069673 ], [ -0.141614044338672, 53.608921827489233 ], [ -0.140707689070368, 53.608907747756668 ], [ -0.140719529511633, 53.608638242583247 ], [ -0.140266355047507, 53.608631200212962 ], [ -0.140278198179199, 53.608361695094445 ], [ -0.139371855591114, 53.608347605345919 ], [ -0.139395552807604, 53.607808595342661 ], [ -0.138489222516054, 53.607794499009081 ], [ -0.138501076600564, 53.60752499412439 ], [ -0.138047914624932, 53.607517943453779 ], [ -0.138059771399445, 53.607248438624076 ], [ -0.137606612497947, 53.607241386307273 ], [ -0.137618471962369, 53.606971881532566 ], [ -0.137165316134997, 53.606964827569627 ], [ -0.137177178289236, 53.606695322849951 ], [ -0.136724025535981, 53.606688267240912 ], [ -0.136735890379943, 53.606418762576276 ], [ -0.13582959121391, 53.606404646350903 ], [ -0.135841461629341, 53.606135141810419 ], [ -0.135388315216598, 53.606128081194129 ], [ -0.135400188321515, 53.605858576708719 ], [ -0.13449390183669, 53.605844450469121 ], [ -0.134505780512735, 53.605574946107936 ], [ -0.134052640440686, 53.605567880484656 ], [ -0.134064521805978, 53.605298376178595 ], [ -0.13361138480809, 53.605291308909422 ], [ -0.133623268862538, 53.605021804658506 ], [ -0.133170134938802, 53.60501473574346 ], [ -0.133182021682312, 53.604745231547696 ], [ -0.132275760175734, 53.604731088710935 ], [ -0.13228765248974, 53.604461584639559 ], [ -0.131834524906932, 53.604454510717886 ], [ -0.131846419909763, 53.604185006701734 ], [ -0.130940171085225, 53.604170853851912 ], [ -0.130952071658208, 53.603901349960232 ], [ -0.130498950416512, 53.603894271032154 ], [ -0.130510853678083, 53.603624767195718 ], [ -0.129604617535951, 53.603610604333277 ], [ -0.129616526367332, 53.603341100621449 ], [ -0.129163411466929, 53.603334016687157 ], [ -0.12917532298666, 53.603064513030631 ], [ -0.128722211160478, 53.60305742745075 ], [ -0.128734125368468, 53.602787923849505 ], [ -0.127827908057571, 53.602773747683834 ], [ -0.127839827834882, 53.602504244207303 ], [ -0.126933617058655, 53.602490061320907 ], [ -0.126957467558349, 53.601951054603347 ], [ -0.126051269079139, 53.601936865135265 ], [ -0.126063199801233, 53.6016673618943 ], [ -0.1256101037325, 53.601660264657475 ], [ -0.125633970358765, 53.6011212582723 ], [ -0.124727790324953, 53.601107058932222 ], [ -0.124739729109838, 53.600837555857531 ], [ -0.12383355561128, 53.600823349797395 ], [ -0.12384549996437, 53.600553846847696 ], [ -0.122939333001314, 53.600539634067651 ], [ -0.122951282922409, 53.600270131243015 ], [ -0.122498202611948, 53.600263022350475 ], [ -0.122510155220165, 53.599993519581361 ], [ -0.121604000941492, 53.599979296791325 ], [ -0.121615959117372, 53.599709794147373 ], [ -0.121162885149193, 53.599702680249955 ], [ -0.121174846011959, 53.599433177661552 ], [ -0.120268704418033, 53.599418944861974 ], [ -0.120280670848117, 53.599149442398819 ], [ -0.119827603222404, 53.599142323496736 ], [ -0.119839572339138, 53.598872821089202 ], [ -0.118933443430323, 53.598858578280499 ], [ -0.118945418114033, 53.598589075998319 ], [ -0.118492356830966, 53.598581952091763 ], [ -0.118504334201088, 53.598312449865219 ], [ -0.117598217977748, 53.598298197047832 ], [ -0.117610200914503, 53.598028694946713 ], [ -0.116704091228165, 53.598014435410576 ], [ -0.116716079731355, 53.59774493343496 ], [ -0.115809976582263, 53.597730667180215 ], [ -0.115821970651689, 53.597461165330152 ], [ -0.115368922248732, 53.597454029700813 ], [ -0.115380919004043, 53.597184527906528 ], [ -0.114927873675552, 53.597177390632503 ], [ -0.114939873116656, 53.596907888894009 ], [ -0.114033788802989, 53.596893609342224 ], [ -0.114045793809843, 53.596624107729419 ], [ -0.113592754824701, 53.596616965451737 ], [ -0.113604762517111, 53.59634746389473 ], [ -0.112698690890325, 53.596333174335776 ], [ -0.112710704148141, 53.596063672904556 ], [ -0.112257671506531, 53.596056525623382 ], [ -0.112269687449665, 53.595787024248061 ], [ -0.111363628510125, 53.595772724682341 ], [ -0.111375650018322, 53.595503223432885 ], [ -0.110922623720426, 53.595496071148425 ], [ -0.110934647913704, 53.595226569954889 ], [ -0.110028601661774, 53.595212260382844 ], [ -0.110040631419773, 53.594942759315288 ], [ -0.109587611465772, 53.594935602027775 ], [ -0.109599643908616, 53.594666101016159 ], [ -0.108240593855113, 53.594644619077762 ], [ -0.108264675433785, 53.594105617432803 ], [ -0.106905644412984, 53.594084120486251 ], [ -0.106917693548363, 53.593814619853006 ], [ -0.106464686477844, 53.593807450845752 ], [ -0.106476738297543, 53.59353795026859 ], [ -0.105570730501042, 53.593523607251647 ], [ -0.105582787884378, 53.593254106800764 ], [ -0.104676786627806, 53.593239757067245 ], [ -0.104688849574579, 53.592970256742738 ], [ -0.104235852118674, 53.59296307937484 ], [ -0.104247917749386, 53.592693579106466 ], [ -0.102888935192214, 53.592672036928462 ], [ -0.102901009265264, 53.592402536856824 ], [ -0.102448018349813, 53.592395352772726 ], [ -0.102460095106514, 53.592125852757306 ], [ -0.1015541196208, 53.592111479587295 ], [ -0.101566201940198, 53.59184197969843 ], [ -0.101113217369969, 53.591834790612566 ], [ -0.10112530237278, 53.591565290779968 ], [ -0.099766358473841, 53.591543713448729 ], [ -0.099778451918035, 53.5912742138132 ], [ -0.099325473889062, 53.591267018011628 ], [ -0.099337570016383, 53.590997518432431 ], [ -0.097978645741946, 53.590975920954584 ], [ -0.09799075031014, 53.590706421572648 ], [ -0.097084807531762, 53.590692014824725 ], [ -0.097096917661658, 53.590422515569678 ], [ -0.095738013601689, 53.590400892803991 ], [ -0.095750132171892, 53.590131393746447 ], [ -0.095297167423154, 53.590124182800409 ], [ -0.095309288675857, 53.589854683799317 ], [ -0.093950404243864, 53.589833040888941 ], [ -0.093962533936365, 53.589563542085536 ], [ -0.093056617721176, 53.589549105049954 ], [ -0.093068752974528, 53.589279606373722 ], [ -0.092162843302698, 53.589265162623619 ], [ -0.092174984116701, 53.588995664074623 ], [ -0.090816129719395, 53.588973985807009 ], [ -0.090828278972375, 53.588704487456049 ], [ -0.089922382781535, 53.588690026849498 ], [ -0.089934537594713, 53.588420528625932 ], [ -0.088122759089282, 53.588391587129216 ], [ -0.088134925219275, 53.588122089174746 ], [ -0.087681983963748, 53.588114849586702 ], [ -0.087694152775081, 53.587845351688976 ], [ -0.087241214594966, 53.587838110457916 ], [ -0.087253386087545, 53.587568612616927 ], [ -0.086800450982833, 53.587561369742907 ], [ -0.086788276611953, 53.58783086751302 ], [ -0.085882401237425, 53.587816376481712 ], [ -0.08589458136489, 53.587546878853402 ], [ -0.084988712535899, 53.587532381108588 ], [ -0.085000898222602, 53.587262883608027 ], [ -0.083189174445874, 53.587233867836503 ], [ -0.083201371447962, 53.586964370605756 ], [ -0.082748443875613, 53.586957112449419 ], [ -0.082760643558314, 53.586687615275572 ], [ -0.081854794762561, 53.586673093963633 ], [ -0.081867000003846, 53.586403596917748 ], [ -0.079602395864318, 53.586367264002689 ], [ -0.079614615297996, 53.586097767298234 ], [ -0.078255863822345, 53.586075947197884 ], [ -0.078268091691983, 53.585806450692822 ], [ -0.074644786162688, 53.585748188925422 ], [ -0.074657036857301, 53.585478692976373 ], [ -0.071939583307858, 53.585434925104366 ], [ -0.071951851070875, 53.585165429569471 ], [ -0.071046040565324, 53.58515082671245 ], [ -0.071033767046751, 53.585420322104433 ], [ -0.07058085921429, 53.585413018033982 ], [ -0.070593135610635, 53.585143522713466 ], [ -0.070140230854731, 53.585136217000858 ], [ -0.070127951580618, 53.585405712249866 ], [ -0.069222136909831, 53.585391095540729 ], [ -0.069234421939466, 53.585121600434739 ], [ -0.069687326297659, 53.585128909574614 ], [ -0.069699608250656, 53.584859414382947 ], [ -0.070152509930011, 53.584866721737669 ], [ -0.070177067484094, 53.584327731168813 ], [ -0.070629963606975, 53.584335036666943 ], [ -0.070642239208204, 53.584065541289768 ], [ -0.071095132652271, 53.584072845002844 ], [ -0.071107405177193, 53.58380334954002 ], [ -0.0702016242429, 53.583788740543298 ], [ -0.070226180206465, 53.583249749861118 ], [ -0.068867527560961, 53.58322782394351 ], [ -0.068855241046282, 53.583497319077111 ], [ -0.068402354351511, 53.583490006939314 ], [ -0.068390064760415, 53.583759501987217 ], [ -0.067937175387167, 53.583752188064338 ], [ -0.067924882719562, 53.584021683026485 ], [ -0.06747199066785, 53.58401436731846 ], [ -0.067459694923641, 53.584283862194845 ], [ -0.066553905662447, 53.584269225494928 ], [ -0.066578508461873, 53.583730236014461 ], [ -0.066125619885077, 53.583722915237423 ], [ -0.066150227642626, 53.583183925843549 ], [ -0.064791580372306, 53.583161953661289 ], [ -0.064779267960961, 53.583431448150279 ], [ -0.064326383058793, 53.583424120590813 ], [ -0.064314067570652, 53.58369361499394 ], [ -0.063861179990468, 53.583686285649243 ], [ -0.063873498356036, 53.583416791317845 ], [ -0.06296772954894, 53.583402127631388 ], [ -0.062980053469801, 53.583132633429308 ], [ -0.062074291215639, 53.583117963032386 ], [ -0.062086620691593, 53.582848468959689 ], [ -0.06163374274126, 53.582841131262803 ], [ -0.061646074894845, 53.582571637247717 ], [ -0.061193200021455, 53.582564297909201 ], [ -0.06120553485258, 53.582294803951761 ], [ -0.060299791459435, 53.582280120278014 ], [ -0.060312131845166, 53.582010626450099 ], [ -0.059859263325444, 53.582003282114961 ], [ -0.059871606388478, 53.581733788344721 ], [ -0.058965875702848, 53.581719094677993 ], [ -0.058990572737504, 53.581180107382522 ], [ -0.058537713448634, 53.581172758122918 ], [ -0.058550064543015, 53.580903264525809 ], [ -0.058097208331078, 53.580895913624772 ], [ -0.05810956210239, 53.580626420085416 ], [ -0.057656708967377, 53.580619067542997 ], [ -0.057669065415526, 53.58034957406138 ], [ -0.056763365499439, 53.580334863980561 ], [ -0.056775727501132, 53.580065370628688 ], [ -0.054511495598347, 53.580028565804078 ], [ -0.054523871783595, 53.579759072798176 ], [ -0.055429558190421, 53.579773799723739 ], [ -0.055441928421916, 53.579504306559535 ], [ -0.054536247768465, 53.579489579778077 ], [ -0.05459812468731, 53.578142114464669 ], [ -0.054145299043828, 53.578134748864471 ], [ -0.054157676702929, 53.577865255831277 ], [ -0.053252031769992, 53.577850519635582 ], [ -0.053264414981399, 53.577581026732389 ], [ -0.052811595691979, 53.577573656136977 ], [ -0.052823981579199, 53.577304163291686 ], [ -0.0523711653666, 53.577296791055282 ], [ -0.052383553929542, 53.57702729826795 ], [ -0.051930740793752, 53.577019924390612 ], [ -0.051943132032323, 53.576750431661225 ], [ -0.051037512115003, 53.576735678911675 ], [ -0.051049908905249, 53.576466186312459 ], [ -0.050597102123752, 53.576458807440275 ], [ -0.050609501589389, 53.57618931489904 ], [ -0.050156697884719, 53.576181934386049 ], [ -0.050181501965809, 53.57564294940542 ], [ -0.0492759066629, 53.575628183529354 ], [ -0.049263498970777, 53.575897675882295 ], [ -0.048810698744626, 53.575890290302524 ], [ -0.048835519679912, 53.575351305726976 ], [ -0.048382725406582, 53.575343918578753 ], [ -0.048395138448736, 53.575074426341956 ], [ -0.047942347252239, 53.575067037553076 ], [ -0.04795476296927, 53.574797545374345 ], [ -0.047501974849599, 53.574790154944843 ], [ -0.047526811432188, 53.574251170689401 ], [ -0.047074029265061, 53.574243778691624 ], [ -0.047098870794833, 53.573704794523984 ], [ -0.046193318566472, 53.573690005679175 ], [ -0.046218170794196, 53.573151021744081 ], [ -0.044859861213785, 53.573128826064831 ], [ -0.044884729889617, 53.572589842507242 ], [ -0.043979202677514, 53.572575037113367 ], [ -0.043991642464247, 53.572305545458114 ], [ -0.043538882035608, 53.572298140264486 ], [ -0.043551324496288, 53.572028648667455 ], [ -0.042645809993948, 53.572013833286846 ], [ -0.042670705812042, 53.571474850340088 ], [ -0.041765203616683, 53.571460028398569 ], [ -0.04177765697381, 53.571190537048871 ], [ -0.041324909053658, 53.571183123581577 ], [ -0.041337365084309, 53.5709136322902 ], [ -0.04043187559917, 53.570898800362698 ], [ -0.040444337178312, 53.570629309202218 ], [ -0.039991595613359, 53.570621890742061 ], [ -0.040016523916453, 53.570082908523567 ], [ -0.039563788303226, 53.570075488495952 ], [ -0.039588721549065, 53.569536506365758 ], [ -0.039135991887407, 53.569529084770778 ], [ -0.039148461082444, 53.569259593756946 ], [ -0.038695734497435, 53.56925217052202 ], [ -0.038708206365397, 53.568982679566595 ], [ -0.038255482857029, 53.568975254691736 ], [ -0.038267957397823, 53.568705763794732 ], [ -0.037815236966087, 53.568698337280004 ], [ -0.03782771417962, 53.568428846441428 ], [ -0.036922279671405, 53.568413988419799 ], [ -0.036934762432188, 53.568144497712375 ], [ -0.036482048355742, 53.568137066205502 ], [ -0.036494533789028, 53.567867575556534 ], [ -0.035589111991571, 53.567852707550834 ], [ -0.035601602971766, 53.567583217033118 ], [ -0.034243480415566, 53.567560902399407 ], [ -0.034218481005911, 53.568099882983979 ], [ -0.033313055481966, 53.56808499770802 ], [ -0.033325561037007, 53.567815507568504 ], [ -0.032420142071788, 53.567800615588382 ], [ -0.032432653173351, 53.567531125580317 ], [ -0.031527240767102, 53.567516226896153 ], [ -0.031539757414987, 53.567246737019616 ], [ -0.031087054390148, 53.567239285181799 ], [ -0.031099573709799, 53.566969795363931 ], [ -0.032004974213345, 53.56698469718134 ], [ -0.031992460642422, 53.567254187145032 ], [ -0.032897867704894, 53.567269082258591 ], [ -0.032910375527071, 53.566999592149187 ], [ -0.033363076487636, 53.567007037064506 ], [ -0.033375581233028, 53.566737546868033 ], [ -0.032470185263013, 53.566722655470684 ], [ -0.032482695554573, 53.566453165405662 ], [ -0.032030000747562, 53.566445717211302 ], [ -0.032042513710864, 53.566176227204906 ], [ -0.031589821980615, 53.566168777371054 ], [ -0.031614853047942, 53.565629797461312 ], [ -0.030709481691828, 53.565614892948211 ], [ -0.03074704401777, 53.564806423414218 ], [ -0.030294367265766, 53.56479896880802 ], [ -0.030306890509711, 53.564529479007795 ], [ -0.029854216834334, 53.564522022762283 ], [ -0.029866742749472, 53.56425253302077 ], [ -0.029414072150712, 53.564245075135986 ], [ -0.029426600736951, 53.563975585453178 ], [ -0.028973933214799, 53.563968125929144 ], [ -0.028986464472046, 53.563698636305084 ], [ -0.028533800026494, 53.563691175141841 ], [ -0.02852126589547, 53.563960664692928 ], [ -0.027163265154872, 53.563938270711027 ], [ -0.027188350456534, 53.56339929203282 ], [ -0.027641011419638, 53.563406758259546 ], [ -0.027653550892298, 53.563137268826011 ], [ -0.027200892802866, 53.563129802672307 ], [ -0.027225976886553, 53.562590823908572 ], [ -0.02767862922878, 53.562598289916174 ], [ -0.02766609016201, 53.562867779378209 ], [ -0.02811874558076, 53.562875243746724 ], [ -0.028156353551646, 53.562066775098771 ], [ -0.027703706753508, 53.562059310949351 ], [ -0.027716245211476, 53.561789821444535 ], [ -0.027263601489707, 53.561782355656064 ], [ -0.027276142618144, 53.561512866210037 ], [ -0.025918221291009, 53.561490458791475 ], [ -0.025980966987448, 53.560143012443675 ], [ -0.025528341317405, 53.560135540245604 ], [ -0.025540892720519, 53.559866051006367 ], [ -0.025088270126699, 53.559858577169443 ], [ -0.025113378069599, 53.559319598794467 ], [ -0.024208144983591, 53.559304646277383 ], [ -0.024233263605531, 53.558765668137902 ], [ -0.023780653113223, 53.558758189457855 ], [ -0.023805776667821, 53.558219211407682 ], [ -0.023353172124448, 53.558211731162103 ], [ -0.023365736469567, 53.557942242188801 ], [ -0.022913135002271, 53.557934760304597 ], [ -0.022925702016762, 53.557665271390235 ], [ -0.021567907453377, 53.557642815686457 ], [ -0.021643356975229, 53.556025883218794 ], [ -0.021190776429507, 53.556018395000152 ], [ -0.02120335350996, 53.555748906278893 ], [ -0.020298198773846, 53.555733924853115 ], [ -0.020310781395383, 53.555464436264124 ], [ -0.020763355789353, 53.555471927759555 ], [ -0.020775935335022, 53.555202439083011 ], [ -0.020323363813308, 53.555194947660866 ], [ -0.020335946027624, 53.554925459043339 ], [ -0.019430809339472, 53.554910471210782 ], [ -0.01941822138075, 53.555179959681695 ], [ -0.018513079762996, 53.555164964855983 ], [ -0.018500485856094, 53.555434453165944 ], [ -0.017595339309052, 53.555419451346978 ], [ -0.017607938960416, 53.555149963183787 ], [ -0.017155368864932, 53.555142459780249 ], [ -0.017167971184587, 53.554872971676183 ], [ -0.016715404165209, 53.554865466634446 ], [ -0.016728009153065, 53.554595978589511 ], [ -0.015822881470521, 53.554580963518113 ], [ -0.015797659802262, 53.5551199392999 ], [ -0.015345090522788, 53.555112429049906 ], [ -0.015294633248269, 53.556190380148259 ], [ -0.014842052683825, 53.556182867892659 ], [ -0.014804198967223, 53.556991330846031 ], [ -0.015256788148968, 53.556998843322077 ], [ -0.015231557062028, 53.557537818699927 ], [ -0.015684152193032, 53.557545329611202 ], [ -0.015658926034754, 53.558084305078893 ], [ -0.016111527115173, 53.558091814425346 ], [ -0.016098916602577, 53.558361302211225 ], [ -0.01519370890042, 53.558346281659603 ], [ -0.015206325158455, 53.55807679402065 ], [ -0.014753724486324, 53.558069281250624 ], [ -0.014741105355577, 53.55833876881605 ], [ -0.01428850201495, 53.558331254260715 ], [ -0.014301124018405, 53.558061766768787 ], [ -0.013848523754748, 53.558054250575147 ], [ -0.013886397157405, 53.557245788234248 ], [ -0.013433805715872, 53.557238270549462 ], [ -0.013446432647347, 53.556968783147482 ], [ -0.012993844282662, 53.556961263824519 ], [ -0.013019103277489, 53.556422289124818 ], [ -0.012113938651043, 53.556407245638056 ], [ -0.012126573586622, 53.556137758413946 ], [ -0.012579152925275, 53.556145280939582 ], [ -0.012591784784079, 53.5558757936276 ], [ -0.011686632055859, 53.555860747011849 ], [ -0.011673994452431, 53.556130234176642 ], [ -0.011221415522746, 53.556122708227662 ], [ -0.011196133957613, 53.556661682367135 ], [ -0.010290965222476, 53.556646625039576 ], [ -0.010303611852106, 53.556377138124283 ], [ -0.009851030663883, 53.556369606966641 ], [ -0.009863679961201, 53.556100120110742 ], [ -0.009411101850009, 53.556092587315128 ], [ -0.009423753814922, 53.555823100518616 ], [ -0.008971178780753, 53.555815566085037 ], [ -0.008996487840807, 53.555276592596584 ], [ -0.008091349875687, 53.555261518889424 ], [ -0.00811666960511, 53.554722545638704 ], [ -0.006758981426653, 53.554699922683582 ], [ -0.006784317568716, 53.554160949818311 ], [ -0.006331760996496, 53.554153405557727 ], [ -0.006357102062431, 53.553614432782886 ], [ -0.005904551439052, 53.553606886958413 ], [ -0.005929897428515, 53.553067914274031 ], [ -0.005477352753821, 53.553060366885724 ], [ -0.005490028312696, 53.5527908805959 ], [ -0.005037486714842, 53.552783331569991 ], [ -0.005062842960615, 53.552244359095141 ], [ -0.004610307311228, 53.552236808505512 ], [ -0.004622987997992, 53.5519673223205 ], [ -0.004170455425378, 53.551959770093347 ], [ -0.004195821926393, 53.551420797828165 ], [ -0.003743295302029, 53.551413244037434 ], [ -0.003768666725, 53.550874271862845 ], [ -0.00331614604873, 53.550866716508537 ], [ -0.003341522393315, 53.550327744424564 ], [ -0.002889007664983, 53.550320187506784 ], [ -0.002901698400578, 53.550050701517264 ], [ -0.00380672232004, 53.550065813493674 ], [ -0.003819407107894, 53.549796327342015 ], [ -0.018752325278432, 53.550044684255333 ], [ -0.018764915110307, 53.549775195659961 ], [ -0.034150480332931, 53.550029126874428 ], [ -0.034162972335656, 53.549759635780816 ], [ -0.049548673587937, 53.550011586208825 ], [ -0.049561067759583, 53.549742092636336 ], [ -0.067662074570509, 53.550035969164036 ], [ -0.067674353679416, 53.549766472702558 ], [ -0.085323029424603, 53.550050363062311 ], [ -0.085335196339331, 53.549780863809531 ], [ -0.103436598394633, 53.55006932642906 ], [ -0.103448650240402, 53.549799824340298 ], [ -0.121097705680948, 53.550078436039499 ], [ -0.121109645326689, 53.549808931211068 ], [ -0.139211430999641, 53.550091979719113 ], [ -0.139223255570455, 53.549822472107643 ], [ -0.157325232500313, 53.550102779253073 ], [ -0.157336941993252, 53.549833268885379 ], [ -0.174986549397927, 53.550103928853453 ], [ -0.17499814668247, 53.549834415823923 ], [ -0.193100489714625, 53.550109308565673 ], [ -0.193111971915708, 53.549839792832906 ], [ -0.210761930601069, 53.550105173666829 ], [ -0.210773300588524, 53.549835655323896 ], [ -0.22887599809393, 53.550105133478162 ], [ -0.228887252992593, 53.549835612484976 ], [ -0.246537551619907, 53.55009571400938 ], [ -0.246548694299959, 53.549826190457679 ], [ -0.264651734648732, 53.550090253848488 ], [ -0.264662762234914, 53.549820727699533 ], [ -0.282765973194634, 53.550082049405688 ], [ -0.282776885684445, 53.549812520686324 ], [ -0.300427676388946, 53.550064669550004 ], [ -0.300438476653084, 53.549795138349928 ], [ -0.31854201293636, 53.550051045041606 ], [ -0.318552698099431, 53.549781511324106 ], [ -0.336203800323989, 53.550028380471431 ], [ -0.336214373257022, 53.54975884432492 ], [ -0.350244833272316, 53.549953214096988 ], [ -0.350003661607681, 53.556152585752649 ], [ -0.350456325915153, 53.556158829756107 ], [ -0.350005322499866, 53.567748942633756 ], [ -0.350458110623428, 53.567755187551747 ], [ -0.350006916870306, 53.579345277823542 ], [ -0.350459828896221, 53.579351523656065 ], [ -0.350008444683189, 53.590941591324537 ], [ -0.350461480697802, 53.590947838071571 ], [ -0.350009905902652, 53.60253788313927 ], [ -0.350463065992387, 53.60254413080083 ], [ -0.350011300492774, 53.614134153270307 ], [ -0.350464584744139, 53.61414040184637 ], [ -0.350012628417587, 53.625730401720212 ], [ -0.350466036917169, 53.625736651210751 ], [ -0.350013889641064, 53.637326628491493 ], [ -0.350467422475532, 53.637332878896508 ], [ -0.350015084127129, 53.648922833586724 ], [ -0.350468741383235, 53.648929084906221 ], [ -0.350016211839652, 53.66051901700844 ], [ -0.350469993604226, 53.66052526924242 ], [ -0.350017272742447, 53.672115178759249 ], [ -0.350471179102404, 53.672121431907669 ], [ -0.350018266799276, 53.683711318841667 ], [ -0.350472297841611, 53.683717572904555 ], [ -0.350019193973848, 53.695307437258322 ], [ -0.350473349785638, 53.695313692235636 ], [ -0.350020054229817, 53.70690353401173 ], [ -0.350474334898222, 53.706909789903463 ], [ -0.350411076598027, 53.708526975491488 ], [ -0.349502480622665, 53.708514461250182 ], [ -0.349491931171516, 53.708783992011135 ], [ -0.348583330079366, 53.708771470758933 ], [ -0.348572774654888, 53.709041001383554 ], [ -0.347209865599152, 53.709022206405614 ], [ -0.347199301300115, 53.709291736832384 ], [ -0.345836385085027, 53.709272926171465 ], [ -0.34582581191118, 53.709542456400222 ], [ -0.34491719615726, 53.709529907226198 ], [ -0.344906617009473, 53.709799437318331 ], [ -0.343089375958826, 53.709774318058969 ], [ -0.3430787850346, 53.710043847891249 ], [ -0.342170159738576, 53.710031277805712 ], [ -0.342159562839978, 53.71030080750117 ], [ -0.340342302708315, 53.710275646418047 ], [ -0.340331694032702, 53.710545175853269 ], [ -0.339423059197767, 53.710532584855507 ], [ -0.339412444547349, 53.710802114153644 ], [ -0.338503804599299, 53.710789516143834 ], [ -0.338514425052246, 53.710519986969153 ], [ -0.338060108238134, 53.710513685442756 ], [ -0.338049484883927, 53.710783214555683 ], [ -0.337595165341054, 53.710776911245368 ], [ -0.337584538913046, 53.711046440282857 ], [ -0.33576725086231, 53.711021209572763 ], [ -0.335756612656392, 53.711290738349312 ], [ -0.334393639727939, 53.711271797048333 ], [ -0.334382992645157, 53.711541325625554 ], [ -0.333020012568559, 53.711522368639159 ], [ -0.333009356608661, 53.711791897016944 ], [ -0.331646369385115, 53.711772924344849 ], [ -0.33163570454785, 53.712042452523001 ], [ -0.329364048132199, 53.712010796648492 ], [ -0.32935336861437, 53.712280324502728 ], [ -0.327990368141154, 53.712261310125065 ], [ -0.327979679745383, 53.712530837779269 ], [ -0.324799331074117, 53.712486410184717 ], [ -0.324788622194024, 53.712755937389822 ], [ -0.322516935279865, 53.712724151415109 ], [ -0.322506211718071, 53.712993678294978 ], [ -0.3206888537146, 53.712968218265281 ], [ -0.320678118372308, 53.713237744881937 ], [ -0.317952069188226, 53.713199502794971 ], [ -0.317941316261893, 53.713469029023123 ], [ -0.317032628793677, 53.713456267757607 ], [ -0.317043387523218, 53.713186741654525 ], [ -0.314771686418786, 53.713154808663901 ], [ -0.314760913181292, 53.713424334454011 ], [ -0.314306570583446, 53.713417942626478 ], [ -0.314295794269385, 53.713687468340218 ], [ -0.313841448944904, 53.713681074727774 ], [ -0.313852228160588, 53.71341154907666 ], [ -0.311580518672748, 53.713379555493681 ], [ -0.311558931049997, 53.713918606155026 ], [ -0.311104583874803, 53.713912202146112 ], [ -0.311115380675462, 53.713642676885065 ], [ -0.308843661938467, 53.713610631320236 ], [ -0.308832850629633, 53.713880156267223 ], [ -0.307469812788867, 53.713860908072462 ], [ -0.307458992599473, 53.714130432817079 ], [ -0.306095947635046, 53.714111168933009 ], [ -0.306085118564841, 53.714380693475107 ], [ -0.305176416997653, 53.714367842148285 ], [ -0.305187251871243, 53.714098317732173 ], [ -0.304732904253228, 53.7140918895483 ], [ -0.304722066477951, 53.714361413901443 ], [ -0.303359015974974, 53.714342118827048 ], [ -0.303348169318528, 53.714611642977353 ], [ -0.29426114850332, 53.714482611756445 ], [ -0.294272053193403, 53.714213088870792 ], [ -0.289274253830367, 53.714141828747053 ] ] } },
{ "type": "Feature", "properties": { "Year": 2026, "Sensor": "Sentinel-2 MSI" }, "geometry": { "type": "LineString", "coordinates": [ [ -0.267821542524286, 54.179553153240192 ], [ -0.267832806465811, 54.179283655091275 ], [ -0.267373383964157, 54.179277046820417 ], [ -0.26738465070526, 54.179007548722858 ], [ -0.266925231372662, 54.179000938765441 ], [ -0.266936500913246, 54.178731440719247 ], [ -0.266477084749695, 54.178724829075328 ], [ -0.266488357089662, 54.178455331080549 ], [ -0.265569531285539, 54.178442102668143 ], [ -0.265592087347362, 54.177903106898015 ], [ -0.265132680690905, 54.177896490194776 ], [ -0.265143961428433, 54.17762699235427 ], [ -0.26468455794099, 54.177620373964672 ], [ -0.264707124829003, 54.177081378372847 ], [ -0.264247727494491, 54.177074758362131 ], [ -0.264259013644832, 54.176805260610813 ], [ -0.26288083170354, 54.176785390265316 ], [ -0.262903421351776, 54.176246395112969 ], [ -0.262444033709284, 54.176239768292042 ], [ -0.262455331239299, 54.17597027076053 ], [ -0.261995946765774, 54.175963642253457 ], [ -0.262007247094194, 54.175694144773495 ], [ -0.261547865789626, 54.175687514580282 ], [ -0.261559168916355, 54.175418017151898 ], [ -0.261099790780735, 54.175411385272618 ], [ -0.261111096705674, 54.175141887895812 ], [ -0.260651721738996, 54.175135254330463 ], [ -0.260663030462047, 54.174865757005257 ], [ -0.259744287052037, 54.174852484751177 ], [ -0.259778230008991, 54.174043993085284 ], [ -0.259318867532428, 54.174037354527393 ], [ -0.259307550415625, 54.174306851697715 ], [ -0.258848185141291, 54.174300211323121 ], [ -0.258870825155955, 54.173761217099553 ], [ -0.257492748346693, 54.173741285860466 ], [ -0.257515405518154, 54.173202291974583 ], [ -0.257056052919582, 54.173195644856619 ], [ -0.25706738420981, 54.172926147958499 ], [ -0.256608034780158, 54.17291949915478 ], [ -0.256619368867665, 54.172650002308437 ], [ -0.255700676532071, 54.172636699578341 ], [ -0.255712016399773, 54.172367202849259 ], [ -0.255252673493868, 54.17236054892296 ], [ -0.2552640161586, 54.172091052245662 ], [ -0.254345336870696, 54.172077739270605 ], [ -0.254368033573765, 54.171538746137045 ], [ -0.253449366961659, 54.17152542641972 ], [ -0.253472074851569, 54.170986433493503 ], [ -0.252094094226367, 54.170966441177917 ], [ -0.252116819267667, 54.170427448590551 ], [ -0.251198178379598, 54.170414111887439 ], [ -0.251209546585975, 54.170144615704487 ], [ -0.250750229404084, 54.170137944792046 ], [ -0.250761600406604, 54.16986844866102 ], [ -0.250302286393676, 54.169861776063279 ], [ -0.25031366019224, 54.169592279984229 ], [ -0.249854349348267, 54.169585605701215 ], [ -0.249865725942778, 54.169316109674128 ], [ -0.249406418267752, 54.169309433705877 ], [ -0.249417797658113, 54.16903993773078 ], [ -0.248499188832553, 54.169026580672913 ], [ -0.248521958982747, 54.168487588944551 ], [ -0.247144065038202, 54.168467540620519 ], [ -0.247155458779938, 54.16819804493317 ], [ -0.246696164154163, 54.16819135872251 ], [ -0.246718957041499, 54.167652367438187 ], [ -0.246259668566818, 54.167645679608384 ], [ -0.246271067712275, 54.167376184011431 ], [ -0.245352497287711, 54.167362803231015 ], [ -0.245363902210274, 54.167093307752097 ], [ -0.244904620260427, 54.167086614801548 ], [ -0.244916027977953, 54.166817119374784 ], [ -0.244456749197068, 54.166810424739353 ], [ -0.244468159709458, 54.166540929364736 ], [ -0.244008884097527, 54.166534233044445 ], [ -0.244020297404683, 54.166264737722024 ], [ -0.24310175270587, 54.166251339961065 ], [ -0.243113171789474, 54.165981844756814 ], [ -0.242653902702628, 54.165975143316203 ], [ -0.24266532458075, 54.16570564816417 ], [ -0.242206058662878, 54.165698945038834 ], [ -0.242217483335422, 54.165429449939055 ], [ -0.241758220586514, 54.165422745129014 ], [ -0.241769648053381, 54.165153250081481 ], [ -0.240391869875737, 54.165133125345321 ], [ -0.240403306099947, 54.164863630482245 ], [ -0.239944050063857, 54.164856918801576 ], [ -0.23995548908209, 54.164587423990824 ], [ -0.23903698353554, 54.164573995509748 ], [ -0.239048428329145, 54.164304500817494 ], [ -0.238589178818723, 54.164297784017116 ], [ -0.238600626406102, 54.164028289377214 ], [ -0.238141380064736, 54.164021570892395 ], [ -0.238152830445792, 54.163752076304881 ], [ -0.236775101492162, 54.16373191054538 ], [ -0.23678656062936, 54.163462416142693 ], [ -0.236327321001735, 54.16345569078792 ], [ -0.236338782932309, 54.163186196437678 ], [ -0.235420310203247, 54.163172740608928 ], [ -0.235431777908267, 54.162903246377454 ], [ -0.234972544806865, 54.162896515903526 ], [ -0.234984015305013, 54.162627021724539 ], [ -0.23406555562859, 54.162613555657749 ], [ -0.234077031900827, 54.162344061597601 ], [ -0.233617805325843, 54.162337326004767 ], [ -0.233629284390959, 54.162067831997156 ], [ -0.234088507984938, 54.162074567523646 ], [ -0.234099983880927, 54.161805073435879 ], [ -0.233640763267905, 54.161798337975732 ], [ -0.233652241956683, 54.161528843940516 ], [ -0.232733807256993, 54.161515367901607 ], [ -0.23272232260641, 54.161784861804087 ], [ -0.231803882697975, 54.161771378630576 ], [ -0.231815373310346, 54.161501884860911 ], [ -0.230437723803181, 54.161481647171584 ], [ -0.230449223169697, 54.161212153587442 ], [ -0.229990010025078, 54.161205404256599 ], [ -0.230001512183872, 54.160935910725115 ], [ -0.230460722347713, 54.16094265998948 ], [ -0.230472221337233, 54.160673166377713 ], [ -0.23001301415412, 54.160666417179833 ], [ -0.230024515935828, 54.160396923620745 ], [ -0.228187701011951, 54.160369909591502 ], [ -0.228199214527604, 54.160100416284692 ], [ -0.227740014248952, 54.16009365846805 ], [ -0.22775153055644, 54.159824165213948 ], [ -0.225914743252285, 54.159797116710429 ], [ -0.225926271293009, 54.159527623708961 ], [ -0.224548691740339, 54.159507319152979 ], [ -0.224560228533416, 54.15923782633768 ], [ -0.223182659624008, 54.159217506229211 ], [ -0.223194205169113, 54.158948013600224 ], [ -0.222275832803083, 54.158934458243394 ], [ -0.222287384119577, 54.158664965734111 ], [ -0.220909835931663, 54.158644619772375 ], [ -0.220921395999592, 54.158375127449673 ], [ -0.2195438584578, 54.158354765936423 ], [ -0.219555427276839, 54.158085273800438 ], [ -0.220014603287678, 54.158092062654859 ], [ -0.220026168936949, 54.157822570438157 ], [ -0.217271133598058, 54.157781811460261 ], [ -0.217282716938267, 54.157512319631195 ], [ -0.215905210771533, 54.157491916715948 ], [ -0.215893618491125, 54.157761408344044 ], [ -0.211761083436178, 54.157700104486942 ], [ -0.211772702536954, 54.157430613462644 ], [ -0.209476871292172, 54.157396494845102 ], [ -0.209488505102316, 54.157127004143021 ], [ -0.209947667990134, 54.157133831299525 ], [ -0.209959298629687, 54.156864340516336 ], [ -0.20858181947804, 54.156843853998268 ], [ -0.208558540128744, 54.157382835147239 ], [ -0.207640209728462, 54.157369168448902 ], [ -0.20765185545838, 54.157099678015953 ], [ -0.207192693524475, 54.157092842108945 ], [ -0.207204342043398, 54.156823351729471 ], [ -0.207663500997418, 54.156830187569156 ], [ -0.20767514634558, 54.156560697108496 ], [ -0.204920213365251, 54.156519656223487 ], [ -0.204908550138139, 54.15678914627992 ], [ -0.203990234713875, 54.156775451849605 ], [ -0.204001903900602, 54.156505961928033 ], [ -0.203542749455147, 54.156499112155245 ], [ -0.203566093214278, 54.155960132405482 ], [ -0.203106944919581, 54.155953281017595 ], [ -0.203095270155969, 54.156222770831938 ], [ -0.20217696818129, 54.156209062671124 ], [ -0.202188648904289, 54.155939572991791 ], [ -0.200811206317336, 54.155918997828039 ], [ -0.200799516655288, 54.156188487304718 ], [ -0.200340366529754, 54.156181625349198 ], [ -0.200352059171476, 54.155912135940113 ], [ -0.199892912217259, 54.155905272302178 ], [ -0.199904607646959, 54.155635782946838 ], [ -0.199445463864053, 54.155628917626515 ], [ -0.199457162081633, 54.155359428324921 ], [ -0.195324903485397, 54.155297562302437 ], [ -0.195336628326731, 54.155028073596284 ], [ -0.1939592211904, 54.155007420293032 ], [ -0.193970954777838, 54.154737931776438 ], [ -0.19305269027393, 54.154724154293653 ], [ -0.193040950727664, 54.154993642674569 ], [ -0.192122681034571, 54.154979858056407 ], [ -0.192134426539647, 54.154710369811248 ], [ -0.191675294961237, 54.154703474945187 ], [ -0.191687043253158, 54.154433986754064 ], [ -0.191227914846646, 54.154427090206049 ], [ -0.191216163575379, 54.154696578329229 ], [ -0.190297901381519, 54.15468277984759 ], [ -0.190309658611464, 54.154413291860301 ], [ -0.188473148453827, 54.1543856741703 ], [ -0.188484917408188, 54.154116186441122 ], [ -0.188025793330148, 54.154109277711974 ], [ -0.188037565070841, 54.153839790036947 ], [ -0.184364603229843, 54.153784457754071 ], [ -0.184376398610807, 54.153514970610118 ], [ -0.182999050046251, 54.153494192336531 ], [ -0.183010854171132, 54.153224705383309 ], [ -0.182092628720125, 54.153210844588408 ], [ -0.182104438609585, 54.15294135775779 ], [ -0.17980889326515, 54.152906675490982 ], [ -0.179820717855832, 54.152637188988038 ], [ -0.179361612347076, 54.15263024735377 ], [ -0.179373439722861, 54.152360760905275 ], [ -0.176618828615917, 54.152319074765749 ], [ -0.176630673670841, 54.152049588713901 ], [ -0.173876087425295, 54.152007839995939 ], [ -0.173887950158625, 54.15173835434134 ], [ -0.17296976225572, 54.151724424241728 ], [ -0.172981630752016, 54.151454938710408 ], [ -0.172063449584506, 54.15144100174939 ], [ -0.172075323843561, 54.151171516341407 ], [ -0.171616236530308, 54.151164545305093 ], [ -0.171628113573341, 54.150895059951836 ], [ -0.170250861737357, 54.150874136551224 ], [ -0.170262747521305, 54.150604651390111 ], [ -0.169344586561524, 54.150590693845807 ], [ -0.169356478107606, 54.150321208808229 ], [ -0.168897400898466, 54.150314227480457 ], [ -0.168921189362764, 54.149775257501034 ], [ -0.167543976775316, 54.149754303433085 ], [ -0.167555879649982, 54.149484818628835 ], [ -0.166637744856825, 54.149470840640255 ], [ -0.166649653492909, 54.149201355959718 ], [ -0.165731525436836, 54.149187371110841 ], [ -0.16574343983413, 54.148917886554109 ], [ -0.165284379077117, 54.148910891574332 ], [ -0.165296296257292, 54.14864140707256 ], [ -0.163919124092564, 54.148620411843233 ], [ -0.163942975735314, 54.148081443211403 ], [ -0.163483924693948, 54.148074441440642 ], [ -0.163507781510867, 54.147535472890958 ], [ -0.163048736620844, 54.147528469508728 ], [ -0.163060667713961, 54.147258985281958 ], [ -0.162601625997309, 54.147251980219359 ], [ -0.16262549355258, 54.146713011861941 ], [ -0.162166457987048, 54.146706005188001 ], [ -0.162190330715476, 54.146167036912807 ], [ -0.160813243058707, 54.146146006809317 ], [ -0.160825188062332, 54.145876522857897 ], [ -0.15990713655827, 54.14586249418069 ], [ -0.159919087321241, 54.145593010353473 ], [ -0.158082998573583, 54.145564932284501 ], [ -0.158071035900504, 54.145834415835189 ], [ -0.15715298674758, 54.145820366166959 ], [ -0.157200860083315, 54.144742432433894 ], [ -0.156741847710751, 54.144735405252717 ], [ -0.156753818531722, 54.144465921853772 ], [ -0.155835800329717, 54.144451862382375 ], [ -0.155847776909055, 54.144182379107917 ], [ -0.155388771079649, 54.144175346817747 ], [ -0.155376791523061, 54.144444830022927 ], [ -0.154458774498686, 54.144430760056608 ], [ -0.154470760009763, 54.144161276989962 ], [ -0.152634740227049, 54.144133116344875 ], [ -0.152646737450467, 54.143863633541578 ], [ -0.150810732721757, 54.143835445188067 ], [ -0.150822741657062, 54.14356596264841 ], [ -0.149904746427364, 54.143551858115934 ], [ -0.149916761120009, 54.143282375701212 ], [ -0.148539778683222, 54.143261205992864 ], [ -0.148551802109989, 54.142991723772667 ], [ -0.14763382075773, 54.142977602027543 ], [ -0.147645849941364, 54.142708119932394 ], [ -0.147186862537793, 54.142701056505828 ], [ -0.147198894501209, 54.142431574466279 ], [ -0.146739910271659, 54.142424509360282 ], [ -0.146751945014761, 54.142155027376333 ], [ -0.145833983100925, 54.142140892056517 ], [ -0.145870104007468, 54.141332446438412 ], [ -0.144493189406877, 54.141311230968107 ], [ -0.144505238244356, 54.141041749276361 ], [ -0.1440462700822, 54.141034674024738 ], [ -0.144058321698824, 54.140765192388699 ], [ -0.143140391920047, 54.140751036778155 ], [ -0.14315244929222, 54.14048155526752 ], [ -0.142234526256646, 54.140467392800915 ], [ -0.142246589384158, 54.140197911415761 ], [ -0.141787631139256, 54.140190827628913 ], [ -0.141799697045515, 54.139921346299531 ], [ -0.140881787101599, 54.139907173618866 ], [ -0.140893858762841, 54.139637692415072 ], [ -0.140434907063862, 54.139630603521304 ], [ -0.140446981503603, 54.139361122373302 ], [ -0.139529084651728, 54.13934693947904 ], [ -0.139541164846091, 54.139077458456725 ], [ -0.138623274738332, 54.139063268707055 ], [ -0.138635360687112, 54.138793787810449 ], [ -0.137717477323726, 54.138779591205513 ], [ -0.137729569026714, 54.13851011043473 ], [ -0.137270630618261, 54.138503009579075 ], [ -0.137282725099199, 54.138233528864227 ], [ -0.136823789864947, 54.13822642632978 ], [ -0.136847984184337, 54.137687464997988 ], [ -0.135471197526759, 54.137666147322243 ], [ -0.135483303316854, 54.137396666845255 ], [ -0.135024377803483, 54.137389557525999 ], [ -0.135036486371086, 54.137120077105031 ], [ -0.134577564031925, 54.137112966107168 ], [ -0.134589675376939, 54.136843485742212 ], [ -0.133671837245486, 54.136829258640674 ], [ -0.13368395434354, 54.136559778401825 ], [ -0.132307207562497, 54.136538424845227 ], [ -0.132319333389048, 54.136268944802637 ], [ -0.130942597322881, 54.136247575719182 ], [ -0.130966866233529, 54.135708616012806 ], [ -0.130049055085614, 54.135694361495069 ], [ -0.13006119519375, 54.135424881761253 ], [ -0.129143390792361, 54.135410620389834 ], [ -0.129155536652498, 54.135141140782423 ], [ -0.127778840469175, 54.135119735822293 ], [ -0.127790995056482, 54.134850256411617 ], [ -0.126414309591356, 54.134828835926072 ], [ -0.126426472905505, 54.134559356712316 ], [ -0.124590906976459, 54.134530771867922 ], [ -0.124603081992373, 54.1342612929216 ], [ -0.124144193983867, 54.134254142409816 ], [ -0.124132015992708, 54.134523621285737 ], [ -0.123673125208459, 54.134516468955113 ], [ -0.123685306174858, 54.134246990149627 ], [ -0.122767531155526, 54.134232680383981 ], [ -0.122779717872749, 54.133963201705349 ], [ -0.121861949602342, 54.13394888508703 ], [ -0.12188633433829, 54.133409927969673 ], [ -0.121427456452859, 54.133402767178929 ], [ -0.121439651496264, 54.133133288669718 ], [ -0.119604153852835, 54.133104628305425 ], [ -0.119591946909381, 54.133374106532422 ], [ -0.119133070023316, 54.133366936999941 ], [ -0.119120859904841, 54.133636415142334 ], [ -0.118661980243749, 54.133629243790871 ], [ -0.11867419333727, 54.133359765719099 ], [ -0.118215316851291, 54.133352592689889 ], [ -0.118239748388071, 54.132813636645487 ], [ -0.117322007916358, 54.132799285624699 ], [ -0.11730978629815, 54.133068763512611 ], [ -0.116850913387646, 54.133061585309065 ], [ -0.11687536237367, 54.132522629660549 ], [ -0.116416495613228, 54.132515449850089 ], [ -0.1163920406774, 54.133054405357193 ], [ -0.115474295857876, 54.13304004020852 ], [ -0.115462062139568, 54.133309517799589 ], [ -0.114544312171743, 54.133295145516115 ], [ -0.114568791307694, 54.132756190602976 ], [ -0.114109922574371, 54.132749001980308 ], [ -0.114146648699005, 54.131940569717628 ], [ -0.113687789090634, 54.131933379559086 ], [ -0.113700033705814, 54.13166390218089 ], [ -0.113241177272724, 54.131656710344899 ], [ -0.113228929682844, 54.131926187652262 ], [ -0.112770070475683, 54.131918993997203 ], [ -0.112782321040259, 54.131649516760675 ], [ -0.112323465008469, 54.131642321428231 ], [ -0.112311211469201, 54.131911798593919 ], [ -0.111852352663444, 54.131904601442386 ], [ -0.111840095948714, 54.132174078523178 ], [ -0.111381234369002, 54.132166879552535 ], [ -0.111368974478712, 54.132436356548389 ], [ -0.110910110125053, 54.132429155758601 ], [ -0.110897847059106, 54.132698632669523 ], [ -0.109980113004846, 54.132684225703287 ], [ -0.109992382020428, 54.132414748934231 ], [ -0.108156928223311, 54.132385914306347 ], [ -0.108169208936936, 54.132116437807142 ], [ -0.107251489194707, 54.132102010145722 ], [ -0.107276061917133, 54.131563057389279 ], [ -0.106817208297218, 54.131555841078331 ], [ -0.106841786163746, 54.131016888407771 ], [ -0.106382938694259, 54.131009670490755 ], [ -0.106419812907653, 54.130201241592708 ], [ -0.105960974562817, 54.130194022140763 ], [ -0.105985562313704, 54.129655069613975 ], [ -0.105526730118864, 54.129647848556118 ], [ -0.105514433369825, 54.129917324755432 ], [ -0.105055598402127, 54.129910101878409 ], [ -0.105030998351061, 54.130449054092672 ], [ -0.10457215763614, 54.130441829325271 ], [ -0.104535247125003, 54.131250257327849 ], [ -0.10269985058761, 54.131221339922952 ], [ -0.102712166190891, 54.130951864220869 ], [ -0.102253320535266, 54.130944630570447 ], [ -0.10226563891126, 54.130675154925527 ], [ -0.101806796431861, 54.13066791959821 ], [ -0.10181911758047, 54.130398444010453 ], [ -0.10090143917598, 54.130383968253923 ], [ -0.100913766071445, 54.13011449279464 ], [ -0.099996094423296, 54.130100010188293 ], [ -0.09998376157917, 54.130369485504993 ], [ -0.099524923083768, 54.130362241508358 ], [ -0.099549594518605, 54.129823291003554 ], [ -0.099090762173858, 54.129816045401483 ], [ -0.09911543874886, 54.129277094983081 ], [ -0.098656612554606, 54.129269847775682 ], [ -0.098644271393986, 54.12953932292055 ], [ -0.098185442427712, 54.129532073893742 ], [ -0.098210130495087, 54.128993123732641 ], [ -0.097751307679282, 54.12898587310054 ], [ -0.097763654383745, 54.128716398070289 ], [ -0.097304834744238, 54.12870914576159 ], [ -0.097317184220476, 54.128439670788644 ], [ -0.095940735437844, 54.128417903588968 ], [ -0.095990167006609, 54.127340004413703 ], [ -0.095531363045993, 54.127332745470412 ], [ -0.095506641718799, 54.127871694943252 ], [ -0.095047832013006, 54.127864434109085 ], [ -0.095023103928129, 54.128403383382654 ], [ -0.093646658182586, 54.128381589963453 ], [ -0.09365903124807, 54.128112115548277 ], [ -0.093200219378746, 54.128104847650825 ], [ -0.093249721509301, 54.127026950135551 ], [ -0.092790921737866, 54.127019680776478 ], [ -0.092803299737433, 54.126750206434011 ], [ -0.092344503142408, 54.126742935398632 ], [ -0.092369264480527, 54.126203986814652 ], [ -0.091910474035468, 54.126196714174625 ], [ -0.091922857373878, 54.125927239933112 ], [ -0.092381644845418, 54.125934512501516 ], [ -0.092394025007538, 54.125665038174326 ], [ -0.091017672121825, 54.125643215440512 ], [ -0.091042449678117, 54.125104267173548 ], [ -0.090124893995653, 54.125089710232089 ], [ -0.090137288416055, 54.124820236220799 ], [ -0.089219739492197, 54.124805672431769 ], [ -0.089207339125197, 54.125075146299665 ], [ -0.088748561994594, 54.125067861711841 ], [ -0.088760965334886, 54.124798387915661 ], [ -0.087843417629743, 54.12478381364032 ], [ -0.08786823559375, 54.124244866292621 ], [ -0.087409467992427, 54.124237576676897 ], [ -0.087421879642714, 54.123968103053691 ], [ -0.087880644270904, 54.123975392597629 ], [ -0.087893052744831, 54.123705918888554 ], [ -0.087434291089724, 54.123698629416403 ], [ -0.087446702333464, 54.123429155764974 ], [ -0.08698794385466, 54.123421864616937 ], [ -0.086975529637889, 54.123691338196551 ], [ -0.085140485864234, 54.123662155840847 ], [ -0.085152911973084, 54.123392682548527 ], [ -0.084694154511343, 54.123385382662363 ], [ -0.084706583389643, 54.123115909427824 ], [ -0.083789075022791, 54.123101304556442 ], [ -0.083813944060256, 54.122562358332601 ], [ -0.082896448399493, 54.122547746758542 ], [ -0.082921328513486, 54.12200880076599 ], [ -0.082003845558741, 54.121994182489537 ], [ -0.082066072004473, 54.120646817980898 ], [ -0.081607345695759, 54.120639506581291 ], [ -0.081644688034685, 54.11983108792279 ], [ -0.082103405426219, 54.11983839910647 ], [ -0.082115849492545, 54.119568926120117 ], [ -0.081657135073309, 54.119561615008429 ], [ -0.081669581908097, 54.119292142079942 ], [ -0.081210870664939, 54.119284829292859 ], [ -0.081260667854315, 54.118206937725851 ], [ -0.080801968703507, 54.11819962347942 ], [ -0.080814420463183, 54.11793015062441 ], [ -0.081273116641995, 54.117937464798807 ], [ -0.081285565225817, 54.117667991857687 ], [ -0.077616025282851, 54.117609430115877 ], [ -0.077628497437886, 54.117339957737151 ], [ -0.077169808835452, 54.117332629729006 ], [ -0.077182283758064, 54.117063157408296 ], [ -0.076723598331727, 54.11705582772511 ], [ -0.07673607602182, 54.11678635546243 ], [ -0.076277393771568, 54.116779024104233 ], [ -0.076314834530896, 54.115970607448013 ], [ -0.075856161399981, 54.115963274559213 ], [ -0.075893609234602, 54.115154857992493 ], [ -0.076352273450989, 54.115162190664769 ], [ -0.076364752682322, 54.114892718375444 ], [ -0.075447430396762, 54.114878051428228 ], [ -0.075497369049031, 54.113800162707314 ], [ -0.075956018204471, 54.113807496765659 ], [ -0.075968499385311, 54.113538024477947 ], [ -0.075509853201035, 54.113530690491785 ], [ -0.075534820891801, 54.11299174601838 ], [ -0.076452101580344, 54.113006411954984 ], [ -0.076477056569493, 54.112467467136383 ], [ -0.076018422065041, 54.112460135185891 ], [ -0.076030902224089, 54.11219066282758 ], [ -0.076489533757615, 54.112197994705895 ], [ -0.07652696409622, 54.111389577329781 ], [ -0.076985586921541, 54.11139690724476 ], [ -0.076998060321767, 54.11112743468567 ], [ -0.07745668038058, 54.111134762781674 ], [ -0.077469150605885, 54.110865290136353 ], [ -0.077927767898183, 54.110872616413431 ], [ -0.077915300643575, 54.11114208913088 ], [ -0.079749783736394, 54.11117137705952 ], [ -0.079762239108168, 54.110901904053755 ], [ -0.08022085742062, 54.110909221596849 ], [ -0.080233309617789, 54.110639748504965 ], [ -0.080691925163451, 54.110647064229212 ], [ -0.080716823004944, 54.110108117859077 ], [ -0.081634042825278, 54.110122743779293 ], [ -0.081646485499213, 54.109853270429099 ], [ -0.08210509274445, 54.109860580697095 ], [ -0.082092653041058, 54.110130054119246 ], [ -0.082551263460516, 54.110137362712436 ], [ -0.08256370019336, 54.10986788921835 ], [ -0.083022307845895, 54.109875195992856 ], [ -0.083034741404611, 54.109605722412724 ], [ -0.083951951379337, 54.109620330577698 ], [ -0.083964378793557, 54.109350856839683 ], [ -0.084881583641239, 54.109365457873992 ], [ -0.084894004911143, 54.109095983978165 ], [ -0.085811204631453, 54.109110577881928 ], [ -0.085823619757222, 54.108841103828354 ], [ -0.086282216951917, 54.108848398088369 ], [ -0.086294628904079, 54.108578923948897 ], [ -0.087211817962381, 54.108593507085303 ], [ -0.08722422377073, 54.10832403278819 ], [ -0.087682815634273, 54.108331321664643 ], [ -0.087695218269252, 54.108061847281682 ], [ -0.088153807365597, 54.108069134339736 ], [ -0.088166206827304, 54.107799659870963 ], [ -0.089541966423539, 54.107821510350142 ], [ -0.089554356771717, 54.107552035652191 ], [ -0.090012940739397, 54.107559315580318 ], [ -0.090025327914585, 54.107289840796632 ], [ -0.090942490518037, 54.107304395269793 ], [ -0.090967252379735, 54.106765445373604 ], [ -0.092801556258064, 54.106794532787994 ], [ -0.092826293549095, 54.106255582262861 ], [ -0.094660576907444, 54.106284641159917 ], [ -0.094672933369497, 54.106015165590186 ], [ -0.095131501745013, 54.106022425876617 ], [ -0.095143855034878, 54.105752950221351 ], [ -0.096060986452804, 54.105767465411724 ], [ -0.096073333600725, 54.105497989599527 ], [ -0.096531896643071, 54.105505244503519 ], [ -0.096519552465007, 54.105774720387146 ], [ -0.097436685095656, 54.105789225098363 ], [ -0.097461361370332, 54.105250273031523 ], [ -0.098837044012072, 54.105272016571348 ], [ -0.098849372937087, 54.105002540302806 ], [ -0.100683607405834, 54.105031506953139 ], [ -0.100695924250026, 54.104762030385395 ], [ -0.101154480401693, 54.104769267610536 ], [ -0.101166794074536, 54.104499790957505 ], [ -0.101625347458082, 54.104507026364949 ], [ -0.101637657959673, 54.104237549626603 ], [ -0.102554759391998, 54.104252015059757 ], [ -0.102567063752808, 54.103982538164992 ], [ -0.103025611801525, 54.103989768190722 ], [ -0.10303791299132, 54.103720291210735 ], [ -0.103955003753687, 54.103734745880658 ], [ -0.103967298803025, 54.103465268744323 ], [ -0.106260014382797, 54.103501374501477 ], [ -0.106272294383327, 54.103231896995695 ], [ -0.108106458588001, 54.103260749882125 ], [ -0.10811872650959, 54.10299127207832 ], [ -0.110869961023793, 54.103034498590617 ], [ -0.110882210927843, 54.102765020347285 ], [ -0.114550511086185, 54.102822557332907 ], [ -0.114538284937989, 54.103092036142556 ], [ -0.115455367919055, 54.103106403066569 ], [ -0.115443147509809, 54.10337588200359 ], [ -0.115901692270013, 54.103383062916677 ], [ -0.115877256790594, 54.103922020889975 ], [ -0.116335807690084, 54.103929200197953 ], [ -0.116323592620053, 54.104198679234223 ], [ -0.116782146689229, 54.104205856866386 ], [ -0.116769934388982, 54.104475335959265 ], [ -0.117228491627855, 54.104482511915585 ], [ -0.117252910088936, 54.103943553574538 ], [ -0.118628565186168, 54.103965070540916 ], [ -0.118640765207856, 54.103695591137566 ], [ -0.119099314336773, 54.103702759896201 ], [ -0.119111511189096, 54.10343328040824 ], [ -0.120028604106627, 54.103447612545089 ], [ -0.120040794820083, 54.103178132902016 ], [ -0.120957882596709, 54.103192457912115 ], [ -0.120970067171479, 54.102922978114037 ], [ -0.121428608389466, 54.102930137928965 ], [ -0.12141642678426, 54.103199617797522 ], [ -0.128294613501548, 54.103306806506431 ], [ -0.128282476241627, 54.10357628741604 ], [ -0.136536412756446, 54.103704396430921 ], [ -0.136548496561408, 54.10343491426039 ], [ -0.13746559864085, 54.103449113525819 ], [ -0.137453520775415, 54.103718595836114 ], [ -0.140204849576348, 54.103761152135561 ], [ -0.14019278933216, 54.104030634850744 ], [ -0.141109906452213, 54.104044806451299 ], [ -0.141121960756707, 54.103775323596601 ], [ -0.142039072726442, 54.103789488071598 ], [ -0.14202702436166, 54.104058971065697 ], [ -0.142485583612285, 54.104066050753104 ], [ -0.142521719205452, 54.103257601519779 ], [ -0.143438820479338, 54.103271755237017 ], [ -0.143450859343228, 54.103002271991976 ], [ -0.144367955466021, 54.103016418584012 ], [ -0.144379988193456, 54.102746935185728 ], [ -0.144838533580673, 54.102754005792441 ], [ -0.144850563141479, 54.102484522310576 ], [ -0.145309105755989, 54.102491591101263 ], [ -0.145321132150263, 54.102222107535837 ], [ -0.145779671992057, 54.102229174510505 ], [ -0.145791695219897, 54.101959690861541 ], [ -0.149459997279557, 54.102016163231411 ], [ -0.149471996554374, 54.101746679012621 ], [ -0.150389068095568, 54.101760779502094 ], [ -0.150401061234954, 54.101491295130543 ], [ -0.151776661110636, 54.101512432558579 ], [ -0.151788645145309, 54.101242947965027 ], [ -0.152247175860176, 54.101249990212253 ], [ -0.152259156729244, 54.100980505535425 ], [ -0.153176212808485, 54.100994584652135 ], [ -0.153200162080817, 54.100455614979424 ], [ -0.153658684475793, 54.100462651779715 ], [ -0.153646712906977, 54.100732136692301 ], [ -0.154563764223497, 54.100746205192337 ], [ -0.154575729853626, 54.100476720141266 ], [ -0.155034252836388, 54.100483751702534 ], [ -0.155022290175607, 54.100753236822804 ], [ -0.155939342667287, 54.100767294844673 ], [ -0.155951299389356, 54.100497809586031 ], [ -0.156409822959467, 54.100504835908268 ], [ -0.15642177651649, 54.1002353505665 ], [ -0.157797339492776, 54.100256418847728 ], [ -0.157809283946295, 54.09998693328464 ], [ -0.159184839774547, 54.100007985641639 ], [ -0.159196775124821, 54.099738499857388 ], [ -0.161489357232706, 54.099773551847562 ], [ -0.161501277541563, 54.099504065704345 ], [ -0.163335334863763, 54.099532075587149 ], [ -0.163347243100775, 54.099262589154307 ], [ -0.164722779231895, 54.099283578023623 ], [ -0.164734678366537, 54.09901409137025 ], [ -0.166568717391572, 54.099042051806066 ], [ -0.166592491323809, 54.098503077907083 ], [ -0.167509500127676, 54.098517047372312 ], [ -0.167521380863864, 54.098247560264419 ], [ -0.16797988258852, 54.09825454230895 ], [ -0.16799176016124, 54.097985055118386 ], [ -0.16845025911134, 54.097992035347971 ], [ -0.16846213352069, 54.097722548074792 ], [ -0.168920629696227, 54.097729526489466 ], [ -0.168932500942304, 54.097460039133651 ], [ -0.169390994343269, 54.097467015733471 ], [ -0.16940286242617, 54.097197528295077 ], [ -0.169861353052553, 54.097204503080036 ], [ -0.169873217972375, 54.096935015559062 ], [ -0.170331705824171, 54.096941988529217 ], [ -0.170355429143685, 54.096403013308176 ], [ -0.171272393554753, 54.096416953735627 ], [ -0.171296104223028, 54.09587797818449 ], [ -0.171754580782372, 54.095884945641856 ], [ -0.171766432856842, 54.095615457776809 ], [ -0.172224906641606, 54.095622423419542 ], [ -0.172248604271514, 54.09508344751054 ], [ -0.172707072313196, 54.095090411270121 ], [ -0.172718917868783, 54.094820923226187 ], [ -0.173177383135914, 54.094827885171199 ], [ -0.173201067728661, 54.09428890890451 ], [ -0.173659527252872, 54.094295868966498 ], [ -0.173671366290182, 54.094026380743749 ], [ -0.174129823039869, 54.094033338991245 ], [ -0.174153494596662, 54.093494362367061 ], [ -0.174611945603595, 54.09350131873164 ], [ -0.17462377812323, 54.09323183033019 ], [ -0.175082226355663, 54.093238784880377 ], [ -0.175094055713497, 54.092969296396568 ], [ -0.175552501171425, 54.092976249132384 ], [ -0.175576153370117, 54.092437271986128 ], [ -0.17603459308549, 54.092444222839198 ], [ -0.1760464159265, 54.092174734176794 ], [ -0.176504852867393, 54.092181683215621 ], [ -0.17652849203304, 54.091642705712218 ], [ -0.176986923231543, 54.091649652868426 ], [ -0.176998739556331, 54.091380164027477 ], [ -0.17745716798038, 54.091387109369485 ], [ -0.177480794114188, 54.090848131509134 ], [ -0.177939216796013, 54.090855074968644 ], [ -0.177951026605182, 54.090585585949242 ], [ -0.178409446512581, 54.090592527594644 ], [ -0.178433059615757, 54.090053549377487 ], [ -0.178891473781092, 54.090060489140512 ], [ -0.178903277075248, 54.089790999942771 ], [ -0.179361688466186, 54.08979793789176 ], [ -0.179385288539936, 54.089258959317974 ], [ -0.179843694188975, 54.089265895384713 ], [ -0.179867287555392, 54.088726916618754 ], [ -0.180325687462662, 54.088733850803322 ], [ -0.180349274122159, 54.088194871845197 ], [ -0.180807668287788, 54.088201804147658 ], [ -0.180819458360762, 54.087932314579518 ], [ -0.181277849752091, 54.087939245068149 ], [ -0.181301423384794, 54.087400265753708 ], [ -0.181759809034645, 54.08740719436036 ], [ -0.181771592594525, 54.087137704614072 ], [ -0.182229975470104, 54.087144631406964 ], [ -0.182241755870059, 54.086875141578624 ], [ -0.182700135971356, 54.086882066557791 ], [ -0.182735467113521, 54.086073596784829 ], [ -0.183193838506602, 54.086080519814082 ], [ -0.183205612201627, 54.085811029793796 ], [ -0.183663980820498, 54.085817951009432 ], [ -0.183699291849112, 54.085009480660858 ], [ -0.184157651760208, 54.085016399926722 ], [ -0.18416941875113, 54.084746909714617 ], [ -0.184627775888087, 54.084753827166978 ], [ -0.184651303358961, 54.084214846564926 ], [ -0.185109654755155, 54.084221762135748 ], [ -0.185133175522901, 54.083682781341942 ], [ -0.185591521178458, 54.083689695031318 ], [ -0.185615035243491, 54.083150714045829 ], [ -0.186073375158542, 54.083157625853801 ], [ -0.18608512893608, 54.082888135272171 ], [ -0.18654346607709, 54.082895045266838 ], [ -0.186555216695946, 54.082625554603325 ], [ -0.187013551062908, 54.082632462784687 ], [ -0.187025298523178, 54.082362972039292 ], [ -0.18656696712251, 54.082356063925907 ], [ -0.18657871735679, 54.082086573234591 ], [ -0.187037045791211, 54.082093481279998 ], [ -0.187072286441926, 54.081285008918698 ], [ -0.186613966905953, 54.081278101077231 ], [ -0.18662571637113, 54.081008610330322 ], [ -0.191208890714268, 54.081077609531697 ], [ -0.191232329747857, 54.080538626638159 ], [ -0.191690642305717, 54.080545516824124 ], [ -0.191714074640369, 54.080006533739422 ], [ -0.192172381458093, 54.080013422044637 ], [ -0.192148955055301, 54.080552405264918 ], [ -0.192607267996561, 54.080559291960547 ], [ -0.192630688467486, 54.08002030860473 ], [ -0.194463918420747, 54.080047837393714 ], [ -0.194487314398422, 54.079508853440565 ], [ -0.195403918660352, 54.079522607093502 ], [ -0.195427302009311, 54.078983622814128 ], [ -0.196343895173429, 54.078997369216083 ], [ -0.196332209526101, 54.079266861498006 ], [ -0.195873909882662, 54.079259989101928 ], [ -0.195862221078318, 54.079529481302323 ], [ -0.196778826488016, 54.079543224484617 ], [ -0.196802192042332, 54.079004239799445 ], [ -0.197260489102401, 54.079011108637722 ], [ -0.197272168627101, 54.078741616206727 ], [ -0.196355580629544, 54.078727876920283 ], [ -0.196367265894449, 54.07845838461062 ], [ -0.195908975148113, 54.078451512417416 ], [ -0.195897286917555, 54.078721004659478 ], [ -0.195438993396824, 54.078714130653587 ], [ -0.195462375597934, 54.078175146290896 ], [ -0.19637895096815, 54.078188892287052 ], [ -0.19639063585065, 54.077919399949614 ], [ -0.196848920857022, 54.077926270262545 ], [ -0.196872284117463, 54.077387285410822 ], [ -0.197330563384001, 54.077394153843557 ], [ -0.197365597945014, 54.076585676259072 ], [ -0.197823868506519, 54.076592542744137 ], [ -0.197847217994623, 54.076053557483256 ], [ -0.198305482816642, 54.076060422088283 ], [ -0.198375508906187, 54.07444346556732 ], [ -0.198833756128771, 54.074450328022266 ], [ -0.198845423510455, 54.074180835152667 ], [ -0.199303667959035, 54.07418769579531 ], [ -0.19931533218497, 54.073918202844325 ], [ -0.199773573859538, 54.0739250616747 ], [ -0.199820216995943, 54.07284708946203 ], [ -0.200278447002339, 54.072853946277753 ], [ -0.200266789469083, 54.07312343941922 ], [ -0.20072502263088, 54.073130294557679 ], [ -0.200736677199463, 54.072860801348774 ], [ -0.201194907587267, 54.072867654675115 ], [ -0.201206559000541, 54.072598161384882 ], [ -0.200748331577365, 54.072591308126007 ], [ -0.200759985764592, 54.072321814889357 ], [ -0.201676434872405, 54.072335519527584 ], [ -0.201723025998939, 54.071257545902832 ], [ -0.202639452153291, 54.071271243023268 ], [ -0.20265109352982, 54.071001749447632 ], [ -0.203109303928357, 54.07100859532359 ], [ -0.203144218022444, 54.070200114311348 ], [ -0.2036024197186, 54.070206958240689 ], [ -0.203625688901054, 54.069667970695157 ], [ -0.204083884859267, 54.069674812745319 ], [ -0.20409551620091, 54.069405318884435 ], [ -0.204553709385336, 54.06941215912277 ], [ -0.20458859337662, 54.068603677254977 ], [ -0.205046777859329, 54.068610515546972 ], [ -0.205070026974656, 54.068071527431215 ], [ -0.205528205719807, 54.068078363844236 ], [ -0.205539827028419, 54.06780886969829 ], [ -0.20599800299989, 54.067815704299655 ], [ -0.206032856893939, 54.067007221576894 ], [ -0.206491024164357, 54.067014054232168 ], [ -0.206514253216269, 54.066475065546541 ], [ -0.206972414749513, 54.066481896323069 ], [ -0.207042079565045, 54.064864929530202 ], [ -0.207500223507833, 54.064871758159278 ], [ -0.20751183068243, 54.064602263578081 ], [ -0.207969971851859, 54.064609090395777 ], [ -0.207993179705113, 54.064070101057496 ], [ -0.207076909408771, 54.064056445946605 ], [ -0.20708851897685, 54.063786951391016 ], [ -0.208004783347015, 54.063800606367543 ], [ -0.208016386799106, 54.063531111663742 ], [ -0.207558257482136, 54.063524285114717 ], [ -0.207569863707414, 54.063254790464221 ], [ -0.208027990061391, 54.063261616946093 ], [ -0.208074401212543, 54.062183637936812 ], [ -0.209448745858525, 54.062204106112233 ], [ -0.209460339283557, 54.061934611123888 ], [ -0.208544115255372, 54.061920967551885 ], [ -0.208555714416195, 54.061651472683891 ], [ -0.209471932518952, 54.061665116121667 ], [ -0.209483525564716, 54.061395621105603 ], [ -0.209025419381164, 54.061388800325815 ], [ -0.209037015199918, 54.061119305362979 ], [ -0.209495118420851, 54.061126126075663 ], [ -0.209529895851529, 54.060317640902724 ], [ -0.209987990374506, 54.060324459670163 ], [ -0.20999957950974, 54.060054964517711 ], [ -0.209541487949193, 54.060048145817355 ], [ -0.209587854443819, 54.058970165337321 ], [ -0.210045934155132, 54.058976983769327 ], [ -0.210034345778107, 54.059246478977208 ], [ -0.210950511693794, 54.059260110743828 ], [ -0.210962094146333, 54.058990615401811 ], [ -0.210504014055985, 54.058983800457497 ], [ -0.210515599281275, 54.058714305168685 ], [ -0.210057522342614, 54.05870748854759 ], [ -0.210080698148968, 54.058168498062521 ], [ -0.210538769163391, 54.058175314549509 ], [ -0.210585106653882, 54.057097333144846 ], [ -0.211043166009871, 54.057104147619867 ], [ -0.211066327694647, 54.056565156700302 ], [ -0.210608274262324, 54.056558342359374 ], [ -0.210643024254076, 54.055749856077234 ], [ -0.211101068801261, 54.055756670217065 ], [ -0.211135808203321, 54.054948183609092 ], [ -0.212051880096384, 54.054961806255768 ], [ -0.212075026905026, 54.054422814846454 ], [ -0.211616996786737, 54.054416004528932 ], [ -0.211640148760985, 54.053877013198218 ], [ -0.212098172956558, 54.05388382338176 ], [ -0.21215603477325, 54.052536344477517 ], [ -0.212614044352127, 54.052543152582658 ], [ -0.212625613186655, 54.052273656693281 ], [ -0.213083619993679, 54.052280462988016 ], [ -0.213106751173195, 54.051741471033772 ], [ -0.21264875028813, 54.051734664872946 ], [ -0.212660318555085, 54.051465168942002 ], [ -0.212202320820111, 54.051458361104764 ], [ -0.212283314116867, 54.049571889669025 ], [ -0.212741291126873, 54.049578697037468 ], [ -0.212671886632856, 54.051195672997196 ], [ -0.213129881596154, 54.051202479024113 ], [ -0.21317614017254, 54.050124494838549 ], [ -0.213634123482, 54.050131298854367 ], [ -0.213657245714297, 54.049592306544618 ], [ -0.213199268326033, 54.04958550266268 ], [ -0.213222395723103, 54.04904651043136 ], [ -0.213680367190367, 54.04905331417946 ], [ -0.213738167572259, 54.047705833024118 ], [ -0.214196124426894, 54.047712634694456 ], [ -0.214207680975982, 54.047443138354915 ], [ -0.213749727081536, 54.047436336751502 ], [ -0.213865311778693, 54.044741373263427 ], [ -0.214323236073891, 54.0447481741978 ], [ -0.214346344826135, 54.044209181200166 ], [ -0.214804263390988, 54.044215980257839 ], [ -0.214919766223861, 54.041521013769803 ], [ -0.215377655384059, 54.041527810415964 ], [ -0.215562373301036, 54.037215860084657 ], [ -0.21602021531035, 54.037222653918796 ], [ -0.216031755617542, 54.036953156838543 ], [ -0.215573916566547, 54.036946363071237 ], [ -0.215597002531424, 54.036407369002838 ], [ -0.216054835665927, 54.036414162636497 ], [ -0.216066375407128, 54.036144665514726 ], [ -0.215608545230799, 54.036137871947858 ], [ -0.215631630063443, 54.03559887779636 ], [ -0.216089454323568, 54.035605671229561 ], [ -0.216250985612045, 54.03183270968254 ], [ -0.215793202759936, 54.031825917184698 ], [ -0.215804742251915, 54.031556419894287 ], [ -0.216262522146671, 54.031563212325317 ], [ -0.216389411581893, 54.028598740481833 ], [ -0.215931664214839, 54.028591948785611 ], [ -0.216081633479151, 54.025088480769369 ], [ -0.215623924734931, 54.025081688199727 ], [ -0.215658537369856, 54.024273195448622 ], [ -0.216116237245792, 54.024279987817849 ], [ -0.21615083931575, 54.023471494741685 ], [ -0.215693148307663, 54.023464702572852 ], [ -0.215773900563275, 54.021578218711269 ], [ -0.215316230433676, 54.021571425268519 ], [ -0.215362382253811, 54.020493434453009 ], [ -0.214904724134527, 54.020486639536074 ], [ -0.214997042365415, 54.018330657774705 ], [ -0.214539408075871, 54.018323861651062 ], [ -0.214562491657576, 54.017784866205858 ], [ -0.214104863466446, 54.017778068474634 ], [ -0.21413949628874, 54.016969575403486 ], [ -0.214597115615542, 54.01697637293416 ], [ -0.214666358439361, 54.01535938601674 ], [ -0.214208756839912, 54.015352588887104 ], [ -0.214266468778687, 54.014005099742469 ], [ -0.21380888213931, 54.013998301206051 ], [ -0.213878147966121, 54.012381314176409 ], [ -0.212963010701589, 54.012367712683087 ], [ -0.213020756574194, 54.01102022377944 ], [ -0.212563202993723, 54.01101342075593 ], [ -0.212597857113491, 54.010204927448143 ], [ -0.213055401833299, 54.010211730270953 ], [ -0.213124687257, 54.0085947428799 ], [ -0.212667160257215, 54.008587940458419 ], [ -0.212736456607278, 54.006970952969816 ], [ -0.212278947514472, 54.006964149209089 ], [ -0.212290499198593, 54.006694651312721 ], [ -0.211832993247394, 54.006687845878389 ], [ -0.211902317105112, 54.005070858610623 ], [ -0.211444829058885, 54.00506405183733 ], [ -0.211502608511684, 54.00371656240101 ], [ -0.211045135416408, 54.003709754222022 ], [ -0.211091367389391, 54.002631762691252 ], [ -0.210633906291779, 54.002624953039756 ], [ -0.210691706769687, 54.001277463649167 ], [ -0.210234260620877, 54.001270652592261 ], [ -0.210257385393761, 54.000731656872922 ], [ -0.209799945337472, 54.000724844209792 ], [ -0.209846204423384, 53.999646852872687 ], [ -0.209388776362689, 53.999640038737418 ], [ -0.209423477548022, 53.998831545289995 ], [ -0.20896605853077, 53.998824729615684 ], [ -0.209023904817257, 53.997477240594428 ], [ -0.208566500745487, 53.997470423515232 ], [ -0.208612786177418, 53.996392432316732 ], [ -0.208155394098976, 53.996385613765767 ], [ -0.208178541582747, 53.995846618217385 ], [ -0.207721155595217, 53.995839798060672 ], [ -0.207767460097367, 53.994761807065693 ], [ -0.207310086102048, 53.994754985437417 ], [ -0.207333243119907, 53.994215989990877 ], [ -0.206875875214977, 53.994209166757003 ], [ -0.206933779202448, 53.992861678233297 ], [ -0.206476426238974, 53.992854853595176 ], [ -0.206499592410498, 53.992315858222796 ], [ -0.206042245536788, 53.992309031979303 ], [ -0.206077002225692, 53.991500539018013 ], [ -0.205619664391699, 53.991493711236274 ], [ -0.205666015794474, 53.990415720695538 ], [ -0.205208689949705, 53.990408891442804 ], [ -0.205220280277127, 53.990139393840067 ], [ -0.204762957571521, 53.990132562915065 ], [ -0.204809328787268, 53.989054572633989 ], [ -0.204352018069966, 53.989047740238185 ], [ -0.204363613350194, 53.988778242700413 ], [ -0.203906305771882, 53.98877140863241 ], [ -0.203952696797103, 53.987693418611236 ], [ -0.203495401206174, 53.987686583072666 ], [ -0.203518601481046, 53.987147588113217 ], [ -0.203061311978253, 53.987140750969786 ], [ -0.203119324096136, 53.985793263664398 ], [ -0.202662049528683, 53.985786425117823 ], [ -0.20267365433286, 53.985516927682347 ], [ -0.202216382903946, 53.985510087463858 ], [ -0.202227990467583, 53.985240590081737 ], [ -0.202685258947523, 53.985247430232981 ], [ -0.202696863372679, 53.984977932769723 ], [ -0.202239597841663, 53.984971092685726 ], [ -0.20225120502619, 53.984701595275851 ], [ -0.201793942633601, 53.984694753519982 ], [ -0.201851990456729, 53.983347266598642 ], [ -0.201394742997361, 53.983340423440019 ], [ -0.201417966696662, 53.982801428708854 ], [ -0.200960725324023, 53.982794583945811 ], [ -0.201007182240902, 53.981716594586025 ], [ -0.200549952851541, 53.981709748353197 ], [ -0.200561569554916, 53.981440251045846 ], [ -0.20010434330353, 53.981433403141423 ], [ -0.200150820012799, 53.980355414042435 ], [ -0.199693605743773, 53.980348564668439 ], [ -0.199716848856078, 53.979809570170289 ], [ -0.199259640672836, 53.979802719192158 ], [ -0.199306136411785, 53.978724730298637 ], [ -0.198848940209787, 53.978717877851146 ], [ -0.198883818864223, 53.977909386237279 ], [ -0.198426631695124, 53.977902532253196 ], [ -0.198449889077396, 53.977363537909248 ], [ -0.197992707993297, 53.9773566823213 ], [ -0.19803923226912, 53.976278693736297 ], [ -0.197582063164591, 53.976271836679331 ], [ -0.19761696321923, 53.975463345296937 ], [ -0.197159803146373, 53.975456486703656 ], [ -0.197194710332885, 53.97464799539852 ], [ -0.196737559291288, 53.974641135269017 ], [ -0.196772473608908, 53.973832644041146 ], [ -0.196315331598164, 53.973825782375535 ], [ -0.19633861275352, 53.973286788289059 ], [ -0.195881476826471, 53.973279925019973 ], [ -0.195904763115091, 53.972740931012844 ], [ -0.195447633271574, 53.972734066140355 ], [ -0.195459279077402, 53.972464569183408 ], [ -0.19591640597427, 53.972471433988446 ], [ -0.195928048643368, 53.972201936950164 ], [ -0.195470924693099, 53.9721950722126 ], [ -0.195494215354124, 53.971656078229273 ], [ -0.195037097487027, 53.971649211888398 ], [ -0.195083688313224, 53.970571224024987 ], [ -0.194626582421793, 53.970564356215846 ], [ -0.194638232599217, 53.970294859282767 ], [ -0.194181129844234, 53.970287989802998 ], [ -0.194227740436573, 53.969210002201741 ], [ -0.193770649656337, 53.96920313125392 ], [ -0.193793959703115, 53.968664137504987 ], [ -0.193336875005107, 53.96865726495416 ], [ -0.193371847485888, 53.967848774429157 ], [ -0.192914771815755, 53.967841900342968 ], [ -0.192938091742912, 53.967302906725259 ], [ -0.192481022154585, 53.96729603103622 ], [ -0.192539333369449, 53.965948547086626 ], [ -0.192082278699296, 53.965941669997534 ], [ -0.192128936025958, 53.964863682858009 ], [ -0.19167189332757, 53.964856804301483 ], [ -0.191683560128452, 53.964587307549458 ], [ -0.191226520565721, 53.964580427322723 ], [ -0.191273197645266, 53.963502440446057 ], [ -0.190816170053378, 53.963495558752058 ], [ -0.190839513340197, 53.962956565365573 ], [ -0.190382491828712, 53.962949682069166 ], [ -0.190440861435758, 53.961602198697882 ], [ -0.189983854838676, 53.961595314002061 ], [ -0.190007207236902, 53.961056320691569 ], [ -0.189550206719598, 53.961049434393523 ], [ -0.189585242721048, 53.960240944526461 ], [ -0.189128251227788, 53.960234056693906 ], [ -0.189163294346708, 53.959425566904791 ], [ -0.188706311877081, 53.959418677537833 ], [ -0.188729678891522, 53.958879684410959 ], [ -0.188272702500993, 53.958872793441991 ], [ -0.18831944601788, 53.957794807292238 ], [ -0.187862481594295, 53.957787914856773 ], [ -0.187874169940642, 53.957518418352308 ], [ -0.187417208651751, 53.957511524247209 ], [ -0.187428899751214, 53.957242027796589 ], [ -0.187885858096225, 53.957248921833909 ], [ -0.187909233835122, 53.956709928755416 ], [ -0.187452281377727, 53.956703034853589 ], [ -0.187475662241047, 53.956164041854954 ], [ -0.187018715861866, 53.956157146351373 ], [ -0.187042101849252, 53.95561815343261 ], [ -0.186585161548124, 53.95561125632733 ], [ -0.186631943006835, 53.95453327059397 ], [ -0.186175014670423, 53.954526372022656 ], [ -0.186198410141231, 53.953987379208094 ], [ -0.185741487882351, 53.953980479035216 ], [ -0.185788288305873, 53.952902493510386 ], [ -0.185331378010594, 53.952895591871695 ], [ -0.185366485152433, 53.952087102785427 ], [ -0.184909583877107, 53.952080199613214 ], [ -0.184921288818678, 53.95181070329113 ], [ -0.184464390677258, 53.951803798449752 ], [ -0.184511220304566, 53.950725813293673 ], [ -0.184054334125274, 53.950718906986815 ], [ -0.184066043997134, 53.95044941073084 ], [ -0.183609160951575, 53.950442502754967 ], [ -0.183656010298304, 53.949364517863543 ], [ -0.183199139213955, 53.949357608422339 ], [ -0.183210854015236, 53.949088112232587 ], [ -0.182753986064444, 53.949081201122503 ], [ -0.182800855127115, 53.948003216495884 ], [ -0.182343999136615, 53.947996303920711 ], [ -0.182367438405043, 53.947457311659747 ], [ -0.181910588490029, 53.947450397483721 ], [ -0.18193403287759, 53.946911405302941 ], [ -0.1814771890379, 53.946904489526148 ], [ -0.181524087285333, 53.945826505269338 ], [ -0.181067255404461, 53.945819588027774 ], [ -0.181090709263817, 53.945280595951786 ], [ -0.180633883457748, 53.945273677109604 ], [ -0.180657342435006, 53.944734685113879 ], [ -0.180200522703578, 53.944727764671136 ], [ -0.1802474501275, 53.943649780784575 ], [ -0.179790642353417, 53.943642858877389 ], [ -0.179802376672219, 53.943373362938956 ], [ -0.179345572030949, 53.943366439363359 ], [ -0.179369045976759, 53.942827447580754 ], [ -0.17891224740955, 53.942820522404816 ], [ -0.178970943628557, 53.941473043044816 ], [ -0.178514159958424, 53.941466116472796 ], [ -0.178525901568609, 53.941196620627061 ], [ -0.178069121031004, 53.941189692386807 ], [ -0.178104353534778, 53.940381204970279 ], [ -0.177647582011363, 53.940374275198003 ], [ -0.177671075270683, 53.939835283653501 ], [ -0.177214309820387, 53.939828352281197 ], [ -0.177237808194428, 53.939289360817185 ], [ -0.176781048817089, 53.93928242784493 ], [ -0.176816303762116, 53.938473940748771 ], [ -0.176359553398037, 53.938467006244764 ], [ -0.176383061616927, 53.937928014913936 ], [ -0.175926317325383, 53.937921078810113 ], [ -0.175949830657842, 53.937382087559833 ], [ -0.175493092438674, 53.937375149856273 ], [ -0.175516610884344, 53.936836158686589 ], [ -0.175059878737392, 53.936829219383362 ], [ -0.17510692508695, 53.935751237149475 ], [ -0.174650204892033, 53.935744296383014 ], [ -0.174673732795406, 53.935205305318838 ], [ -0.174217018672185, 53.935198362952868 ], [ -0.174252317907299, 53.934389876456713 ], [ -0.17379561279533, 53.934382932559508 ], [ -0.173830919121873, 53.933574446142572 ], [ -0.173374223020748, 53.933567500714247 ], [ -0.173397765490903, 53.933028509836397 ], [ -0.172941075460791, 53.933021562808783 ], [ -0.172976396544068, 53.932213076592227 ], [ -0.172519715524132, 53.93220612803367 ], [ -0.172543267831241, 53.931667137289459 ], [ -0.172086592881895, 53.931660187131747 ], [ -0.1721219287193, 53.930851701115721 ], [ -0.171665262779462, 53.930844749427258 ], [ -0.171677043946708, 53.930575254128975 ], [ -0.171220381138064, 53.930568300773217 ], [ -0.171255732303608, 53.929759814999684 ], [ -0.17079907850395, 53.929752860113297 ], [ -0.170810864780218, 53.929483364895887 ], [ -0.170354214111633, 53.929476408342296 ], [ -0.170389580603171, 53.928667922811456 ], [ -0.16993293894305, 53.928660964727413 ], [ -0.169944730327626, 53.928391469590942 ], [ -0.169488091798458, 53.92838450983983 ], [ -0.169511679867746, 53.927845519661751 ], [ -0.169055047408047, 53.927838558311969 ], [ -0.169090436884553, 53.927030073145417 ], [ -0.168633813432537, 53.927023110265431 ], [ -0.168645612478232, 53.926753615250405 ], [ -0.168188992156988, 53.926746650703464 ], [ -0.168212595547562, 53.926207660768434 ], [ -0.167299367235573, 53.926193726742305 ], [ -0.167334788506597, 53.925385242145786 ], [ -0.166878183453805, 53.925378272735159 ], [ -0.166889993097038, 53.925108777910211 ], [ -0.166433391174878, 53.925101806832821 ], [ -0.166480639573375, 53.924023827667448 ], [ -0.166024049595457, 53.924016855128791 ], [ -0.166047678514363, 53.923477865599352 ], [ -0.165591094604629, 53.923470891462578 ], [ -0.16561472862813, 53.922931902014369 ], [ -0.165158150786419, 53.922924926279492 ], [ -0.165181789914157, 53.922385936912498 ], [ -0.16472521814031, 53.922378959579639 ], [ -0.164748862371928, 53.921839970293881 ], [ -0.164292296665783, 53.921832991363068 ], [ -0.16432777037924, 53.921024507535456 ], [ -0.163871213677915, 53.921017527075335 ], [ -0.163883040800629, 53.920748032506772 ], [ -0.163426487229408, 53.920741050380272 ], [ -0.163461976251709, 53.919932566796632 ], [ -0.163005431684786, 53.91992558314098 ], [ -0.163029095942443, 53.91938659415262 ], [ -0.162572557442482, 53.91937960889932 ], [ -0.162619895389874, 53.918301631029507 ], [ -0.162163368830326, 53.918294644315864 ], [ -0.162187042519547, 53.917755655434462 ], [ -0.161730522026439, 53.917748667123305 ], [ -0.161766039922397, 53.91694018390244 ], [ -0.161309528432103, 53.916933194062494 ], [ -0.161333211937057, 53.916394205316067 ], [ -0.160876706512784, 53.916387213878785 ], [ -0.160935926577562, 53.915039742111752 ], [ -0.160479436027865, 53.91503274928322 ], [ -0.160562356559632, 53.913146288703665 ], [ -0.160105886755077, 53.913139294621466 ], [ -0.160117734708548, 53.91286980026581 ], [ -0.159661268032979, 53.912862804517836 ], [ -0.159720519580979, 53.911515332873577 ], [ -0.159264067776906, 53.911508335734823 ], [ -0.159275920442374, 53.911238841432791 ], [ -0.158819471767062, 53.911231842628439 ], [ -0.158855037410204, 53.910423359844742 ], [ -0.158398597734408, 53.910416359512318 ], [ -0.15841045549752, 53.910146865291921 ], [ -0.157954018950365, 53.910139863293985 ], [ -0.158001459810295, 53.90906188654774 ], [ -0.157545035197247, 53.909054883090704 ], [ -0.157592484703364, 53.907976906396073 ], [ -0.157136072023673, 53.90796990148003 ], [ -0.15715980148605, 53.907430913186495 ], [ -0.156703394869476, 53.907423906673976 ], [ -0.156774596222289, 53.9058069418709 ], [ -0.156318207407058, 53.905799934037248 ], [ -0.156341945512563, 53.905260945795433 ], [ -0.15588556275973, 53.905253936365462 ], [ -0.155909305959971, 53.904714948205431 ], [ -0.156822059921708, 53.90472896505608 ], [ -0.156928841929791, 53.902303516405354 ], [ -0.156472491259034, 53.902296509466339 ], [ -0.156508090581835, 53.901488026537713 ], [ -0.156051748905935, 53.901481018071422 ], [ -0.156063617893705, 53.901211523802772 ], [ -0.15560727934499, 53.901204513671608 ], [ -0.155642893948287, 53.900396030988297 ], [ -0.155186564393909, 53.900389019330042 ], [ -0.155198438474822, 53.900119525143197 ], [ -0.154742112047507, 53.900112511820154 ], [ -0.154765865495538, 53.899573523542252 ], [ -0.154309545128686, 53.899566508623387 ], [ -0.154321424495665, 53.89929701453238 ], [ -0.153865107255806, 53.899289997948841 ], [ -0.153888871275419, 53.89875100986265 ], [ -0.1534325600958, 53.898743991683396 ], [ -0.153456329207069, 53.898205003679152 ], [ -0.15300002408753, 53.89819798390424 ], [ -0.153023798290099, 53.897658995981928 ], [ -0.152567499230479, 53.897651974611435 ], [ -0.15259127852399, 53.897112986771113 ], [ -0.152134985524129, 53.897105963805082 ], [ -0.152158769908228, 53.896566976046785 ], [ -0.151702482967967, 53.896559951485315 ], [ -0.15171437780207, 53.896290457654153 ], [ -0.151258093988491, 53.896283431428294 ], [ -0.151293786125677, 53.895474950057945 ], [ -0.150837511304132, 53.895467922305762 ], [ -0.150861310957855, 53.894928934793619 ], [ -0.150405042195428, 53.894921905446196 ], [ -0.150428846938313, 53.894382918016177 ], [ -0.149972584234843, 53.894375887073537 ], [ -0.149996394066535, 53.89383689972567 ], [ -0.149540137421864, 53.893829867187897 ], [ -0.149563952342005, 53.893290879922198 ], [ -0.149107701755971, 53.893283845789369 ], [ -0.149119611857145, 53.893014352204631 ], [ -0.148663364397432, 53.893007316407704 ], [ -0.148687189881712, 53.892468329334406 ], [ -0.148230948480416, 53.892461291942553 ], [ -0.148254779052156, 53.891922304951514 ], [ -0.147798543709116, 53.891915265964769 ], [ -0.147810461635656, 53.891645772517364 ], [ -0.147354229418807, 53.891638731866713 ], [ -0.14738999082861, 53.890830251647984 ], [ -0.146933767601603, 53.890823209471719 ], [ -0.146945690614752, 53.890553716106638 ], [ -0.146489470513815, 53.89054667226651 ], [ -0.146513321820543, 53.890007685632725 ], [ -0.146057107777321, 53.890000640197961 ], [ -0.146069036070763, 53.889731146929265 ], [ -0.145612825153542, 53.889724099830765 ], [ -0.145636687020304, 53.88918511338975 ], [ -0.145180482160578, 53.889178064696736 ], [ -0.14519241573376, 53.88890857152446 ], [ -0.145648617662032, 53.888915620148268 ], [ -0.14566054810933, 53.888646126892787 ], [ -0.144748150310074, 53.888632028050715 ], [ -0.14476008642566, 53.888362534919672 ], [ -0.145216282296697, 53.888369585137909 ], [ -0.145228215286459, 53.88810009192364 ], [ -0.144315829601513, 53.888085989892787 ], [ -0.144339706722582, 53.887547003699211 ], [ -0.143883520034379, 53.887539950223044 ], [ -0.14389546123424, 53.887270457174523 ], [ -0.143439277671788, 53.887263402034847 ], [ -0.143463165349889, 53.88672441603434 ], [ -0.14300698784423, 53.886717359300469 ], [ -0.143030880605755, 53.886178373382528 ], [ -0.142574709156729, 53.886171315054533 ], [ -0.142586658176384, 53.885901822143872 ], [ -0.14213048985298, 53.885894762152489 ], [ -0.142154393169801, 53.88535577642778 ], [ -0.141698230902809, 53.885348714842394 ], [ -0.141722139302065, 53.884809729200349 ], [ -0.140809827075428, 53.884795601109062 ], [ -0.140833746418014, 53.884256615688464 ], [ -0.140377596458248, 53.884249549182655 ], [ -0.140389558767765, 53.883980056520734 ], [ -0.139933411933474, 53.883972988351744 ], [ -0.139957341828683, 53.883434003124691 ], [ -0.139501201050303, 53.883426933361974 ], [ -0.139513168635857, 53.883157440796843 ], [ -0.139057030982881, 53.883150369371045 ], [ -0.139080971429616, 53.882611384337622 ], [ -0.13862483983233, 53.882604311318225 ], [ -0.138636812693372, 53.882334818849927 ], [ -0.138180684221421, 53.882327744167519 ], [ -0.138204635218579, 53.881788759327854 ], [ -0.137748512802098, 53.881781683051948 ], [ -0.13777246887888, 53.881242698295189 ], [ -0.137316352517709, 53.881235620425848 ], [ -0.137328333193341, 53.880966128095942 ], [ -0.136872219957375, 53.880959048563753 ], [ -0.136896186582846, 53.880420064000937 ], [ -0.13644007940197, 53.88041298287542 ], [ -0.136452065351671, 53.88014349064251 ], [ -0.135995961295932, 53.880136407854209 ], [ -0.13601993846899, 53.87959742348545 ], [ -0.135107742662628, 53.87958325299018 ], [ -0.135143724535081, 53.878774776749275 ], [ -0.134687635713924, 53.878767689112003 ], [ -0.134699632210113, 53.878498197073256 ], [ -0.134243546513954, 53.878491107773385 ], [ -0.134267544778887, 53.877952123793037 ], [ -0.13335538569097, 53.877937940275174 ], [ -0.133379394891362, 53.877398956517261 ], [ -0.132923321499482, 53.877391862299412 ], [ -0.132947335776057, 53.876852878624696 ], [ -0.133403403309416, 53.876859972703272 ], [ -0.133415407225076, 53.876590480775249 ], [ -0.132959342620907, 53.876583386766328 ], [ -0.13304338505776, 53.874696943365116 ], [ -0.132587341152171, 53.874689848111743 ], [ -0.13261135737418, 53.874150864295949 ], [ -0.132155319521779, 53.874143767449979 ], [ -0.132179340818637, 53.873604783717447 ], [ -0.131723309019265, 53.873597685278931 ], [ -0.131747335390616, 53.873058701629681 ], [ -0.131291309644113, 53.873051601598696 ], [ -0.1313153410896, 53.872512618032765 ], [ -0.130859321395805, 53.872505516409383 ], [ -0.130871339753334, 53.872236024675097 ], [ -0.130415323183734, 53.872228921389627 ], [ -0.130439365168092, 53.871689938018442 ], [ -0.129983354650979, 53.871682833140682 ], [ -0.129995378277668, 53.871413341503803 ], [ -0.129539370884681, 53.871406234964056 ], [ -0.129563423406807, 53.87086725178775 ], [ -0.129107422066088, 53.870860143655818 ], [ -0.129131479660733, 53.870321160562966 ], [ -0.128675484372119, 53.870314050838935 ], [ -0.128699547038927, 53.869775067829558 ], [ -0.12824355780226, 53.869767956513499 ], [ -0.128255591769584, 53.869498465057553 ], [ -0.127799605656852, 53.869491352079677 ], [ -0.127823678859066, 53.868952369265408 ], [ -0.127367698798059, 53.868945254695618 ], [ -0.127391777071449, 53.868406271964879 ], [ -0.126479829248727, 53.868392037910027 ], [ -0.126503918448187, 53.86785305540262 ], [ -0.126047950686349, 53.867845935917678 ], [ -0.126072044956075, 53.867306953493916 ], [ -0.125616083245523, 53.867299832417274 ], [ -0.125640182585161, 53.866760850077213 ], [ -0.125184226925733, 53.86675372740892 ], [ -0.125196279228489, 53.866484236287747 ], [ -0.124740326692728, 53.866477111957977 ], [ -0.124764436563841, 53.865938129813379 ], [ -0.124308490078985, 53.865931003892115 ], [ -0.124320547647204, 53.865661512868712 ], [ -0.123864604285945, 53.865654385286042 ], [ -0.123888724687433, 53.86511540333705 ], [ -0.123432787376859, 53.865108274162971 ], [ -0.12344485020999, 53.864838783237417 ], [ -0.122988916022944, 53.864831652402003 ], [ -0.12300098158659, 53.864562161532398 ], [ -0.122545050523063, 53.864555029035706 ], [ -0.122569186914621, 53.864016047394394 ], [ -0.122113261901498, 53.864008913306478 ], [ -0.122137403360441, 53.863469931749052 ], [ -0.121681484397559, 53.863462796069982 ], [ -0.121705630923532, 53.862923814596485 ], [ -0.120793805294624, 53.862909538324971 ], [ -0.120842119399472, 53.86183157576999 ], [ -0.119930317970011, 53.861817293134564 ], [ -0.119954485547777, 53.861278312053201 ], [ -0.119042696611221, 53.861264022773881 ], [ -0.119066875107027, 53.860725041916851 ], [ -0.118610986786695, 53.860717894820901 ], [ -0.118623078665495, 53.860448404441456 ], [ -0.118167193468339, 53.860441255684641 ], [ -0.118191382487461, 53.859902275023963 ], [ -0.117735503339602, 53.859895124676484 ], [ -0.117747600479785, 53.859625634395279 ], [ -0.117291724455032, 53.859618482387035 ], [ -0.117315923996371, 53.859079501922814 ], [ -0.116860054020697, 53.859072348324069 ], [ -0.116872156421713, 53.85880285814109 ], [ -0.116416289569075, 53.858795702881643 ], [ -0.116440499631531, 53.858256722614001 ], [ -0.115984638827751, 53.858249565764154 ], [ -0.115996746489052, 53.857980075679521 ], [ -0.115540888808239, 53.85797291716905 ], [ -0.115552999198089, 53.857703427140606 ], [ -0.115097144640233, 53.857696266969583 ], [ -0.115109257758538, 53.857426776997372 ], [ -0.114653406323632, 53.857419615165796 ], [ -0.114677637819648, 53.85688063531979 ], [ -0.114221792433258, 53.856873471898034 ], [ -0.114246028991054, 53.856334492136412 ], [ -0.11379018965302, 53.856327327124532 ], [ -0.113802310561326, 53.856057837292951 ], [ -0.113346474346112, 53.856050670620661 ], [ -0.113358597982404, 53.855781180845391 ], [ -0.112902764890001, 53.85577401251274 ], [ -0.112914891254186, 53.85550452279373 ], [ -0.112459061284585, 53.855497352800768 ], [ -0.11248331927103, 53.854958373461365 ], [ -0.112027495349443, 53.854951201878464 ], [ -0.112039626971565, 53.854681712258063 ], [ -0.111583806172711, 53.854674539014937 ], [ -0.111608074674481, 53.854135559872724 ], [ -0.111152259923421, 53.854128385039807 ], [ -0.111164396802931, 53.853858895518051 ], [ -0.110708585174535, 53.853851719024973 ], [ -0.110732864190531, 53.853312740080106 ], [ -0.109821253226613, 53.853298382184065 ], [ -0.109845543151275, 53.852759403464773 ], [ -0.109389743815632, 53.852752222061909 ], [ -0.10940189140608, 53.852482732751653 ], [ -0.108946095193013, 53.852475549688776 ], [ -0.108958245510368, 53.852206060434945 ], [ -0.10850245241987, 53.852198875712105 ], [ -0.108514605464036, 53.851929386514726 ], [ -0.108058815496098, 53.851922200131952 ], [ -0.108095282214936, 53.851113732666974 ], [ -0.107639501218621, 53.851106544765415 ], [ -0.107651659320167, 53.850837055652818 ], [ -0.10719588144629, 53.850829866091395 ], [ -0.107220202904245, 53.850290887965144 ], [ -0.106764431077159, 53.850283696814522 ], [ -0.106788757591647, 53.849744718773117 ], [ -0.105421460844623, 53.849723135362815 ], [ -0.105445804112026, 53.849184157688796 ], [ -0.104990044774364, 53.849176959899353 ], [ -0.105014393097194, 53.848637982310322 ], [ -0.104558639805919, 53.848630782931941 ], [ -0.104570816594003, 53.848361294186958 ], [ -0.104115066425003, 53.848354093149013 ], [ -0.104139425254239, 53.847815115758152 ], [ -0.103683681131406, 53.847807913131376 ], [ -0.103695863172419, 53.847538424485521 ], [ -0.10324012217179, 53.847531220199286 ], [ -0.103264491506336, 53.846992243006738 ], [ -0.102808756551655, 53.846985037131766 ], [ -0.102820943845048, 53.846715548585095 ], [ -0.102365212012502, 53.846708341050743 ], [ -0.102377402031117, 53.846438852560738 ], [ -0.101921673320696, 53.846431643367026 ], [ -0.101933866064438, 53.846162154933666 ], [ -0.101478140476136, 53.846154944080645 ], [ -0.101502531215124, 53.845615967313222 ], [ -0.101046811672427, 53.845608754871705 ], [ -0.101059009667534, 53.845339266537643 ], [ -0.100603293246885, 53.845332052436895 ], [ -0.100627694488055, 53.844793075868132 ], [ -0.099716273936212, 53.844778642759856 ], [ -0.099740686075921, 53.844239666418034 ], [ -0.099284981944606, 53.844232447410647 ], [ -0.099309399135759, 53.843693471154154 ], [ -0.098853701049547, 53.843686250558527 ], [ -0.098865912270073, 53.843416762480011 ], [ -0.098410217305762, 53.84340954022538 ], [ -0.098422431250524, 53.843140052203651 ], [ -0.097966739408107, 53.843132828290017 ], [ -0.097978956077011, 53.842863340325096 ], [ -0.097523267356476, 53.842856114752493 ], [ -0.097547705943444, 53.842317138922184 ], [ -0.097092023267671, 53.842309911761589 ], [ -0.097104245185596, 53.842040423896222 ], [ -0.096648565631638, 53.842033195076745 ], [ -0.0966730147161, 53.841494219445622 ], [ -0.096217341206682, 53.841486989038266 ], [ -0.09622956837308, 53.841217501272517 ], [ -0.095773897985407, 53.841210269206378 ], [ -0.095798357566266, 53.840671293774541 ], [ -0.094887029078704, 53.840656824737025 ], [ -0.09491149955323, 53.840117849532753 ], [ -0.094455841453221, 53.840110612561489 ], [ -0.094480316975844, 53.83957163744288 ], [ -0.094024664919873, 53.839564398884001 ], [ -0.094049145490238, 53.839025423851091 ], [ -0.093137853665362, 53.839010941828661 ], [ -0.09316234512753, 53.838471967023565 ], [ -0.092251065788869, 53.83845747836714 ], [ -0.092275568142079, 53.837918503789986 ], [ -0.091819934616083, 53.837911257009651 ], [ -0.091844442015577, 53.837372282518331 ], [ -0.091388814533057, 53.837365034150736 ], [ -0.091413326978483, 53.836826059745242 ], [ -0.09095770553928, 53.836818809790429 ], [ -0.090969964384557, 53.836549322637687 ], [ -0.090514346066735, 53.836542071024617 ], [ -0.090526607634237, 53.836272583928903 ], [ -0.090070992437787, 53.836265330657547 ], [ -0.09008325672742, 53.835995843618925 ], [ -0.089627644652332, 53.835988588689375 ], [ -0.089639911664001, 53.835719101707824 ], [ -0.089184302710267, 53.835711845120073 ], [ -0.089208841977763, 53.835172871257051 ], [ -0.088297636355892, 53.835158353178365 ], [ -0.088322186510494, 53.834619379543838 ], [ -0.087866589842235, 53.834612118052981 ], [ -0.087891145040406, 53.834073144504515 ], [ -0.087435554414781, 53.834065881426902 ], [ -0.087447834635416, 53.833796394702773 ], [ -0.086992247130998, 53.83378912996718 ], [ -0.087004530073013, 53.833519643300207 ], [ -0.086548945689792, 53.833512376906683 ], [ -0.08657351681642, 53.83297340367303 ], [ -0.086117938475551, 53.832966135692892 ], [ -0.086130226660025, 53.832696649126198 ], [ -0.085674651440285, 53.832689379488215 ], [ -0.085699233051281, 53.832150406455156 ], [ -0.085243663873672, 53.83214313523068 ], [ -0.085255957300057, 53.831873648764343 ], [ -0.084800391243508, 53.831866375882079 ], [ -0.084824983337778, 53.831327403049762 ], [ -0.084369423323139, 53.831320128581147 ], [ -0.084394020458459, 53.830781155835098 ], [ -0.083938466485573, 53.83077387978021 ], [ -0.083950767673688, 53.830504393457396 ], [ -0.08349521682173, 53.830497115744848 ], [ -0.0835198244386, 53.829958143199697 ], [ -0.082608735018046, 53.829943582873241 ], [ -0.082633353516052, 53.82940461055734 ], [ -0.082177814947335, 53.829397327943539 ], [ -0.082202438484858, 53.828858355714061 ], [ -0.08174690595739, 53.828851071514244 ], [ -0.081771534534074, 53.82831209937121 ], [ -0.081316008047697, 53.828304813585454 ], [ -0.081328324955672, 53.828035327564244 ], [ -0.080417278424864, 53.828020750949065 ], [ -0.080429600972795, 53.827751265056754 ], [ -0.079974080928399, 53.827743974227396 ], [ -0.079986406195933, 53.827474488392482 ], [ -0.080441923320176, 53.827481779150318 ], [ -0.080454245467011, 53.827212293229742 ], [ -0.079998731262874, 53.827205002543465 ], [ -0.080011056129227, 53.826935516680301 ], [ -0.079555545045731, 53.826928224336761 ], [ -0.079567872631506, 53.826658738531016 ], [ -0.079112364668644, 53.826651444530249 ], [ -0.079137025078177, 53.826112473019514 ], [ -0.078681523155843, 53.826105177433121 ], [ -0.078706188602376, 53.825566206009015 ], [ -0.077795197039191, 53.825551609936468 ], [ -0.077819873361827, 53.825012638742258 ], [ -0.077364383720857, 53.82500533825619 ], [ -0.077389065079586, 53.824466367148716 ], [ -0.076933581478702, 53.824459065077257 ], [ -0.076958267873173, 53.82392009405654 ], [ -0.076047312952173, 53.823905485014407 ], [ -0.076072010220884, 53.823366514223814 ], [ -0.075616538900647, 53.823359207253219 ], [ -0.075628890152919, 53.823089721908424 ], [ -0.075173421953029, 53.823082413280979 ], [ -0.075198129693136, 53.822543442692357 ], [ -0.07474266753283, 53.822536132479811 ], [ -0.074755024020528, 53.822266647236034 ], [ -0.074299564980498, 53.822259335366738 ], [ -0.074311924186264, 53.821989850180536 ], [ -0.073856468266504, 53.821982536654509 ], [ -0.073881191912819, 53.821443566383223 ], [ -0.073425742032362, 53.82143625127226 ], [ -0.073450470711982, 53.820897281087916 ], [ -0.0725395832306, 53.82088264596787 ], [ -0.072551953106399, 53.820613160998079 ], [ -0.07209651258651, 53.820605840917274 ], [ -0.072108885179861, 53.820336356005171 ], [ -0.071653447780146, 53.820329034267807 ], [ -0.071678198200386, 53.819790064544826 ], [ -0.071222766839572, 53.819782741222795 ], [ -0.071235144666323, 53.819513256411931 ], [ -0.070779716425611, 53.819505931433447 ], [ -0.070804477312105, 53.818966961913013 ], [ -0.070349055110074, 53.818959635350012 ], [ -0.070361438169679, 53.81869015064045 ], [ -0.069906019087681, 53.81868282242106 ], [ -0.069930790439335, 53.81814385310328 ], [ -0.069475377395796, 53.818136523299458 ], [ -0.069500153778043, 53.817597554068918 ], [ -0.068589339969185, 53.817582889564378 ], [ -0.068614127218192, 53.817043920564963 ], [ -0.06815872645275, 53.817036585864336 ], [ -0.068171122692949, 53.816767101415365 ], [ -0.067715725047393, 53.816759765058578 ], [ -0.067728124004023, 53.816490280667409 ], [ -0.067272729478343, 53.816482942654496 ], [ -0.06729753262249, 53.815943973973702 ], [ -0.066842144134707, 53.815936634376669 ], [ -0.066866952307639, 53.815397665783273 ], [ -0.065956187609416, 53.815382981693162 ], [ -0.065993415862162, 53.814574529129054 ], [ -0.06553804256938, 53.814567184708089 ], [ -0.065550454500882, 53.814297700563785 ], [ -0.065095084327776, 53.814290354486928 ], [ -0.06511991342026, 53.813751386299998 ], [ -0.06466454928445, 53.813744038639328 ], [ -0.064676966445294, 53.813474554596702 ], [ -0.064221605429092, 53.813467205280205 ], [ -0.064234025305436, 53.813197721295545 ], [ -0.063778667408833, 53.813190370323248 ], [ -0.063791090000584, 53.812920886396526 ], [ -0.06333573522357, 53.81291353376848 ], [ -0.063360585635541, 53.812374566016786 ], [ -0.062905236895482, 53.812367211805167 ], [ -0.062917664715563, 53.812097727980216 ], [ -0.062462319095024, 53.812090372112948 ], [ -0.062487179963108, 53.811551404564881 ], [ -0.062031840379301, 53.81154404711414 ], [ -0.062056706272757, 53.811005079653754 ], [ -0.061601372725524, 53.810997720619618 ], [ -0.061613808285917, 53.810728236940371 ], [ -0.061158477858074, 53.810720876250684 ], [ -0.061183354205922, 53.810181908994132 ], [ -0.060728029814432, 53.810174546721171 ], [ -0.060740470601749, 53.809905063143866 ], [ -0.06028514932958, 53.809897699215433 ], [ -0.060310036130728, 53.809358732162806 ], [ -0.059399405861137, 53.809343999412022 ], [ -0.059411854791599, 53.809074516008963 ], [ -0.058956542877338, 53.809067147114391 ], [ -0.058981445964082, 53.80852818041037 ], [ -0.058526140085771, 53.808520809932801 ], [ -0.058551048195452, 53.807981843316654 ], [ -0.058095748352932, 53.807974471256124 ], [ -0.058108205020387, 53.807704987999131 ], [ -0.057652908297029, 53.807697614283406 ], [ -0.057665367678306, 53.807428131084549 ], [ -0.057210074074104, 53.807420755713643 ], [ -0.057222536169109, 53.80715127257298 ], [ -0.056767245684053, 53.807143895546936 ], [ -0.056804639501653, 53.806335446256945 ], [ -0.055894076637777, 53.806320687456711 ], [ -0.055919016500446, 53.805781721482063 ], [ -0.055463741205142, 53.805774339635626 ], [ -0.05548868608859, 53.805235373749063 ], [ -0.055033416828354, 53.805227990320084 ], [ -0.055045891881757, 53.804958507427969 ], [ -0.054590625740467, 53.80495112234405 ], [ -0.054615581070361, 53.804412156662167 ], [ -0.054160320963918, 53.804404769995827 ], [ -0.054172801240272, 53.804135287206051 ], [ -0.053717544252705, 53.804127898884886 ], [ -0.053730027241857, 53.803858416153425 ], [ -0.053274773373158, 53.803851026177448 ], [ -0.053287259075014, 53.803581543504279 ], [ -0.052832008325173, 53.803574151873541 ], [ -0.052844496739639, 53.803304669258694 ], [ -0.052389249108647, 53.803297275973215 ], [ -0.052414231159423, 53.802758310846031 ], [ -0.051958989562877, 53.802750915978386 ], [ -0.051983976631999, 53.802211950939522 ], [ -0.051073505710742, 53.802197156312886 ], [ -0.05111100228275, 53.801388709083554 ], [ -0.050655775873272, 53.80138130939725 ], [ -0.05066827723931, 53.801111827031676 ], [ -0.050213053948482, 53.801104425690838 ], [ -0.050238061900997, 53.80056546106232 ], [ -0.049327627590456, 53.8005506534899 ], [ -0.049352646389969, 53.800011689095101 ], [ -0.048897435370135, 53.800004282863597 ], [ -0.048922459185838, 53.799465318557317 ], [ -0.048467254199568, 53.799457910744138 ], [ -0.04849228303111, 53.798918946526399 ], [ -0.048037084078243, 53.798911537131559 ], [ -0.048062117925272, 53.798372573002418 ], [ -0.047151732289652, 53.798357749322733 ], [ -0.047176776981271, 53.797818785427587 ], [ -0.046721590298397, 53.797811371142849 ], [ -0.046746640004601, 53.797272407336344 ], [ -0.046291459354689, 53.797264991470193 ], [ -0.046303986816784, 53.796995509618398 ], [ -0.045848809285173, 53.796988092098125 ], [ -0.045861339458018, 53.796718610304893 ], [ -0.0454061650447, 53.796711191130584 ], [ -0.045431230607871, 53.796172227647041 ], [ -0.044520894050473, 53.796157384409234 ], [ -0.044558508352318, 53.795348939514135 ], [ -0.043648190096367, 53.795334089806225 ], [ -0.043673276934725, 53.794795126763113 ], [ -0.043218123941067, 53.794787699464777 ], [ -0.043243215791581, 53.794248736510553 ], [ -0.042788068830101, 53.794241307631275 ], [ -0.042800617363299, 53.79397182620572 ], [ -0.042345473519896, 53.793964395672674 ], [ -0.042370575801903, 53.793425432924721 ], [ -0.041915437990457, 53.793418000810824 ], [ -0.041940545283643, 53.79287903815181 ], [ -0.041485413503996, 53.792871604457183 ], [ -0.041497969758101, 53.792602123179279 ], [ -0.040587712638938, 53.79258725075622 ], [ -0.040612836189235, 53.792048288449507 ], [ -0.040157713763392, 53.792040849794091 ], [ -0.040182842323691, 53.791501887576452 ], [ -0.039727725929304, 53.79149444734049 ], [ -0.03974029281646, 53.791224966283316 ], [ -0.039285179539931, 53.791217524393893 ], [ -0.039297749136163, 53.79094804339551 ], [ -0.038842638977481, 53.790940599852654 ], [ -0.038867783383458, 53.790401637959235 ], [ -0.037957575332936, 53.790386745986368 ], [ -0.037982730574186, 53.789847784328195 ], [ -0.037527632682225, 53.789840335898297 ], [ -0.037540212909237, 53.789570855120928 ], [ -0.037085118135035, 53.78956340503774 ], [ -0.037097701070607, 53.789293924319225 ], [ -0.036642609414158, 53.789286472582795 ], [ -0.036667780497572, 53.788747511249291 ], [ -0.036212694871895, 53.788740057932756 ], [ -0.036225283019601, 53.788470577317767 ], [ -0.035770200511604, 53.788463122348048 ], [ -0.035782791367544, 53.788193641791956 ], [ -0.035327711977221, 53.78818618516911 ], [ -0.035365492055109, 53.787377743634913 ], [ -0.034910421608058, 53.787370285505276 ], [ -0.034923017470532, 53.78710080503857 ], [ -0.034467950141031, 53.787093345255904 ], [ -0.03448054871137, 53.786823864848145 ], [ -0.034025484499411, 53.786816403412487 ], [ -0.034050686850726, 53.786277442700644 ], [ -0.033595628668877, 53.786269979685223 ], [ -0.033608232449716, 53.786000499381132 ], [ -0.03315317738534, 53.785993034712824 ], [ -0.033165783873716, 53.785723554467737 ], [ -0.032710731926803, 53.785716088146543 ], [ -0.032735950113417, 53.785177127760136 ], [ -0.032280904196332, 53.785169659859328 ], [ -0.032293515894432, 53.784900179718022 ], [ -0.031838473094741, 53.784892710164435 ], [ -0.031863701700256, 53.784353749985655 ], [ -0.031408664930175, 53.784346278852581 ], [ -0.031421281837453, 53.784076798815107 ], [ -0.030966248184694, 53.784069326029346 ], [ -0.030978867798952, 53.783799846050925 ], [ -0.030523837263508, 53.783792371612499 ], [ -0.030549081700563, 53.783253411759574 ], [ -0.030094057194447, 53.783245935741824 ], [ -0.030106682017106, 53.782976455867335 ], [ -0.029651660628235, 53.782968978197012 ], [ -0.029676915481549, 53.782430018551977 ], [ -0.029221900121785, 53.782422539302438 ], [ -0.029234530152302, 53.782153059531929 ], [ -0.028779517909712, 53.782145578629915 ], [ -0.028792150646651, 53.781876098918538 ], [ -0.028337141521229, 53.781868616364022 ], [ -0.028349776964494, 53.781599136711776 ], [ -0.027894770956228, 53.781591652504879 ], [ -0.027920047049745, 53.78105269330446 ], [ -0.027465047070245, 53.781045207518574 ], [ -0.027477687720359, 53.780775727970415 ], [ -0.027022690857946, 53.78076824053219 ], [ -0.027035334214061, 53.780498761043219 ], [ -0.026580340468727, 53.780491271952684 ], [ -0.026605632387167, 53.779952313078923 ], [ -0.026150644670316, 53.779944822409561 ], [ -0.026163293232504, 53.779675343024792 ], [ -0.025708308632662, 53.779667850703213 ], [ -0.025733610962704, 53.779128892037839 ], [ -0.025278632391125, 53.779121398137562 ], [ -0.025291286158841, 53.778851918857015 ], [ -0.024836310704201, 53.778844423304598 ], [ -0.02484896717736, 53.77857494408331 ], [ -0.02439399483965, 53.778567446878803 ], [ -0.024406654018158, 53.778297967716789 ], [ -0.023951684797368, 53.778290468860199 ], [ -0.023977008359042, 53.777751510640506 ], [ -0.023067082179199, 53.777736508044818 ], [ -0.023092416561236, 53.777197550062368 ], [ -0.02263745960206, 53.777190046323376 ], [ -0.022650129395039, 53.776920567384366 ], [ -0.022195175552697, 53.776913061993461 ], [ -0.022207848050509, 53.776643583113803 ], [ -0.02175289732499, 53.776636076071028 ], [ -0.021778247524033, 53.776097118416168 ], [ -0.020868358334134, 53.776082099448736 ], [ -0.020893719351481, 53.775543142031445 ], [ -0.02043878088698, 53.775535630106894 ], [ -0.020451463996994, 53.775266151450523 ], [ -0.019541593507693, 53.775251122572591 ], [ -0.019566970751079, 53.774712165511843 ], [ -0.019112041636757, 53.774704648632195 ], [ -0.019124732859444, 53.774435170154163 ], [ -0.018669806861832, 53.774427651622936 ], [ -0.018682500788553, 53.774158173204334 ], [ -0.018227577907641, 53.774150653021515 ], [ -0.018240274538303, 53.773881174662414 ], [ -0.017785354774081, 53.77387365282803 ], [ -0.017798054108589, 53.773604174528444 ], [ -0.017343137461049, 53.773596651042553 ], [ -0.017368541331087, 53.773057694548122 ], [ -0.016458720296155, 53.773042642695714 ], [ -0.016471427741635, 53.772773164574687 ], [ -0.016016520444086, 53.772765636134459 ], [ -0.016041940535373, 53.772226679997296 ], [ -0.015587039264454, 53.772219149979527 ], [ -0.015599751910123, 53.771949671963384 ], [ -0.015144853755788, 53.771942140294279 ], [ -0.015157569104695, 53.771672662337721 ], [ -0.014702674066935, 53.771665129017315 ], [ -0.014728109964301, 53.771126173209154 ], [ -0.013818332148254, 53.771111101688497 ], [ -0.013856501901956, 53.77030266831261 ], [ -0.013401622033178, 53.770295130186362 ], [ -0.01341434778037, 53.770025652439784 ], [ -0.012959471028028, 53.770018112662413 ], [ -0.012972199477898, 53.7697486349755 ], [ -0.012517325841984, 53.769741093547033 ], [ -0.01254278793996, 53.769202138278274 ], [ -0.012087920329891, 53.769194595272708 ], [ -0.012113387418849, 53.768655640094806 ], [ -0.011658525834466, 53.768648095512212 ], [ -0.011671261977768, 53.768378617975841 ], [ -0.011216403509681, 53.768371071742308 ], [ -0.011241880993662, 53.767832116774684 ], [ -0.010787028551041, 53.767824568964244 ], [ -0.010799769891583, 53.767555091533048 ], [ -0.010344920565189, 53.767547542071725 ], [ -0.010357664607715, 53.767278064700292 ], [ -0.009902818397538, 53.767270513588137 ], [ -0.009941058009255, 53.7664620816102 ], [ -0.009486220733191, 53.766454528995382 ], [ -0.009498969764964, 53.766185051714899 ], [ -0.009044135604996, 53.766177497449348 ], [ -0.009056887338385, 53.765908020228665 ], [ -0.008602056294504, 53.765900464312395 ], [ -0.008627564957029, 53.765361509976366 ], [ -0.008172739937952, 53.765353952483558 ], [ -0.00818549686695, 53.765084475368219 ], [ -0.007730674963889, 53.765076916224793 ], [ -0.007743434594179, 53.764807439169296 ], [ -0.007288615807126, 53.764799878375285 ], [ -0.007314140262675, 53.764260924369701 ], [ -0.00640451494508, 53.764245797904231 ], [ -0.006430050204764, 53.763706844138163 ], [ -0.005975243674099, 53.763699278466788 ], [ -0.005988013901059, 53.763429801636505 ], [ -0.005533210486314, 53.763422234314731 ], [ -0.005545983414049, 53.76315275754434 ], [ -0.005091183115216, 53.763145188572175 ], [ -0.00511673416442, 53.762606235136992 ], [ -0.004661939889706, 53.762598664588673 ], [ -0.004674718011038, 53.762329187923875 ], [ -0.004219926852165, 53.76232161572527 ], [ -0.004232707673947, 53.762052139120442 ], [ -0.003777919630905, 53.762044565271552 ], [ -0.003803486467429, 53.761505612167511 ], [ -0.002893922636819, 53.761490459593361 ], [ -0.002919500274117, 53.760951506729292 ], [ -0.002464724486427, 53.760943928004117 ], [ -0.002477515901187, 53.760674451624951 ], [ -0.00202274322924, 53.760666871249661 ], [ -0.002035537343937, 53.760397394930536 ], [ -0.001580767787725, 53.760389812905153 ], [ -0.001593564602264, 53.760120336646061 ], [ -0.001138798161777, 53.760112752970642 ], [ -0.001164396982344, 53.759573800558272 ], [ -0.000709636565232, 53.759566215307217 ], [ -0.000735240368972, 53.7590272629864 ], [ -0.000280485975076, 53.75901967615976 ], [ -0.000293290472398, 53.758750200052297 ], [ 0.000161460805905, 53.758742611575727 ], [ 0.000148653609203, 53.758473135528362 ], [ 0.000603401771921, 53.758465545401947 ], [ 0.000590591875932, 53.758196069414687 ], [ 0.001045336923075, 53.758188477638427 ], [ 0.001019711940926, 53.757649525769899 ], [ 0.001929189781212, 53.757634337342409 ], [ 0.001903554002952, 53.757095385714493 ], [ 0.002358286796218, 53.757087789063391 ], [ 0.002332646036852, 53.756548837527198 ], [ 0.002787372807527, 53.756541239300901 ], [ 0.002774549833282, 53.756271763585843 ], [ 0.003229273488529, 53.756264163709915 ], [ 0.00321644781565, 53.755994688055061 ], [ 0.003671168355479, 53.755987086529508 ], [ 0.003658339984059, 53.755717610934902 ], [ 0.004113057408481, 53.755710007759781 ], [ 0.004087395477248, 53.755171056676687 ], [ 0.00499681807305, 53.75515584545245 ], [ 0.004971145348686, 53.754616894610386 ], [ 0.005425850520189, 53.754609286561369 ], [ 0.005413011564179, 53.754339811193454 ], [ 0.005867713620361, 53.754332201495039 ], [ 0.005842030520951, 53.753793250865485 ], [ 0.006296726555227, 53.753785639592301 ], [ 0.006283882411966, 53.753516164330676 ], [ 0.00673857533099, 53.75350855140816 ], [ 0.006725728489933, 53.753239076206874 ], [ 0.007180418293716, 53.753231461635046 ], [ 0.007154719424989, 53.752692511338829 ], [ 0.007609403207147, 53.752684895192417 ], [ 0.007596551179613, 53.752415420097506 ], [ 0.008051231846598, 53.752407802301867 ], [ 0.008038377121595, 53.752138327267325 ], [ 0.008493054673419, 53.752130707822531 ], [ 0.008467340037571, 53.75159175785987 ], [ 0.008922011568051, 53.751584136840641 ], [ 0.008909151657344, 53.751314661912559 ], [ 0.009363820072731, 53.751307039244239 ], [ 0.00935095746488, 53.751037564376567 ], [ 0.009805622765184, 53.751029940059198 ], [ 0.009779892364415, 53.750490990430372 ], [ 0.010689210713821, 53.75047573692337 ], [ 0.010663469525503, 53.749936787536335 ], [ 0.011118122574727, 53.749929158346795 ], [ 0.011092376411234, 53.749390209052045 ], [ 0.012001670258921, 53.749374945801137 ], [ 0.011975913309179, 53.748835996748348 ], [ 0.012430554107763, 53.748828362687057 ], [ 0.012417673041114, 53.748558888214021 ], [ 0.012872310724782, 53.748551252503951 ], [ 0.012859426961828, 53.748281778091439 ], [ 0.013314061530589, 53.748274140732612 ], [ 0.013301175071424, 53.748004666380652 ], [ 0.013755806525289, 53.747997027373131 ], [ 0.013742917370007, 53.747727553081717 ], [ 0.014197545708983, 53.747719912425502 ], [ 0.014184653857678, 53.747450438194662 ], [ 0.014639279081776, 53.74744279588981 ], [ 0.014626384534543, 53.747173321719572 ], [ 0.01508100664377, 53.747165677766105 ], [ 0.015055212367171, 53.746626729532494 ], [ 0.015509828456263, 53.746619084005403 ], [ 0.015496928727034, 53.746349609942058 ], [ 0.015951541701327, 53.746341962766436 ], [ 0.015938639276494, 53.746072488763716 ], [ 0.016393249135996, 53.746064839939635 ], [ 0.016380344015655, 53.745795365997544 ], [ 0.016834950760376, 53.745787715524997 ], [ 0.016809135338563, 53.745248767747832 ], [ 0.017263736063492, 53.745241115701866 ], [ 0.017250825762157, 53.74497164186679 ], [ 0.018160020772807, 53.744956332754768 ], [ 0.018147104871371, 53.74468685905542 ], [ 0.018601699157059, 53.744679201989399 ], [ 0.018588780560586, 53.744409728350767 ], [ 0.019043371731537, 53.744402069636486 ], [ 0.019017529358616, 53.743863122466379 ], [ 0.019472114510081, 53.743855462178921 ], [ 0.019459190733769, 53.743585988647446 ], [ 0.020368354597368, 53.743570663052843 ], [ 0.020342496056042, 53.743031716247323 ], [ 0.02125164746095, 53.743016384060198 ], [ 0.021225778141631, 53.742477437497904 ], [ 0.02168034771986, 53.742469768969805 ], [ 0.021667410470927, 53.742200295742336 ], [ 0.022121976934536, 53.742192625566211 ], [ 0.02210903699136, 53.741923152399558 ], [ 0.022563600340361, 53.741915480575457 ], [ 0.022550657703037, 53.741646007469654 ], [ 0.023005217937436, 53.741638333997599 ], [ 0.022992272606059, 53.741368860952676 ], [ 0.023446829725866, 53.741361185832687 ], [ 0.023420933885527, 53.740822239850253 ], [ 0.023875484986552, 53.740814563157642 ], [ 0.023862534477727, 53.740545090220152 ], [ 0.024317082464232, 53.740537411879693 ], [ 0.024304129261677, 53.740267939003118 ], [ 0.024758674133669, 53.740260259014853 ], [ 0.024732762551747, 53.73972131336923 ], [ 0.025641840048235, 53.739705948524744 ], [ 0.02562887876506, 53.73943647583102 ], [ 0.02608341429357, 53.739428790899566 ], [ 0.026057486551099, 53.738889845619688 ], [ 0.026512016061292, 53.738882159115924 ], [ 0.026499049602134, 53.738612686529784 ], [ 0.026953575997912, 53.738604998378406 ], [ 0.026940606845632, 53.73833552585328 ], [ 0.027395130127005, 53.73832783605431 ], [ 0.027369186647097, 53.737788891111748 ], [ 0.028278220963025, 53.737773506646612 ], [ 0.028252266711659, 53.737234561948199 ], [ 0.028706777746335, 53.737226867282139 ], [ 0.028693798033345, 53.736957394986817 ], [ 0.029148305953705, 53.736949698673342 ], [ 0.029135323548108, 53.736680226439091 ], [ 0.029589828354159, 53.736672528478216 ], [ 0.029563858368849, 53.736133584117546 ], [ 0.03001835715727, 53.73612588458478 ], [ 0.030005369577694, 53.735856412458389 ], [ 0.030459865251877, 53.735848711278294 ], [ 0.030446874980019, 53.735579239213017 ], [ 0.030901367539973, 53.735571536385692 ], [ 0.030875381822915, 53.735032592363012 ], [ 0.031329868365519, 53.735024887963966 ], [ 0.031316872920456, 53.734755416006607 ], [ 0.031771356348902, 53.734747709960374 ], [ 0.031758358211881, 53.734478238064142 ], [ 0.032212838526178, 53.734470530370778 ], [ 0.032186837079565, 53.733931586686374 ], [ 0.032641311376793, 53.733923877421432 ], [ 0.032628308067338, 53.733654405633231 ], [ 0.033082779250489, 53.733646694721223 ], [ 0.0330697732494, 53.733377222994235 ], [ 0.03352424131848, 53.733369510435203 ], [ 0.033498224144507, 53.732830567089316 ], [ 0.0339526861968, 53.73282285295889 ], [ 0.033926664062621, 53.732283909706716 ], [ 0.034381120098286, 53.732276194004989 ], [ 0.03436810644559, 53.732006722432978 ], [ 0.034822559367318, 53.73199900508434 ], [ 0.034809543023449, 53.731729533573599 ], [ 0.035263992831247, 53.73172181457808 ], [ 0.035237954972797, 53.731182871664785 ], [ 0.035692398764248, 53.731175151098128 ], [ 0.035679377249802, 53.730905679695574 ], [ 0.036133817927395, 53.730897957482156 ], [ 0.036120793722102, 53.730628486140922 ], [ 0.036575231285846, 53.730620762280758 ], [ 0.036549177705316, 53.730081819706548 ], [ 0.037003609252994, 53.730074094275388 ], [ 0.036977550714397, 53.729535151795126 ], [ 0.0378864015663, 53.729519696068586 ], [ 0.037873366810249, 53.729250224958371 ], [ 0.038327789016617, 53.729242494587346 ], [ 0.038301714335574, 53.728703552475281 ], [ 0.03875613052622, 53.728695820533495 ], [ 0.038730050888278, 53.728156878515478 ], [ 0.039184461063361, 53.728149145002966 ], [ 0.039171418660211, 53.727879674048189 ], [ 0.039625825721665, 53.72787193888923 ], [ 0.039612780628548, 53.727602467995872 ], [ 0.040067184576381, 53.727594731190486 ], [ 0.04004108922229, 53.727055789512285 ], [ 0.040495487154841, 53.727048051136357 ], [ 0.040482436894003, 53.726778580351507 ], [ 0.040936831713004, 53.726770840329259 ], [ 0.040910726024012, 53.726231898868114 ], [ 0.041365114827953, 53.72622415727546 ], [ 0.041339004183925, 53.725685215908513 ], [ 0.041793386972964, 53.725677472745481 ], [ 0.041767271374249, 53.725138531472751 ], [ 0.042221648148549, 53.725130786739442 ], [ 0.042208587765979, 53.724861316157408 ], [ 0.04266296142692, 53.724853569777913 ], [ 0.042636835495628, 53.724314628722489 ], [ 0.043091203142048, 53.724306880772858 ], [ 0.043065072257038, 53.723767939811751 ], [ 0.043519433889098, 53.723760190291976 ], [ 0.043480230449826, 53.72295177897022 ], [ 0.043934583166755, 53.722944027956345 ], [ 0.043908442799829, 53.722405087155174 ], [ 0.044362789502815, 53.722397334571333 ], [ 0.044310499712835, 53.721319453100094 ], [ 0.044764834600719, 53.721311699098351 ], [ 0.044699462636541, 53.719964347315411 ], [ 0.045153782809669, 53.719956591971844 ], [ 0.045140706153348, 53.719687121648086 ], [ 0.045595023213803, 53.719679364658823 ], [ 0.04556886473758, 53.71914042412012 ], [ 0.046023175785126, 53.719132665561204 ], [ 0.04601009396536, 53.718863195346287 ], [ 0.046464401900302, 53.718855435141727 ], [ 0.046451317392793, 53.718585964988485 ], [ 0.046905622215142, 53.718578203138321 ], [ 0.046892535019984, 53.718308733046733 ], [ 0.047346836729747, 53.718300969551031 ], [ 0.047333746847034, 53.718031499521103 ], [ 0.047788045444221, 53.718023734379884 ], [ 0.047774952874048, 53.717754264411653 ], [ 0.048229248358669, 53.717746497624937 ], [ 0.048203058056204, 53.717207557797515 ], [ 0.048657347528379, 53.717199789441459 ], [ 0.048631152276722, 53.716660849708667 ], [ 0.049539718983804, 53.71664530813652 ], [ 0.049513512983872, 53.716106368650713 ], [ 0.050422067241147, 53.716090820497257 ], [ 0.050395850493692, 53.715551881258556 ], [ 0.050850121503897, 53.715544104752034 ], [ 0.050837010549862, 53.715274635187285 ], [ 0.051291278447669, 53.715266857035523 ], [ 0.051265051379253, 53.714727918015207 ], [ 0.051719313265238, 53.714720138294496 ], [ 0.051706197150993, 53.714450668838978 ], [ 0.05216045592465, 53.714442887473133 ], [ 0.052147337124011, 53.714173418079447 ], [ 0.05260159278535, 53.714165635068525 ], [ 0.052588471298411, 53.713896165736699 ], [ 0.053042723847441, 53.713888381080707 ], [ 0.053029599674295, 53.713618911810734 ], [ 0.053483849111025, 53.713611125509715 ], [ 0.053457595605617, 53.713072187079142 ], [ 0.05391183903093, 53.713064399209443 ], [ 0.053898709698804, 53.712794930048844 ], [ 0.054352950011887, 53.712787140534196 ], [ 0.05433981799388, 53.712517671435542 ], [ 0.054794055194742, 53.712509880275967 ], [ 0.054780920490945, 53.712240411239229 ], [ 0.055235154579598, 53.712232618434804 ], [ 0.05520888001389, 53.711693680470745 ], [ 0.055663108091467, 53.711685886097882 ], [ 0.055649968229692, 53.711416417170604 ], [ 0.056104193195127, 53.711408621152913 ], [ 0.056091050647888, 53.711139152287629 ], [ 0.056545272501193, 53.711131354625188 ], [ 0.05651898224937, 53.710592417004143 ], [ 0.05697319809188, 53.710584617773399 ], [ 0.056960050387432, 53.710315149017674 ], [ 0.057414263117881, 53.710307348142273 ], [ 0.057401112728294, 53.710037879448556 ], [ 0.057855322346692, 53.710030076928504 ], [ 0.057842169272058, 53.70976060829684 ], [ 0.058296375778414, 53.709752804132187 ], [ 0.058283220018826, 53.709483335562552 ], [ 0.05873742341315, 53.709475529753334 ], [ 0.058724264968705, 53.709206061245759 ], [ 0.059178465251005, 53.709198253792017 ], [ 0.059152143206231, 53.708659316886632 ], [ 0.059606337478201, 53.708651507864872 ], [ 0.059593173878008, 53.708382039467061 ], [ 0.060047365038024, 53.708374228800878 ], [ 0.060034198753296, 53.708104760465154 ], [ 0.06048838680137, 53.708096948154555 ], [ 0.060475217832201, 53.707827479880962 ], [ 0.06092940276834, 53.707819665925989 ], [ 0.060916231114825, 53.707550197714511 ], [ 0.061370412939039, 53.707542382115193 ], [ 0.061330890567288, 53.706733977623941 ], [ 0.06178506348361, 53.706726160533513 ], [ 0.061771886889468, 53.706456692417497 ], [ 0.062226056693986, 53.70644887368281 ], [ 0.062212877415864, 53.706179405628987 ], [ 0.06266704410859, 53.706171585250068 ], [ 0.06265386214658, 53.705902117258439 ], [ 0.06310802572752, 53.705894295235382 ], [ 0.063094841081719, 53.705624827305925 ], [ 0.063549001550885, 53.705617003638721 ], [ 0.063522627105937, 53.705078067889851 ], [ 0.063976781565678, 53.705070242655218 ], [ 0.063950402181751, 53.70453130700195 ], [ 0.064858698868567, 53.704515651677227 ], [ 0.064832308751037, 53.70397671627299 ], [ 0.065286450978235, 53.703968886182999 ], [ 0.065273253343319, 53.703699418535948 ], [ 0.065727392458891, 53.703691586802009 ], [ 0.06571419214083, 53.703422119217251 ], [ 0.066168328144787, 53.703414285839436 ], [ 0.066155125143675, 53.703144818316979 ], [ 0.066609258036025, 53.703136983295302 ], [ 0.066596052351956, 53.702867515835173 ], [ 0.06705018213271, 53.702859679169642 ], [ 0.067036973765777, 53.702590211771856 ], [ 0.067491100434944, 53.702582373462548 ], [ 0.067477889385241, 53.702312906127112 ], [ 0.067932012942829, 53.70230506617402 ], [ 0.06790558569254, 53.701766131613439 ], [ 0.068813820575971, 53.701750446852948 ], [ 0.068787382595627, 53.701211512541938 ], [ 0.069241493921591, 53.701203667734632 ], [ 0.069228272356342, 53.700934200634308 ], [ 0.069682380570818, 53.700926354183402 ], [ 0.069655932290437, 53.700387420093179 ], [ 0.070110034496637, 53.700379572075576 ], [ 0.07009680778164, 53.700110105085699 ], [ 0.07055090687642, 53.700102255424561 ], [ 0.070537677479395, 53.699832788497112 ], [ 0.070991773462768, 53.699824937192489 ], [ 0.070978541383808, 53.699555470327525 ], [ 0.07143263425578, 53.699547617379451 ], [ 0.071406164948975, 53.699008683760049 ], [ 0.072314338462216, 53.698992973010618 ], [ 0.072287858428696, 53.698454039641234 ], [ 0.072741939070086, 53.698446181839984 ], [ 0.072728696479249, 53.6981767152106 ], [ 0.073182774009329, 53.698168855766063 ], [ 0.07315628367977, 53.697629922617914 ], [ 0.073610355202259, 53.697622061607113 ], [ 0.073597107463672, 53.697352595088361 ], [ 0.07405117587492, 53.697344732434345 ], [ 0.074037925455141, 53.697075265978192 ], [ 0.074491990755158, 53.697067401680975 ], [ 0.074465484768481, 53.696528468879343 ], [ 0.07491954406119, 53.696520603016076 ], [ 0.07490628849443, 53.696251136670639 ], [ 0.075360344675978, 53.696243269164249 ], [ 0.075347086428348, 53.69597380288144 ], [ 0.075801139498745, 53.695965933731976 ], [ 0.075774617857137, 53.695427001277153 ], [ 0.076228664920506, 53.695419130561767 ], [ 0.076215401526664, 53.695149664389781 ], [ 0.076669445478954, 53.695141792031428 ], [ 0.076656179404565, 53.694872325922091 ], [ 0.077110220245784, 53.694864451920793 ], [ 0.077083682951429, 53.694325519813006 ], [ 0.077991752405004, 53.694309766958874 ], [ 0.077965204389488, 53.693770835101887 ], [ 0.078419233001968, 53.693762956249131 ], [ 0.078405956421786, 53.693493490376127 ], [ 0.078859981923284, 53.693485609880604 ], [ 0.078846702663067, 53.693216144070327 ], [ 0.079300725053592, 53.693208261932043 ], [ 0.079287443113435, 53.692938796184521 ], [ 0.079741462392997, 53.692930912403511 ], [ 0.079714893368561, 53.69239198101949 ], [ 0.080168906641841, 53.692384095673063 ], [ 0.080155619557698, 53.692114630036599 ], [ 0.080609629720087, 53.692106743047525 ], [ 0.08058305040822, 53.691567811885719 ], [ 0.081491058505179, 53.691552033057079 ], [ 0.081464468475489, 53.691013102146549 ], [ 0.081918466410181, 53.691005210307075 ], [ 0.081905168823911, 53.690735744907386 ], [ 0.0823591636478, 53.69072785142545 ], [ 0.082332563332676, 53.690188920737327 ], [ 0.083240540753159, 53.690173128923462 ], [ 0.08321392972188, 53.689634198486822 ], [ 0.084121894699365, 53.68961840010347 ], [ 0.084095272952681, 53.689079469918475 ], [ 0.084549249327978, 53.689071568302019 ], [ 0.084535935883939, 53.688802103265182 ], [ 0.08498990914854, 53.688794200006498 ], [ 0.084976593025906, 53.688524735032594 ], [ 0.085430563179822, 53.68851683013169 ], [ 0.085403925793658, 53.68797790029533 ], [ 0.085857889942381, 53.687969993829668 ], [ 0.085844568678986, 53.687700528967227 ], [ 0.086298529717095, 53.68769262085943 ], [ 0.086285205775428, 53.687423156059957 ], [ 0.08673916370293, 53.687415246310053 ], [ 0.08671251067947, 53.68687631682262 ], [ 0.087620414308379, 53.686860492474125 ], [ 0.08759375057285, 53.686321563238778 ], [ 0.08804769627438, 53.686313648640287 ], [ 0.088034361836917, 53.686044184078426 ], [ 0.088488304427931, 53.686036267837984 ], [ 0.088474967312706, 53.685766803339163 ], [ 0.088928906793213, 53.685758885456806 ], [ 0.088915567000321, 53.68548942102106 ], [ 0.089369503370331, 53.68548150149681 ], [ 0.089356160899864, 53.685212037124145 ], [ 0.089810094159384, 53.685204115958065 ], [ 0.089796749011438, 53.684934651648504 ], [ 0.090250679160481, 53.684926728840594 ], [ 0.090237331335146, 53.684657264594144 ], [ 0.09069125837372, 53.684649340144446 ], [ 0.090677907871093, 53.684379875961142 ], [ 0.091131831799207, 53.684371949869707 ], [ 0.09111847861938, 53.684102485749534 ], [ 0.091572399437045, 53.684094558016383 ], [ 0.091559043580112, 53.683825093959385 ], [ 0.092012961287336, 53.683817164584546 ], [ 0.091999602753391, 53.683547700590744 ], [ 0.092453517350185, 53.68353976957426 ], [ 0.092426795145231, 53.683000841698494 ], [ 0.092880703738005, 53.682992909118106 ], [ 0.092867340067133, 53.682723445236178 ], [ 0.093321245549546, 53.682715511014266 ], [ 0.093294513071275, 53.682176583362327 ], [ 0.093748412549889, 53.682168647576603 ], [ 0.093735043742627, 53.681899183806621 ], [ 0.094642836262339, 53.681883307233029 ], [ 0.094616087725186, 53.681344379960592 ], [ 0.09506997787296, 53.681336439250558 ], [ 0.0950566010366, 53.681066975670369 ], [ 0.095510488074111, 53.681059033318967 ], [ 0.095483729266094, 53.680520106270649 ], [ 0.096391491117227, 53.680504216721687 ], [ 0.096364721605142, 53.679965289926628 ], [ 0.096818596418885, 53.679957342729168 ], [ 0.096805209095559, 53.679687879387721 ], [ 0.097259080799131, 53.67967993054905 ], [ 0.097232301018176, 53.679141003978337 ], [ 0.097686166718697, 53.679133053576358 ], [ 0.097672774261205, 53.678863590347106 ], [ 0.098126636851623, 53.678855638304 ], [ 0.098099846802875, 53.67831671195777 ], [ 0.098553703390462, 53.67830875835147 ], [ 0.098540305799343, 53.678039295234477 ], [ 0.098994159276898, 53.678031339987129 ], [ 0.098967358961434, 53.67749241386548 ], [ 0.099421206436378, 53.677484457055044 ], [ 0.09940780371217, 53.677214994050388 ], [ 0.099861648077154, 53.677207035599004 ], [ 0.09983483749605, 53.676668109702035 ], [ 0.100288675858643, 53.676660149687685 ], [ 0.100275268001883, 53.676390686795393 ], [ 0.100729103254586, 53.676382725140158 ], [ 0.100702282408917, 53.675843799467998 ], [ 0.101156111659452, 53.675835836249924 ], [ 0.101129285899482, 53.675296910675684 ], [ 0.101583109148006, 53.675288945894835 ], [ 0.101569693702236, 53.675019483163943 ], [ 0.102023513841002, 53.675011516742344 ], [ 0.102010095720753, 53.674742054074983 ], [ 0.10246391274977, 53.67473408601267 ], [ 0.102437071378201, 53.674195160790433 ], [ 0.102890882405489, 53.674187191165522 ], [ 0.102877459154303, 53.673917728610675 ], [ 0.103331267071914, 53.673909757345129 ], [ 0.103317841146572, 53.67364029485384 ], [ 0.103771645954513, 53.673632321947721 ], [ 0.103744788973525, 53.673093397077757 ], [ 0.104652386368651, 53.673077446421971 ], [ 0.104625518692059, 53.672538521806366 ], [ 0.105079311279366, 53.672530544056798 ], [ 0.105065874876282, 53.672261081805338 ], [ 0.105519664354011, 53.672253102415368 ], [ 0.105492786418533, 53.671714178025148 ], [ 0.105946569895157, 53.671706197072929 ], [ 0.105933128362901, 53.671436734934211 ], [ 0.106386908730015, 53.67142875234164 ], [ 0.106373464524341, 53.671159290266559 ], [ 0.106827241781958, 53.671151306033693 ], [ 0.106813794902961, 53.670881844022261 ], [ 0.107267569051089, 53.670873858149129 ], [ 0.107227221048842, 53.670065472262365 ], [ 0.107680986304972, 53.670057484905399 ], [ 0.107667534515982, 53.669788022992307 ], [ 0.108121296662745, 53.669780033995181 ], [ 0.108107842200796, 53.669510572145803 ], [ 0.108561601238201, 53.669502581508539 ], [ 0.108534687186836, 53.668963657922667 ], [ 0.10898844022386, 53.668955665723573 ], [ 0.108974980634579, 53.6686862039871 ], [ 0.109428730562317, 53.668678210147952 ], [ 0.1094152683004, 53.668408748475251 ], [ 0.10986901511886, 53.668400752996043 ], [ 0.109855550184401, 53.668131291387134 ], [ 0.110309293893593, 53.668123294267922 ], [ 0.110282358898207, 53.667584371163116 ], [ 0.11073609660736, 53.667576372482308 ], [ 0.110709156704237, 53.667037449475991 ], [ 0.11116288841351, 53.667029449233631 ], [ 0.111135943602996, 53.666490526325866 ], [ 0.112043394803559, 53.666474520999934 ], [ 0.112016439304982, 53.665935598347502 ], [ 0.112470158796393, 53.665927593264058 ], [ 0.112443198391314, 53.66538867071025 ], [ 0.112896911883287, 53.665380664065474 ], [ 0.112883429118339, 53.665111202845189 ], [ 0.113337139501318, 53.665103194560736 ], [ 0.113310168846872, 53.664564272233342 ], [ 0.113763873230632, 53.664556262387691 ], [ 0.113736897670646, 53.664017340158999 ], [ 0.114644294221269, 53.664001315627367 ], [ 0.114617307975968, 53.663462393654342 ], [ 0.115071000142953, 53.663454378968474 ], [ 0.115057504458547, 53.663184918038631 ], [ 0.115511193516688, 53.663176901713271 ], [ 0.115484197024629, 53.662637979966959 ], [ 0.115937880084053, 53.662629962080658 ], [ 0.115910878687958, 53.662091040433168 ], [ 0.116364555748826, 53.662083020986024 ], [ 0.116351052489444, 53.661813560218995 ], [ 0.116804726441601, 53.66180553913248 ], [ 0.116777714800437, 53.661266617711846 ], [ 0.117685050489018, 53.661250570699529 ], [ 0.117644517332634, 53.660442188930872 ], [ 0.118098176179696, 53.660434163083721 ], [ 0.118084662676322, 53.660164702543661 ], [ 0.118538318414814, 53.660156675057337 ], [ 0.11849777055146, 53.65934829358563 ], [ 0.11895141740277, 53.659340264617406 ], [ 0.118937898997417, 53.659070804176359 ], [ 0.119391542740278, 53.659062773569055 ], [ 0.119350980172028, 53.658254392394461 ], [ 0.119804615028223, 53.658246360305419 ], [ 0.119791091721584, 53.657976899963444 ], [ 0.120244723469452, 53.657968866235429 ], [ 0.120204146198375, 53.657160485358098 ], [ 0.120657769060092, 53.657152450148523 ], [ 0.120617185096451, 53.656344069376175 ], [ 0.121070799072419, 53.656336032685118 ], [ 0.121057268634538, 53.656066572477243 ], [ 0.121510879502415, 53.656058534147391 ], [ 0.121483813507562, 53.655519613845371 ], [ 0.121937418378758, 53.655511573955465 ], [ 0.121910347484554, 53.654972653752658 ], [ 0.122363946359228, 53.65496461230277 ], [ 0.122323332998665, 53.654156232125551 ], [ 0.122776922988621, 53.65414818919448 ], [ 0.122763382752457, 53.65387872918506 ], [ 0.123216969634566, 53.65387068461537 ], [ 0.123176341578649, 53.653062304735954 ], [ 0.123629919576555, 53.653054258685287 ], [ 0.123616374442284, 53.652784798775123 ], [ 0.124523524002987, 53.65276870167947 ], [ 0.124509973312211, 53.652499241912359 ], [ 0.124056401529746, 53.652507291240028 ], [ 0.124029306583265, 53.651968371504474 ], [ 0.124482872589757, 53.651960322334453 ], [ 0.12446932255807, 53.651690862523637 ], [ 0.124922885456962, 53.651682811715212 ], [ 0.124882228016546, 53.650874432431841 ], [ 0.125335782032264, 53.650866380142723 ], [ 0.125322227103851, 53.650596920431305 ], [ 0.125775778012088, 53.650588866503881 ], [ 0.125748663039249, 53.65004994719505 ], [ 0.126202207952399, 53.650041891708213 ], [ 0.126175088083659, 53.649502972498851 ], [ 0.126628627001881, 53.649494915452699 ], [ 0.126601502237585, 53.648955996342814 ], [ 0.127055035161038, 53.64894793773739 ], [ 0.127027905501531, 53.648409018727001 ], [ 0.127481432430374, 53.64840095856237 ], [ 0.127467865043212, 53.64813149911425 ], [ 0.127921388864828, 53.64812343731154 ], [ 0.127880679361497, 53.64731505911648 ], [ 0.1283341943016, 53.647306995833645 ], [ 0.128307049958528, 53.646768077121941 ], [ 0.128760558904498, 53.646760012280097 ], [ 0.128733409667593, 53.646221093668004 ], [ 0.129186912619591, 53.646213027267201 ], [ 0.129146181754149, 53.645404649476674 ], [ 0.129599675825551, 53.645396581595996 ], [ 0.129531781018328, 53.644049285381769 ], [ 0.129985260436396, 53.644041216179318 ], [ 0.129944517534095, 53.643232838512795 ], [ 0.13039798807266, 53.643224767830695 ], [ 0.130357238492741, 53.642416390269972 ], [ 0.130810700152207, 53.642408318108281 ], [ 0.130729189620468, 53.640791563067282 ], [ 0.13118263374318, 53.640783489663235 ], [ 0.131128286249235, 53.639705652993705 ], [ 0.131581718608306, 53.639697578189384 ], [ 0.131486598773132, 53.637811364009508 ], [ 0.131940010712816, 53.637803288042221 ], [ 0.131872060154028, 53.63645599215716 ], [ 0.132325457446912, 53.636447914868953 ], [ 0.132298272994957, 53.635908996570969 ], [ 0.132751664297266, 53.63590091772469 ], [ 0.132724474956409, 53.635361999526523 ], [ 0.133177860268301, 53.635353919122259 ], [ 0.133137069254732, 53.634545541952946 ], [ 0.133590445691498, 53.634537460069851 ], [ 0.133549648006882, 53.633729083006557 ], [ 0.134003015568924, 53.633720999644758 ], [ 0.133962211213986, 53.632912622687535 ], [ 0.134415569901705, 53.632904537847132 ], [ 0.134374758877168, 53.632096160996014 ], [ 0.134828108690966, 53.632088074677064 ], [ 0.134814502572661, 53.63181861577668 ], [ 0.135267849281569, 53.631810527820917 ], [ 0.135227023596783, 53.631002151269712 ], [ 0.135680361432284, 53.630994061835587 ], [ 0.135639529079879, 53.630185685390607 ], [ 0.13654618678426, 53.630169501849942 ], [ 0.136491723663842, 53.629091667019317 ], [ 0.136945040649193, 53.629083572992165 ], [ 0.136931422536853, 53.628814114327255 ], [ 0.13738473641767, 53.628806018663568 ], [ 0.137343874753471, 53.627997642818968 ], [ 0.137797179762313, 53.627989545677337 ], [ 0.137769933989168, 53.627450628533119 ], [ 0.138223233009994, 53.627442529834362 ], [ 0.138195982352792, 53.626903612790294 ], [ 0.138649275385762, 53.626895512534439 ], [ 0.138622019844846, 53.626356595590579 ], [ 0.139075306890118, 53.626348493777705 ], [ 0.139020786925001, 53.625270660031937 ], [ 0.139474062216256, 53.625262556820758 ], [ 0.139460429893954, 53.62499309842714 ], [ 0.139913702081143, 53.624984993579751 ], [ 0.139872797790376, 53.624176618549257 ], [ 0.140326061107422, 53.624168512224429 ], [ 0.140298786918991, 53.623629595623093 ], [ 0.140752044249173, 53.623621487741545 ], [ 0.140724765178896, 53.623082571240509 ], [ 0.141178016522371, 53.623074461802304 ], [ 0.141150732570593, 53.622535545401604 ], [ 0.141603977927521, 53.622527434406784 ], [ 0.141576689094587, 53.621988518106456 ], [ 0.142029928465127, 53.621980405555114 ], [ 0.141893468740499, 53.619285823970849 ], [ 0.142346679066248, 53.619277710498409 ], [ 0.142251150239403, 53.617391503075979 ], [ 0.142704340170271, 53.617383388444409 ], [ 0.14266339391568, 53.61657501385389 ], [ 0.14311657498023, 53.616566897745621 ], [ 0.143075622070945, 53.615758523261931 ], [ 0.143528794269578, 53.615750405677048 ], [ 0.14348783470632, 53.61494203130016 ], [ 0.143940998039439, 53.614933912238762 ], [ 0.143886376859867, 53.613856079849526 ], [ 0.144339528446671, 53.61384795939118 ], [ 0.144325870823662, 53.613578501336804 ], [ 0.144779019308057, 53.613570379243164 ], [ 0.144710720106646, 53.612223089149552 ], [ 0.145163853964717, 53.612214965738659 ], [ 0.145109207063378, 53.611137133718699 ], [ 0.145562329176962, 53.611129008911192 ], [ 0.14552133768276, 53.610320634981285 ], [ 0.145974450933126, 53.610312508697767 ], [ 0.145878791697055, 53.608426302906352 ], [ 0.146331884563341, 53.60841817546509 ], [ 0.146263548777544, 53.607070885573165 ], [ 0.146716627021929, 53.607062756815232 ], [ 0.146566276095798, 53.604098718641417 ], [ 0.147019322441799, 53.604090589044361 ], [ 0.147005652624615, 53.603821131020396 ], [ 0.146552609158059, 53.6038292605379 ], [ 0.146538942441676, 53.603559802419731 ], [ 0.146991983028835, 53.603551672981794 ], [ 0.146814298429297, 53.600048717149363 ], [ 0.146361295270086, 53.600056845553077 ], [ 0.146320305080303, 53.599248470540616 ], [ 0.145867310335918, 53.599256596991829 ], [ 0.145839990406296, 53.598717680084683 ], [ 0.14538700119787, 53.598725804662969 ], [ 0.145318719637229, 53.597378511741752 ], [ 0.14486574459981, 53.597386634208732 ], [ 0.144838439280178, 53.596847716778946 ], [ 0.144385469778213, 53.596855837373191 ], [ 0.144330873304579, 53.59577800202031 ], [ 0.14387791509414, 53.595786120583021 ], [ 0.143850623939513, 53.595247202659969 ], [ 0.143397671264111, 53.595255319350144 ], [ 0.143370386749199, 53.59471640120978 ], [ 0.142917439608713, 53.594724516027483 ], [ 0.142890161733117, 53.594185597669842 ], [ 0.142437220127427, 53.594193710615144 ], [ 0.142409948890744, 53.593654792040262 ], [ 0.14195701281973, 53.593662903113227 ], [ 0.14192974822156, 53.593123984321139 ], [ 0.141476817685102, 53.593132093521852 ], [ 0.141449559725043, 53.592593174512601 ], [ 0.14099663472302, 53.592601281841105 ], [ 0.140983008951527, 53.592331822235231 ], [ 0.140530086606364, 53.592339927770929 ], [ 0.140516463932966, 53.592070468071135 ], [ 0.14006354424467, 53.592078571814035 ], [ 0.140022686180089, 53.591270192389103 ], [ 0.139116863406173, 53.591286394258901 ], [ 0.139089637308131, 53.590747474252169 ], [ 0.138636731345031, 53.590755572458448 ], [ 0.138609511883034, 53.59021665223478 ], [ 0.138156611453913, 53.59022474856922 ], [ 0.138129398627558, 53.589685828128701 ], [ 0.137223608616765, 53.589702015340734 ], [ 0.137196408179658, 53.589163094524999 ], [ 0.136290628796024, 53.589179274567051 ], [ 0.136263440747419, 53.588640353376285 ], [ 0.135357671991021, 53.588656526248656 ], [ 0.135344084050594, 53.588387065473128 ], [ 0.134891202219213, 53.588395149260307 ], [ 0.134877617375611, 53.588125688391067 ], [ 0.13442473820109, 53.588133770385923 ], [ 0.134397574927259, 53.587594848445484 ], [ 0.133944701286339, 53.58760292856897 ], [ 0.133931122855966, 53.587333467497793 ], [ 0.133478251871881, 53.587341545829034 ], [ 0.133451101423926, 53.5868026234848 ], [ 0.132545370302908, 53.586818774691629 ], [ 0.132531801161743, 53.586549313339582 ], [ 0.132078938148223, 53.586557386294274 ], [ 0.132065372103276, 53.586287924848634 ], [ 0.131612511746632, 53.586295996011195 ], [ 0.131598948797808, 53.586026534471998 ], [ 0.131146091098047, 53.586034603842471 ], [ 0.131118971612005, 53.585495680562389 ], [ 0.130666119445533, 53.585503748061875 ], [ 0.130652562908171, 53.585234286321004 ], [ 0.130199713398561, 53.58524235202848 ], [ 0.130186159956992, 53.584972890194102 ], [ 0.129733313104251, 53.584980954109596 ], [ 0.129719762758384, 53.584711492181746 ], [ 0.129266918562525, 53.584719554305309 ], [ 0.129253371312265, 53.584450092283959 ], [ 0.128800529773296, 53.584458152615632 ], [ 0.128786985618552, 53.584188690500845 ], [ 0.128334146736482, 53.584196749040622 ], [ 0.128307064837068, 53.583657824609595 ], [ 0.127401397919764, 53.583673936234838 ], [ 0.12737432840138, 53.58313501143018 ], [ 0.126921500366082, 53.583143064515745 ], [ 0.126907968811545, 53.582873602012739 ], [ 0.126455143433143, 53.582881653306586 ], [ 0.126441614973607, 53.582612190710215 ], [ 0.125988792252109, 53.58262024021235 ], [ 0.125975266887479, 53.582350777522656 ], [ 0.125522446822897, 53.582358825233136 ], [ 0.125508924553081, 53.582089362450134 ], [ 0.125056107145424, 53.58209740836898 ], [ 0.125029069014099, 53.581558482601771 ], [ 0.124576257139136, 53.581566526650313 ], [ 0.124562741277484, 53.581297063666149 ], [ 0.124109932059423, 53.58130510592315 ], [ 0.124096419292255, 53.581035642845706 ], [ 0.123643612731106, 53.581043683311201 ], [ 0.123616593604259, 53.580504756955264 ], [ 0.123163792575619, 53.580512795550618 ], [ 0.123150286215797, 53.580243332272147 ], [ 0.122697487844047, 53.580251369076059 ], [ 0.122683984578378, 53.579981905704379 ], [ 0.122231188863526, 53.579989940716906 ], [ 0.12220418873886, 53.579451013772605 ], [ 0.121298608155307, 53.579467078344983 ], [ 0.121271620406224, 53.57892815102803 ], [ 0.120366050450296, 53.57894420843526 ], [ 0.120352562654001, 53.578674744597819 ], [ 0.119899780223785, 53.578682770653842 ], [ 0.119872811036683, 53.578143842778218 ], [ 0.11942003413863, 53.578151866964546 ], [ 0.119406552747678, 53.577882402926363 ], [ 0.11895377850655, 53.577890425321527 ], [ 0.118940300208958, 53.57762096119032 ], [ 0.118487528624762, 53.577628981794348 ], [ 0.118460578434245, 53.577090053331261 ], [ 0.117555046111728, 53.577106089087678 ], [ 0.117528108293617, 53.576567160252559 ], [ 0.117075347555231, 53.57657517540504 ], [ 0.117048416359005, 53.576036246354846 ], [ 0.116595661152414, 53.576044259637932 ], [ 0.116582198756083, 53.575774795012592 ], [ 0.116129446206389, 53.575782806504769 ], [ 0.116115986902757, 53.57551334178649 ], [ 0.115663237009969, 53.575521351487758 ], [ 0.115649780798943, 53.575251886676575 ], [ 0.115197033563072, 53.575259894586992 ], [ 0.115210486899356, 53.57552935947654 ], [ 0.114757736570966, 53.575537365752801 ], [ 0.114730835865615, 53.574998435802492 ], [ 0.114278091068946, 53.575006440209627 ], [ 0.11425119698375, 53.574467510044471 ], [ 0.113798457718684, 53.574475512582524 ], [ 0.113771570253245, 53.57393658220257 ], [ 0.11331883651966, 53.573944582871633 ], [ 0.113305395987838, 53.573675117581551 ], [ 0.112852664911175, 53.573683116459932 ], [ 0.112825790249038, 53.573144185679602 ], [ 0.112373064703704, 53.573152182689107 ], [ 0.112319329486556, 53.57207432064093 ], [ 0.111866615220908, 53.572082315625153 ], [ 0.111839754665274, 53.571543384357348 ], [ 0.111387045930539, 53.571551377472872 ], [ 0.111346765349547, 53.57074298022745 ], [ 0.108630560111655, 53.570790901556308 ], [ 0.108643969510623, 53.571060367788164 ], [ 0.1068331501811, 53.571092281408347 ], [ 0.106859946637391, 53.571631214452928 ], [ 0.10595452417482, 53.571647161301485 ], [ 0.105981310001773, 53.572186094599957 ], [ 0.105528592696869, 53.572194065611775 ], [ 0.105555373642362, 53.572732999008096 ], [ 0.105102650372095, 53.572740968463513 ], [ 0.105116038295585, 53.573010435217839 ], [ 0.105568764440232, 53.573002465684439 ], [ 0.10563572168101, 53.574349798848175 ], [ 0.106541202065114, 53.574333853864232 ], [ 0.106567997977548, 53.574872786715986 ], [ 0.107020743593651, 53.574864811499282 ], [ 0.107047546123132, 53.575403744136828 ], [ 0.10750029727182, 53.575395767051511 ], [ 0.10751370173679, 53.575665233270456 ], [ 0.107966455543315, 53.575657254394564 ], [ 0.107979863100141, 53.575926720520897 ], [ 0.108432619564494, 53.575918739854373 ], [ 0.108446030213269, 53.576188205888087 ], [ 0.108898789335439, 53.576180223430924 ], [ 0.108925617034215, 53.576719155298484 ], [ 0.109378381689187, 53.57671117097253 ], [ 0.10941863349122, 53.577519568430453 ], [ 0.109871406554241, 53.577511582157506 ], [ 0.109884827131168, 53.577781047869593 ], [ 0.110337602852104, 53.5777730598058 ], [ 0.110351026521505, 53.578042525425204 ], [ 0.110803804900346, 53.578034535570573 ], [ 0.110817231662314, 53.578304001097266 ], [ 0.11172279351838, 53.578288016093595 ], [ 0.111749659195682, 53.578826946790514 ], [ 0.112202445548183, 53.578818951563186 ], [ 0.112242754321409, 53.579627347264747 ], [ 0.112695549082672, 53.579619350089978 ], [ 0.112682109731942, 53.579349884948897 ], [ 0.113134901400169, 53.57934188613963 ], [ 0.113161786070177, 53.579880816250672 ], [ 0.113614583271759, 53.579872815572074 ], [ 0.113641474563408, 53.580411745468354 ], [ 0.114547079815801, 53.580395738659575 ], [ 0.114573983480812, 53.580934668184412 ], [ 0.115026791531688, 53.580926662054139 ], [ 0.115053701819315, 53.5814655913641 ], [ 0.115506515403852, 53.581457583364262 ], [ 0.115560350096709, 53.582535441496091 ], [ 0.116013174966877, 53.582527431469913 ], [ 0.116026637060828, 53.582796895888109 ], [ 0.116479464589039, 53.582788884070553 ], [ 0.116492929776978, 53.583058348395816 ], [ 0.116945759963221, 53.583050334786897 ], [ 0.116959228245243, 53.583319799019201 ], [ 0.117412061089509, 53.583311783618903 ], [ 0.11745247587242, 53.584120175993093 ], [ 0.11790531712707, 53.58411215864448 ], [ 0.117891842438449, 53.583842694612734 ], [ 0.118344680598732, 53.583834675629554 ], [ 0.118331203252112, 53.583565211661721 ], [ 0.118784038318039, 53.583557191043987 ], [ 0.118770558313512, 53.583287727140089 ], [ 0.119223390285093, 53.58327970488785 ], [ 0.119182942952914, 53.582471313324234 ], [ 0.118277296047573, 53.582487355644822 ], [ 0.1182638197919, 53.582217891604195 ], [ 0.117810998887861, 53.582225910116613 ], [ 0.117824472267608, 53.582495374235705 ], [ 0.11737164826951, 53.582503391113654 ], [ 0.117344707479955, 53.58196446270405 ], [ 0.116891889015591, 53.581972477712213 ], [ 0.116838021556461, 53.580894620404592 ], [ 0.116385214377171, 53.580902633386252 ], [ 0.11637175093309, 53.58063316894453 ], [ 0.115466141671991, 53.580649189612558 ], [ 0.115439226940099, 53.580110260371981 ], [ 0.114986427733933, 53.580118267980062 ], [ 0.114959519624499, 53.579579338524567 ], [ 0.114506725951554, 53.579587344263167 ], [ 0.114493275098989, 53.579317879435266 ], [ 0.114040484083739, 53.579325883382801 ], [ 0.114013588782625, 53.578786953526702 ], [ 0.113560803300441, 53.578794955604906 ], [ 0.113520470607286, 53.577986560476738 ], [ 0.114426024102347, 53.577970555077449 ], [ 0.114439473866201, 53.578240019978111 ], [ 0.115345032240776, 53.578224007571507 ], [ 0.115358487972879, 53.578493472300941 ], [ 0.115811269708702, 53.578485463450264 ], [ 0.115824728533933, 53.578754928086802 ], [ 0.116277512927174, 53.578746917445066 ], [ 0.116290974845626, 53.579016381988659 ], [ 0.116743761896273, 53.579008369555794 ], [ 0.116757226908039, 53.579277834006454 ], [ 0.117210016616082, 53.579269819782461 ], [ 0.117223484721256, 53.579539284140147 ], [ 0.117676277086688, 53.579531268124981 ], [ 0.117716691336969, 53.580339660875346 ], [ 0.118169492110837, 53.580331642912114 ], [ 0.118182966839382, 53.580601107054655 ], [ 0.118635770270705, 53.580593087300144 ], [ 0.118703161564395, 53.581940407402129 ], [ 0.119608796529679, 53.581924361969698 ], [ 0.119595312082886, 53.581654898135412 ], [ 0.120048126362274, 53.581646872928388 ], [ 0.120061613684879, 53.581916336684152 ], [ 0.120514430621723, 53.581908309685709 ], [ 0.120527921038538, 53.582177773348349 ], [ 0.120980740632829, 53.582169744558477 ], [ 0.121007727873526, 53.582708671682937 ], [ 0.121460553001191, 53.582700641022988 ], [ 0.121474049825217, 53.582970104484801 ], [ 0.12192687761035, 53.582962072033318 ], [ 0.121967378021753, 53.583770462095572 ], [ 0.122420214216528, 53.583762427695305 ], [ 0.122447221336034, 53.584301354173377 ], [ 0.122900063064545, 53.584293317902855 ], [ 0.122940584012438, 53.585101707274788 ], [ 0.122034883079, 53.585117778574592 ], [ 0.122075388736504, 53.585926168287195 ], [ 0.122981106928562, 53.585910096515605 ], [ 0.123008123299504, 53.586449022603297 ], [ 0.123460987820588, 53.586440983990521 ], [ 0.123474499210746, 53.586710446933836 ], [ 0.123927366389678, 53.586702406529213 ], [ 0.123886824245794, 53.585894017891519 ], [ 0.124339682576232, 53.585885976009777 ], [ 0.124393750712031, 53.586963827182778 ], [ 0.123488010819671, 53.586979909862592 ], [ 0.123515034693844, 53.587518835676384 ], [ 0.124420786093102, 53.587502752681822 ], [ 0.124447822349672, 53.588041678122579 ], [ 0.125353584380664, 53.588025587960239 ], [ 0.125380633020375, 53.588564513027798 ], [ 0.126286405683023, 53.588548415697396 ], [ 0.126313466706618, 53.589087340391622 ], [ 0.1267663584633, 53.589079288998938 ], [ 0.12675282496496, 53.588809826737887 ], [ 0.12720571362551, 53.588801773710678 ], [ 0.127178641532365, 53.588262849302474 ], [ 0.126725758625667, 53.588270902172077 ], [ 0.12669869316286, 53.587731977547953 ], [ 0.126245815790715, 53.587740028546719 ], [ 0.126232286264749, 53.587470566134009 ], [ 0.125779411550313, 53.5874786153408 ], [ 0.125752358908965, 53.586939690314118 ], [ 0.126658096611976, 53.586923590502415 ], [ 0.1266716285765, 53.587193052865508 ], [ 0.127124499976052, 53.587185000311067 ], [ 0.127151570315892, 53.587723924835934 ], [ 0.128057323964435, 53.5877078142722 ], [ 0.128084406688212, 53.58824673842345 ], [ 0.128537288937267, 53.588238680414037 ], [ 0.128550833504933, 53.588508142388939 ], [ 0.129456603098837, 53.588492021072625 ], [ 0.12947015363967, 53.588761482875164 ], [ 0.129923040984458, 53.588753419568192 ], [ 0.12995014847834, 53.589292342971774 ], [ 0.130403041357643, 53.589284277793674 ], [ 0.130416598310835, 53.589553739394653 ], [ 0.130869493847676, 53.5895456724243 ], [ 0.130896614166858, 53.590084595424642 ], [ 0.131349515238366, 53.59007652658304 ], [ 0.131363078604499, 53.590345987982367 ], [ 0.131815982333567, 53.590337917348414 ], [ 0.131843115479213, 53.590876839945345 ], [ 0.133654751216215, 53.590844539643676 ], [ 0.133695487110551, 53.591652922481416 ], [ 0.134148404127278, 53.59164484288528 ], [ 0.13413482239857, 53.591375382033043 ], [ 0.134587736317986, 53.591367300802538 ], [ 0.134574151931862, 53.591097840014747 ], [ 0.135027062753977, 53.591089757149938 ], [ 0.135040650017433, 53.59135921785861 ], [ 0.135946476756233, 53.591343046830445 ], [ 0.135960069994449, 53.591612507366285 ], [ 0.13550715385771, 53.591620593816209 ], [ 0.135520744438623, 53.591890054416581 ], [ 0.136879500820688, 53.591865789689024 ], [ 0.136893100254046, 53.59213525003733 ], [ 0.13644017880272, 53.592143340072489 ], [ 0.136453775578795, 53.59241280048537 ], [ 0.137359624016224, 53.592396618543255 ], [ 0.137373226767559, 53.592666078783189 ], [ 0.137826153533432, 53.592657985162688 ], [ 0.137839759382623, 53.592927445308817 ], [ 0.138292688805757, 53.592919349895602 ], [ 0.138306297752895, 53.593188809947911 ], [ 0.138759229833278, 53.593180712741933 ], [ 0.138772841878458, 53.593450172700415 ], [ 0.139225776616081, 53.593442073701624 ], [ 0.139239391759395, 53.593711533566243 ], [ 0.139692329154248, 53.593703432774646 ], [ 0.139719565857858, 53.594242352301514 ], [ 0.140172508787724, 53.594234249637758 ], [ 0.140186130348164, 53.594503709299978 ], [ 0.140639075935284, 53.594495604843345 ], [ 0.140666325473728, 53.59503452396536 ], [ 0.141119276596012, 53.595026417636433 ], [ 0.141146532773003, 53.59556533654137 ], [ 0.141599489430572, 53.595557228340134 ], [ 0.141626752246507, 53.5960961470279 ], [ 0.142079714439483, 53.596088036954256 ], [ 0.142093349056722, 53.596357496196866 ], [ 0.142546313907036, 53.596349384330125 ], [ 0.142587227718295, 53.597157761732142 ], [ 0.143040200982441, 53.597149647913454 ], [ 0.143081125416588, 53.59795802494574 ], [ 0.143534107094911, 53.597949909175036 ], [ 0.143588687614195, 53.599027744695746 ], [ 0.144041680585625, 53.599019626893472 ], [ 0.144068977928519, 53.599558544407259 ], [ 0.144521976436221, 53.599550424732186 ], [ 0.144549280420804, 53.600089342028561 ], [ 0.145002284464897, 53.600081220480611 ], [ 0.145070562690293, 53.601428513068363 ], [ 0.144617544251669, 53.601436635013719 ], [ 0.14464485133188, 53.601975552105444 ], [ 0.145097875528641, 53.601967430001103 ], [ 0.14513884644506, 53.602775805290619 ], [ 0.144685813610744, 53.602783927633418 ], [ 0.144699468145996, 53.603053386113487 ], [ 0.145152503859591, 53.603045263691214 ], [ 0.145193477430427, 53.603853638805276 ], [ 0.144740433078717, 53.603861761466071 ], [ 0.144795056085439, 53.604939595064828 ], [ 0.144341999994402, 53.60494771632932 ], [ 0.144355653419392, 53.605217174771951 ], [ 0.144808712390085, 53.60520905342797 ], [ 0.144890654863241, 53.606825803299841 ], [ 0.144437578613638, 53.606833925120746 ], [ 0.144451233586775, 53.607103383461052 ], [ 0.143091994871113, 53.60712773887591 ], [ 0.143078348537948, 53.606858280297246 ], [ 0.142625271403912, 53.606866395260667 ], [ 0.142638914857076, 53.607135853918763 ], [ 0.142185834622042, 53.607143967247197 ], [ 0.142226757667239, 53.607952343372027 ], [ 0.141773668570946, 53.607960455224251 ], [ 0.141787307147738, 53.608229913982697 ], [ 0.141334214950326, 53.608238024199849 ], [ 0.141375123365378, 53.609046400625651 ], [ 0.14046892102616, 53.60906261639267 ], [ 0.140523445628343, 53.610140452057372 ], [ 0.139617219362142, 53.610156661600882 ], [ 0.13965809784852, 53.610965038671992 ], [ 0.138751853415544, 53.610981241832917 ], [ 0.138765474257661, 53.611250700985991 ], [ 0.138312348829435, 53.611258800073749 ], [ 0.138325967011408, 53.611528259291489 ], [ 0.138779095320428, 53.611520160124471 ], [ 0.13879271660385, 53.611789619248334 ], [ 0.13833958541399, 53.61179771849465 ], [ 0.138394061230496, 53.612875555161146 ], [ 0.137940918296178, 53.612883653009803 ], [ 0.137954534920796, 53.61315311221918 ], [ 0.137501388884809, 53.613161208432295 ], [ 0.137515002848888, 53.613430667706318 ], [ 0.137061853711223, 53.613438762283884 ], [ 0.137075465014671, 53.613708221622545 ], [ 0.136622312775319, 53.613716314564492 ], [ 0.136635921418042, 53.613985773967762 ], [ 0.136182766076992, 53.613993865274097 ], [ 0.136196372058898, 53.61426332474197 ], [ 0.135743213616142, 53.614271414412649 ], [ 0.135756816937135, 53.614540873945096 ], [ 0.135303655392663, 53.61454896198007 ], [ 0.135317256052652, 53.614818421577084 ], [ 0.134410926539962, 53.614834592660706 ], [ 0.134451712553072, 53.615642971839037 ], [ 0.133545364870418, 53.615659136537715 ], [ 0.133572545120673, 53.616198056233387 ], [ 0.133119365185831, 53.616206136168486 ], [ 0.133132952759534, 53.616475596073506 ], [ 0.132679769722865, 53.616483674372688 ], [ 0.132720525119445, 53.617292054237481 ], [ 0.132267333217311, 53.617300131058805 ], [ 0.132280915907821, 53.617569591063621 ], [ 0.131374525679643, 53.617585739719168 ], [ 0.131401680193001, 53.618124660001158 ], [ 0.129588874041578, 53.618156937363175 ], [ 0.129629572876344, 53.618965318624589 ], [ 0.129176362142575, 53.618973383914138 ], [ 0.129203490033666, 53.619512304840072 ], [ 0.12829705637798, 53.619528430589327 ], [ 0.128337732568825, 53.62033681234238 ], [ 0.126978054496622, 53.620360988812145 ], [ 0.126991605018927, 53.620630449603986 ], [ 0.127444834145063, 53.620622392417125 ], [ 0.127458387769424, 53.620891853115523 ], [ 0.127005155760787, 53.620899910381254 ], [ 0.127018706722207, 53.621169371143949 ], [ 0.126565471611455, 53.62117742677323 ], [ 0.126551923532588, 53.620907965931686 ], [ 0.125645458417697, 53.620924071886655 ], [ 0.125659000731443, 53.621193532885854 ], [ 0.125205764962275, 53.621201583369199 ], [ 0.125219304612831, 53.621471044432603 ], [ 0.126579019909841, 53.621446887600207 ], [ 0.126592568427749, 53.62171634841259 ], [ 0.126139327332222, 53.621724402484233 ], [ 0.12615287318696, 53.621993863360885 ], [ 0.125246384572098, 53.622009966515748 ], [ 0.125259924880819, 53.622279427535467 ], [ 0.124806677361516, 53.622287476618631 ], [ 0.124833752871499, 53.622826398771892 ], [ 0.124380499367176, 53.622834446297233 ], [ 0.124366964385364, 53.622564985149097 ], [ 0.1230072112053, 53.622589117196263 ], [ 0.123034264090898, 53.623128039950394 ], [ 0.122127749343321, 53.623144119719598 ], [ 0.122141270348944, 53.623413581232207 ], [ 0.120781487935599, 53.623437688256033 ], [ 0.12079500051122, 53.623707149990082 ], [ 0.120341736385768, 53.623715182312374 ], [ 0.120355246297259, 53.623984644110472 ], [ 0.119448711623487, 53.624000703765795 ], [ 0.119475720570559, 53.624539627632721 ], [ 0.118569173488812, 53.624555680740237 ], [ 0.11859617177814, 53.62509460486325 ], [ 0.118142892142591, 53.625102629000779 ], [ 0.118156388732028, 53.625372091118997 ], [ 0.117249823038175, 53.625388134404361 ], [ 0.117276805339487, 53.625927058911202 ], [ 0.116823516397764, 53.625935078137459 ], [ 0.116837004992851, 53.626204540447574 ], [ 0.115930420686721, 53.626220573910146 ], [ 0.115943903733283, 53.626490036362625 ], [ 0.115490608368908, 53.626498050598876 ], [ 0.115504088750356, 53.626767513115269 ], [ 0.115050790283926, 53.626775525714272 ], [ 0.115064268000166, 53.627044988294543 ], [ 0.114610966431673, 53.627052999256264 ], [ 0.114624441482612, 53.627322461900427 ], [ 0.114171136812046, 53.62733047122483 ], [ 0.11418460919759, 53.627599933932828 ], [ 0.113731301424942, 53.627607941619893 ], [ 0.113744771144998, 53.627877404391732 ], [ 0.112838149177282, 53.627893414775329 ], [ 0.112851613347891, 53.62816287768937 ], [ 0.112398299152856, 53.628170880385831 ], [ 0.11241176065774, 53.628440343363678 ], [ 0.111958443360635, 53.628448344422679 ], [ 0.111971902199699, 53.628717807464298 ], [ 0.111065261183272, 53.628733804591441 ], [ 0.111078714472398, 53.629003267775133 ], [ 0.110172066815841, 53.629019258195484 ], [ 0.110185514554828, 53.629288721521156 ], [ 0.109732187515548, 53.629296714235807 ], [ 0.109759077879009, 53.629835641000028 ], [ 0.108852411610187, 53.629851621594575 ], [ 0.108865851350289, 53.630121085111327 ], [ 0.108412515004911, 53.630129072912936 ], [ 0.108425952078532, 53.630398536493345 ], [ 0.107065933083135, 53.630422489837102 ], [ 0.10707936172149, 53.630691953637474 ], [ 0.106626018736693, 53.630699934731609 ], [ 0.106599167446269, 53.630161006960066 ], [ 0.105692492361323, 53.630176963688015 ], [ 0.105705912129119, 53.630446427737269 ], [ 0.104799230405607, 53.630462377757603 ], [ 0.104812644622148, 53.630731841948467 ], [ 0.103452611753418, 53.630755754343348 ], [ 0.103439206190023, 53.630486289918387 ], [ 0.102985864350263, 53.630494257206713 ], [ 0.102972461888463, 53.630224792689219 ], [ 0.102065783326079, 53.630240721962032 ], [ 0.102079180019176, 53.630510186635462 ], [ 0.101172494819644, 53.630526109200325 ], [ 0.10115910389527, 53.63025664437103 ], [ 0.100252423596407, 53.630272559916165 ], [ 0.100279194124598, 53.630811489871896 ], [ 0.09982584788096, 53.630819445226294 ], [ 0.099839230585977, 53.631088910260267 ], [ 0.099385881240981, 53.631096863976531 ], [ 0.099426022003666, 53.631905259224915 ], [ 0.098519305355742, 53.631921161976464 ], [ 0.09850593065391, 53.631651696752499 ], [ 0.097599218908203, 53.631667592484121 ], [ 0.097585850192301, 53.631398127090016 ], [ 0.095319081460243, 53.631437835999286 ], [ 0.095332435753136, 53.631707301782129 ], [ 0.094425720975768, 53.631723173488872 ], [ 0.094439069715761, 53.631992639412609 ], [ 0.093532348303695, 53.6320085044104 ], [ 0.093545691490588, 53.632277970474959 ], [ 0.09309232757543, 53.632285900477342 ], [ 0.0931056680938, 53.632555366605025 ], [ 0.092652301077656, 53.632563294968925 ], [ 0.092678976993336, 53.633102227336018 ], [ 0.090412109822437, 53.633141844189289 ], [ 0.090425433679867, 53.633411310738929 ], [ 0.089972056712729, 53.633419229038616 ], [ 0.089985377901109, 53.633688695651273 ], [ 0.089531997833073, 53.633696612312271 ], [ 0.089545316352311, 53.633966078987953 ], [ 0.089091933183368, 53.633973994010219 ], [ 0.089118565099191, 53.634512927473082 ], [ 0.088665175944181, 53.634520840934087 ], [ 0.088678489340631, 53.634790307721239 ], [ 0.088225097084644, 53.634798219543434 ], [ 0.08823840781163, 53.635067686393569 ], [ 0.087785012454655, 53.635075596576932 ], [ 0.087798320512083, 53.63534506349 ], [ 0.086891523380487, 53.635360878862649 ], [ 0.08690482588291, 53.635630345916084 ], [ 0.086451424108321, 53.635638251105313 ], [ 0.086464723940948, 53.635907718221659 ], [ 0.086011319065386, 53.635915621771929 ], [ 0.086024616228124, 53.63618508895118 ], [ 0.085117800059554, 53.636200891057356 ], [ 0.085131091666796, 53.636470358376833 ], [ 0.084677680373821, 53.636478256932676 ], [ 0.084690969310937, 53.636747724314993 ], [ 0.083784140307717, 53.636763516432133 ], [ 0.083757574191071, 53.636224581343811 ], [ 0.081037116642461, 53.636271915574333 ], [ 0.081050382279873, 53.636541383589162 ], [ 0.081957208094398, 53.63652561222348 ], [ 0.081970479718028, 53.636795080069412 ], [ 0.079703399141168, 53.636834495996474 ], [ 0.079716656551645, 53.637103964213843 ], [ 0.078356396969555, 53.637127593404259 ], [ 0.078369645937763, 53.637397061838506 ], [ 0.077916222761783, 53.637404934879484 ], [ 0.077929469058966, 53.637674403376337 ], [ 0.07656918958563, 53.637698012431571 ], [ 0.07658242744003, 53.637967481145111 ], [ 0.075675567613197, 53.637983212086816 ], [ 0.075688799910392, 53.638252680939893 ], [ 0.074781933453838, 53.638268405169491 ], [ 0.074755480617429, 53.637729467140929 ], [ 0.07520890818117, 53.63772160603834 ], [ 0.075195679198734, 53.637452137079329 ], [ 0.075649103662243, 53.637444274337234 ], [ 0.075635872008475, 53.637174805440743 ], [ 0.073822184411132, 53.637206245802432 ], [ 0.073835404521847, 53.637475715006744 ], [ 0.071114849383648, 53.637522824516289 ], [ 0.071128052393646, 53.637792294167383 ], [ 0.068860902796966, 53.637831505272167 ], [ 0.068874091591445, 53.638100975292701 ], [ 0.067060356522149, 53.638132313585885 ], [ 0.067073533986514, 53.638401783898814 ], [ 0.067526970960326, 53.638393951823666 ], [ 0.067540151524317, 53.638663422045468 ], [ 0.067993591170506, 53.638655588177045 ], [ 0.068046327107567, 53.639733468612945 ], [ 0.067139424512407, 53.639749135246767 ], [ 0.067165782218082, 53.640288075684829 ], [ 0.066258867223272, 53.640303735758692 ], [ 0.066272040623832, 53.64057320610938 ], [ 0.064911657871083, 53.640596683574877 ], [ 0.06489849312964, 53.640327212994315 ], [ 0.063084658017451, 53.640358491941427 ], [ 0.063071505034775, 53.640089021040168 ], [ 0.062618048609937, 53.640096836408681 ], [ 0.062591749056766, 53.639557894409826 ], [ 0.062138298191346, 53.639565707908616 ], [ 0.062125151620707, 53.639296236811049 ], [ 0.058044110224048, 53.639366480362987 ], [ 0.058057230818513, 53.639635952148318 ], [ 0.053522691311932, 53.639713838219755 ], [ 0.053575060360572, 53.640791728267303 ], [ 0.051761192430308, 53.640822835847004 ], [ 0.051774273676836, 53.641092308627428 ], [ 0.050867332666099, 53.641107852268902 ], [ 0.050880408351455, 53.641377325187094 ], [ 0.048613037682998, 53.641416154627223 ], [ 0.048599976430783, 53.641146681328827 ], [ 0.048146504548356, 53.641154441990444 ], [ 0.048159562913929, 53.641423915364811 ], [ 0.047706087933175, 53.641431674385615 ], [ 0.047719143623737, 53.641701147821578 ], [ 0.047265665544649, 53.64170890520149 ], [ 0.047330932737986, 53.643056272544975 ], [ 0.046877440013087, 53.643064028587787 ], [ 0.046916594207378, 53.643872449048835 ], [ 0.046463092609805, 53.643880203602507 ], [ 0.046515289615615, 53.64495809765269 ], [ 0.046968802761979, 53.644950342795298 ], [ 0.047047121942081, 53.646567182982857 ], [ 0.048407712084965, 53.646543906741002 ], [ 0.048394649696612, 53.646274433640329 ], [ 0.049301702958033, 53.646258907712145 ], [ 0.049327839496711, 53.646797853595032 ], [ 0.050688435125008, 53.646774551368082 ], [ 0.050701512374976, 53.647044024059731 ], [ 0.051608580842399, 53.647028480503863 ], [ 0.051647831190557, 53.647836898035763 ], [ 0.052101373769182, 53.647829123453718 ], [ 0.052127547504157, 53.648368068250647 ], [ 0.051673999149929, 53.648375842984947 ], [ 0.051713252679981, 53.649184260300629 ], [ 0.052620366503752, 53.649168708657967 ], [ 0.052633457214071, 53.649438180915418 ], [ 0.053994135021814, 53.649414840343262 ], [ 0.054007234608508, 53.649684312357742 ], [ 0.053553672663541, 53.649692094341965 ], [ 0.053566769574537, 53.64996156641822 ], [ 0.052659639271441, 53.649977125387075 ], [ 0.05268582217782, 53.650516069801071 ], [ 0.05223225093153, 53.650523846861823 ], [ 0.052245339814868, 53.650793319123338 ], [ 0.051791765468119, 53.65080109454285 ], [ 0.051817938094829, 53.651340039174954 ], [ 0.052271518218209, 53.651332263603152 ], [ 0.05232387757167, 53.652410152389834 ], [ 0.051870285894469, 53.652417928266189 ], [ 0.051883373374868, 53.652687400502977 ], [ 0.05142977859689, 53.652695174737957 ], [ 0.051469033645325, 53.653503591590209 ], [ 0.050561826120878, 53.653519135364348 ], [ 0.050548746670014, 53.653249662942457 ], [ 0.05009514547838, 53.653257432177099 ], [ 0.050082069128275, 53.652987959664728 ], [ 0.049628470613302, 53.652995727105775 ], [ 0.049615397363861, 53.652726254502937 ], [ 0.044172233327488, 53.652819328916109 ], [ 0.044185271912864, 53.653088802430389 ], [ 0.04237086557678, 53.653119772577135 ], [ 0.04235783854624, 53.65285029875956 ], [ 0.041450639888088, 53.652865773376057 ], [ 0.041437618846124, 53.65259629939257 ], [ 0.040984022089012, 53.652604034048757 ], [ 0.04097100414681, 53.652334559975145 ], [ 0.040063815776684, 53.652350023983502 ], [ 0.040050803822749, 53.652080549744049 ], [ 0.039143620385912, 53.652096006730972 ], [ 0.039156626562637, 53.652365481121791 ], [ 0.037342245604269, 53.652396374788111 ], [ 0.037329250982023, 53.652126900094771 ], [ 0.037782843649155, 53.652119179330072 ], [ 0.037769846349025, 53.651849704697973 ], [ 0.035501895349819, 53.651888290968429 ], [ 0.035488912703136, 53.651618815944097 ], [ 0.034581736606715, 53.65163423827876 ], [ 0.034594713476282, 53.651903713454132 ], [ 0.033687530761104, 53.651919129069803 ], [ 0.033674559668672, 53.651649653743476 ], [ 0.03231379268438, 53.651672764059377 ], [ 0.032300830467857, 53.651403288492368 ], [ 0.029579308157203, 53.651449462299546 ], [ 0.02959225304241, 53.651718938318702 ], [ 0.029138662367188, 53.651726628017336 ], [ 0.029151604573671, 53.651996104097449 ], [ 0.027790822623248, 53.652019163114069 ], [ 0.027816690333599, 53.652558115682808 ], [ 0.027363090153235, 53.652565798737086 ], [ 0.027376021434211, 53.652835275075148 ], [ 0.026922418155399, 53.652842956487099 ], [ 0.026935346757225, 53.653112432886019 ], [ 0.026481740379953, 53.653120112655586 ], [ 0.026494666302537, 53.653389589115356 ], [ 0.022412173481163, 53.653458630425156 ], [ 0.022399273558675, 53.65318915328929 ], [ 0.025120919990797, 53.653143141658646 ], [ 0.025108002944317, 53.65287366495901 ], [ 0.026468814666956, 53.652850636181455 ], [ 0.026442963869705, 53.652311683190128 ], [ 0.026896561580627, 53.652304003646172 ], [ 0.026883633607675, 53.652034527204165 ], [ 0.027337228220293, 53.652026846017868 ], [ 0.027324297568318, 53.651757369636734 ], [ 0.027777889082639, 53.651749686808166 ], [ 0.027764955751735, 53.651480210487883 ], [ 0.028672132374056, 53.651464839828691 ], [ 0.028659193475785, 53.65119536364459 ], [ 0.029566363481882, 53.651179986266008 ], [ 0.029553419016445, 53.650910510218111 ], [ 0.032728487204837, 53.650856635820347 ], [ 0.032741451889472, 53.65112611134068 ], [ 0.033195035107234, 53.651118408052923 ], [ 0.033208002890565, 53.651387883483444 ], [ 0.037743852380971, 53.651310755390597 ], [ 0.037756849259631, 53.651580230051479 ], [ 0.039117608665106, 53.651557057906203 ], [ 0.03913061442007, 53.651826532325785 ], [ 0.040037792079789, 53.651811075490215 ], [ 0.040024780547801, 53.651541601221993 ], [ 0.04047836617272, 53.651533870303687 ], [ 0.04046535196324, 53.651264396096792 ], [ 0.040011769226778, 53.651272126939382 ], [ 0.039933705730688, 53.649655280941595 ], [ 0.039480140113061, 53.649663009612652 ], [ 0.03944111987696, 53.648854586192456 ], [ 0.04080179010423, 53.648831395708555 ], [ 0.040788775116643, 53.648561921433462 ], [ 0.041695881770536, 53.648546452675859 ], [ 0.041682861218093, 53.648276978537865 ], [ 0.042589961251727, 53.648261503062692 ], [ 0.042576935134629, 53.64799202906184 ], [ 0.043030481946811, 53.647984288824176 ], [ 0.043017453153076, 53.647714814884708 ], [ 0.043470996866206, 53.647707073005584 ], [ 0.043444934136921, 53.647168125235119 ], [ 0.045259083774315, 53.647137141153394 ], [ 0.045246041175907, 53.646867667549941 ], [ 0.046153108950763, 53.646852165357807 ], [ 0.046100917571285, 53.645774271407198 ], [ 0.045647395339741, 53.645782023058231 ], [ 0.045634350911111, 53.64551254945868 ], [ 0.045180831355512, 53.645520299316743 ], [ 0.04512866730489, 53.644442404470986 ], [ 0.044675159087105, 53.644450152308501 ], [ 0.044662121490173, 53.644180678485199 ], [ 0.044208615948223, 53.644188424529858 ], [ 0.044195581449798, 53.64391895061631 ], [ 0.043742078583695, 53.643926694868142 ], [ 0.043689954251152, 53.642848798766693 ], [ 0.043236462721963, 53.642856540998295 ], [ 0.043223435053865, 53.642587066861132 ], [ 0.042769946200414, 53.642594807300057 ], [ 0.0427438972715, 53.642055858830979 ], [ 0.04229041398064, 53.642063597401432 ], [ 0.0422643716698, 53.641524648723227 ], [ 0.041810893941407, 53.641532385425307 ], [ 0.04178485824824, 53.640993436538004 ], [ 0.041331386082194, 53.641001171371798 ], [ 0.041305357006298, 53.640462222275467 ], [ 0.040851890402477, 53.640469955241009 ], [ 0.040812857030306, 53.63966153126146 ], [ 0.040359398875028, 53.639669262283142 ], [ 0.040320376060037, 53.638860837946979 ], [ 0.039413476435078, 53.638876294386158 ], [ 0.039426478056611, 53.639145769330604 ], [ 0.038519571816017, 53.639161219054323 ], [ 0.038480584901284, 53.638352793724032 ], [ 0.038934029468119, 53.638345069947384 ], [ 0.038921031364997, 53.638075594884143 ], [ 0.038467589684341, 53.63808331858516 ], [ 0.038441599882381, 53.637544368264258 ], [ 0.037988163763308, 53.637552090097429 ], [ 0.038014147793042, 53.638091040569549 ], [ 0.037560705691145, 53.638098760837288 ], [ 0.037599674656528, 53.638907186664348 ], [ 0.037146223685365, 53.638914905442192 ], [ 0.037159210875281, 53.639184380764696 ], [ 0.036705756807263, 53.639192097901407 ], [ 0.036666804527933, 53.638383671664101 ], [ 0.037120249937079, 53.638375954754054 ], [ 0.037107263378701, 53.638106479388426 ], [ 0.036653820855751, 53.638114196222922 ], [ 0.036640837394026, 53.637844720767333 ], [ 0.036187397546775, 53.637852435809648 ], [ 0.036265284156435, 53.639469288780624 ], [ 0.035811826781122, 53.639477002559474 ], [ 0.03573395748912, 53.637860149135321 ], [ 0.033920195155378, 53.63789098527181 ], [ 0.033933161300104, 53.638160461180362 ], [ 0.033479717304941, 53.638168165998358 ], [ 0.033492680773614, 53.63843764196799 ], [ 0.033039233682087, 53.638445345144738 ], [ 0.033026273099647, 53.638175869099712 ], [ 0.03257282868427, 53.638183570484379 ], [ 0.032559871198105, 53.637914094349561 ], [ 0.03301331272729, 53.637906393040282 ], [ 0.032987392612807, 53.637367440878322 ], [ 0.032080520888901, 53.637382841478676 ], [ 0.032093475068904, 53.637652317717624 ], [ 0.031186596732875, 53.637667711602269 ], [ 0.031199545350547, 53.637937187977585 ], [ 0.030746102981515, 53.6379448824203 ], [ 0.030759048922867, 53.63821435885658 ], [ 0.028945265803872, 53.638245119762203 ], [ 0.028971135225798, 53.63878407319401 ], [ 0.029424587092754, 53.638776385392056 ], [ 0.029437525004591, 53.639045862011137 ], [ 0.028984070251266, 53.639053549888359 ], [ 0.028997005486411, 53.63932302656837 ], [ 0.02854354763699, 53.63933071280411 ], [ 0.028556480195349, 53.639600189545 ], [ 0.025382249176862, 53.639653945652952 ], [ 0.02539516173914, 53.639923422905831 ], [ 0.024941696440899, 53.639931095557884 ], [ 0.02492878676517, 53.639661618229908 ], [ 0.024475324144213, 53.639669289090087 ], [ 0.024462417564257, 53.639399811672632 ], [ 0.022648576534785, 53.639430477645369 ], [ 0.022635681709932, 53.639160999913308 ], [ 0.021728765713817, 53.639176322449096 ], [ 0.021715876870865, 53.638906844552643 ], [ 0.021262421445837, 53.638914503170426 ], [ 0.021301079942007, 53.639722937041668 ], [ 0.020847615648609, 53.639730594167659 ], [ 0.020796082950706, 53.638652682010736 ], [ 0.019889176829266, 53.638667990512765 ], [ 0.019876299949597, 53.638398512287786 ], [ 0.019422849462125, 53.638406163888789 ], [ 0.01939710210157, 53.637867207245954 ], [ 0.018036766705106, 53.637890151299437 ], [ 0.018049631622185, 53.638159629852694 ], [ 0.018503079849226, 53.638151983476668 ], [ 0.01851594786118, 53.638421461940709 ], [ 0.016248690209332, 53.63845967702806 ], [ 0.016222983257244, 53.637920719337316 ], [ 0.015316090283048, 53.637935993056125 ], [ 0.015290395709329, 53.637397035008945 ], [ 0.01574383652808, 53.637389399157399 ], [ 0.015679589307542, 53.636042004162334 ], [ 0.0161330154876, 53.63603436696804 ], [ 0.016120163782373, 53.635764888000772 ], [ 0.01657358686818, 53.635757249164691 ], [ 0.016612151266756, 53.636565685799063 ], [ 0.016158719523001, 53.636573324859519 ], [ 0.01619727713854, 53.637381761589197 ], [ 0.017104157734403, 53.637366481302863 ], [ 0.017117016462011, 53.637635960034473 ], [ 0.01666357338206, 53.637643601110774 ], [ 0.016676429431845, 53.637913079902866 ], [ 0.017583321155823, 53.63789779588393 ], [ 0.01751901412911, 53.636550402528357 ], [ 0.017972445247615, 53.636542758318079 ], [ 0.017959581581665, 53.63627327967879 ], [ 0.018413009605648, 53.636265633826817 ], [ 0.018387277127379, 53.635726676654912 ], [ 0.017933854875277, 53.635734322357159 ], [ 0.017882403964425, 53.634656407541804 ], [ 0.017428993047048, 53.634664051228164 ], [ 0.017403274613841, 53.634125093584757 ], [ 0.016949869259373, 53.634132735405004 ], [ 0.01691130182938, 53.63332429860786 ], [ 0.016004507808724, 53.633339576650272 ], [ 0.01599165818639, 53.633070097539644 ], [ 0.01508486910361, 53.633085368566924 ], [ 0.015072025460399, 53.632815889292438 ], [ 0.015525417220467, 53.632808254711733 ], [ 0.015512570900037, 53.632538775497636 ], [ 0.015965959566511, 53.632531139275343 ], [ 0.015978808772321, 53.632800618414663 ], [ 0.016432200115915, 53.632792980401227 ], [ 0.016406496141846, 53.632254022257818 ], [ 0.015953110568957, 53.632261660121692 ], [ 0.015927413198595, 53.63172270177138 ], [ 0.015020652969173, 53.631737972051106 ], [ 0.015007810366749, 53.631468492704954 ], [ 0.014554432824994, 53.631476125195633 ], [ 0.014541593315869, 53.631206645760408 ], [ 0.014088218451179, 53.631214276460113 ], [ 0.01407538203526, 53.630944796935836 ], [ 0.014528754014837, 53.630937166310851 ], [ 0.014515914921893, 53.63066768684692 ], [ 0.012702437295819, 53.63069819875065 ], [ 0.012715264848468, 53.630967678513279 ], [ 0.013168637452029, 53.630960053037057 ], [ 0.013181468097706, 53.631229532710691 ], [ 0.012274716912422, 53.631244782096189 ], [ 0.012249067369441, 53.630705822435971 ], [ 0.011795697235214, 53.630713444405053 ], [ 0.011821341007968, 53.631252404214507 ], [ 0.011367964895702, 53.631260024616559 ], [ 0.01131668972169, 53.630182104641918 ], [ 0.01086332494196, 53.630189723029311 ], [ 0.010850509552796, 53.629920242925245 ], [ 0.010397147450329, 53.629927859521885 ], [ 0.010384335153778, 53.629658379328902 ], [ 0.009930975728581, 53.629665994134768 ], [ 0.00994378514021, 53.629935474402288 ], [ 0.00949042262249, 53.62994308756651 ], [ 0.009477616095786, 53.629673607224447 ], [ 0.00902425625544, 53.629681218597945 ], [ 0.008998649594406, 53.629142257721846 ], [ 0.00809194083071, 53.629157475022289 ], [ 0.008079143581034, 53.628887994413759 ], [ 0.007625791772862, 53.628895600415291 ], [ 0.007612997615342, 53.628626119717985 ], [ 0.006706299146518, 53.628641326423704 ], [ 0.006731876129761, 53.629180288101779 ], [ 0.007185231237401, 53.629172685458101 ], [ 0.007210814819462, 53.629711646930012 ], [ 0.008117535952275, 53.629696436196369 ], [ 0.008143131903489, 53.630235397313172 ], [ 0.008596497928725, 53.630227789223099 ], [ 0.008609299100494, 53.630497269685527 ], [ 0.007702561072529, 53.630512484298407 ], [ 0.00768976567083, 53.630243003687021 ], [ 0.007236399230797, 53.630250608344653 ], [ 0.007261984471443, 53.630789569702017 ], [ 0.006355239429153, 53.630804774166286 ], [ 0.006368026590195, 53.63107425497234 ], [ 0.005914650873014, 53.631081854704497 ], [ 0.00590186659712, 53.630812373824021 ], [ 0.00544849355789, 53.63081997176549 ], [ 0.005461274948631, 53.631089452720346 ], [ 0.005007898817092, 53.631097049019921 ], [ 0.005020677529782, 53.631366530034818 ], [ 0.004567298305927, 53.631374124692449 ], [ 0.004554522478446, 53.631104643603202 ], [ 0.003194392220326, 53.631127417055268 ], [ 0.003168858497431, 53.630588454387883 ], [ 0.002715487101133, 53.630596041957418 ], [ 0.002702723435142, 53.630326560527969 ], [ 0.00224935471707, 53.630334146306971 ], [ 0.002274876485687, 53.630873109300076 ], [ 0.002728250973989, 53.630865523372542 ], [ 0.002766543833794, 53.631673967532087 ], [ 0.000953010016975, 53.631704301835455 ], [ 0.000940257064635, 53.631434820166284 ], [ 0.000486875978868, 53.631442399377079 ], [ 0.000423128743246, 53.630094990445507 ], [ -0.000030238123364, 53.630102567569025 ], [ -0.000017491974571, 53.630372049458167 ], [ -0.00047086193283, 53.630379624939629 ], [ -0.000458118462575, 53.63064910688859 ], [ -0.001364864768899, 53.630664252851055 ], [ -0.001352126862449, 53.63093373493399 ], [ -0.001805503210481, 53.630941305414929 ], [ -0.00176729690823, 53.631749751800342 ], [ -0.001313911904381, 53.631742181097053 ], [ -0.001301173172104, 53.632011663122796 ], [ -0.000847785489358, 53.632004090629025 ], [ -0.000796816953614, 53.633082018292413 ], [ -0.002157015246996, 53.633104731514109 ], [ -0.002144281253536, 53.633374213616577 ], [ -0.00169087873035, 53.633366644185003 ], [ -0.001678141644843, 53.633636126199072 ], [ -0.002131547053678, 53.633643695704755 ], [ -0.00211881264742, 53.633913177778609 ], [ -0.002572221148358, 53.633920745641937 ], [ -0.00253402534851, 53.63472919200003 ], [ -0.002987442713205, 53.634736758369094 ], [ -0.002974713253074, 53.63500624053394 ], [ -0.003428133709994, 53.635013805260542 ], [ -0.00338995274957, 53.635822251891476 ], [ -0.003843382070758, 53.635829815123664 ], [ -0.003881554373197, 53.635021368270564 ], [ -0.004334975242636, 53.635028929564058 ], [ -0.004360416641303, 53.634489964775746 ], [ -0.005267247455153, 53.634505081917013 ], [ -0.005241817600044, 53.635044047001315 ], [ -0.005695239087917, 53.635051603145115 ], [ -0.005682526737185, 53.635321085739797 ], [ -0.005229102363346, 53.63531352952203 ], [ -0.00520367127164, 53.635852494520577 ], [ -0.004750241331839, 53.635844936438211 ], [ -0.004712084489991, 53.636653383606813 ], [ -0.004258646097916, 53.636645823585788 ], [ -0.00424592385206, 53.636915305872712 ], [ -0.004699365130373, 53.636922865967747 ], [ -0.004686645564578, 53.637192348314379 ], [ -0.005140089935354, 53.637199906766767 ], [ -0.00515280661486, 53.636930424346119 ], [ -0.005606248305476, 53.636937981007819 ], [ -0.005618961892606, 53.636668498498871 ], [ -0.006072400903055, 53.636676053369904 ], [ -0.006085111397904, 53.636406570772706 ], [ -0.006538547728174, 53.6364141238531 ], [ -0.006551255130835, 53.636144641167668 ], [ -0.006097821686726, 53.63613708816122 ], [ -0.00612324164631, 53.635598122895345 ], [ -0.006576669318234, 53.635605675753908 ], [ -0.006602082681769, 53.635066710282977 ], [ -0.007055504787655, 53.635074261277055 ], [ -0.00708091155554, 53.634535295601118 ], [ -0.008441161792963, 53.63455793784054 ], [ -0.008466550422292, 53.634018971664055 ], [ -0.010280197199241, 53.634049136694308 ], [ -0.010292879662191, 53.633779653289288 ], [ -0.010746288984677, 53.633787190181778 ], [ -0.01075896835633, 53.633517706688686 ], [ -0.011212374998592, 53.633525241790885 ], [ -0.011225051279041, 53.633255758209742 ], [ -0.011678455241069, 53.6332632915217 ], [ -0.011729146765996, 53.632185356759265 ], [ -0.012182539391095, 53.632192888059819 ], [ -0.012271221454903, 53.630306501159595 ], [ -0.012724594088017, 53.630314030227694 ], [ -0.012749924202372, 53.629775062265992 ], [ -0.0132032912705, 53.629782589470423 ], [ -0.013127315775488, 53.631399493626418 ], [ -0.013580700360184, 53.631407019556661 ], [ -0.013555379324123, 53.631945987641814 ], [ -0.013101988968603, 53.631938461564197 ], [ -0.013089325257289, 53.632207945511652 ], [ -0.013542718498291, 53.632215471662974 ], [ -0.013517396230998, 53.632754439662456 ], [ -0.014424194870815, 53.632769487110494 ], [ -0.014411539200603, 53.633038971236132 ], [ -0.014864941713856, 53.633046492459101 ], [ -0.014839635529458, 53.633585460814857 ], [ -0.015293044019212, 53.63359298046862 ], [ -0.015280393505159, 53.633862464698716 ], [ -0.016187216871325, 53.63387749900393 ], [ -0.016199861613803, 53.633608014626638 ], [ -0.015746452714009, 53.633600498405876 ], [ -0.015759100137279, 53.633331014087922 ], [ -0.016212506151332, 53.633338530235086 ], [ -0.016225150483914, 53.633069045829252 ], [ -0.016678553817212, 53.633076560186346 ], [ -0.016817596210875, 53.630112229971026 ], [ -0.017270968009396, 53.630119741802602 ], [ -0.017258331701297, 53.630389226512534 ], [ -0.017711706589813, 53.63039673670135 ], [ -0.017661170850591, 53.631474675692509 ], [ -0.017207784420826, 53.63146716520955 ], [ -0.017195147088667, 53.631736649848115 ], [ -0.017648536403861, 53.631744160404608 ], [ -0.017635901752353, 53.632013645102454 ], [ -0.018089294157806, 53.632021154016051 ], [ -0.018064030011536, 53.632560123515965 ], [ -0.018517428392835, 53.632567630860152 ], [ -0.018504798898209, 53.632837115662205 ], [ -0.019411602046119, 53.632852125348208 ], [ -0.019398978118147, 53.633121610282963 ], [ -0.019852382884726, 53.633129112624701 ], [ -0.01983976163787, 53.633398597618644 ], [ -0.020293169494752, 53.633406098317344 ], [ -0.020280550929107, 53.633675583370454 ], [ -0.020733961876301, 53.633683082426067 ], [ -0.020759193031539, 53.633144112158732 ], [ -0.022572815778485, 53.633174090628913 ], [ -0.02258541950657, 53.632904605180336 ], [ -0.023945630054801, 53.632927070789812 ], [ -0.023958224921582, 53.632657585107012 ], [ -0.024411625960324, 53.632665070137236 ], [ -0.02443680931025, 53.632126098582326 ], [ -0.024890204781851, 53.632133581749557 ], [ -0.024940557490833, 53.631055638175596 ], [ -0.024487173561141, 53.631048155301436 ], [ -0.024537534546991, 53.629970211792461 ], [ -0.02499090693552, 53.629977694373601 ], [ -0.024978319880361, 53.630247180345464 ], [ -0.026338446925458, 53.630269618010701 ], [ -0.02632586832212, 53.630539104188038 ], [ -0.028139385443976, 53.630568997339111 ], [ -0.028126818178122, 53.630838483794847 ], [ -0.02858020085326, 53.630845952864867 ], [ -0.028617893383869, 53.630037493235548 ], [ -0.028164519364639, 53.630030024384901 ], [ -0.028151952506147, 53.630299510869122 ], [ -0.02769857580534, 53.630292040229016 ], [ -0.027723715089107, 53.629753067392592 ], [ -0.027270344362473, 53.629745595182463 ], [ -0.027282916583934, 53.629476108816064 ], [ -0.028189652470606, 53.629491051373712 ], [ -0.028177086019457, 53.62976053788644 ], [ -0.03044394372532, 53.629797864611042 ], [ -0.030431391496593, 53.63006735147497 ], [ -0.030884766533492, 53.630074811744002 ], [ -0.030897315876988, 53.629805324807045 ], [ -0.031804060790446, 53.629820240050122 ], [ -0.031791517217426, 53.630089727133118 ], [ -0.032698268714563, 53.63010463565692 ], [ -0.032710806517089, 53.629835148427951 ], [ -0.033164179685238, 53.629842600042387 ], [ -0.033151644767966, 53.630112087344294 ], [ -0.033605021024529, 53.630119537315366 ], [ -0.033617553056543, 53.629850049940515 ], [ -0.039511425349485, 53.62994674243032 ], [ -0.039523919670238, 53.62967725409456 ], [ -0.045871164630791, 53.629781059063085 ], [ -0.045883618355469, 53.629511569696781 ], [ -0.049057235482235, 53.629563345522712 ], [ -0.049069668808289, 53.629293855635282 ], [ -0.049523040604696, 53.629301245244122 ], [ -0.049510610163914, 53.629570735203913 ], [ -0.05132411090484, 53.629600276765224 ], [ -0.051336529804487, 53.629330786516221 ], [ -0.052243275612224, 53.629345546854218 ], [ -0.052255688540095, 53.629076056446522 ], [ -0.053615800104671, 53.629098183864357 ], [ -0.053628204175721, 53.628828693225806 ], [ -0.055895046377327, 53.628865537568224 ], [ -0.055882656732437, 53.629135028567497 ], [ -0.060416385042491, 53.629208589248307 ], [ -0.060404024049911, 53.629478080953639 ], [ -0.066751317725405, 53.629580778564453 ], [ -0.06673899692823, 53.629850271261063 ], [ -0.070819446650326, 53.629916114151861 ], [ -0.070807151623023, 53.630185607478978 ], [ -0.073074089539722, 53.630222127145473 ], [ -0.073061808741065, 53.630491620815981 ], [ -0.078955908111164, 53.630586372051219 ], [ -0.078943664627172, 53.630855866635272 ], [ -0.080757251958722, 53.630884962785878 ], [ -0.080745019819299, 53.631154457640655 ], [ -0.08301202287308, 53.631190789563071 ], [ -0.082999804964493, 53.631460284759456 ], [ -0.087533854776976, 53.631532820573838 ], [ -0.08754604382704, 53.631263324667266 ], [ -0.089359657743, 53.631292290645476 ], [ -0.089371835052158, 53.631022794441165 ], [ -0.090278637422884, 53.631037266989217 ], [ -0.090266465885424, 53.631306763335232 ], [ -0.091173274816979, 53.631321229158694 ], [ -0.091161108854044, 53.631590725632222 ], [ -0.094788375551504, 53.631648520829124 ], [ -0.094776232479153, 53.63191801785441 ], [ -0.09568305689464, 53.631932449628984 ], [ -0.095695194195004, 53.631662952462385 ], [ -0.096148603811868, 53.631670165704122 ], [ -0.096136469397504, 53.631939662941356 ], [ -0.097496708086014, 53.63196129257868 ], [ -0.097508833842351, 53.631691795129676 ], [ -0.099322476634336, 53.631720610331215 ], [ -0.099334590650227, 53.631451112585957 ], [ -0.102055043411874, 53.631494283467049 ], [ -0.102042946711976, 53.631763781635016 ], [ -0.103856597352483, 53.631792528171722 ], [ -0.103844512000777, 53.632062026607024 ], [ -0.104297928036813, 53.632069209019953 ], [ -0.104310010502442, 53.631799710514322 ], [ -0.104763423848241, 53.631806891140279 ], [ -0.104751344268693, 53.632076389716225 ], [ -0.105204760696371, 53.632083568695847 ], [ -0.105216837389831, 53.631814070049614 ], [ -0.105670251127169, 53.631821247242307 ], [ -0.105658177319798, 53.632090745958813 ], [ -0.106111594138929, 53.632097921505121 ], [ -0.106123665060206, 53.631828422718357 ], [ -0.107483908033045, 53.631849938846671 ], [ -0.107471845770077, 53.632119437844096 ], [ -0.108378681168504, 53.632133773486778 ], [ -0.10836662448234, 53.632403272610489 ], [ -0.109273466434798, 53.632417601526804 ], [ -0.109261415325637, 53.632687100776728 ], [ -0.110168263831881, 53.632701422966534 ], [ -0.110156218299923, 53.632970922342608 ], [ -0.111063073359706, 53.632985237805748 ], [ -0.111075113119106, 53.632715738289505 ], [ -0.111528538055468, 53.632722893375941 ], [ -0.111516501182354, 53.632992392962237 ], [ -0.111969929200112, 53.632999546401976 ], [ -0.111945860641272, 53.633538545672444 ], [ -0.112399294626821, 53.633545697535496 ], [ -0.112423357412933, 53.633006698124994 ], [ -0.113783643221304, 53.633028142993687 ], [ -0.113771620584805, 53.633297642915949 ], [ -0.116492214780142, 53.633340486720932 ], [ -0.116480209267255, 53.633609987048601 ], [ -0.116933645200947, 53.63361712174396 ], [ -0.116945647827404, 53.633347621346417 ], [ -0.117399081069218, 53.633354754255159 ], [ -0.117375081394662, 53.633893755175848 ], [ -0.119188839398261, 53.633922270201523 ], [ -0.119176850815366, 53.634191770919998 ], [ -0.119630293688753, 53.634198895454155 ], [ -0.119618307798121, 53.634468396228307 ], [ -0.122338986436461, 53.634511107798133 ], [ -0.122327017671482, 53.634780608976463 ], [ -0.123233917876851, 53.634794832570876 ], [ -0.123221954691301, 53.635064333874404 ], [ -0.124582315113835, 53.635085656598299 ], [ -0.124570360394695, 53.635355158096523 ], [ -0.125477274085628, 53.635369364800432 ], [ -0.12546532494637, 53.635638866423726 ], [ -0.126372245185771, 53.635653066399023 ], [ -0.126360301626595, 53.635922568147336 ], [ -0.127720692098329, 53.635943855441688 ], [ -0.127708757006386, 53.636213357384378 ], [ -0.128162223770923, 53.636220449784702 ], [ -0.128150291372509, 53.636489951782799 ], [ -0.129510701487533, 53.63651121889017 ], [ -0.129498777556861, 53.636780721082467 ], [ -0.129952250868914, 53.636787806753667 ], [ -0.129940329632061, 53.637057309001285 ], [ -0.130847282610107, 53.637071475331332 ], [ -0.130835366954333, 53.637340977703616 ], [ -0.131288846620293, 53.637348058362434 ], [ -0.131276933658573, 53.637617560790027 ], [ -0.13218389934425, 53.637631717095097 ], [ -0.132171991963954, 53.637901219647269 ], [ -0.133078964196304, 53.637915369222597 ], [ -0.133067062397632, 53.638184871899284 ], [ -0.133974041176409, 53.63819901474475 ], [ -0.133962144959559, 53.638468517545881 ], [ -0.134415637525636, 53.638475586462164 ], [ -0.134403744003368, 53.638745089318483 ], [ -0.134857239649691, 53.638752156586825 ], [ -0.134845348822098, 53.639021659498312 ], [ -0.135298847548677, 53.639028725118713 ], [ -0.135286959415854, 53.639298228085359 ], [ -0.135740461222697, 53.639305292057735 ], [ -0.135728575784736, 53.639574795079518 ], [ -0.136635585751603, 53.639588918011029 ], [ -0.136611825848286, 53.640127924289104 ], [ -0.137972359568951, 53.640149096221968 ], [ -0.137948616221854, 53.640688102858547 ], [ -0.138855651215786, 53.64070220917052 ], [ -0.138843785029239, 53.640971712605889 ], [ -0.139297305702644, 53.640978763254999 ], [ -0.139285442211622, 53.641248266745393 ], [ -0.140192489911197, 53.641262363029732 ], [ -0.140180632003751, 53.641531866644151 ], [ -0.14108768624822, 53.641545956197184 ], [ -0.141075833924551, 53.64181545993555 ], [ -0.141529364223055, 53.641822502205024 ], [ -0.141517514595292, 53.642092005998308 ], [ -0.142424581544722, 53.642106085523054 ], [ -0.142389048837718, 53.642914597232441 ], [ -0.143296133884262, 53.64292867030111 ], [ -0.143284295041065, 53.643198174313994 ], [ -0.143737840740542, 53.643205208341051 ], [ -0.14372600459372, 53.643474712408832 ], [ -0.144633102344968, 53.643488775448304 ], [ -0.144621271782987, 53.643758279639769 ], [ -0.145074823834724, 53.643765308652164 ], [ -0.145062995969357, 53.64403481289844 ], [ -0.145516551101287, 53.644041840262133 ], [ -0.145504725932626, 53.644311344563249 ], [ -0.145958284144759, 53.644318370278206 ], [ -0.145946461672898, 53.644587874634112 ], [ -0.146853584449224, 53.644601921049052 ], [ -0.146841767562837, 53.644871425528464 ], [ -0.147748896882701, 53.644885465210741 ], [ -0.147725274089772, 53.645424474402546 ], [ -0.148632415730306, 53.645438507489395 ], [ -0.148608803726379, 53.645977516899997 ], [ -0.149515957687651, 53.645991543391148 ], [ -0.14950415717623, 53.646261048212807 ], [ -0.149957737332731, 53.646268058950589 ], [ -0.149945939518867, 53.646537563826904 ], [ -0.150399522755551, 53.646544572915644 ], [ -0.150387727639337, 53.646814077846585 ], [ -0.150841313956214, 53.646821085286291 ], [ -0.150829521537742, 53.647090590271858 ], [ -0.15173670052306, 53.647104600135386 ], [ -0.151713126668771, 53.647643610338903 ], [ -0.152620317974854, 53.647657613605837 ], [ -0.152596754912763, 53.648196624027634 ], [ -0.153503958539682, 53.648210620697704 ], [ -0.153492182500583, 53.64848012602468 ], [ -0.153945787489738, 53.648487121851531 ], [ -0.153934014148996, 53.648756627233041 ], [ -0.154387622218358, 53.648763621410581 ], [ -0.154375851576064, 53.649033126846575 ], [ -0.154829462725644, 53.649040119374774 ], [ -0.154817694781892, 53.649309624865246 ], [ -0.155271309011697, 53.64931661574407 ], [ -0.155259543766581, 53.649586121289019 ], [ -0.155713161076619, 53.649593110518431 ], [ -0.155701398530234, 53.649862616117836 ], [ -0.156155018920513, 53.649869603697795 ], [ -0.156143259072951, 53.650139109351635 ], [ -0.15659688254348, 53.650146095282125 ], [ -0.156585125394836, 53.650415600990371 ], [ -0.157038751945623, 53.650422585271336 ], [ -0.157026997495988, 53.650692091033996 ], [ -0.157934256948656, 53.650706054578883 ], [ -0.157910759036507, 53.651245066335768 ], [ -0.158818030810205, 53.651259023282179 ], [ -0.158794543695324, 53.651798035256483 ], [ -0.159701827790119, 53.651811985604191 ], [ -0.159678351473253, 53.6523509977958 ], [ -0.16013199958608, 53.652357970529174 ], [ -0.160120264032139, 53.652627476672293 ], [ -0.160573915225291, 53.652634447755887 ], [ -0.160538716091944, 53.653442966306152 ], [ -0.160992376145713, 53.653449935876417 ], [ -0.160968914885923, 53.653988948309873 ], [ -0.16187624712506, 53.65400288256896 ], [ -0.161864521990437, 53.654272388901163 ], [ -0.161410852885461, 53.654265422562482 ], [ -0.161399124670331, 53.654534928812495 ], [ -0.161852796665669, 53.654541895219403 ], [ -0.161841071150749, 53.654811401523666 ], [ -0.162294746226648, 53.65481836628058 ], [ -0.162271300407306, 53.655357378983595 ], [ -0.162724981454285, 53.655364342158656 ], [ -0.162713261149998, 53.655633848557393 ], [ -0.163166945277606, 53.655640810082396 ], [ -0.163155227673853, 53.655910316535333 ], [ -0.163608914882099, 53.655917276410243 ], [ -0.163597199978974, 53.656186782917366 ], [ -0.16314350988007, 53.656179822974281 ], [ -0.163120073722395, 53.65671883581026 ], [ -0.164481161933417, 53.656739710893412 ], [ -0.164469452241924, 53.657009217494895 ], [ -0.165376851113822, 53.657023125761476 ], [ -0.165365147014142, 53.657292632485188 ], [ -0.166272552427029, 53.657306534014445 ], [ -0.166249155221966, 53.657845547692283 ], [ -0.165795446638757, 53.657838597650709 ], [ -0.165772042892698, 53.658377611136508 ], [ -0.166225757257975, 53.658384561314215 ], [ -0.166202358535024, 53.658923574880262 ], [ -0.167109799399287, 53.658937470352519 ], [ -0.16712149307332, 53.658667963440372 ], [ -0.167575210898793, 53.658674908530749 ], [ -0.167563520115923, 53.658944415510902 ], [ -0.168017241022169, 53.658951358950802 ], [ -0.167993864670075, 53.659490373005227 ], [ -0.167540137981354, 53.659483429429315 ], [ -0.167528446629647, 53.65975293636756 ], [ -0.168889635938408, 53.659773762143693 ], [ -0.168877953071157, 53.660043269271938 ], [ -0.168424220220665, 53.660036328997144 ], [ -0.16841253427252, 53.660305836043442 ], [ -0.167505063357368, 53.660291950202144 ], [ -0.167493371436787, 53.660561457098481 ], [ -0.167947109691021, 53.660568400946431 ], [ -0.167935420472303, 53.66083790789682 ], [ -0.168389161807621, 53.660844850094172 ], [ -0.168354101688687, 53.661653371065476 ], [ -0.169261602277503, 53.661667250712156 ], [ -0.169249920975472, 53.661936757810615 ], [ -0.168796167694613, 53.661929818778646 ], [ -0.168784483311374, 53.662199325795157 ], [ -0.169238239483974, 53.662206264895111 ], [ -0.169226557803005, 53.662475771965639 ], [ -0.170134076500157, 53.6624896451453 ], [ -0.170099047671718, 53.663298166680711 ], [ -0.170552815980074, 53.663305100896203 ], [ -0.170541142217135, 53.663574608114679 ], [ -0.170994913606829, 53.663581540679303 ], [ -0.17097157129702, 53.664120555210147 ], [ -0.171425348660151, 53.664127486191767 ], [ -0.171437017017619, 53.663857978865437 ], [ -0.171890791677922, 53.663864908060368 ], [ -0.171867460557955, 53.664403922834808 ], [ -0.172775022014653, 53.664417776339569 ], [ -0.17271671982615, 53.665765313709855 ], [ -0.173624310962325, 53.665779161017376 ], [ -0.173601000332747, 53.666318176139065 ], [ -0.174054801969374, 53.666325097349997 ], [ -0.174031496368659, 53.666864112551451 ], [ -0.174485303979433, 53.666871032178967 ], [ -0.174473653788173, 53.667140539826526 ], [ -0.174927464480563, 53.667147457802834 ], [ -0.174892521451069, 53.667955980865081 ], [ -0.175800160759042, 53.667969812067007 ], [ -0.175753590550973, 53.669047843163241 ], [ -0.176207422059899, 53.669054756456461 ], [ -0.17619578192874, 53.669324264263345 ], [ -0.17664961651952, 53.669331175905128 ], [ -0.176637979092609, 53.669600683765779 ], [ -0.177091816765252, 53.669607593756076 ], [ -0.177068547131372, 53.670146609570885 ], [ -0.177522390779064, 53.670153517977333 ], [ -0.17751075857223, 53.670423025931491 ], [ -0.178418452220131, 53.670436837722015 ], [ -0.178383571827342, 53.671245361906678 ], [ -0.178837427614227, 53.671252265425949 ], [ -0.178825803332815, 53.671521773527239 ], [ -0.179279662201706, 53.671528675394832 ], [ -0.179256418860137, 53.672067691690764 ], [ -0.180164148737496, 53.672081490538375 ], [ -0.180152532571053, 53.672350998800582 ], [ -0.180606400686011, 53.672357895712899 ], [ -0.180571559736984, 53.6731664206186 ], [ -0.181025436721387, 53.673173316014214 ], [ -0.181013825588656, 53.673442824355753 ], [ -0.181467705655209, 53.673449718099484 ], [ -0.181456097227928, 53.673719226494626 ], [ -0.182363863713631, 53.673733008958749 ], [ -0.182340657869675, 53.674272025977238 ], [ -0.182794547182723, 53.674278914765097 ], [ -0.182782946872356, 53.674548423320914 ], [ -0.183236839267585, 53.674555310456739 ], [ -0.183225241663042, 53.674824819066082 ], [ -0.183679137140462, 53.674831704549845 ], [ -0.183655947155098, 53.675370721861626 ], [ -0.184109848608846, 53.675377605760737 ], [ -0.184098256228161, 53.67564711446316 ], [ -0.184552160764166, 53.675653996710118 ], [ -0.18454057108963, 53.67592350546601 ], [ -0.184994478707901, 53.675930386060799 ], [ -0.184971304583322, 53.6764694036656 ], [ -0.185879131961023, 53.676483159965883 ], [ -0.185867550405498, 53.676752668882152 ], [ -0.186321467270615, 53.676759544520166 ], [ -0.186309888421614, 53.677029053489868 ], [ -0.186763808369029, 53.677035927475579 ], [ -0.186752232226646, 53.677305436498685 ], [ -0.187206155256368, 53.677312308832043 ], [ -0.187183008197246, 53.677851326971101 ], [ -0.187636937203869, 53.677858197719388 ], [ -0.187648507932734, 53.67758868858953 ], [ -0.188102434232504, 53.677595557550788 ], [ -0.188090866398229, 53.677865066747955 ], [ -0.188544795780279, 53.677871934056775 ], [ -0.188533230652954, 53.67814144330729 ], [ -0.188987163117293, 53.678148308963642 ], [ -0.188975600697013, 53.678417818267484 ], [ -0.189429536243648, 53.678424682271341 ], [ -0.189417976530505, 53.678694191628495 ], [ -0.189871915159445, 53.678701053979793 ], [ -0.189860358153535, 53.67897056339028 ], [ -0.190768241763514, 53.678984283067919 ], [ -0.190756690359777, 53.679253792598878 ], [ -0.191210635340782, 53.679260649925169 ], [ -0.191199086644517, 53.679530159509355 ], [ -0.192106982958438, 53.679543869136772 ], [ -0.192095439864691, 53.679813378841367 ], [ -0.192549391197574, 53.679820231142429 ], [ -0.192514769477695, 53.680628760374056 ], [ -0.193422690075518, 53.680642460219254 ], [ -0.193411154918012, 53.680911970069502 ], [ -0.193865118392859, 53.680918817479302 ], [ -0.193853585943385, 53.681188327382714 ], [ -0.194761519244833, 53.681202017176624 ], [ -0.194749992398747, 53.681471527200252 ], [ -0.195203962225314, 53.681478369584305 ], [ -0.1951924380875, 53.681747879661032 ], [ -0.195646410996376, 53.681754720392135 ], [ -0.195634889566929, 53.682024230521961 ], [ -0.196088865558122, 53.682031069600072 ], [ -0.196077346837134, 53.682300579783004 ], [ -0.197893264252211, 53.682327919163157 ], [ -0.197858741713975, 53.683136450431995 ], [ -0.198766718915227, 53.683150110203336 ], [ -0.198743714538651, 53.68368913124732 ], [ -0.199197709210571, 53.683695958686656 ], [ -0.199209208596505, 53.68342644810474 ], [ -0.199663200559348, 53.683433273757039 ], [ -0.199628710528916, 53.684241805661749 ], [ -0.200536712388618, 53.684255452207154 ], [ -0.200525221130339, 53.684524962947933 ], [ -0.201433229527598, 53.684538602746322 ], [ -0.201444714994204, 53.684269091871911 ], [ -0.201898716576587, 53.68427590912404 ], [ -0.201887234005823, 53.684545420065248 ], [ -0.202341238670382, 53.684552235663993 ], [ -0.202329758809176, 53.684821746658088 ], [ -0.201875751248724, 53.684814930992559 ], [ -0.201864268305287, 53.685084441905957 ], [ -0.202318278761679, 53.685091257638263 ], [ -0.202306798527886, 53.685360768604532 ], [ -0.203214825791498, 53.685374395041968 ], [ -0.203203351163487, 53.685643906127829 ], [ -0.204111384964018, 53.68565752581776 ], [ -0.204076977339559, 53.686466059392302 ], [ -0.204985029261457, 53.686479672601315 ], [ -0.204962101499586, 53.687018695181607 ], [ -0.205416133532158, 53.687025499338951 ], [ -0.205404672268505, 53.687295010674937 ], [ -0.206312742684288, 53.687308613961889 ], [ -0.20630128702743, 53.687578125417232 ], [ -0.206755325410607, 53.68758492454679 ], [ -0.206732419332104, 53.68812394754903 ], [ -0.2071864636941, 53.688130745091385 ], [ -0.207175013272592, 53.688400256638282 ], [ -0.207629060716963, 53.688407052526799 ], [ -0.207617613006226, 53.688676564126375 ], [ -0.208071663532982, 53.688683358361018 ], [ -0.20806021853311, 53.688952870013274 ], [ -0.208514272142258, 53.688959662594037 ], [ -0.208502829853345, 53.689229174298944 ], [ -0.208956886544893, 53.689235965225741 ], [ -0.208934007203513, 53.689774988727002 ], [ -0.209388069874275, 53.689781778066362 ], [ -0.209376632821946, 53.690051289862645 ], [ -0.209830698575175, 53.690058077547967 ], [ -0.209807829707509, 53.690597101231944 ], [ -0.210261901440165, 53.690603887329686 ], [ -0.210250469624964, 53.690873399217331 ], [ -0.210704544440157, 53.690880183660987 ], [ -0.210670256572613, 53.691688719440009 ], [ -0.211578424142035, 53.691702283564197 ], [ -0.211555576225053, 53.692241307613244 ], [ -0.212009666082352, 53.692248087227206 ], [ -0.211986823218349, 53.692787111353596 ], [ -0.212440919055664, 53.692793889379686 ], [ -0.21241808124499, 53.693332913583383 ], [ -0.212872183062482, 53.693339690021553 ], [ -0.212849350305488, 53.693878714302485 ], [ -0.213757566086385, 53.693892262282006 ], [ -0.21373474417866, 53.694431286772939 ], [ -0.214188858142185, 53.694438058314198 ], [ -0.21416604128904, 53.694977082882296 ], [ -0.21462016123317, 53.694983852835406 ], [ -0.214597349434957, 53.695522877480649 ], [ -0.215051475359852, 53.695529645845532 ], [ -0.215040072080932, 53.69579915821366 ], [ -0.215494201088809, 53.695805924923931 ], [ -0.215471399771615, 53.696344949751165 ], [ -0.215925534760471, 53.696351714873096 ], [ -0.215914136722333, 53.696621227332187 ], [ -0.216368274794238, 53.696627990799428 ], [ -0.21634548395915, 53.697167015808532 ], [ -0.21679962801225, 53.697173777687333 ], [ -0.216788235215437, 53.697443290237324 ], [ -0.217242382351653, 53.697450050461335 ], [ -0.217230992268149, 53.697719563063707 ], [ -0.21768514248749, 53.697726321632906 ], [ -0.217662367562443, 53.698265346928487 ], [ -0.218116523763255, 53.698272103909048 ], [ -0.218093753895641, 53.698811129281559 ], [ -0.218547916078081, 53.698817884673446 ], [ -0.218525151268249, 53.699356910122866 ], [ -0.218979319432476, 53.699363663925986 ], [ -0.218967939648991, 53.699633176696054 ], [ -0.219422110896526, 53.699639928844185 ], [ -0.219399356572687, 53.700178954475078 ], [ -0.219853533802224, 53.700185705034322 ], [ -0.219842159262007, 53.700455217895119 ], [ -0.220296339574921, 53.700461966799303 ], [ -0.220273595738161, 53.701000992611526 ], [ -0.220727782033293, 53.70100773992673 ], [ -0.220716412736887, 53.701277252878157 ], [ -0.221170602115463, 53.701283998538202 ], [ -0.221147868766871, 53.701823024531684 ], [ -0.22160206412788, 53.7018297686026 ], [ -0.221579335839299, 53.702368794672786 ], [ -0.222033537182899, 53.702375537154545 ], [ -0.222010813954681, 53.70291456330142 ], [ -0.222465021281031, 53.702921304193943 ], [ -0.222453662289481, 53.703190817312624 ], [ -0.222907872699459, 53.703197556549796 ], [ -0.222873803316347, 53.704006096020841 ], [ -0.223328022608663, 53.704012833734659 ], [ -0.223316668678317, 53.70428234693 ], [ -0.223770891054382, 53.704289082988389 ], [ -0.223759539839183, 53.704558596235842 ], [ -0.224213765299002, 53.704565330638772 ], [ -0.224202416799045, 53.704834843938379 ], [ -0.224656645342627, 53.704841576685773 ], [ -0.224645299558006, 53.705111090037477 ], [ -0.22509953118536, 53.705117821129321 ], [ -0.225076844862825, 53.705656847923109 ], [ -0.225531082473634, 53.705663577425319 ], [ -0.225519741935856, 53.705933090867369 ], [ -0.225973982630505, 53.705939818713958 ], [ -0.225951306802199, 53.706478845688352 ], [ -0.22640555348052, 53.70648557194518 ], [ -0.22639421819013, 53.706755085477511 ], [ -0.226848467952356, 53.706761810078604 ], [ -0.226825802619368, 53.70730083723349 ], [ -0.227280058365483, 53.707307560244729 ], [ -0.227268728323024, 53.707577073867277 ], [ -0.227722987153112, 53.707583795222718 ], [ -0.227711659826774, 53.707853308897278 ], [ -0.228165921740842, 53.707860028596876 ], [ -0.228131947358885, 53.708668569734989 ], [ -0.22858621815734, 53.70867528791041 ], [ -0.228563573450598, 53.709214315398263 ], [ -0.229017850233471, 53.709221031983539 ], [ -0.22900653050472, 53.709490545772489 ], [ -0.229460810371751, 53.709497260701795 ], [ -0.229415541220756, 53.710575315982368 ], [ -0.229869832873503, 53.710582029453015 ], [ -0.229858518026976, 53.710851543304344 ], [ -0.230312812764049, 53.710858255118886 ], [ -0.230267563143664, 53.711936310648767 ], [ -0.230721869667351, 53.711943021004473 ], [ -0.23068793922608, 53.712751562703779 ], [ -0.23114225463612, 53.712758271534746 ], [ -0.231130947022733, 53.713027785472569 ], [ -0.231585265517379, 53.713034492647253 ], [ -0.231551350278846, 53.713843034574843 ], [ -0.232005677660356, 53.713849740224632 ], [ -0.2319943751149, 53.714119254238511 ], [ -0.232448705581134, 53.714125958231925 ], [ -0.232392204607531, 53.715473528422258 ], [ -0.232846549763967, 53.715480231021992 ], [ -0.23283525192024, 53.715749745084224 ], [ -0.233289600161623, 53.715756446027434 ], [ -0.233244418558506, 53.716834502400609 ], [ -0.233698778589744, 53.716841201884229 ], [ -0.233676192491135, 53.717380230119076 ], [ -0.234130558509266, 53.717386928011713 ], [ -0.234107977480798, 53.717925956322503 ], [ -0.234562349485981, 53.717932652624064 ], [ -0.234539773528007, 53.718471681010762 ], [ -0.235448529696052, 53.718485068709263 ], [ -0.235425964613027, 53.719024097303027 ], [ -0.235880348776007, 53.719030788699847 ], [ -0.235857788764377, 53.719569817369432 ], [ -0.236312178914842, 53.719576507174949 ], [ -0.236300901536472, 53.719846021554559 ], [ -0.236755294772303, 53.719852709703183 ], [ -0.236744020113064, 53.720122224134485 ], [ -0.237198416434269, 53.720128910626165 ], [ -0.237175872371185, 53.720667939578377 ], [ -0.238084677172127, 53.720681307656285 ], [ -0.238062143986593, 53.721220336815179 ], [ -0.238970961129231, 53.721233698264861 ], [ -0.238948438822001, 53.72177272763038 ], [ -0.239402853472779, 53.721779405902261 ], [ -0.239391594947461, 53.722048920629724 ], [ -0.239846012683712, 53.722055597244442 ], [ -0.239834756878226, 53.722325112023519 ], [ -0.24028917769996, 53.72233178698103 ], [ -0.240277924614401, 53.722601301811707 ], [ -0.240732348521623, 53.722607975112005 ], [ -0.240709847607831, 53.723147004862689 ], [ -0.241618707581609, 53.723160346556782 ], [ -0.241596217548552, 53.723699376513686 ], [ -0.242505089864486, 53.723712711578401 ], [ -0.242493850379974, 53.72398222666682 ], [ -0.242948289714765, 53.723988891680399 ], [ -0.242937052950745, 53.724258406820319 ], [ -0.243845937973856, 53.724271731809822 ], [ -0.243823475510759, 53.724810762309424 ], [ -0.244732372875982, 53.724824080668881 ], [ -0.244698695232644, 53.725632626706265 ], [ -0.246062068777004, 53.725652591911455 ], [ -0.246050851241259, 53.725922107425291 ], [ -0.246505312357176, 53.72592875911316 ], [ -0.246482882545938, 53.726467790229798 ], [ -0.246937349650853, 53.726474440325148 ], [ -0.246926137375498, 53.72674395592793 ], [ -0.247380607566022, 53.72675060436552 ], [ -0.247335768257895, 53.727828666899185 ], [ -0.248244732414085, 53.727841959126692 ], [ -0.248222323282603, 53.728380990571225 ], [ -0.248676811441246, 53.728387634230707 ], [ -0.248654407389511, 53.728926665750215 ], [ -0.24910890153784, 53.728933307816853 ], [ -0.24907530280751, 53.729741855187875 ], [ -0.249529805849721, 53.729748495726717 ], [ -0.249518608813192, 53.730018011554513 ], [ -0.249973114941367, 53.73002465043529 ], [ -0.249950726130986, 53.730563682179621 ], [ -0.25040523824932, 53.73057031946739 ], [ -0.250382854520097, 53.731109351286598 ], [ -0.250837372628746, 53.731115986981251 ], [ -0.250826183395769, 53.731385502935197 ], [ -0.251280704590508, 53.731392136971671 ], [ -0.251269518080157, 53.731661652976811 ], [ -0.251724042360993, 53.73166828535507 ], [ -0.251712858573362, 53.731937801411433 ], [ -0.252167385940304, 53.731944432131421 ], [ -0.252145023629044, 53.732483464332731 ], [ -0.252599556986637, 53.73249009345939 ], [ -0.252588378463145, 53.732759609604315 ], [ -0.25304291490691, 53.732766237072646 ], [ -0.253031739106465, 53.733035753268744 ], [ -0.25348627863641, 53.733042379078682 ], [ -0.253475105559105, 53.733311895325919 ], [ -0.254384190972828, 53.733325141905596 ], [ -0.254373023523499, 53.733594658268885 ], [ -0.254827569407242, 53.733601279038567 ], [ -0.254816404681293, 53.733870795452972 ], [ -0.255725502802421, 53.733884031951938 ], [ -0.255703184425887, 53.734423064998829 ], [ -0.256612294891622, 53.734436294863549 ], [ -0.256601141241328, 53.734705811495978 ], [ -0.257055699650956, 53.734712423907986 ], [ -0.257044548724469, 53.734981940591467 ], [ -0.257953671897126, 53.734995160374673 ], [ -0.257942526599597, 53.73526467717393 ], [ -0.258397091362592, 53.735271284545078 ], [ -0.258385948789111, 53.735540801395338 ], [ -0.259295084668312, 53.735554011096632 ], [ -0.259283947724134, 53.735823528062561 ], [ -0.260193090137358, 53.73583673099921 ], [ -0.260181958822685, 53.736106248080787 ], [ -0.260636533205787, 53.736112847028465 ], [ -0.260625404615547, 53.736382364160953 ], [ -0.261534559734617, 53.736395557014994 ], [ -0.261523436774226, 53.73666507426303 ], [ -0.261978017510159, 53.736671668169301 ], [ -0.26196689727444, 53.73694118546819 ], [ -0.262876065098981, 53.736954368239196 ], [ -0.262864950493457, 53.737223885653528 ], [ -0.263774124851126, 53.737237061659229 ], [ -0.263763015875998, 53.737506579188931 ], [ -0.264672196766543, 53.737519748429165 ], [ -0.264661093422011, 53.737789266074202 ], [ -0.26557028084518, 53.737802428548882 ], [ -0.265559183131445, 53.738071946309162 ], [ -0.266922974335087, 53.738091677286967 ], [ -0.266911885158003, 53.738361195226894 ], [ -0.267366485491915, 53.738367768836547 ], [ -0.267355399040375, 53.738637286827149 ], [ -0.268719209839736, 53.738656997507022 ], [ -0.268708131925357, 53.738926515677072 ], [ -0.269617345836424, 53.738939647640365 ], [ -0.269606273553698, 53.739209165925367 ], [ -0.271424715157385, 53.739235409424104 ], [ -0.27141365431827, 53.739504927952623 ], [ -0.271868268074446, 53.739511484582124 ], [ -0.271857209961559, 53.739781003161148 ], [ -0.272311826803328, 53.739787558131127 ], [ -0.272300771416764, 53.740057076760642 ], [ -0.273210011451074, 53.740070181657593 ], [ -0.273198961696964, 53.740339700401826 ], [ -0.27365358488947, 53.740346250328749 ], [ -0.273642537861922, 53.74061576912343 ], [ -0.277734180820409, 53.740674641469163 ], [ -0.277723159768781, 53.74094416082724 ], [ -0.279087052698258, 53.740963754104634 ], [ -0.279098065031347, 53.740694234554461 ], [ -0.280461950852551, 53.740713812124717 ], [ -0.280450947238036, 53.740983331866836 ], [ -0.279541684032658, 53.740970281749277 ], [ -0.279530674426881, 53.741239801349678 ], [ -0.281803848312297, 53.741272414033944 ], [ -0.281814843386843, 53.741002894113791 ], [ -0.282724108379323, 53.741015926992176 ], [ -0.282702129676722, 53.741554967074258 ], [ -0.283156768253383, 53.7415614810553 ], [ -0.283167754787645, 53.741291960957263 ], [ -0.283622390636494, 53.741298473150501 ], [ -0.283611407008549, 53.741567993312373 ], [ -0.286339243285527, 53.741607030651636 ], [ -0.286317310371073, 53.74214607169958 ], [ -0.28677195618729, 53.742152572016359 ], [ -0.286793883288914, 53.741613530840972 ], [ -0.294068147536523, 53.741717299409387 ], [ -0.294057230577569, 53.741986821021321 ], [ -0.294966522618134, 53.741999761187479 ], [ -0.294955611294816, 53.742269282912517 ], [ -0.295864909857544, 53.74228221630942 ], [ -0.295854004170062, 53.742551738147554 ], [ -0.2972179620627, 53.742571125502721 ], [ -0.297207064917875, 53.742840647517198 ], [ -0.297661720809554, 53.742847106584158 ], [ -0.297694402993129, 53.742038540309579 ], [ -0.298149050342072, 53.742044997462536 ], [ -0.298159941142769, 53.741775475280235 ], [ -0.298614585762173, 53.741781930645871 ], [ -0.298625473479475, 53.741512408386583 ], [ -0.299080115369333, 53.741518861964948 ], [ -0.299101884460487, 53.740979817278671 ], [ -0.303193617106708, 53.741037820766643 ], [ -0.303204475230075, 53.740768297834251 ], [ -0.30593228749708, 53.740806888869173 ], [ -0.305910605950482, 53.741345935476936 ], [ -0.311366319250568, 53.741422932867991 ], [ -0.31137712523468, 53.741153408816103 ], [ -0.313195690331239, 53.741179019193616 ], [ -0.313206484514095, 53.740909494876938 ], [ -0.315025040791018, 53.740935077419543 ], [ -0.315035823172937, 53.740665552838379 ], [ -0.31685437062727, 53.740691107546553 ], [ -0.316865141208572, 53.740421582701117 ], [ -0.318683679837365, 53.740447109575292 ], [ -0.31869443861837, 53.740177584465918 ], [ -0.319603703169107, 53.740190337434143 ], [ -0.319614455962731, 53.739920812186064 ], [ -0.320069085593886, 53.739927186021745 ], [ -0.320079835306559, 53.739657660697475 ], [ -0.321898343952229, 53.739683138550994 ], [ -0.321909081865406, 53.739413612963254 ], [ -0.322818331422762, 53.739426341421634 ], [ -0.322829063349127, 53.739156815695445 ], [ -0.325102175762133, 53.739188606361097 ], [ -0.325112892983428, 53.73891908030955 ], [ -0.326931374423734, 53.738944481562669 ], [ -0.32694207984646, 53.738674955248442 ], [ -0.327851315798152, 53.738687645407218 ], [ -0.327862015234797, 53.738418118954868 ], [ -0.329680477599472, 53.738443478337167 ], [ -0.329691165238124, 53.738173951622542 ], [ -0.3306003916504, 53.738186620846271 ], [ -0.330611073303404, 53.737917093993772 ], [ -0.331065683863872, 53.737923425957767 ], [ -0.331055005116878, 53.738192952872339 ], [ -0.331509618756852, 53.738199283174545 ], [ -0.331488266554539, 53.738738337086794 ], [ -0.331033647102395, 53.73873200666047 ], [ -0.331012288393893, 53.739271060393961 ], [ -0.330557663302902, 53.739264728119572 ], [ -0.330525615219919, 53.740073308431036 ], [ -0.33098024902979, 53.740079640891679 ], [ -0.331001608779376, 53.739540587240192 ], [ -0.331456236950128, 53.739546917852707 ], [ -0.331477590193198, 53.739007864022454 ], [ -0.33193221272496, 53.739014192786918 ], [ -0.331953559461913, 53.738475138777886 ], [ -0.33240817635481, 53.738481465694399 ], [ -0.332418846557106, 53.738211938607364 ], [ -0.332873460717289, 53.73821826373797 ], [ -0.332884127840203, 53.737948736575269 ], [ -0.333338739267667, 53.737955059920026 ], [ -0.333349403311295, 53.73768553268166 ], [ -0.333804012006029, 53.737691854240587 ], [ -0.333814672970464, 53.737422326926591 ], [ -0.336087704511539, 53.737453908554038 ], [ -0.336077058076855, 53.737723436177667 ], [ -0.336531667810121, 53.737729747393566 ], [ -0.336563597877534, 53.736921164296106 ], [ -0.33701819906597, 53.736927473602584 ], [ -0.337007558788954, 53.737197001377247 ], [ -0.33746216305613, 53.737203309021766 ], [ -0.33747280042727, 53.736933781185279 ], [ -0.338382003668279, 53.736946391179252 ], [ -0.338371372108898, 53.737215919139381 ], [ -0.339735186983392, 53.737234821387148 ], [ -0.339745809825102, 53.736965293241731 ], [ -0.340200412222604, 53.736971590481602 ], [ -0.340211031985881, 53.736702062260782 ], [ -0.339301833175157, 53.7366894661807 ], [ -0.339333708864343, 53.735880881806779 ], [ -0.339788299466159, 53.735887180523477 ], [ -0.339798921444996, 53.735617652309791 ], [ -0.341162685568662, 53.735636537932251 ], [ -0.34117329865808, 53.73536700951977 ], [ -0.341627884138583, 53.735373301218118 ], [ -0.341638494150004, 53.735103772730312 ], [ -0.343002242908791, 53.73512263729819 ], [ -0.343012844031227, 53.734853108611794 ], [ -0.34392200492053, 53.734865676248702 ], [ -0.343932600059741, 53.734596147425457 ], [ -0.344841755826536, 53.734608708044469 ], [ -0.3448523449827, 53.734339179084451 ], [ -0.345306920218698, 53.734345456746922 ], [ -0.345317506297415, 53.734075927711714 ], [ -0.346681224320811, 53.734094750172673 ], [ -0.34669180151141, 53.733825220939295 ], [ -0.347146371624218, 53.733831491584191 ], [ -0.347156945737646, 53.733561962275722 ], [ -0.34852064839053, 53.733580763684344 ], [ -0.348531213616275, 53.733311234177918 ], [ -0.349440343765841, 53.733323759709492 ], [ -0.349450903009424, 53.733054230066614 ], [ -0.350360028034607, 53.733066748581074 ], [ -0.350349474601567, 53.733336278346663 ], [ -0.349894909097958, 53.733330019889877 ], [ -0.349884352588152, 53.733599549580468 ], [ -0.350338920997081, 53.733605808098616 ], [ -0.350328367221147, 53.733875337836942 ], [ -0.348964653792803, 53.733856556927549 ], [ -0.348954091129183, 53.734126086468137 ], [ -0.348499517424124, 53.734119822656339 ], [ -0.348488951683455, 53.734389352121866 ], [ -0.34757979897743, 53.734376819204456 ], [ -0.347569227254128, 53.734646348533502 ], [ -0.346205490766835, 53.734627536045529 ], [ -0.346194910155197, 53.73489706517649 ], [ -0.34574032876429, 53.734890790838307 ], [ -0.345729745075192, 53.735160319894121 ], [ -0.344365993217611, 53.735141486352809 ], [ -0.344355400639742, 53.735411015210353 ], [ -0.343446227783833, 53.735398450774461 ], [ -0.343435629222583, 53.735667979495183 ], [ -0.342526451244125, 53.735655408041204 ], [ -0.342505241982222, 53.736194465195211 ], [ -0.342050647439982, 53.736188176759335 ], [ -0.342040039644825, 53.736457705254196 ], [ -0.342949234713147, 53.736470280525509 ], [ -0.342938632557298, 53.736739809130029 ], [ -0.343847834126262, 53.736752377629422 ], [ -0.343858430470447, 53.736482848901687 ], [ -0.344313028607346, 53.73648913050409 ], [ -0.34432362187359, 53.736219601701109 ], [ -0.3447782172768, 53.73622588151818 ], [ -0.344788807465198, 53.735956352640002 ], [ -0.345243400134709, 53.73596263067175 ], [ -0.345253987245355, 53.735693101718375 ], [ -0.346163167288916, 53.735705652487546 ], [ -0.346173748416242, 53.735436123397498 ], [ -0.346628335790233, 53.735442396134992 ], [ -0.346638913840038, 53.735172866969805 ], [ -0.347548083292281, 53.735185407150666 ], [ -0.34755865535908, 53.734915877848891 ], [ -0.348467819687168, 53.734928411012042 ], [ -0.348478385771138, 53.734658881573765 ], [ -0.348932965287145, 53.734665145508394 ], [ -0.348943528293965, 53.734395615995098 ], [ -0.350307259154915, 53.734414397272708 ], [ -0.350296704864611, 53.734683926970149 ], [ -0.349842124833928, 53.734677668206579 ], [ -0.349831567466605, 53.734947197829015 ], [ -0.350286150402843, 53.73495345665394 ], [ -0.350022233121852, 53.741691694318327 ], [ -0.350476888883878, 53.741697952953338 ], [ -0.350022825338881, 53.753287704444631 ], [ -0.350477606306981, 53.753293963994047 ], [ -0.350023350454774, 53.764883692920613 ], [ -0.350478256716518, 53.764889953384426 ], [ -0.350023808432859, 53.77647965974888 ], [ -0.350478840075901, 53.776485921127083 ], [ -0.350024199236415, 53.78807560493204 ], [ -0.35047935634849, 53.788081867224626 ], [ -0.350024522828662, 53.799671528472651 ], [ -0.350479805497589, 53.799677791679649 ], [ -0.350024779172768, 53.811267430373384 ], [ -0.350480187486449, 53.811273694494737 ], [ -0.350024968231847, 53.822863310636819 ], [ -0.350480502278266, 53.822869575672541 ], [ -0.350025089968957, 53.83445916926555 ], [ -0.350480749836182, 53.834465435215655 ], [ -0.3500251443471, 53.846055006262212 ], [ -0.350480930123283, 53.846061273126672 ], [ -0.350025131329228, 53.857650821629434 ], [ -0.350481043102602, 53.857657089408228 ], [ -0.350025050878232, 53.869246615369811 ], [ -0.350481088737117, 53.869252884062995 ], [ -0.350024902956954, 53.880842387486005 ], [ -0.35048106698975, 53.880848657093516 ], [ -0.350024687528176, 53.892438137980641 ], [ -0.350480977823368, 53.892444408502485 ], [ -0.350024404554627, 53.904033866856331 ], [ -0.350480821200785, 53.904040138292522 ], [ -0.350024053998982, 53.915629574115719 ], [ -0.350480597084758, 53.915635846466252 ], [ -0.350023635823859, 53.92722525976145 ], [ -0.350480305437988, 53.927231533026315 ], [ -0.350023149991821, 53.938820923796193 ], [ -0.350479946223125, 53.938827197975385 ], [ -0.350022596465375, 53.950416566222579 ], [ -0.35047951940276, 53.95042284131609 ], [ -0.350021975206973, 53.962012187043264 ], [ -0.350479024939427, 53.962018463051109 ], [ -0.350021286179012, 53.973607786260885 ], [ -0.350478462795611, 53.973614063183057 ], [ -0.350020529343833, 53.985203363878149 ], [ -0.350477832933732, 53.985209641714633 ], [ -0.350019704663719, 53.996798919897664 ], [ -0.350477135316164, 53.996805198648467 ], [ -0.350018812100902, 54.008394454322151 ], [ -0.350476369905219, 54.008400733987258 ], [ -0.350017851617553, 54.019989967154231 ], [ -0.350475536663154, 54.019996247733651 ], [ -0.350016823175788, 54.031585458396641 ], [ -0.350474635552173, 54.031591739890352 ], [ -0.35001572673767, 54.043180928051981 ], [ -0.35047366653442, 54.043187210460054 ], [ -0.350014562265203, 54.054776376122994 ], [ -0.350472629571985, 54.054782659445372 ], [ -0.350013329720334, 54.06637180261238 ], [ -0.350471524626903, 54.066378086849042 ], [ -0.350012029064956, 54.077967207522768 ], [ -0.350470351661149, 54.077973492673749 ], [ -0.350010660260904, 54.089562590856893 ], [ -0.350469110636645, 54.089568876922172 ], [ -0.350009223269955, 54.101157952617434 ], [ -0.350467801515255, 54.101164239597026 ], [ -0.350007718053835, 54.11275329280712 ], [ -0.350466424258787, 54.112759580701024 ], [ -0.350006144574205, 54.124348611428609 ], [ -0.350464978828992, 54.12435490023681 ], [ -0.350004502792676, 54.135943908484641 ], [ -0.350463465187565, 54.135950198207155 ], [ -0.350002792670799, 54.147539183977941 ], [ -0.350461883296143, 54.147545474614759 ], [ -0.350001014170067, 54.159134437911192 ], [ -0.350460233116307, 54.159140729462329 ], [ -0.34999916725192, 54.170729670287123 ], [ -0.350458514609579, 54.17073596275258 ], [ -0.350083092829843, 54.180168805177836 ], [ -0.337677956092498, 54.179998235094807 ], [ -0.33766714599548, 54.18026774295312 ], [ -0.319748727159239, 54.180019106827558 ], [ -0.319737800474659, 54.180288612222512 ], [ -0.301819537787474, 54.180037309068467 ], [ -0.301808494517562, 54.180306811973765 ], [ -0.283890390889255, 54.18005284182906 ], [ -0.283879231036303, 54.180322342218432 ], [ -0.268258445726631, 54.180098756211294 ], [ -0.268280968195004, 54.179559759824492 ], [ -0.267821542524286, 54.179553153240192 ] ] } }
]
}
