{
"type": "FeatureCollection",
"name": "Holderness_Shoreline_2005",
"crs": { "type": "name", "properties": { "name": "urn:ogc:def:crs:OGC:1.3:CRS84" } },
"features": [
{ "type": "Feature", "properties": { "Year": 2005, "Sensor": "Landsat 7 ETM+" }, "geometry": { "type": "LineString", "coordinates": [ [ -0.296522006722794, 53.714784457336613 ], [ -0.296532897081454, 53.714514934147893 ], [ -0.295169847403673, 53.714495545879892 ], [ -0.295158948339901, 53.714765068878584 ], [ -0.294704595899514, 53.714758602614637 ], [ -0.294715497864982, 53.714489079679311 ], [ -0.2919894043521, 53.714450246307806 ], [ -0.29200032355035, 53.714180723739382 ], [ -0.291091632933955, 53.714167765630975 ], [ -0.291102557758045, 53.713898243175784 ], [ -0.290193873654388, 53.713885278305405 ], [ -0.290204804104115, 53.713615755963545 ], [ -0.289750465220014, 53.713609271008551 ], [ -0.289761398393718, 53.713339748716514 ], [ -0.28794405623896, 53.713313791928776 ], [ -0.287955000840767, 53.713044269877415 ], [ -0.287046336632312, 53.713031281277622 ], [ -0.287057286859103, 53.712761759339777 ], [ -0.28660295792291, 53.712755262520325 ], [ -0.286613910873191, 53.712485740632417 ], [ -0.285705259336995, 53.712472741954379 ], [ -0.285716217911916, 53.712203220180129 ], [ -0.284807572889965, 53.712190214741 ], [ -0.284818537089325, 53.711920693080465 ], [ -0.285727176308896, 53.711933698392137 ], [ -0.285738134527942, 53.711664176590382 ], [ -0.284829501110655, 53.711651171406196 ], [ -0.284840464953958, 53.711381649718156 ], [ -0.283931838050948, 53.711368637773127 ], [ -0.28394280751831, 53.711099116198866 ], [ -0.282125567454171, 53.711073071899271 ], [ -0.282136548347348, 53.710803550566517 ], [ -0.280319322739873, 53.71077747896976 ], [ -0.28033031505843, 53.710507957878768 ], [ -0.279876012003564, 53.710501435738422 ], [ -0.279898001906917, 53.709962393643004 ], [ -0.278989407936145, 53.709949344452134 ], [ -0.279011408728374, 53.709410302557451 ], [ -0.278557117812352, 53.709403775506978 ], [ -0.278568120841218, 53.709134254602958 ], [ -0.278113833004506, 53.709127725894575 ], [ -0.278124838755335, 53.708858205040777 ], [ -0.277216269419257, 53.708845142586277 ], [ -0.277238291986982, 53.708306101093427 ], [ -0.276784013388157, 53.708299567411402 ], [ -0.276806041041638, 53.70776052599156 ], [ -0.275897495982229, 53.707747453718163 ], [ -0.275908515341459, 53.707477933115705 ], [ -0.27545424598045, 53.707471394460342 ], [ -0.275465268061078, 53.707201873908225 ], [ -0.275011001779327, 53.707195333595166 ], [ -0.275044075648144, 53.70638677204844 ], [ -0.274589818246002, 53.70638023020593 ], [ -0.274600845411074, 53.706110709726929 ], [ -0.27414659108807, 53.706104166226822 ], [ -0.274157620974172, 53.705834645798191 ], [ -0.2737033697303, 53.705828100640488 ], [ -0.273725434765259, 53.705289059870182 ], [ -0.273271189500467, 53.705282513119144 ], [ -0.273282224649188, 53.70501299277749 ], [ -0.272827982463461, 53.705006444368955 ], [ -0.272839020332886, 53.704736924077686 ], [ -0.272384781226216, 53.704730374011696 ], [ -0.27242894251093, 53.703652292965749 ], [ -0.271520488033225, 53.703639188182606 ], [ -0.271542579198555, 53.703100147833837 ], [ -0.271088358027833, 53.703093592988409 ], [ -0.271110454274885, 53.702554552713018 ], [ -0.271564669646626, 53.702561107429979 ], [ -0.271575714601698, 53.702291587207391 ], [ -0.271121502129378, 53.702285032554663 ], [ -0.27113254980452, 53.702015512382523 ], [ -0.27067834041092, 53.702008956072575 ], [ -0.270700441021767, 53.70146991581548 ], [ -0.270246237606151, 53.70146335791263 ], [ -0.270279395874571, 53.700654797616458 ], [ -0.269371006976713, 53.700641677032245 ], [ -0.269393123188099, 53.700102637023051 ], [ -0.268938934806516, 53.700096074277525 ], [ -0.268949995541924, 53.69982655431658 ], [ -0.26985836668664, 53.699839677957705 ], [ -0.269847311749191, 53.700109198047251 ], [ -0.270301500489742, 53.70011575735014 ], [ -0.27032360438726, 53.699576717028691 ], [ -0.269869421444633, 53.699570157854382 ], [ -0.269891530422268, 53.699031117606395 ], [ -0.269437353456821, 53.699024556839362 ], [ -0.269459467514218, 53.698485516664832 ], [ -0.268551125716904, 53.698472390224268 ], [ -0.268529000064449, 53.699011430141525 ], [ -0.268074823637618, 53.699004864210714 ], [ -0.26809695508759, 53.698465824422136 ], [ -0.2676427846379, 53.698459256898801 ], [ -0.267664921166695, 53.697920217183821 ], [ -0.26721075669399, 53.69791364806801 ], [ -0.267221827587477, 53.697644128254204 ], [ -0.268130150915375, 53.697657264635922 ], [ -0.268163345126647, 53.696848704725667 ], [ -0.267709192068357, 53.696842137588455 ], [ -0.267698124612423, 53.697111657507968 ], [ -0.266789813237946, 53.697098517941413 ], [ -0.266811959563845, 53.696559478346124 ], [ -0.266357809943029, 53.696552906109986 ], [ -0.266379961346616, 53.696013866588345 ], [ -0.265925817702217, 53.696007292759916 ], [ -0.265947974183141, 53.695468253311994 ], [ -0.265493836515002, 53.695461677891373 ], [ -0.26551599807291, 53.694922638517184 ], [ -0.265061866380875, 53.694916061504429 ], [ -0.265072949788094, 53.694646541861097 ], [ -0.265527078582079, 53.694653118809391 ], [ -0.265560319030496, 53.693844559603335 ], [ -0.265106198930378, 53.693837982848365 ], [ -0.265128364125796, 53.693298943437625 ], [ -0.264674250001233, 53.693292365090663 ], [ -0.264696420272617, 53.692753325753678 ], [ -0.264242312123453, 53.692746745814766 ], [ -0.264264487470453, 53.692207706551585 ], [ -0.26381038529653, 53.692201125020809 ], [ -0.263843655659928, 53.691392566216102 ], [ -0.264297749141287, 53.691399147553426 ], [ -0.264308836005003, 53.69112962785978 ], [ -0.26340065501713, 53.691116463593353 ], [ -0.263411747495662, 53.690846944014929 ], [ -0.262049486056337, 53.690827184903306 ], [ -0.262082788487236, 53.690018626666081 ], [ -0.261628710392876, 53.690012037047779 ], [ -0.261639813740024, 53.689742517672357 ], [ -0.26118573872304, 53.689735926397972 ], [ -0.261207950670927, 53.689196887734902 ], [ -0.260753881628383, 53.689190294869064 ], [ -0.26078720688934, 53.688381736964793 ], [ -0.260333146718004, 53.688375142572177 ], [ -0.260355368450962, 53.687836104029579 ], [ -0.259901314253654, 53.687829508045652 ], [ -0.259923541058863, 53.687290469577142 ], [ -0.259469492835427, 53.687283872001942 ], [ -0.259491724712535, 53.68674483360752 ], [ -0.259037682462814, 53.686738234441158 ], [ -0.259082155638392, 53.685660157745374 ], [ -0.258628125155159, 53.685653557117249 ], [ -0.258639245894374, 53.685384037973471 ], [ -0.258185218488004, 53.685377435689638 ], [ -0.258218588311743, 53.684568878369589 ], [ -0.257764569774766, 53.684562274559482 ], [ -0.257786821213751, 53.684023236406524 ], [ -0.257332808649667, 53.684016631005527 ], [ -0.257355065158636, 53.683477592926799 ], [ -0.256901058567289, 53.683470985934989 ], [ -0.256934450664257, 53.682662428907584 ], [ -0.256480452941395, 53.682655820389741 ], [ -0.256502719227953, 53.682116782431976 ], [ -0.256048727477418, 53.682110172323462 ], [ -0.256059863245471, 53.681840653388633 ], [ -0.255605874571394, 53.681834041624718 ], [ -0.255628151356783, 53.681295003843189 ], [ -0.255174168654815, 53.681288390488753 ], [ -0.255185309672012, 53.681018871642067 ], [ -0.254731330046438, 53.681012256632307 ], [ -0.25475361732957, 53.680473219027149 ], [ -0.25429964367589, 53.680466602426939 ], [ -0.254321936026622, 53.679927564896211 ], [ -0.253867968344681, 53.679920946705643 ], [ -0.253890265762662, 53.679381909249344 ], [ -0.253436304052303, 53.679375289468446 ], [ -0.253447455385212, 53.679105770784446 ], [ -0.252993496751061, 53.679099149348438 ], [ -0.253015804664448, 53.678560112068745 ], [ -0.252561852001665, 53.678553489042528 ], [ -0.252584164981324, 53.678014451837377 ], [ -0.25213021828975, 53.678007827221037 ], [ -0.25214137740307, 53.67773830866264 ], [ -0.25168743378758, 53.677731682391311 ], [ -0.251698595614809, 53.677462163884016 ], [ -0.251244655075393, 53.677455535957748 ], [ -0.251266983976334, 53.676916499031613 ], [ -0.250813049407854, 53.676909869515363 ], [ -0.250835383373817, 53.676370832663871 ], [ -0.250381454776116, 53.67636420155771 ], [ -0.250392624382046, 53.676094683176238 ], [ -0.249938698860296, 53.676088050415252 ], [ -0.249949871179673, 53.675818532084918 ], [ -0.249495948733864, 53.675811897669192 ], [ -0.249529473288127, 53.675003342790241 ], [ -0.249075559707348, 53.67499670684979 ], [ -0.249086737090635, 53.67472718859419 ], [ -0.248632826585679, 53.674720550999041 ], [ -0.248644006682047, 53.67445103279465 ], [ -0.248190099252907, 53.674444393544867 ], [ -0.248212464690182, 53.673905357224712 ], [ -0.247758563231177, 53.673898716385374 ], [ -0.247769748571948, 53.673629198269637 ], [ -0.247315850188692, 53.673622555775729 ], [ -0.247338226114232, 53.673083519632918 ], [ -0.246884333700894, 53.673076875549576 ], [ -0.246895524285527, 53.672807357522537 ], [ -0.246441634947872, 53.672800711784724 ], [ -0.246464021360593, 53.672261675819371 ], [ -0.24601013799264, 53.672255028492245 ], [ -0.246021333820592, 53.671985510553931 ], [ -0.245567453528256, 53.671978861572406 ], [ -0.245589850427071, 53.671439825784645 ], [ -0.245135976104223, 53.671433175213906 ], [ -0.245147177174949, 53.671163657364445 ], [ -0.24469330592765, 53.671157005139406 ], [ -0.244715713311474, 53.670617969529303 ], [ -0.244261848033448, 53.670611315715178 ], [ -0.244273054346408, 53.670341797954599 ], [ -0.243819192143864, 53.670335142486252 ], [ -0.243830401168659, 53.670065624777024 ], [ -0.243376542041589, 53.670058967654484 ], [ -0.243387753778124, 53.669789449996649 ], [ -0.242933897726521, 53.66978279121998 ], [ -0.242945112174704, 53.669513273613525 ], [ -0.24249125919856, 53.669506613182726 ], [ -0.242502476358295, 53.669237095627707 ], [ -0.242048626457602, 53.669230433542815 ], [ -0.242026186169156, 53.669769468508527 ], [ -0.241118475339892, 53.669756138919638 ], [ -0.24112970136216, 53.669486621574293 ], [ -0.240675849114195, 53.669479954266123 ], [ -0.240687077847813, 53.669210436972243 ], [ -0.24023322867547, 53.669203768010036 ], [ -0.240244460120344, 53.668934250767684 ], [ -0.239790614023615, 53.668927580151511 ], [ -0.239813082153443, 53.668388545755953 ], [ -0.238451562316919, 53.668368523983929 ], [ -0.238462804788256, 53.668099006961533 ], [ -0.2380089681007, 53.66809232966439 ], [ -0.238031458282615, 53.667553295708885 ], [ -0.237577627563839, 53.667546616823373 ], [ -0.237588875274281, 53.667277099890285 ], [ -0.236681220170367, 53.667263737092519 ], [ -0.236714979565015, 53.666455186602896 ], [ -0.23626116096587, 53.666448502821652 ], [ -0.236272416625244, 53.666178986029578 ], [ -0.235818601101593, 53.666172300594688 ], [ -0.235829859471242, 53.665902783854243 ], [ -0.235376047023075, 53.665896096765728 ], [ -0.235387308102907, 53.665626580076946 ], [ -0.234933498730215, 53.665619891334849 ], [ -0.234944762520135, 53.665350374697752 ], [ -0.23539856900007, 53.66535706337433 ], [ -0.235421090246409, 53.664818029927567 ], [ -0.235874891123628, 53.664824716754055 ], [ -0.23588614858019, 53.664555199944424 ], [ -0.236339946747394, 53.664561884986405 ], [ -0.236373709343874, 53.663753334277978 ], [ -0.235012341422864, 53.663733274584438 ], [ -0.23500107872915, 53.664002791304604 ], [ -0.234093495243563, 53.663989409449677 ], [ -0.234082226582125, 53.664258926024914 ], [ -0.233628432220974, 53.664252232453414 ], [ -0.233662246334328, 53.663443682882857 ], [ -0.233208460833393, 53.663436987789126 ], [ -0.233219734731224, 53.663167471303488 ], [ -0.232765952305521, 53.66316077455641 ], [ -0.232777228912801, 53.662891258122528 ], [ -0.231869670394801, 53.662877859602794 ], [ -0.231892234629591, 53.662338826955981 ], [ -0.231438461429538, 53.662332125249058 ], [ -0.231449746164601, 53.662062608970515 ], [ -0.230995976039748, 53.66205590561038 ], [ -0.231007263483885, 53.66178638938365 ], [ -0.230553496434227, 53.66177968437033 ], [ -0.230576076557337, 53.66124065200669 ], [ -0.230122315474872, 53.661233945405925 ], [ -0.23013360815371, 53.660964429269015 ], [ -0.229679850146371, 53.660957721015158 ], [ -0.22970244073834, 53.660418688831172 ], [ -0.22924868869798, 53.660411978990005 ], [ -0.229259986610975, 53.660142462942972 ], [ -0.228806237645675, 53.66013575144877 ], [ -0.228828838705418, 53.659596719444579 ], [ -0.228375095706882, 53.659590006363189 ], [ -0.22839770181678, 53.659050974435083 ], [ -0.227943964784851, 53.659044259766524 ], [ -0.227955270456383, 53.658774743847481 ], [ -0.227501536499387, 53.658768027526051 ], [ -0.227512844879073, 53.658498511658912 ], [ -0.227059113997003, 53.658491793684654 ], [ -0.227081735989043, 53.657952762040402 ], [ -0.226628011073306, 53.657946042479182 ], [ -0.226650638114253, 53.657407010911122 ], [ -0.226196919164693, 53.657400289762954 ], [ -0.226208235301209, 53.657130774023969 ], [ -0.225754519426449, 53.657124051223107 ], [ -0.225777156931296, 53.656585019835248 ], [ -0.225323447022497, 53.656578295447588 ], [ -0.225334768390691, 53.656308779798735 ], [ -0.224881061556626, 53.656302053758445 ], [ -0.224903709524288, 53.6557630225509 ], [ -0.224450008655968, 53.655756294923933 ], [ -0.224461335255299, 53.655486779365269 ], [ -0.224007637461645, 53.655480050085743 ], [ -0.22403029589104, 53.654941019058654 ], [ -0.223576604062917, 53.654934288192571 ], [ -0.223587935892844, 53.654664772724139 ], [ -0.223134247139319, 53.654658040205611 ], [ -0.223156916029364, 53.654119009359022 ], [ -0.222703233241155, 53.65411227525405 ], [ -0.222714570301135, 53.653842759875921 ], [ -0.222260890587459, 53.653836024118576 ], [ -0.222283569937069, 53.653296993452663 ], [ -0.221829896188492, 53.653290256108974 ], [ -0.221841238477985, 53.653020740821198 ], [ -0.221387567803873, 53.653014001825227 ], [ -0.221398912799909, 53.652744486589583 ], [ -0.221852580583541, 53.652751225519545 ], [ -0.221863922505166, 53.652481710204015 ], [ -0.221410257611966, 53.652474971340069 ], [ -0.221421602240048, 53.652205456076679 ], [ -0.220967940421203, 53.652198715560516 ], [ -0.22095659290274, 53.65246823075789 ], [ -0.220502928377535, 53.65246148845749 ], [ -0.220525629011151, 53.651922458180934 ], [ -0.220071970450714, 53.651915714294397 ], [ -0.220094676128601, 53.651376684094465 ], [ -0.219187371121093, 53.651363191431138 ], [ -0.219198729464245, 53.651093676442521 ], [ -0.219652378985748, 53.651100423567193 ], [ -0.219663734254581, 53.650830908498605 ], [ -0.219210087623209, 53.650824161440006 ], [ -0.219221445597988, 53.650554646423636 ], [ -0.218767802040881, 53.650547897713032 ], [ -0.218779162721513, 53.650278382748894 ], [ -0.218325522238662, 53.650271632386293 ], [ -0.218336885625053, 53.650002117474365 ], [ -0.21788324821645, 53.649995365459823 ], [ -0.217894614308507, 53.649725850600156 ], [ -0.217440979974145, 53.649719096933687 ], [ -0.217452348771774, 53.649449582126294 ], [ -0.216998717511644, 53.649442826807935 ], [ -0.217010089014752, 53.649173312052817 ], [ -0.216556460828846, 53.649166555082608 ], [ -0.216579209061394, 53.648627525663102 ], [ -0.216125586839433, 53.648620767107261 ], [ -0.216136963568737, 53.648351252442886 ], [ -0.215683344420933, 53.648344492235282 ], [ -0.215694723855392, 53.648074977623224 ], [ -0.215241107781738, 53.648068215763892 ], [ -0.215252489921258, 53.647798701204167 ], [ -0.21434526410684, 53.647785172464189 ], [ -0.214356651840853, 53.647515658023096 ], [ -0.213449432544093, 53.647502122544012 ], [ -0.213483611974798, 53.646693579535054 ], [ -0.211669210271544, 53.646666488758058 ], [ -0.211680614602922, 53.646396974659282 ], [ -0.210773420639241, 53.64638341909648 ], [ -0.210796240304204, 53.645844391122779 ], [ -0.209435468081731, 53.645824045293438 ], [ -0.209446886304181, 53.645554531485004 ], [ -0.208993298822726, 53.645547746172767 ], [ -0.209004719749142, 53.645278232416892 ], [ -0.208097551120023, 53.645264656772085 ], [ -0.208120403973424, 53.644725629484554 ], [ -0.207666825714792, 53.644718839218541 ], [ -0.207678254752543, 53.644449325620428 ], [ -0.207224679568168, 53.644442533703213 ], [ -0.207236111309509, 53.644173020157709 ], [ -0.206328967274659, 53.644159431303279 ], [ -0.206340404608343, 53.643889917876969 ], [ -0.2058868357579, 53.643883120939819 ], [ -0.20590971564649, 53.64334409417863 ], [ -0.205002590057171, 53.643330495417707 ], [ -0.205025480758528, 53.642791468867287 ], [ -0.204571924019532, 53.642784667043621 ], [ -0.204583371980457, 53.642515153814138 ], [ -0.204129818315663, 53.642508350339511 ], [ -0.204141268979524, 53.642238837162765 ], [ -0.203687718388922, 53.642232032037242 ], [ -0.203699171755627, 53.641962518913232 ], [ -0.20324562423921, 53.641955712136827 ], [ -0.203257080308664, 53.641686199065568 ], [ -0.202803535866425, 53.641679390638281 ], [ -0.202814994638534, 53.641409877619814 ], [ -0.202361453270464, 53.641403067541724 ], [ -0.202372914745137, 53.641133554576037 ], [ -0.201919376451227, 53.641126742847149 ], [ -0.201942304619646, 53.640587717007449 ], [ -0.201488772288128, 53.640580903694548 ], [ -0.201500238981739, 53.640311390820564 ], [ -0.201046709724315, 53.640304575856952 ], [ -0.201069648330069, 53.639765550200742 ], [ -0.200616125034821, 53.639758733653238 ], [ -0.2006505402129, 53.638950195264826 ], [ -0.201104054844158, 53.638957011612085 ], [ -0.201115523310325, 53.638687498721389 ], [ -0.201569035239605, 53.638694313284589 ], [ -0.201580500631987, 53.638424800313238 ], [ -0.202034009859279, 53.638431613092408 ], [ -0.202056934310839, 53.637892586974573 ], [ -0.20251043794836, 53.637899397903041 ], [ -0.202533355881236, 53.637360371596209 ], [ -0.201626360342824, 53.637346748288827 ], [ -0.20163782480588, 53.637077235247936 ], [ -0.201184330203063, 53.637070421085127 ], [ -0.201195797367846, 53.636800908097051 ], [ -0.200742305838506, 53.636794092283758 ], [ -0.200753775704923, 53.636524579348546 ], [ -0.20030028724905, 53.636517761884811 ], [ -0.200288814495108, 53.636787274753274 ], [ -0.199835323337699, 53.636780455505587 ], [ -0.199846798979163, 53.636510942703893 ], [ -0.199393310895308, 53.6365041218058 ], [ -0.199416267395036, 53.635965096294285 ], [ -0.198962785272145, 53.635958273812641 ], [ -0.198974266130274, 53.635688761102806 ], [ -0.19852078708087, 53.635681936970848 ], [ -0.198532270640208, 53.635412424313927 ], [ -0.197171843271085, 53.635391941815882 ], [ -0.197183335306068, 53.635122429345621 ], [ -0.196729862776151, 53.635115598478947 ], [ -0.196741357512055, 53.634846086061671 ], [ -0.195834418785694, 53.634832419310925 ], [ -0.195857419247046, 53.63429339470224 ], [ -0.194950492814911, 53.634279721351021 ], [ -0.194961998540071, 53.634010209159698 ], [ -0.194508538490802, 53.634003369975531 ], [ -0.194520046916458, 53.633733857837228 ], [ -0.193613133151634, 53.633720174451852 ], [ -0.193624647164642, 53.633450662433646 ], [ -0.193171193449121, 53.633443818232479 ], [ -0.193182710162388, 53.633174306267357 ], [ -0.192275809065245, 53.633160612848215 ], [ -0.19228733136552, 53.63289110100326 ], [ -0.191833883983932, 53.632884251785335 ], [ -0.191845408984227, 53.632614739993528 ], [ -0.19048507662093, 53.632594182239494 ], [ -0.190473542960278, 53.632863693829989 ], [ -0.190020096326251, 53.632856837744363 ], [ -0.190008559591814, 53.633126349253835 ], [ -0.189101661111194, 53.633112631797474 ], [ -0.189113203619267, 53.632843120422322 ], [ -0.188659757546403, 53.632836259185922 ], [ -0.18870593725451, 53.631758213814777 ], [ -0.188252502915558, 53.631751351130269 ], [ -0.188264050261322, 53.631481839819827 ], [ -0.1887174817137, 53.631488702437167 ], [ -0.188729025985762, 53.631219191045616 ], [ -0.188275597419912, 53.631212328495486 ], [ -0.188298691175588, 53.630673305804962 ], [ -0.188752113968523, 53.630680168220728 ], [ -0.18876365767923, 53.630410656787369 ], [ -0.189217077772889, 53.630417517419154 ], [ -0.189228618410141, 53.630148005904701 ], [ -0.189682035804515, 53.630154864752548 ], [ -0.189705110745285, 53.629615841547547 ], [ -0.190611934549886, 53.629629553824444 ], [ -0.190623465967332, 53.629360042066793 ], [ -0.191076875263802, 53.629366895563052 ], [ -0.191088403608167, 53.62909738372435 ], [ -0.191541810205319, 53.629104235436827 ], [ -0.191518759102134, 53.629643259234463 ], [ -0.191065346732578, 53.629636407387828 ], [ -0.191053818014488, 53.629905919198663 ], [ -0.191507233270316, 53.629912771112394 ], [ -0.191495707251675, 53.630182282976406 ], [ -0.191042289109529, 53.630175430995571 ], [ -0.19101923073899, 53.630714454547622 ], [ -0.191926078755671, 53.630728157060851 ], [ -0.191972171658508, 53.629650109364384 ], [ -0.193332410448073, 53.629670649453743 ], [ -0.193320896161382, 53.629940161599862 ], [ -0.193774312350854, 53.629947004929861 ], [ -0.193762800763868, 53.630216517129078 ], [ -0.194216220026271, 53.630223358809317 ], [ -0.194204711139082, 53.630492871061584 ], [ -0.195111555996271, 53.630506549405681 ], [ -0.195088549208102, 53.631045574136344 ], [ -0.19644883521105, 53.631066079178112 ], [ -0.196425844996438, 53.631605104254646 ], [ -0.196879279809954, 53.631611935968699 ], [ -0.19691375619272, 53.630803398132336 ], [ -0.197820609059202, 53.630817056008638 ], [ -0.197832095041305, 53.630547543234947 ], [ -0.198285518867367, 53.630554369531033 ], [ -0.198297001776867, 53.630284856676575 ], [ -0.196936739516523, 53.630264372838496 ], [ -0.196948230899024, 53.629994860170704 ], [ -0.196494813404412, 53.629988028858023 ], [ -0.196506307486972, 53.629718516243187 ], [ -0.19559947882935, 53.629704848601349 ], [ -0.195610978498141, 53.629435336106425 ], [ -0.195157567335165, 53.629428499777319 ], [ -0.195180571885953, 53.628889474879628 ], [ -0.194727166681793, 53.62888263696771 ], [ -0.194750176259042, 53.62834361214825 ], [ -0.19565697530941, 53.628357285987605 ], [ -0.195645476386169, 53.628626798538193 ], [ -0.196552281954209, 53.628640465644764 ], [ -0.196540788616841, 53.628909978315242 ], [ -0.197447600702305, 53.628923638688867 ], [ -0.197436112951011, 53.629193151479178 ], [ -0.198342931553652, 53.629206805119672 ], [ -0.19833144938863, 53.629476318029766 ], [ -0.198784861855379, 53.629483142341769 ], [ -0.198773382390534, 53.62975265530477 ], [ -0.199226797929646, 53.629759477966843 ], [ -0.199215321165071, 53.630028990982737 ], [ -0.200122158574014, 53.630042631290166 ], [ -0.200110687396198, 53.630312144425702 ], [ -0.200564109265995, 53.630318962071023 ], [ -0.200552640788688, 53.630588475259408 ], [ -0.202366341672154, 53.63061572893956 ], [ -0.202377798603635, 53.630346215484316 ], [ -0.202831221402425, 53.630353024545641 ], [ -0.202842675261781, 53.630083511009815 ], [ -0.203296095359805, 53.630090318287692 ], [ -0.20330754614713, 53.629820804671304 ], [ -0.203760963544379, 53.629827610165762 ], [ -0.203783858789598, 53.629288582758015 ], [ -0.20333044716497, 53.629281777396841 ], [ -0.20331899674885, 53.629551291041018 ], [ -0.202865582423533, 53.629544483896453 ], [ -0.202854128935482, 53.629813997460076 ], [ -0.201947295069187, 53.629800377887342 ], [ -0.201958754329888, 53.62953086445706 ], [ -0.20150534056165, 53.629524052162246 ], [ -0.201516802522883, 53.629254538784764 ], [ -0.201063391826701, 53.629247724839921 ], [ -0.201051926979201, 53.62951723815069 ], [ -0.200598513582583, 53.629510422422399 ], [ -0.200632916226253, 53.628701882648578 ], [ -0.200179511674154, 53.628695065403782 ], [ -0.200190981736423, 53.628425552184787 ], [ -0.200644383402402, 53.62843236936282 ], [ -0.200655850392688, 53.628162856063142 ], [ -0.201109249358454, 53.628169671457769 ], [ -0.201097785254244, 53.628439184824181 ], [ -0.202004589515334, 53.628452810596876 ], [ -0.201981672294074, 53.628991837554778 ], [ -0.202888488842701, 53.629005456727477 ], [ -0.202899941773826, 53.628735943122102 ], [ -0.202446536292856, 53.628729134460812 ], [ -0.202457991924487, 53.62845962090821 ], [ -0.202911394519317, 53.628466429502851 ], [ -0.202968655462402, 53.627118861197978 ], [ -0.202515267297571, 53.627112052936646 ], [ -0.202526721815202, 53.626842539300632 ], [ -0.201619951814262, 53.626828917761536 ], [ -0.201631411917854, 53.626559404244972 ], [ -0.201178030081782, 53.626552590967265 ], [ -0.20114364055622, 53.627361131275116 ], [ -0.200690250248405, 53.627354316080677 ], [ -0.200701716495277, 53.627084802725378 ], [ -0.200248329259195, 53.627077985881058 ], [ -0.200225390807784, 53.627617012444276 ], [ -0.199771997985783, 53.627610193749874 ], [ -0.199760525595257, 53.627879706943837 ], [ -0.197946944623303, 53.627852414732757 ], [ -0.197958428557689, 53.627582901806001 ], [ -0.198411820635632, 53.627589727366889 ], [ -0.198446262664422, 53.626781188302658 ], [ -0.19889964627084, 53.626788011946502 ], [ -0.198911123689175, 53.626518498830457 ], [ -0.199364504595839, 53.626525320690909 ], [ -0.19937597894242, 53.626255807494154 ], [ -0.19892260092149, 53.626248985700471 ], [ -0.198934077967786, 53.625979472556601 ], [ -0.198027328255389, 53.625965823953273 ], [ -0.198015845437731, 53.626235336963525 ], [ -0.197562467974994, 53.62622851002024 ], [ -0.197528009748031, 53.627037048766944 ], [ -0.197074623814161, 53.627030219906558 ], [ -0.197086112961791, 53.626760707071767 ], [ -0.19481920051562, 53.626726537355715 ], [ -0.194830703905798, 53.626457024841557 ], [ -0.193923946003603, 53.626443345073199 ], [ -0.193935454978721, 53.626173832679079 ], [ -0.193482079193089, 53.626166990287089 ], [ -0.193493590867313, 53.625897477946026 ], [ -0.193040218153893, 53.62589063390454 ], [ -0.19305173252713, 53.625621121616575 ], [ -0.192598362885916, 53.625614275925599 ], [ -0.192609879958073, 53.625344763690748 ], [ -0.192156513389055, 53.62533791635034 ], [ -0.192168033160039, 53.625068404168594 ], [ -0.190354580293395, 53.625040997910752 ], [ -0.190343048980507, 53.625310509824175 ], [ -0.189889683345487, 53.625303653901483 ], [ -0.189878148960195, 53.625573165733833 ], [ -0.189424780626606, 53.625566308027544 ], [ -0.189401705524029, 53.626105331516179 ], [ -0.188948331606281, 53.626098471959118 ], [ -0.188925249984375, 53.62663749525769 ], [ -0.188471870482347, 53.626630633849771 ], [ -0.188448782340713, 53.627169656958259 ], [ -0.187995397254279, 53.627162793699398 ], [ -0.187972302592521, 53.627701816617751 ], [ -0.188879084495891, 53.627715541687664 ], [ -0.188867542656106, 53.627985053260339 ], [ -0.189320936774343, 53.627991913287573 ], [ -0.189309397633456, 53.628261424913468 ], [ -0.189762794824696, 53.628268283291227 ], [ -0.189728184938035, 53.629076818286805 ], [ -0.189274779088589, 53.629069959707579 ], [ -0.189263239199553, 53.629339471277781 ], [ -0.188809830650992, 53.629332610914673 ], [ -0.188798287688703, 53.629602122403739 ], [ -0.188344876441037, 53.629595260256771 ], [ -0.188333330405402, 53.629864771664728 ], [ -0.188786744539315, 53.629871633878892 ], [ -0.188775201202826, 53.630141145340104 ], [ -0.187868367349563, 53.630127419060642 ], [ -0.18785681805329, 53.630396930373514 ], [ -0.186949979176167, 53.630383197092598 ], [ -0.186938423919935, 53.630652708257045 ], [ -0.185578158349996, 53.630632095258136 ], [ -0.185566594247222, 53.630901606206834 ], [ -0.184206321705054, 53.630880977554966 ], [ -0.184217894467033, 53.63061146680824 ], [ -0.183311052816221, 53.63059770592448 ], [ -0.183334209322722, 53.6300586846587 ], [ -0.184694454762396, 53.630079323005035 ], [ -0.18468288526188, 53.63034883384698 ], [ -0.185589722265329, 53.63036258429549 ], [ -0.185601285993224, 53.630093073318918 ], [ -0.185147870284069, 53.630086199020354 ], [ -0.185159436710796, 53.629816688097151 ], [ -0.184706024075384, 53.629809812149169 ], [ -0.18471759320085, 53.629540301279334 ], [ -0.18426418363917, 53.629533423681984 ], [ -0.184287327099831, 53.628994402035197 ], [ -0.183833923497989, 53.628987522855859 ], [ -0.183822348975327, 53.629257033618856 ], [ -0.182915536562289, 53.629243269975397 ], [ -0.182927116857165, 53.628973759347161 ], [ -0.182473713818276, 53.628966875017824 ], [ -0.182485296811509, 53.628697364443049 ], [ -0.181578497069104, 53.628683590769228 ], [ -0.1815900856466, 53.628414080315373 ], [ -0.180683292427516, 53.628400299909927 ], [ -0.180694886589075, 53.628130789577064 ], [ -0.180241493147333, 53.628123896866896 ], [ -0.180253090006867, 53.627854386587565 ], [ -0.179346309459101, 53.627840596152431 ], [ -0.179357911902355, 53.627571085994191 ], [ -0.178451137878472, 53.627557288827816 ], [ -0.178439529663553, 53.627826798850975 ], [ -0.177986140047978, 53.627819897625379 ], [ -0.177974528759039, 53.628089407567003 ], [ -0.178427921260487, 53.628096308860201 ], [ -0.178416312669269, 53.628365818855457 ], [ -0.179323104008426, 53.628379616427104 ], [ -0.179311501000997, 53.6286491265435 ], [ -0.179764899838671, 53.628656022821936 ], [ -0.179753299529201, 53.628925532991907 ], [ -0.180660103540627, 53.628939320533831 ], [ -0.180648508815288, 53.629208830824865 ], [ -0.181101913989005, 53.629215722088333 ], [ -0.181090321961862, 53.629485232432884 ], [ -0.182903956079711, 53.629512780589693 ], [ -0.182880794551435, 53.630051801776453 ], [ -0.182427379967864, 53.630044917177472 ], [ -0.18241579603587, 53.630314427682521 ], [ -0.181962378753774, 53.630307541299381 ], [ -0.181973965572051, 53.630038030861769 ], [ -0.181067137343896, 53.630024253080165 ], [ -0.181078729746827, 53.629754742763495 ], [ -0.180625318800801, 53.629747851365096 ], [ -0.180636913902014, 53.629478341101951 ], [ -0.179730098346182, 53.629464553290028 ], [ -0.179741699031705, 53.629195043147931 ], [ -0.178834890000236, 53.629181248604318 ], [ -0.178846496269871, 53.628911738583376 ], [ -0.17839309492236, 53.628904838804118 ], [ -0.178404703889895, 53.628635328836772 ], [ -0.177497907531434, 53.628621524263508 ], [ -0.177509522082736, 53.628352014417352 ], [ -0.177056127071822, 53.628345109623389 ], [ -0.177067744320786, 53.628075599830886 ], [ -0.176614352384074, 53.628068693387938 ], [ -0.176625972330607, 53.627799183649131 ], [ -0.176172583468092, 53.627792275557212 ], [ -0.1761842061121, 53.627522765872065 ], [ -0.175730820323771, 53.627515856131254 ], [ -0.17574244566516, 53.627246346499803 ], [ -0.17528906295101, 53.627239435110091 ], [ -0.175312318839905, 53.626700415940682 ], [ -0.174858942085583, 53.626693502969786 ], [ -0.174870572632951, 53.626423993431843 ], [ -0.17441719895274, 53.626417078812167 ], [ -0.174428832197168, 53.626147569327941 ], [ -0.17397546159106, 53.626140653059529 ], [ -0.173987097532453, 53.625871143629062 ], [ -0.173533730000441, 53.625864225711879 ], [ -0.173545368638706, 53.625594716335193 ], [ -0.173092004180781, 53.625587796769352 ], [ -0.173115286662196, 53.625048778109573 ], [ -0.172661928163707, 53.625041856962831 ], [ -0.172673572006722, 53.624772347679759 ], [ -0.174486995591233, 53.624800021697453 ], [ -0.174498627704461, 53.624530512129482 ], [ -0.172231863121818, 53.624495915655139 ], [ -0.17224350947263, 53.624226406411942 ], [ -0.171790160007379, 53.624219482035791 ], [ -0.171801809054605, 53.623949972846425 ], [ -0.171348462663308, 53.623943046821736 ], [ -0.171360114406854, 53.623673537686209 ], [ -0.170453427961026, 53.623659680623568 ], [ -0.170465085285856, 53.623390171609749 ], [ -0.170011745231361, 53.623383240571833 ], [ -0.170023405252272, 53.623113731611902 ], [ -0.169116731480234, 53.62309986452302 ], [ -0.169128397082085, 53.622830355684869 ], [ -0.168221729836169, 53.622816481866764 ], [ -0.168233401018761, 53.622546973150506 ], [ -0.167780070564392, 53.622540033735021 ], [ -0.167791744442685, 53.622270525072729 ], [ -0.166885089871242, 53.622256641229036 ], [ -0.166896769329931, 53.621987132688687 ], [ -0.166443445212891, 53.62198018826053 ], [ -0.166455127367044, 53.621710679774196 ], [ -0.165548485470442, 53.621696785905364 ], [ -0.165560173204648, 53.621427277541095 ], [ -0.165106855425121, 53.621420328100442 ], [ -0.165118545854553, 53.621150819790245 ], [ -0.164211916633158, 53.621136915896685 ], [ -0.164235308461906, 53.620597899506556 ], [ -0.163328691536878, 53.620583989020865 ], [ -0.163340392935905, 53.620314480941019 ], [ -0.16243378253833, 53.62030056372722 ], [ -0.162445489516581, 53.620031055769644 ], [ -0.161538885646705, 53.620017131827872 ], [ -0.161550598203979, 53.619747623992673 ], [ -0.161097299438091, 53.619740659515891 ], [ -0.161109014689878, 53.619471151734871 ], [ -0.16065571899815, 53.619464185610255 ], [ -0.160679154700679, 53.618925170142646 ], [ -0.159772575423885, 53.618911233018295 ], [ -0.159784298758652, 53.618641725399954 ], [ -0.159331012289357, 53.618634754332078 ], [ -0.159342738318265, 53.618365246767972 ], [ -0.158436171717989, 53.61835129962089 ], [ -0.158459634741911, 53.617812284723833 ], [ -0.157553080438181, 53.617798330986197 ], [ -0.157564817432906, 53.617528823653295 ], [ -0.156658269657848, 53.617514863188731 ], [ -0.156670012230191, 53.617245355978518 ], [ -0.156216741511958, 53.617238373240774 ], [ -0.156228486777873, 53.61696886608491 ], [ -0.155775219133811, 53.616961881699687 ], [ -0.155786967093205, 53.616692374598195 ], [ -0.155333702523307, 53.616685388565536 ], [ -0.155345453176086, 53.616415881518456 ], [ -0.15443893037505, 53.616401904442434 ], [ -0.154450686604815, 53.616132397518207 ], [ -0.153544170333151, 53.616118413715881 ], [ -0.153555932139701, 53.615848906914543 ], [ -0.153102677173363, 53.615841912508174 ], [ -0.153114441672918, 53.61557240576132 ], [ -0.152661189780794, 53.615565409707671 ], [ -0.15267295697326, 53.615295903015294 ], [ -0.152219708155341, 53.615288905314394 ], [ -0.152243247735196, 53.614749892024648 ], [ -0.151790004874912, 53.614742892745078 ], [ -0.151801777262164, 53.614473386147694 ], [ -0.151348537476019, 53.614466385220986 ], [ -0.15136031255586, 53.614196878678143 ], [ -0.150907075843844, 53.614189876104298 ], [ -0.15091885361618, 53.613920369616018 ], [ -0.150465619978287, 53.613913365395064 ], [ -0.150477400443025, 53.613643858961346 ], [ -0.150024169879245, 53.613636853093361 ], [ -0.15003595303629, 53.613367346714206 ], [ -0.149582725546616, 53.613360339199183 ], [ -0.149594511395877, 53.613090832874647 ], [ -0.1491412869803, 53.613083823712643 ], [ -0.149153075521684, 53.612814317442691 ], [ -0.148699854180195, 53.612807306633719 ], [ -0.148711645413606, 53.612537800418409 ], [ -0.148258427146199, 53.612530787962534 ], [ -0.148270221071546, 53.61226128180185 ], [ -0.14781700587821, 53.612254267699079 ], [ -0.147828802495398, 53.611984761593064 ], [ -0.147375590376126, 53.611977745843447 ], [ -0.147387389685064, 53.611708239792087 ], [ -0.146480971785852, 53.61169420328374 ], [ -0.146492776669271, 53.611424697355766 ], [ -0.146039570889364, 53.611417676597092 ], [ -0.146051378464295, 53.611148170723837 ], [ -0.14559817575847, 53.611141148318438 ], [ -0.145609986024819, 53.610871642499909 ], [ -0.144703586952709, 53.610857592680254 ], [ -0.144715402793052, 53.61058808698526 ], [ -0.143809010252037, 53.610574030441484 ], [ -0.143820831666174, 53.610304524870052 ], [ -0.14336763856555, 53.610297494093871 ], [ -0.143379462670725, 53.610027988577265 ], [ -0.142926272644233, 53.610020956154514 ], [ -0.142938099440351, 53.609751450692741 ], [ -0.142031725727274, 53.609737380838851 ], [ -0.142043558096701, 53.609467875500755 ], [ -0.14159037441015, 53.609460838069673 ], [ -0.141614044338672, 53.608921827489233 ], [ -0.141160866608626, 53.608914788480597 ], [ -0.141172704167587, 53.608645283238261 ], [ -0.140266355047507, 53.608631200212962 ], [ -0.14029004111902, 53.608092189961894 ], [ -0.139383704295339, 53.608078100351307 ], [ -0.139395552807604, 53.607808595342661 ], [ -0.138942387565828, 53.607801548033486 ], [ -0.13895423876824, 53.607532043079793 ], [ -0.138047914624932, 53.607517943453779 ], [ -0.138059771399445, 53.607248438624076 ], [ -0.137606612497947, 53.607241386307273 ], [ -0.137618471962369, 53.606971881532566 ], [ -0.137165316134997, 53.606964827569627 ], [ -0.137177178289236, 53.606695322849951 ], [ -0.136724025535981, 53.606688267240912 ], [ -0.136735890379943, 53.606418762576276 ], [ -0.136282740700796, 53.606411705321158 ], [ -0.136294608234387, 53.60614220071156 ], [ -0.135841461629341, 53.606135141810419 ], [ -0.13585333185247, 53.605865637255874 ], [ -0.134947044982906, 53.605851514446456 ], [ -0.134958920777217, 53.605582010016143 ], [ -0.134505780512735, 53.605574946107936 ], [ -0.134541415386276, 53.604766432940174 ], [ -0.134088283959137, 53.60475936752438 ], [ -0.134100164747012, 53.604489863176198 ], [ -0.134553293292608, 53.604496928522835 ], [ -0.134565171006522, 53.604227424091476 ], [ -0.134112045342423, 53.604220358813997 ], [ -0.134135805955868, 53.603681350047459 ], [ -0.132776447407029, 53.603660144340218 ], [ -0.132764558552349, 53.603929648522929 ], [ -0.132311436539804, 53.6039225764547 ], [ -0.132299544611095, 53.604192080554157 ], [ -0.131846419909763, 53.604185006701734 ], [ -0.131858314719901, 53.603915502671519 ], [ -0.131405193092687, 53.603908427173366 ], [ -0.131417090591514, 53.603638923198368 ], [ -0.132323328275871, 53.603653072341217 ], [ -0.132394674647018, 53.602036047365402 ], [ -0.131035370271431, 53.602014822325295 ], [ -0.131047269302276, 53.601745318321264 ], [ -0.129234877691065, 53.601716994537156 ], [ -0.12922296713607, 53.60198649826394 ], [ -0.128769866834462, 53.601979412961498 ], [ -0.128781780270483, 53.601709909304077 ], [ -0.127422489166813, 53.601688643315867 ], [ -0.127446332745607, 53.601149636375155 ], [ -0.126993241859111, 53.601142544421599 ], [ -0.127017090427148, 53.600603537563536 ], [ -0.126564005495497, 53.600596444034089 ], [ -0.126552078427237, 53.600865947400699 ], [ -0.125645903381947, 53.600851755058663 ], [ -0.125669768848431, 53.60031274858914 ], [ -0.124763606099447, 53.600298549666 ], [ -0.124751667701334, 53.600568052768793 ], [ -0.124298583736136, 53.600560950665603 ], [ -0.124334406992456, 53.599752441523592 ], [ -0.123881331862793, 53.599745337914264 ], [ -0.123869388090122, 53.600014840906141 ], [ -0.123416310273272, 53.600007735512591 ], [ -0.123452149652708, 53.599199226703448 ], [ -0.121639874888045, 53.599170788817268 ], [ -0.121651832482846, 53.598901286131102 ], [ -0.122104898003101, 53.59890839810501 ], [ -0.122116852523771, 53.598638895335199 ], [ -0.121210727437834, 53.598624669811997 ], [ -0.121198767156275, 53.59889417244257 ], [ -0.120292637084375, 53.598879939921623 ], [ -0.120316568975419, 53.598340934924984 ], [ -0.119410451200435, 53.598326695824291 ], [ -0.119422422615901, 53.598057193444241 ], [ -0.118516311377206, 53.598042947624606 ], [ -0.118528288359328, 53.597773445369938 ], [ -0.117622183657168, 53.597759192831546 ], [ -0.117646148560239, 53.597220188558971 ], [ -0.117193102260657, 53.597213059857509 ], [ -0.117205087301198, 53.596943557769897 ], [ -0.115845958207738, 53.596922161587827 ], [ -0.115869944986745, 53.596383157789226 ], [ -0.114963871415809, 53.596368885374773 ], [ -0.114975870273866, 53.596099383594051 ], [ -0.114522836659852, 53.596092244885021 ], [ -0.114534838203483, 53.595822743160078 ], [ -0.115440899866019, 53.595837018723984 ], [ -0.115464890850749, 53.595298014952441 ], [ -0.11591791621377, 53.595305150023087 ], [ -0.115905923698377, 53.595574651985736 ], [ -0.116358952135468, 53.595581785411817 ], [ -0.116346962305715, 53.595851287430179 ], [ -0.116799993816882, 53.595858419211652 ], [ -0.116776019334689, 53.59639742334582 ], [ -0.117682094459269, 53.596411682044611 ], [ -0.117670112686997, 53.596681184230128 ], [ -0.118123153420445, 53.596688311077571 ], [ -0.118111174334186, 53.596957813318788 ], [ -0.119017262143286, 53.596972062009691 ], [ -0.119005288623272, 53.59724156437629 ], [ -0.119458335698888, 53.597248686219693 ], [ -0.119434393837462, 53.597787691050137 ], [ -0.119887446867405, 53.597794811318394 ], [ -0.119899415014826, 53.597525308840517 ], [ -0.120352465358378, 53.597532427324552 ], [ -0.1203405000912, 53.597801929872112 ], [ -0.121699660925247, 53.597823275245879 ], [ -0.121711617551667, 53.597553772489412 ], [ -0.121258566626846, 53.59754665914901 ], [ -0.121282485059073, 53.597007653733151 ], [ -0.120829440088326, 53.597000538817454 ], [ -0.120841401893998, 53.596731036158062 ], [ -0.119935318294008, 53.596716801322522 ], [ -0.119947285666056, 53.59644729878837 ], [ -0.119041208601517, 53.596433057234272 ], [ -0.11905318153974, 53.596163554825452 ], [ -0.118600146178335, 53.596156431546419 ], [ -0.118612121802589, 53.595886929193263 ], [ -0.1181590895151, 53.595879804269501 ], [ -0.118171067825291, 53.595610301972016 ], [ -0.116811980766751, 53.595588917123472 ], [ -0.116835954084053, 53.595049912904877 ], [ -0.116382931212399, 53.595042781332815 ], [ -0.116394920459586, 53.594773279272232 ], [ -0.115941900661856, 53.594766146055591 ], [ -0.115929908534928, 53.59503564804637 ], [ -0.114117819767822, 53.595007097756891 ], [ -0.114129823413667, 53.594737596045533 ], [ -0.114582842434211, 53.594744736119587 ], [ -0.114594843005967, 53.59447523432425 ], [ -0.113688810918641, 53.594460952601601 ], [ -0.113700817055291, 53.594191450931987 ], [ -0.114153830122124, 53.594198592580589 ], [ -0.114177836052964, 53.593659589059314 ], [ -0.113271821631964, 53.593645304327438 ], [ -0.113259813004683, 53.593914805955301 ], [ -0.112806803206369, 53.593907660947998 ], [ -0.112854848066395, 53.592829654631785 ], [ -0.112401849980421, 53.59282250818999 ], [ -0.112425877001901, 53.592283505087288 ], [ -0.111972884869109, 53.592276357071171 ], [ -0.111960868576369, 53.592545858559625 ], [ -0.111507873758907, 53.592538708759314 ], [ -0.11149585439223, 53.59280821016371 ], [ -0.111042856890104, 53.592801058579219 ], [ -0.111066901187395, 53.592262055896377 ], [ -0.110613909638567, 53.5922549027377 ], [ -0.110625934374383, 53.591985401445157 ], [ -0.110172945899521, 53.59197824664232 ], [ -0.110184973319768, 53.591708745405718 ], [ -0.110637958915457, 53.591715900138531 ], [ -0.110649983261793, 53.591446398817823 ], [ -0.109291035696493, 53.591424929687044 ], [ -0.10930306848532, 53.591155428562367 ], [ -0.108850089232306, 53.591148268827254 ], [ -0.108862124705285, 53.590878767758554 ], [ -0.108409148526203, 53.590871606379416 ], [ -0.108433224645322, 53.590332604339935 ], [ -0.107527284387843, 53.590318276719813 ], [ -0.107539327912716, 53.59004877581917 ], [ -0.107086360955382, 53.590041609508155 ], [ -0.107098407164032, 53.589772108663546 ], [ -0.10619247959229, 53.58975777103975 ], [ -0.106204531363388, 53.589488270321375 ], [ -0.105751570749014, 53.58948109900863 ], [ -0.105763625203654, 53.589211598346331 ], [ -0.105310667663202, 53.589204425389788 ], [ -0.105322724801291, 53.588934924783587 ], [ -0.103963861987634, 53.58891339584077 ], [ -0.103975927566285, 53.588643895431183 ], [ -0.103522976564389, 53.588636715759243 ], [ -0.103547112892581, 53.588097715038316 ], [ -0.101735333867965, 53.588068979773631 ], [ -0.101759492441834, 53.587529979558724 ], [ -0.101306553931425, 53.587522791598488 ], [ -0.101330717479511, 53.58698379146788 ], [ -0.099971920392252, 53.586962217726246 ], [ -0.100020279678798, 53.585884218140258 ], [ -0.100473200332826, 53.585891410819741 ], [ -0.100485286786986, 53.585621910817572 ], [ -0.100938204758678, 53.585629101712925 ], [ -0.100914037410797, 53.586168101843867 ], [ -0.101819885453483, 53.586182478774688 ], [ -0.101831963469043, 53.58591297857555 ], [ -0.101379042227995, 53.585905791037391 ], [ -0.101403203428461, 53.585366790737531 ], [ -0.100044458147458, 53.585345218262638 ], [ -0.100056547088149, 53.585075718302662 ], [ -0.101415283735265, 53.585097290566459 ], [ -0.101427363846455, 53.584827790381276 ], [ -0.100521544975189, 53.584813410726497 ], [ -0.100533630646513, 53.584543910667939 ], [ -0.099627818313784, 53.584529524299192 ], [ -0.099639909545043, 53.58426002436731 ], [ -0.097828298740667, 53.584231231347495 ], [ -0.097840401287167, 53.583961731683274 ], [ -0.096028805129324, 53.583932911527079 ], [ -0.096040918990629, 53.58366341213079 ], [ -0.095135127843813, 53.583648991912028 ], [ -0.095147247264236, 53.583379492642742 ], [ -0.094694354862798, 53.583372280033537 ], [ -0.094718598870049, 53.582833281593757 ], [ -0.094265712420004, 53.582826067412157 ], [ -0.094289961397066, 53.582287069057102 ], [ -0.094742842092189, 53.582294283097525 ], [ -0.094767084529255, 53.581755284544819 ], [ -0.094314209588868, 53.581748070645588 ], [ -0.094326333390306, 53.581478571418664 ], [ -0.093873461523519, 53.581471355876566 ], [ -0.093861334844787, 53.581740855032891 ], [ -0.09340846029706, 53.581733637706705 ], [ -0.093396330544639, 53.582003136778269 ], [ -0.09203769944806, 53.581981474306815 ], [ -0.092025560867112, 53.582250973152284 ], [ -0.091572681350579, 53.582243748830777 ], [ -0.091560539695672, 53.582513247591422 ], [ -0.091107657498327, 53.582506021485692 ], [ -0.091083367843758, 53.583045018823178 ], [ -0.089271818001558, 53.583016096698948 ], [ -0.089308286717761, 53.582207601520572 ], [ -0.090214043980733, 53.582222065585192 ], [ -0.090238343964768, 53.581683068445891 ], [ -0.089332598211088, 53.581668604664365 ], [ -0.089320442562835, 53.581938103099546 ], [ -0.088867567103906, 53.581930868567781 ], [ -0.088879725629451, 53.581661370203406 ], [ -0.087521109065918, 53.581639656539707 ], [ -0.087533276026313, 53.581370158373701 ], [ -0.087080407109645, 53.581362917129738 ], [ -0.087068237272021, 53.581632415224881 ], [ -0.086615365675174, 53.58162517219661 ], [ -0.086627538390023, 53.581355674172329 ], [ -0.085721801542107, 53.581341183117196 ], [ -0.08570962307282, 53.58161068099966 ], [ -0.085256752067405, 53.581603432831002 ], [ -0.08528111456317, 53.581064437193788 ], [ -0.084828249509362, 53.581057187453567 ], [ -0.084816065482934, 53.581326685208317 ], [ -0.084363197749243, 53.581319433683689 ], [ -0.084375384652828, 53.581049935999928 ], [ -0.083922519993616, 53.581042682832852 ], [ -0.083934709576986, 53.580773185205935 ], [ -0.082123264422663, 53.580744155687611 ], [ -0.082135465316866, 53.580474658330616 ], [ -0.081682607399081, 53.580467396738605 ], [ -0.081731420508173, 53.579389407453455 ], [ -0.081278574295652, 53.57938214443238 ], [ -0.08129077995578, 53.579112647146808 ], [ -0.080837936817676, 53.579105382483519 ], [ -0.080850145156938, 53.578835885254875 ], [ -0.080397305093244, 53.578828618949402 ], [ -0.080385093877235, 53.579098116106913 ], [ -0.079479408589531, 53.579083578213904 ], [ -0.079491625559019, 53.578814081198644 ], [ -0.079038786088581, 53.578806809753353 ], [ -0.079063225187495, 53.578267815822691 ], [ -0.079516058904606, 53.578275087125654 ], [ -0.079552707439573, 53.577466595910103 ], [ -0.080005532724819, 53.577473865286429 ], [ -0.080017745631123, 53.577204368115162 ], [ -0.079564923222337, 53.57719709880994 ], [ -0.079577138807328, 53.576927601695665 ], [ -0.079124319472722, 53.57692033074845 ], [ -0.079136537736307, 53.576650833691154 ], [ -0.080042170850558, 53.576665373730158 ], [ -0.080054383163698, 53.576395876516436 ], [ -0.080507197141099, 53.576403143895135 ], [ -0.080494987704283, 53.576672641179968 ], [ -0.080947804755679, 53.576679906916638 ], [ -0.080935597997567, 53.576949404258421 ], [ -0.080482778069797, 53.576942138450654 ], [ -0.080421726932149, 53.578289624591903 ], [ -0.08087456124249, 53.578296890755183 ], [ -0.080862353298542, 53.578566388012106 ], [ -0.08131519068319, 53.57857365253323 ], [ -0.081302985418291, 53.578843149847089 ], [ -0.082208666533787, 53.57885767389169 ], [ -0.08218426691827, 53.579396668761227 ], [ -0.082637113525894, 53.579403928355688 ], [ -0.082612718874025, 53.579942923310746 ], [ -0.083518424189218, 53.579957437643827 ], [ -0.083506232320962, 53.580226935242152 ], [ -0.085317656827617, 53.58025594363194 ], [ -0.085354197317126, 53.579447449942883 ], [ -0.086712741875604, 53.579469187606698 ], [ -0.086700570540315, 53.579738685729907 ], [ -0.088511977551243, 53.579767645578436 ], [ -0.088499817526698, 53.580037143970891 ], [ -0.088952672648713, 53.580044379720469 ], [ -0.088964829796294, 53.579774881257222 ], [ -0.089417682238181, 53.579782115222635 ], [ -0.089405527967567, 53.580051613756673 ], [ -0.089858383483214, 53.580058846079517 ], [ -0.089834080105687, 53.580597843246807 ], [ -0.090739803235364, 53.580612303035366 ], [ -0.090788386187421, 53.579534308078316 ], [ -0.089429836312007, 53.579512616674442 ], [ -0.089441990189049, 53.579243118112124 ], [ -0.088989143500958, 53.579235884288302 ], [ -0.088976986747042, 53.579505382779821 ], [ -0.088071288207649, 53.579490909850549 ], [ -0.088083450715302, 53.579221411500654 ], [ -0.085819222198063, 53.579185199548611 ], [ -0.08583139889283, 53.578915701538918 ], [ -0.084925714619255, 53.578901204906813 ], [ -0.084937896870364, 53.578631707024861 ], [ -0.085390736031812, 53.578638956126618 ], [ -0.085402915208989, 53.578369458159607 ], [ -0.085855751690927, 53.578376705477162 ], [ -0.08584357539045, 53.578646203515113 ], [ -0.08629641494623, 53.578653449190348 ], [ -0.086320761596681, 53.578114452958495 ], [ -0.087679264186274, 53.578136179279319 ], [ -0.087691428586003, 53.577866680929581 ], [ -0.088144260299865, 53.577873919539194 ], [ -0.088156421626067, 53.577604421104525 ], [ -0.087703592788788, 53.577597182565746 ], [ -0.087715756794633, 53.577327684187757 ], [ -0.087262931030827, 53.577320444006617 ], [ -0.087275097716223, 53.577050945685343 ], [ -0.088180743687796, 53.577065424192767 ], [ -0.08819290442333, 53.576795925715714 ], [ -0.08864572482802, 53.576803162328822 ], [ -0.088633566968933, 53.577072660876695 ], [ -0.089086390446908, 53.577079895847454 ], [ -0.089098545429543, 53.576810397228776 ], [ -0.090004187222909, 53.5768248618892 ], [ -0.090016336255932, 53.576555363114842 ], [ -0.092280429798553, 53.576591494431838 ], [ -0.092328966437576, 53.575513497779006 ], [ -0.091876158841227, 53.575506275224619 ], [ -0.091888295386073, 53.575236776096773 ], [ -0.09143549086241, 53.575229551900001 ], [ -0.091447630086925, 53.574960052828715 ], [ -0.091900431734436, 53.574967276954808 ], [ -0.09193683960067, 53.574158779444168 ], [ -0.091484046581337, 53.574151555530158 ], [ -0.091471907946385, 53.574421054643807 ], [ -0.091019112247555, 53.574413828946057 ], [ -0.09100697054003, 53.574683327974881 ], [ -0.090554172161713, 53.574676100493399 ], [ -0.090566316745288, 53.574406601535301 ], [ -0.090113521439632, 53.574399372411534 ], [ -0.09010137398001, 53.574668871298897 ], [ -0.089648575994968, 53.574661640391334 ], [ -0.089624274733516, 53.575200637982164 ], [ -0.083737844067084, 53.575106478455723 ], [ -0.083762220106662, 53.574567482707593 ], [ -0.083309424879746, 53.574560227817713 ], [ -0.083321615479549, 53.574290729993429 ], [ -0.082868823325968, 53.574283473461549 ], [ -0.082893209685333, 53.57374447791257 ], [ -0.083345996087098, 53.573751734302441 ], [ -0.083480075319399, 53.570787256991082 ], [ -0.0830273205493, 53.570780001382182 ], [ -0.083076082215582, 53.569702009492374 ], [ -0.083528825484651, 53.569709264817291 ], [ -0.08357757249342, 53.568631272417299 ], [ -0.083124840724637, 53.568624017376301 ], [ -0.083149218795291, 53.568085021233436 ], [ -0.082696492973673, 53.568077764621812 ], [ -0.082708684587905, 53.567808266600167 ], [ -0.082255961838489, 53.567801008346962 ], [ -0.082219377779045, 53.568609502156455 ], [ -0.081313915623064, 53.568594980086026 ], [ -0.081289513763058, 53.569133975604096 ], [ -0.08219498741908, 53.569148497958686 ], [ -0.082134008064397, 53.570495987216873 ], [ -0.081681256761783, 53.570488726540681 ], [ -0.081669057423252, 53.570758224278848 ], [ -0.08212181160118, 53.570765485026079 ], [ -0.082085221026892, 53.571573978368832 ], [ -0.081179695616089, 53.571559454735308 ], [ -0.081191898422532, 53.571289957110643 ], [ -0.079833620414336, 53.571268159027518 ], [ -0.079821408981571, 53.571537656438899 ], [ -0.078915885546892, 53.571523115677202 ], [ -0.078891450586313, 53.572062110172979 ], [ -0.079344217955783, 53.572069381552524 ], [ -0.079332003054388, 53.572338878850317 ], [ -0.079784773497167, 53.572346148588167 ], [ -0.079809197351124, 53.57180715383614 ], [ -0.080261962240493, 53.571814421718869 ], [ -0.080249753287889, 53.57208391917306 ], [ -0.080702521250431, 53.57209118541406 ], [ -0.080665901833617, 53.572899677905092 ], [ -0.081118678620651, 53.572906942646483 ], [ -0.081106474628888, 53.573176440186309 ], [ -0.081559254489213, 53.573183703285864 ], [ -0.081510448049811, 53.574261693587935 ], [ -0.081963239611052, 53.574268955258795 ], [ -0.08195104038333, 53.574538452870016 ], [ -0.081498245946124, 53.574531191128081 ], [ -0.081486043644893, 53.574800688654094 ], [ -0.081033246529223, 53.574793425128107 ], [ -0.081021041154391, 53.575062922568911 ], [ -0.080568241360265, 53.575055657258801 ], [ -0.080543824265563, 53.575594651955775 ], [ -0.080091018916855, 53.57558738479041 ], [ -0.080078807196842, 53.575856882046573 ], [ -0.079625999169653, 53.575849613097006 ], [ -0.079613784375709, 53.576119110267904 ], [ -0.078708163162191, 53.576104567087256 ], [ -0.078695942417959, 53.576374064101664 ], [ -0.07688469086046, 53.576344956898403 ], [ -0.076872458413174, 53.576614453613864 ], [ -0.074608384041114, 53.576578030708575 ], [ -0.07459613701415, 53.576847527053459 ], [ -0.074143319858063, 53.576840237261713 ], [ -0.074131069756459, 53.577109733521127 ], [ -0.073678249922343, 53.577102441944902 ], [ -0.073665996746006, 53.577371938118809 ], [ -0.073213174233867, 53.577364644758063 ], [ -0.073188661533111, 53.577903636920645 ], [ -0.072735833466472, 53.577896341703998 ], [ -0.072699054297313, 53.578704829627505 ], [ -0.07224621779943, 53.578697532483453 ], [ -0.072233954802723, 53.578967028358235 ], [ -0.071781115626717, 53.578959729429513 ], [ -0.071732050147258, 53.58003771250128 ], [ -0.07127919966274, 53.580030411573553 ], [ -0.071266929919468, 53.580299907234632 ], [ -0.070814076756719, 53.580292604522128 ], [ -0.070801803937851, 53.580562100097595 ], [ -0.069896092454665, 53.580547489389573 ], [ -0.069883813683135, 53.580816984807903 ], [ -0.069430955362759, 53.580809676812358 ], [ -0.069406391469192, 53.581348667463509 ], [ -0.069859255543644, 53.581355975602072 ], [ -0.069834696608882, 53.581894966339576 ], [ -0.070287566636423, 53.581902272907747 ], [ -0.070275289748009, 53.582171768326745 ], [ -0.07072816285154, 53.582179073252966 ], [ -0.070715888641597, 53.582448568729284 ], [ -0.071168764821126, 53.582455872013547 ], [ -0.071156493289749, 53.58272536754717 ], [ -0.070703614232913, 53.582718064191447 ], [ -0.070691339625481, 53.582987559639442 ], [ -0.070238457890043, 53.582980254498757 ], [ -0.070226180206465, 53.583249749861118 ], [ -0.06932041157725, 53.583235134296217 ], [ -0.06930812794, 53.583504629501363 ], [ -0.067496581558989, 53.583475377523193 ], [ -0.067508876705929, 53.583205882604311 ], [ -0.067055993485686, 53.583198565397559 ], [ -0.06706829131091, 53.582929070536096 ], [ -0.065709651477197, 53.582907108849746 ], [ -0.065697345019904, 53.583176603496298 ], [ -0.064791580372306, 53.583161953661289 ], [ -0.06480389258429, 53.582892459158089 ], [ -0.06253949884156, 53.582855804943101 ], [ -0.062551825240609, 53.582586310784428 ], [ -0.061193200021455, 53.582564297909201 ], [ -0.06120553485258, 53.582294803951761 ], [ -0.060752663056126, 53.5822874629716 ], [ -0.060777337873506, 53.581748475157845 ], [ -0.06032447203109, 53.581741132607988 ], [ -0.060336812017211, 53.581471638751673 ], [ -0.059431086685958, 53.5814569486555 ], [ -0.059443432226309, 53.581187454928759 ], [ -0.058990572737504, 53.581180107382522 ], [ -0.059002920954929, 53.580910613713499 ], [ -0.058550064543015, 53.580903264525809 ], [ -0.058562415437422, 53.580633770914517 ], [ -0.05810956210239, 53.580626420085416 ], [ -0.058121915673684, 53.580356926531834 ], [ -0.057669065415526, 53.58034957406138 ], [ -0.057681421663615, 53.580080080565587 ], [ -0.057228574482323, 53.580072726453793 ], [ -0.057240933407114, 53.579803233015738 ], [ -0.056788089302677, 53.579795877262654 ], [ -0.056800450904077, 53.579526383882417 ], [ -0.056347609876488, 53.579519026488029 ], [ -0.056359974154403, 53.579249533165601 ], [ -0.055454298453131, 53.579234813381156 ], [ -0.055466668284071, 53.578965320188566 ], [ -0.055013833610422, 53.578957957798544 ], [ -0.055026206117641, 53.578688464663792 ], [ -0.054573374520855, 53.578681100632643 ], [ -0.05459812468731, 53.578142114464669 ], [ -0.054145299043828, 53.578134748864471 ], [ -0.054157676702929, 53.577865255831277 ], [ -0.053704854136241, 53.577857888590003 ], [ -0.053717234471301, 53.577588395614683 ], [ -0.053264414981399, 53.577581026732389 ], [ -0.053276797992324, 53.577311533814992 ], [ -0.0523711653666, 53.577296791055282 ], [ -0.052383553929542, 53.57702729826795 ], [ -0.051930740793752, 53.577019924390612 ], [ -0.051943132032323, 53.576750431661225 ], [ -0.051490321973336, 53.576743056142973 ], [ -0.051502715887442, 53.576473563471573 ], [ -0.051049908905249, 53.576466186312459 ], [ -0.051062305494798, 53.576196693699011 ], [ -0.050609501589389, 53.57618931489904 ], [ -0.050621900854286, 53.575919822343607 ], [ -0.050169100025654, 53.575912441902837 ], [ -0.050181501965809, 53.57564294940542 ], [ -0.049728704213943, 53.575635567323879 ], [ -0.049741108829261, 53.575366074884485 ], [ -0.049288314154154, 53.575358691162208 ], [ -0.049300721444544, 53.575089198780844 ], [ -0.048847929846187, 53.575081813417867 ], [ -0.048860339811554, 53.574812321094562 ], [ -0.048407551289937, 53.574804934090928 ], [ -0.048419963930189, 53.574535441825688 ], [ -0.047967178485305, 53.57452805318141 ], [ -0.047979593800349, 53.574258560974265 ], [ -0.047526811432188, 53.574251170689401 ], [ -0.047539229421931, 53.573981678540349 ], [ -0.046633671040114, 53.573966892976586 ], [ -0.046646094580095, 53.57369740095799 ], [ -0.046193318566472, 53.573690005679175 ], [ -0.046205744780914, 53.57342051371873 ], [ -0.04575297184403, 53.573413116799415 ], [ -0.045777829420451, 53.572874132980665 ], [ -0.045325062435777, 53.57286673449331 ], [ -0.04533749379762, 53.572597242634991 ], [ -0.044884729889617, 53.572589842507242 ], [ -0.044897163925602, 53.572320350707123 ], [ -0.04444440309426, 53.572312948939 ], [ -0.044456839804294, 53.572043457197083 ], [ -0.044004082049606, 53.572036053788651 ], [ -0.044016521433595, 53.571766562104955 ], [ -0.043563766755551, 53.571759157056235 ], [ -0.043576208813403, 53.571489665430761 ], [ -0.043123457211995, 53.571482258741774 ], [ -0.043148346473788, 53.570943275593145 ], [ -0.042695600824134, 53.570935867336402 ], [ -0.042708048027941, 53.570666375813246 ], [ -0.042255305454854, 53.570658965916351 ], [ -0.042267755332202, 53.570389474451467 ], [ -0.040909537447393, 53.570367234702452 ], [ -0.040921995748133, 53.57009774344094 ], [ -0.040016523916453, 53.570082908523567 ], [ -0.040041451412519, 53.569543926248173 ], [ -0.039588721549065, 53.569536506365758 ], [ -0.03960118786929, 53.569267015279337 ], [ -0.038695734497435, 53.56925217052202 ], [ -0.038708206365397, 53.568982679566595 ], [ -0.038255482857029, 53.568975254691736 ], [ -0.038267957397823, 53.568705763794732 ], [ -0.037815236966087, 53.568698337280004 ], [ -0.03782771417962, 53.568428846441428 ], [ -0.036922279671405, 53.568413988419799 ], [ -0.036934762432188, 53.568144497712375 ], [ -0.036482048355742, 53.568137066205502 ], [ -0.036494533789028, 53.567867575556534 ], [ -0.033778270823268, 53.567822950989893 ], [ -0.033765768142749, 53.568092441202232 ], [ -0.032407630767713, 53.568070105582201 ], [ -0.032432653173351, 53.567531125580317 ], [ -0.033790773301413, 53.567553460763293 ], [ -0.033803275577191, 53.567283970522475 ], [ -0.033350571539838, 53.567276527246747 ], [ -0.033363076487636, 53.567007037064506 ], [ -0.032910375527071, 53.566999592149187 ], [ -0.032922883146797, 53.566730102025559 ], [ -0.032470185263013, 53.566722655470684 ], [ -0.032482695554573, 53.566453165405662 ], [ -0.032030000747562, 53.566445717211302 ], [ -0.032042513710864, 53.566176227204906 ], [ -0.031589821980615, 53.566168777371054 ], [ -0.031564790102975, 53.566707757223824 ], [ -0.031112092826812, 53.566700305531832 ], [ -0.031099573709799, 53.566969795363931 ], [ -0.030194174016804, 53.566954886696927 ], [ -0.030181648948443, 53.567224376368912 ], [ -0.029728946531669, 53.567216919393871 ], [ -0.029754002214312, 53.566677940181528 ], [ -0.030206698882435, 53.566685397010673 ], [ -0.03021922354534, 53.566415907310187 ], [ -0.029766529751473, 53.566408450553993 ], [ -0.029779057085865, 53.566138960912212 ], [ -0.030684439127898, 53.566153872566325 ], [ -0.030696960511196, 53.565884382764388 ], [ -0.031602337615565, 53.565899287423292 ], [ -0.031627368277751, 53.565360307485058 ], [ -0.031174685372469, 53.565352856157567 ], [ -0.031187203273748, 53.565083366239989 ], [ -0.030734523445111, 53.56507591327312 ], [ -0.03074704401777, 53.564806423414218 ], [ -0.030294367265766, 53.56479896880802 ], [ -0.030306890509711, 53.564529479007795 ], [ -0.029854216834334, 53.564522022762283 ], [ -0.029866742749472, 53.56425253302077 ], [ -0.029414072150712, 53.564245075135986 ], [ -0.029426600736951, 53.563975585453178 ], [ -0.028973933214799, 53.563968125929144 ], [ -0.028986464472046, 53.563698636305084 ], [ -0.028533800026494, 53.563691175141841 ], [ -0.028546333954656, 53.563421685576508 ], [ -0.028998995526476, 53.563429146666742 ], [ -0.029011526378093, 53.563159657014182 ], [ -0.028558867679959, 53.563152195996935 ], [ -0.028583934522004, 53.562613216795029 ], [ -0.028131281773947, 53.562605754211674 ], [ -0.028143817764241, 53.562336264662342 ], [ -0.027691168092611, 53.562328800439886 ], [ -0.027716245211476, 53.561789821444535 ], [ -0.026810957970911, 53.561774888155533 ], [ -0.026823501972736, 53.561505398782572 ], [ -0.025918221291009, 53.561490458791475 ], [ -0.025930770836492, 53.561220969550433 ], [ -0.026383408202492, 53.561228440328904 ], [ -0.026395954671586, 53.560958951000501 ], [ -0.025943320178874, 53.560951480295138 ], [ -0.025968418254347, 53.560412501741773 ], [ -0.025515789711159, 53.560405029470559 ], [ -0.025540892720519, 53.559866051006367 ], [ -0.025088270126699, 53.559858577169443 ], [ -0.025113378069599, 53.559319598794467 ], [ -0.02466076142499, 53.559312123391862 ], [ -0.024673317964642, 53.559042634256116 ], [ -0.024220704396187, 53.55903515721478 ], [ -0.024233263605531, 53.558765668137902 ], [ -0.023780653113223, 53.558758189457855 ], [ -0.023805776667821, 53.558219211407682 ], [ -0.023353172124448, 53.558211731162103 ], [ -0.023378300611358, 53.557672753201253 ], [ -0.022925702016762, 53.557665271390235 ], [ -0.022938268827883, 53.557395782461619 ], [ -0.022485673309306, 53.557388299012025 ], [ -0.022498242789665, 53.557118810142342 ], [ -0.022045650347097, 53.557111325054194 ], [ -0.022070794442655, 53.556572347418488 ], [ -0.021618207948587, 53.556564860765072 ], [ -0.021630782563651, 53.556295371999063 ], [ -0.021178199145525, 53.556287883707178 ], [ -0.02120335350996, 53.555748906278893 ], [ -0.020750776040118, 53.555741416421832 ], [ -0.020763355789353, 53.555471927759555 ], [ -0.020310781395383, 53.555464436264124 ], [ -0.020323363813308, 53.555194947660866 ], [ -0.019870792495202, 53.555187454527093 ], [ -0.019883377581724, 53.55491796598286 ], [ -0.019430809339472, 53.554910471210782 ], [ -0.019443397094497, 53.554640982725608 ], [ -0.018990831928092, 53.554633486315218 ], [ -0.01901601257123, 53.554094509448731 ], [ -0.018563453352714, 53.55408701147347 ], [ -0.018576046240693, 53.553817523092157 ], [ -0.018123490097952, 53.553810023478725 ], [ -0.018136085654115, 53.5535405351565 ], [ -0.017683532587144, 53.553533033904884 ], [ -0.017696130811397, 53.553263545641776 ], [ -0.017243580820185, 53.553256042752039 ], [ -0.017256181712437, 53.552986554548056 ], [ -0.016803634796974, 53.55297905002022 ], [ -0.016816238357132, 53.552709561875382 ], [ -0.015458607449974, 53.552687038243299 ], [ -0.015471219421433, 53.552417550304511 ], [ -0.015018679065547, 53.552410039077706 ], [ -0.015043908139587, 53.551871063304233 ], [ -0.01413883952687, 53.5518560360103 ], [ -0.014126219348631, 53.552125523757155 ], [ -0.01322114580947, 53.552110489470515 ], [ -0.01320851968367, 53.552379977056027 ], [ -0.014113598966182, 53.55239501148975 ], [ -0.014088357588644, 53.552933986912073 ], [ -0.012278176866909, 53.552903910610446 ], [ -0.012290809144846, 53.552634423200644 ], [ -0.010480643180618, 53.55260431980998 ], [ -0.010493286740954, 53.552334832680366 ], [ -0.009135673030854, 53.552312237388236 ], [ -0.009110368475346, 53.552851211191097 ], [ -0.009562911917457, 53.552858744813953 ], [ -0.009537612286614, 53.553397718707053 ], [ -0.011347811075917, 53.553427836673144 ], [ -0.011335172440964, 53.553697323892905 ], [ -0.013597939888185, 53.553734933209668 ], [ -0.013585315408437, 53.554004420783038 ], [ -0.014037872382868, 53.554011937585372 ], [ -0.014025250570837, 53.55428142521798 ], [ -0.014477810621515, 53.554288940382278 ], [ -0.014465191477294, 53.554558428074138 ], [ -0.014917754604229, 53.554565941600373 ], [ -0.014892521447431, 53.555104917088265 ], [ -0.015345090522788, 53.555112429049906 ], [ -0.015332476510346, 53.555381916845896 ], [ -0.014879904562788, 53.555374404810792 ], [ -0.01485467018099, 53.555913380212985 ], [ -0.014402092693065, 53.555905866319229 ], [ -0.014351609989673, 53.556983816658246 ], [ -0.014804198967223, 53.556991330846031 ], [ -0.014791580653302, 53.557260818468599 ], [ -0.013886397157405, 53.557245788234248 ], [ -0.013911645071037, 53.556706813268924 ], [ -0.013459059374486, 53.556699295731221 ], [ -0.013446432647347, 53.556968783147482 ], [ -0.012993844282662, 53.556961263824519 ], [ -0.013056990236947, 53.555613826968155 ], [ -0.013509564239782, 53.555621345923335 ], [ -0.013522189945313, 53.555351858435657 ], [ -0.01306961881471, 53.555344339554047 ], [ -0.013082247188117, 53.555074852125621 ], [ -0.012629679134049, 53.555067331605954 ], [ -0.01264231017524, 53.554797844236845 ], [ -0.012189745197697, 53.55479032207915 ], [ -0.012202378906578, 53.554520834769335 ], [ -0.011749817005552, 53.554513310973633 ], [ -0.011711906649213, 53.555321772639424 ], [ -0.010806766227941, 53.555306719471595 ], [ -0.01075619324498, 53.556384667570256 ], [ -0.008493288327583, 53.556347003223671 ], [ -0.00850594624189, 53.556077516588871 ], [ -0.009411101850009, 53.556092587315128 ], [ -0.009423753814922, 53.555823100518616 ], [ -0.009876329053825, 53.555830633240568 ], [ -0.009888977941762, 53.555561146356084 ], [ -0.008983833413168, 53.555546079347963 ], [ -0.008996487840807, 53.555276592596584 ], [ -0.008543918755838, 53.555269056598803 ], [ -0.008556575850844, 53.554999569906848 ], [ -0.008104009842829, 53.554992032271215 ], [ -0.00811666960511, 53.554722545638704 ], [ -0.00766410667404, 53.554715006365242 ], [ -0.007689431328069, 53.55417603320484 ], [ -0.007236874345923, 53.554168492367339 ], [ -0.007249539237537, 53.553899005839483 ], [ -0.006796985332266, 53.553891463364245 ], [ -0.006809652890833, 53.553621976895855 ], [ -0.006357102062431, 53.553614432782886 ], [ -0.006382442308272, 53.553075459950847 ], [ -0.005929897428515, 53.553067914274031 ], [ -0.005955242597735, 53.552528941532422 ], [ -0.005502703666468, 53.55252139429178 ], [ -0.005515378815142, 53.552251907973357 ], [ -0.005062842960615, 53.552244359095141 ], [ -0.005088198385827, 53.551705386563107 ], [ -0.004635668479573, 53.551697836121186 ], [ -0.004648348755976, 53.551428349907582 ], [ -0.005100875790733, 53.551435900275635 ], [ -0.005113552990512, 53.55116641397386 ], [ -0.004661028827205, 53.551158863679667 ], [ -0.004673708693266, 53.550889377437457 ], [ -0.004221187606528, 53.55088182550579 ], [ -0.004233870138777, 53.550612339323173 ], [ -0.001971282140876, 53.550574554364744 ], [ -0.001945888157538, 53.551113525976476 ], [ -0.002850934226133, 53.551128645389539 ], [ -0.002863625577765, 53.550859159442922 ], [ -0.00331614604873, 53.550866716508537 ], [ -0.003290768882931, 53.551405688535318 ], [ -0.001480665260132, 53.551375449413406 ], [ -0.001506065397152, 53.550836477978216 ], [ -0.000601026304112, 53.55082134844519 ], [ -0.000613731807025, 53.550551862854142 ], [ 0.000291300721066, 53.550536726623946 ], [ 0.000278589681201, 53.550267241166644 ], [ -0.000173923608771, 53.550274810063343 ], [ -0.000186631571754, 53.550005324517713 ], [ -0.001091653026064, 53.550020457029255 ], [ -0.001078950805526, 53.550289942722934 ], [ -0.001531464712216, 53.550297506485805 ], [ -0.001544164061525, 53.550028020718152 ], [ -0.003354210257664, 53.550058258361098 ], [ -0.003341522393315, 53.550327744424564 ], [ -0.003794037326944, 53.550335299631037 ], [ -0.003819407107894, 53.549796327342015 ], [ -0.018752325278432, 53.550044684255333 ], [ -0.018764915110307, 53.549775195659961 ], [ -0.034150480332931, 53.550029126874428 ], [ -0.034162972335656, 53.549759635780816 ], [ -0.049548673587937, 53.550011586208825 ], [ -0.049561067759583, 53.549742092636336 ], [ -0.067662074570509, 53.550035969164036 ], [ -0.067674353679416, 53.549766472702558 ], [ -0.085323029424603, 53.550050363062311 ], [ -0.085335196339331, 53.549780863809531 ], [ -0.103436598394633, 53.55006932642906 ], [ -0.103448650240402, 53.549799824340298 ], [ -0.121097705680948, 53.550078436039499 ], [ -0.121109645326689, 53.549808931211068 ], [ -0.139211430999641, 53.550091979719113 ], [ -0.139223255570455, 53.549822472107643 ], [ -0.157325232500313, 53.550102779253073 ], [ -0.157336941993252, 53.549833268885379 ], [ -0.174986549397927, 53.550103928853453 ], [ -0.17499814668247, 53.549834415823923 ], [ -0.193100489714625, 53.550109308565673 ], [ -0.193111971915708, 53.549839792832906 ], [ -0.210761930601069, 53.550105173666829 ], [ -0.210773300588524, 53.549835655323896 ], [ -0.22887599809393, 53.550105133478162 ], [ -0.228887252992593, 53.549835612484976 ], [ -0.246537551619907, 53.55009571400938 ], [ -0.246548694299959, 53.549826190457679 ], [ -0.264651734648732, 53.550090253848488 ], [ -0.264662762234914, 53.549820727699533 ], [ -0.282765973194634, 53.550082049405688 ], [ -0.282776885684445, 53.549812520686324 ], [ -0.300427676388946, 53.550064669550004 ], [ -0.300438476653084, 53.549795138349928 ], [ -0.31854201293636, 53.550051045041606 ], [ -0.318552698099431, 53.549781511324106 ], [ -0.336203800323989, 53.550028380471431 ], [ -0.336214373257022, 53.54975884432492 ], [ -0.350244833272316, 53.549953214096988 ], [ -0.350003661607681, 53.556152585752649 ], [ -0.350456325915153, 53.556158829756107 ], [ -0.350005322499866, 53.567748942633756 ], [ -0.350458110623428, 53.567755187551747 ], [ -0.350006916870306, 53.579345277823542 ], [ -0.350459828896221, 53.579351523656065 ], [ -0.350008444683189, 53.590941591324537 ], [ -0.350461480697802, 53.590947838071571 ], [ -0.350009905902652, 53.60253788313927 ], [ -0.350463065992387, 53.60254413080083 ], [ -0.350011300492774, 53.614134153270307 ], [ -0.350464584744139, 53.61414040184637 ], [ -0.350012628417587, 53.625730401720212 ], [ -0.350466036917169, 53.625736651210751 ], [ -0.350013889641064, 53.637326628491493 ], [ -0.350467422475532, 53.637332878896508 ], [ -0.350151870844594, 53.645418896456583 ], [ -0.349244631991087, 53.64540639025509 ], [ -0.349255158631818, 53.645136856656698 ], [ -0.348801542351009, 53.645130601040066 ], [ -0.348759423203917, 53.646208735106711 ], [ -0.349213051044705, 53.646214990968403 ], [ -0.349223578197534, 53.645945457410946 ], [ -0.349677203318961, 53.645951711493254 ], [ -0.349687727411065, 53.645682177860891 ], [ -0.350141349813122, 53.64568843016383 ], [ -0.350015084127129, 53.648922833586724 ], [ -0.350468741383235, 53.648929084906221 ], [ -0.350016211839652, 53.66051901700844 ], [ -0.350469993604226, 53.66052526924242 ], [ -0.350017272742447, 53.672115178759249 ], [ -0.350471179102404, 53.672121431907669 ], [ -0.350018266799276, 53.683711318841667 ], [ -0.350472297841611, 53.683717572904555 ], [ -0.350019193973848, 53.695307437258322 ], [ -0.350473349785638, 53.695313692235636 ], [ -0.350020054229817, 53.70690353401173 ], [ -0.350474334898222, 53.706909789903463 ], [ -0.35044270651845, 53.70771838275882 ], [ -0.349988417147808, 53.707712126683141 ], [ -0.349977871111349, 53.707981657546341 ], [ -0.348160703738235, 53.70795661577823 ], [ -0.348150145927034, 53.70822614638238 ], [ -0.347695851611325, 53.708219881573939 ], [ -0.347685290727782, 53.708489412103027 ], [ -0.349956778524725, 53.708520719231842 ], [ -0.349946231974553, 53.708790250054136 ], [ -0.349491931171516, 53.708783992011135 ], [ -0.349481381549074, 53.709053522758445 ], [ -0.348118471464856, 53.709034738112969 ], [ -0.348107912967928, 53.709304268662571 ], [ -0.346744995723487, 53.709285468334144 ], [ -0.34673442835182, 53.709554998685846 ], [ -0.34582581191118, 53.709542456400222 ], [ -0.345815238565652, 53.709811986615343 ], [ -0.344906617009473, 53.709799437318331 ], [ -0.344896037689908, 53.710068967396822 ], [ -0.343533097940589, 53.710050130350837 ], [ -0.3435225097456, 53.710319660231065 ], [ -0.342159562839978, 53.71030080750117 ], [ -0.342148965769312, 53.710570337182972 ], [ -0.341694647576935, 53.710564049433771 ], [ -0.341705247548842, 53.710294519813594 ], [ -0.341250932429823, 53.710288230403897 ], [ -0.341240329556676, 53.71055775996242 ], [ -0.340331694032702, 53.710545175853269 ], [ -0.34032108518483, 53.710814705274807 ], [ -0.338958124487122, 53.710795816009828 ], [ -0.338947506763033, 53.711065345232583 ], [ -0.337584538913046, 53.711046440282857 ], [ -0.337573912312489, 53.711315969306668 ], [ -0.337119587139518, 53.711309664150605 ], [ -0.337140845970728, 53.710770606212904 ], [ -0.335323570215817, 53.710745368861488 ], [ -0.335312929281352, 53.711014897589827 ], [ -0.334404286637838, 53.711002268457435 ], [ -0.334393639727939, 53.711271797048333 ], [ -0.335756612656392, 53.711290738349312 ], [ -0.335745974277732, 53.711560267112176 ], [ -0.334382992645157, 53.711541325625554 ], [ -0.334372345389488, 53.711810854189139 ], [ -0.333009356608661, 53.711791897016944 ], [ -0.332998700475732, 53.712061425381052 ], [ -0.332090036350697, 53.712048778531248 ], [ -0.332100698286521, 53.71177925029108 ], [ -0.330283383720121, 53.711753936172904 ], [ -0.330272710178554, 53.712023464164965 ], [ -0.329364048132199, 53.712010796648492 ], [ -0.32935336861437, 53.712280324502728 ], [ -0.327536034997132, 53.712254968554724 ], [ -0.327546726120801, 53.711985440949 ], [ -0.325729406886999, 53.711960057694156 ], [ -0.32571870415755, 53.712229585051098 ], [ -0.325264371882015, 53.712223234869633 ], [ -0.32525366607729, 53.712492762150653 ], [ -0.323890661589483, 53.712473701086154 ], [ -0.323879946906351, 53.712743228166666 ], [ -0.318427909808435, 53.712666828159406 ], [ -0.318417160132827, 53.712936354477435 ], [ -0.31750848392168, 53.712923596906577 ], [ -0.317497728268395, 53.713193123085894 ], [ -0.317043387523218, 53.713186741654525 ], [ -0.317054146078058, 53.712917215537765 ], [ -0.316599808409133, 53.712910832446703 ], [ -0.316589046952741, 53.713180358500928 ], [ -0.315226026289988, 53.713161198706544 ], [ -0.315215255954077, 53.713430724559281 ], [ -0.313852228160588, 53.71341154907666 ], [ -0.313863007201237, 53.713142023411869 ], [ -0.313408667854985, 53.713135628202487 ], [ -0.313397885912764, 53.713405153804601 ], [ -0.312034860219966, 53.713385957654786 ], [ -0.31202406939783, 53.713655483055064 ], [ -0.310206692654373, 53.71362986382595 ], [ -0.310195890050433, 53.713899388961423 ], [ -0.309741543401353, 53.713892979785655 ], [ -0.309752348906928, 53.713623454712987 ], [ -0.308843661938467, 53.713610631320236 ], [ -0.308832850629633, 53.713880156267223 ], [ -0.307469812788867, 53.713860908072462 ], [ -0.307458992599473, 53.714130432817079 ], [ -0.307004644102231, 53.714124013244671 ], [ -0.307015467193283, 53.713854488562987 ], [ -0.306561121773447, 53.713848067331242 ], [ -0.306550295780739, 53.714117591949993 ], [ -0.305187251871243, 53.714098317732173 ], [ -0.305176416997653, 53.714367842148285 ], [ -0.304267716134238, 53.714354983932282 ], [ -0.304278556811198, 53.714085459642163 ], [ -0.30246116880389, 53.714059722794758 ], [ -0.302450316520236, 53.714329246832612 ], [ -0.30108726865994, 53.71430992592375 ], [ -0.30107640749494, 53.714579449758524 ], [ -0.301985111695592, 53.714592332213002 ], [ -0.301974256157726, 53.714861856160319 ], [ -0.299702482470263, 53.714829636791045 ], [ -0.299713352516861, 53.7145601131595 ], [ -0.298804650080621, 53.714547213481971 ], [ -0.298793774230558, 53.714816736987075 ], [ -0.296522006722794, 53.714784457336613 ] ] } },
{ "type": "Feature", "properties": { "Year": 2005, "Sensor": "Landsat 7 ETM+" }, "geometry": { "type": "LineString", "coordinates": [ [ -0.278100658535423, 53.742837329213295 ], [ -0.278078619200986, 53.743376367823636 ], [ -0.278987933648482, 53.743389429437123 ], [ -0.278954890744129, 53.744197987633633 ], [ -0.279409556956456, 53.744204516046288 ], [ -0.27944259114069, 53.743395957657746 ], [ -0.279897248811809, 53.743402484154323 ], [ -0.279908256942112, 53.743132964599987 ], [ -0.280362911885475, 53.743139489308518 ], [ -0.280406930992127, 53.742061410697723 ], [ -0.279952287674772, 53.742054886245029 ], [ -0.279963294910818, 53.741785366621919 ], [ -0.279508654678686, 53.741778840509262 ], [ -0.279530674426881, 53.741239801349678 ], [ -0.280894578221871, 53.741259374132035 ], [ -0.280883577156083, 53.741528893910591 ], [ -0.283156768253383, 53.7415614810553 ], [ -0.283145781540616, 53.741831001139573 ], [ -0.28541899163242, 53.741863545504422 ], [ -0.285408019273238, 53.742133065893995 ], [ -0.286317310371073, 53.74214607169958 ], [ -0.286306343646573, 53.742415592202924 ], [ -0.286760992369275, 53.742422092583446 ], [ -0.286695205720109, 53.744039215697313 ], [ -0.28714987206088, 53.744045714736103 ], [ -0.287138909902622, 53.744315235270705 ], [ -0.286684240655032, 53.744308736168179 ], [ -0.28666230999037, 53.744847777068713 ], [ -0.287116985051741, 53.744854276298668 ], [ -0.287095059488348, 53.745393317271649 ], [ -0.287549740541824, 53.74539981490485 ], [ -0.287538780399985, 53.745669335434421 ], [ -0.287993464538614, 53.745675831407098 ], [ -0.287982507125793, 53.74594535198662 ], [ -0.287527820080053, 53.745938855950278 ], [ -0.287516859582025, 53.746208376452373 ], [ -0.287062169807229, 53.746201878628078 ], [ -0.287040242462417, 53.746740919463647 ], [ -0.287494938051663, 53.746747417415364 ], [ -0.287505898905896, 53.746477896940746 ], [ -0.287960591765998, 53.746484393104481 ], [ -0.287971549534922, 53.746214872552407 ], [ -0.288880929974829, 53.746227859579719 ], [ -0.288902833349961, 53.745688818179737 ], [ -0.289357518022586, 53.745695308979698 ], [ -0.289368466536148, 53.745425788195462 ], [ -0.289823148479597, 53.745432277207584 ], [ -0.289834093908228, 53.745162756345991 ], [ -0.290288773122494, 53.745169243570281 ], [ -0.290310657632282, 53.744630201678675 ], [ -0.290765331210413, 53.744636687051589 ], [ -0.290754391951363, 53.744906208067853 ], [ -0.29120906861419, 53.744912691780186 ], [ -0.291187195376874, 53.745451733898641 ], [ -0.290732512900008, 53.74544525005917 ], [ -0.290710633137618, 53.745984291995548 ], [ -0.291620009897527, 53.745997258204518 ], [ -0.291609075564058, 53.746266779279217 ], [ -0.291154384188055, 53.746260296973318 ], [ -0.291110633448154, 53.747338380880564 ], [ -0.291565336453385, 53.747344863440695 ], [ -0.291587206364089, 53.746805821387433 ], [ -0.292041903732295, 53.746812302096153 ], [ -0.292063767117738, 53.746273259860864 ], [ -0.292973150757936, 53.746286215851292 ], [ -0.292984076369815, 53.746016694586032 ], [ -0.294802834151407, 53.746042585621744 ], [ -0.294791920168369, 53.746312107140852 ], [ -0.296155999088489, 53.746331507503037 ], [ -0.29612328224115, 53.747140072548667 ], [ -0.296577984290972, 53.747146536077587 ], [ -0.296588887176589, 53.746877014346076 ], [ -0.297043586496205, 53.746883476087319 ], [ -0.297054486297327, 53.746613954278715 ], [ -0.297963879653191, 53.746626872461555 ], [ -0.29795298566674, 53.746896394396828 ], [ -0.298407685517566, 53.746902850965085 ], [ -0.298418576596676, 53.746633328966531 ], [ -0.298873273717132, 53.746639783747156 ], [ -0.298862385545368, 53.746909305809019 ], [ -0.299317085750099, 53.746915758928623 ], [ -0.299338856102052, 53.746376714664663 ], [ -0.300248245412787, 53.746389615477888 ], [ -0.30025912450893, 53.746120093198833 ], [ -0.30207789362229, 53.746145873880906 ], [ -0.302088760912757, 53.745876351335362 ], [ -0.301634071276648, 53.745869908814448 ], [ -0.301677550301174, 53.744791818747821 ], [ -0.301222872470132, 53.744785374755367 ], [ -0.301233744691708, 53.744515852267604 ], [ -0.301688419615758, 53.744522296196891 ], [ -0.301731895108024, 53.74344420585593 ], [ -0.299913242981844, 53.743418420804915 ], [ -0.29992412304041, 53.743148898438172 ], [ -0.297650826394344, 53.743116628648224 ], [ -0.297672615047753, 53.74257758450635 ], [ -0.298127268209815, 53.742584041785911 ], [ -0.298138159364422, 53.742314519631066 ], [ -0.298592809796859, 53.742320975123292 ], [ -0.298614585762173, 53.741781930645871 ], [ -0.299069230558481, 53.741788384287503 ], [ -0.299091000003334, 53.741249339628673 ], [ -0.302273477836619, 53.741294465962824 ], [ -0.30226261354754, 53.741563988741525 ], [ -0.303171900330714, 53.741576866590272 ], [ -0.303182758806923, 53.741307343685321 ], [ -0.305455964319263, 53.74133950782165 ], [ -0.305445120375297, 53.741609031041946 ], [ -0.308627635836427, 53.741653988865643 ], [ -0.308638459435093, 53.741384465204604 ], [ -0.311366319250568, 53.741422932867991 ], [ -0.31137712523468, 53.741153408816103 ], [ -0.313650332043952, 53.741185417477993 ], [ -0.313661123320377, 53.740915893098588 ], [ -0.315025040791018, 53.740935077419543 ], [ -0.315035823172937, 53.740665552838379 ], [ -0.316399733501073, 53.74068472145548 ], [ -0.31641050698874, 53.740415196672664 ], [ -0.317774410173171, 53.740434349586174 ], [ -0.317763645404607, 53.740703874556729 ], [ -0.318218283055654, 53.740710255475854 ], [ -0.31820752101861, 53.740979780495287 ], [ -0.319116802658078, 53.740992537286623 ], [ -0.319138314931692, 53.74045348698391 ], [ -0.319592950200777, 53.740459862668544 ], [ -0.319614455962731, 53.739920812186064 ], [ -0.320978345380117, 53.739939928521281 ], [ -0.32098908928028, 53.739670403072076 ], [ -0.321898343952229, 53.739683138550994 ], [ -0.321909081865406, 53.739413612963254 ], [ -0.323727581677578, 53.739439062984317 ], [ -0.323738307791577, 53.739169537133414 ], [ -0.325102175762133, 53.739188606361097 ], [ -0.325112892983428, 53.73891908030955 ], [ -0.32647675380264, 53.738938133835234 ], [ -0.326487462131484, 53.738668607583243 ], [ -0.327851315798152, 53.738687645407218 ], [ -0.327862015234797, 53.738418118954868 ], [ -0.329225861747721, 53.738437141077398 ], [ -0.32923655229242, 53.738167614424931 ], [ -0.331964232570278, 53.738205611752889 ], [ -0.331953559461913, 53.738475138777886 ], [ -0.331498942742423, 53.738468810137498 ], [ -0.331488266554539, 53.738738337086794 ], [ -0.330579027823754, 53.738725674510249 ], [ -0.330568345650106, 53.738995201321742 ], [ -0.331022967834898, 53.739001533534051 ], [ -0.331001608779376, 53.739540587240192 ], [ -0.330546980782138, 53.739534254903724 ], [ -0.330514932178454, 53.740342835174204 ], [ -0.330060295635771, 53.740336500927498 ], [ -0.330038923219207, 53.740875554248611 ], [ -0.329129639028956, 53.740862880334696 ], [ -0.329118946747193, 53.741132406850504 ], [ -0.330028236750483, 53.741145080888657 ], [ -0.330017550108125, 53.74141460751504 ], [ -0.329562902113072, 53.741408271295874 ], [ -0.329530832424174, 53.742216850906672 ], [ -0.329076175882827, 53.742210512777014 ], [ -0.329065482732388, 53.742480039224475 ], [ -0.328610823458035, 53.742473699308555 ], [ -0.328600127227053, 53.742743225680186 ], [ -0.329054789408203, 53.742749565658258 ], [ -0.329044095910268, 53.743019092078377 ], [ -0.328589430822274, 53.743012752038148 ], [ -0.328568037491308, 53.743551804713064 ], [ -0.328113366763293, 53.743545462824287 ], [ -0.328102666930117, 53.74381498907907 ], [ -0.32764799346898, 53.743808645403938 ], [ -0.327626587466947, 53.744347697748076 ], [ -0.327171908365628, 53.744341352224303 ], [ -0.327150495853659, 53.744880404389349 ], [ -0.327605180769257, 53.744886750037544 ], [ -0.327583773375877, 53.745425802272287 ], [ -0.326674392089724, 53.745413109002733 ], [ -0.326663682317536, 53.745682634975168 ], [ -0.327118375780925, 53.745688982534332 ], [ -0.327107668742057, 53.745958508555326 ], [ -0.327562365286778, 53.745964854452396 ], [ -0.327573069418294, 53.745695328369173 ], [ -0.328482457214788, 53.745708014865912 ], [ -0.328503853326877, 53.745168962409714 ], [ -0.328958541671322, 53.745175302947246 ], [ -0.328969236559395, 53.744905776636479 ], [ -0.328514551122173, 53.744899436161106 ], [ -0.328546643465107, 53.744090857333291 ], [ -0.329001320180949, 53.744097197622153 ], [ -0.329012014373923, 53.74382767125671 ], [ -0.329466688356498, 53.743834009759247 ], [ -0.329455997070561, 53.744103536186834 ], [ -0.329910674133894, 53.744109873027256 ], [ -0.329932050718018, 53.743570820034151 ], [ -0.331296065507735, 53.743589819837496 ], [ -0.33131742395561, 53.743050766417163 ], [ -0.330862757999316, 53.743044434997728 ], [ -0.330873439869837, 53.742774908329146 ], [ -0.330418776993968, 53.742768575247638 ], [ -0.330408092216587, 53.74303810185414 ], [ -0.329953426607473, 53.743031766986391 ], [ -0.329985489139216, 53.742223187312227 ], [ -0.330440146027906, 53.742229521993664 ], [ -0.330472198276815, 53.741420942010166 ], [ -0.330926846619096, 53.74142727478123 ], [ -0.330969568894713, 53.740349167696927 ], [ -0.331424205784498, 53.740355498495639 ], [ -0.331456236950128, 53.739546917852707 ], [ -0.33191086529435, 53.739553246741288 ], [ -0.331921539096364, 53.739283719770931 ], [ -0.332376164707751, 53.739290046873521 ], [ -0.332386835430136, 53.739020519827477 ], [ -0.332841458308678, 53.739026845144124 ], [ -0.332873460717289, 53.73821826373797 ], [ -0.333328075050781, 53.738224587144728 ], [ -0.333338739267667, 53.737955059920026 ], [ -0.334247962642317, 53.737967701437981 ], [ -0.334258620873969, 53.737698174075696 ], [ -0.334713229915069, 53.737704492186936 ], [ -0.334723885067616, 53.737434964749049 ], [ -0.335633097857201, 53.737447595676208 ], [ -0.335611799002899, 53.737986650785992 ], [ -0.336521024108474, 53.737999275065413 ], [ -0.336552954694647, 53.737190692008916 ], [ -0.33746216305613, 53.737203309021766 ], [ -0.33747280042727, 53.736933781185279 ], [ -0.337927401961389, 53.736940087044175 ], [ -0.337916767496127, 53.737209614942479 ], [ -0.339735186983392, 53.737234821387148 ], [ -0.339745809825102, 53.736965293241731 ], [ -0.34065501479264, 53.736977885997696 ], [ -0.340665631650064, 53.736708357715145 ], [ -0.342938632557298, 53.736739809130029 ], [ -0.342928030229202, 53.737009337720927 ], [ -0.34338263383346, 53.737015622894127 ], [ -0.34339323325568, 53.736746094241646 ], [ -0.344302435168999, 53.736758659293422 ], [ -0.344313028607346, 53.73648913050409 ], [ -0.344767626916349, 53.736495410382716 ], [ -0.3447782172768, 53.73622588151818 ], [ -0.345232812852061, 53.736232159611461 ], [ -0.345243400134709, 53.73596263067175 ], [ -0.346152585989688, 53.735975181563958 ], [ -0.346163167288916, 53.735705652487546 ], [ -0.347072348020091, 53.73571819636178 ], [ -0.347082923336078, 53.735448667148759 ], [ -0.347537511053728, 53.735454936438778 ], [ -0.347548083292281, 53.735185407150666 ], [ -0.348457253431541, 53.735197940436677 ], [ -0.348467819687168, 53.734928411012042 ], [ -0.349376984701881, 53.734940937280399 ], [ -0.349387544974757, 53.734671407719325 ], [ -0.349842124833928, 53.734677668206579 ], [ -0.349852682029742, 53.734408138570515 ], [ -0.350307259154915, 53.734414397272708 ], [ -0.350022233121852, 53.741691694318327 ], [ -0.350476888883878, 53.741697952953338 ], [ -0.350022825338881, 53.753287704444631 ], [ -0.350477606306981, 53.753293963994047 ], [ -0.350023350454774, 53.764883692920613 ], [ -0.350478256716518, 53.764889953384426 ], [ -0.350023808432859, 53.77647965974888 ], [ -0.350478840075901, 53.776485921127083 ], [ -0.350024199236415, 53.78807560493204 ], [ -0.35047935634849, 53.788081867224626 ], [ -0.350024522828662, 53.799671528472651 ], [ -0.350479805497589, 53.799677791679649 ], [ -0.350024779172768, 53.811267430373384 ], [ -0.350480187486449, 53.811273694494737 ], [ -0.350024968231847, 53.822863310636819 ], [ -0.350480502278266, 53.822869575672541 ], [ -0.350025089968957, 53.83445916926555 ], [ -0.350480749836182, 53.834465435215655 ], [ -0.3500251443471, 53.846055006262212 ], [ -0.350480930123283, 53.846061273126672 ], [ -0.350025131329228, 53.857650821629434 ], [ -0.350481043102602, 53.857657089408228 ], [ -0.350025050878232, 53.869246615369811 ], [ -0.350481088737117, 53.869252884062995 ], [ -0.350459877880134, 53.869791931292248 ], [ -0.350003834162693, 53.869785662475998 ], [ -0.349993225545675, 53.870055186008656 ], [ -0.349537179071724, 53.870048915398655 ], [ -0.349505343395301, 53.870857485730198 ], [ -0.350417454092697, 53.870870025587372 ], [ -0.350088575976472, 53.879225248985364 ], [ -0.348720137676334, 53.879206430874234 ], [ -0.348730758033913, 53.878936907927908 ], [ -0.34781847256097, 53.878924353979883 ], [ -0.347807846341478, 53.879193876802944 ], [ -0.347351700933763, 53.879187597168134 ], [ -0.347341071610114, 53.879457119915912 ], [ -0.347797219948828, 53.879463399612384 ], [ -0.347786593383016, 53.879732922408181 ], [ -0.348242744825942, 53.879739200433526 ], [ -0.348232121018062, 53.880008723277356 ], [ -0.350056740244903, 53.880033818296972 ], [ -0.350024902956954, 53.880842387486005 ], [ -0.35048106698975, 53.880848657093516 ], [ -0.350024687528176, 53.892438137980641 ], [ -0.350480977823368, 53.892444408502485 ], [ -0.350024404554627, 53.904033866856331 ], [ -0.350480821200785, 53.904040138292522 ], [ -0.350024053998982, 53.915629574115719 ], [ -0.350480597084758, 53.915635846466252 ], [ -0.350023635823859, 53.92722525976145 ], [ -0.350480305437988, 53.927231533026315 ], [ -0.350023149991821, 53.938820923796193 ], [ -0.350479946223125, 53.938827197975385 ], [ -0.350022596465375, 53.950416566222579 ], [ -0.35047951940276, 53.95042284131609 ], [ -0.350021975206973, 53.962012187043264 ], [ -0.350479024939427, 53.962018463051109 ], [ -0.350021286179012, 53.973607786260885 ], [ -0.350478462795611, 53.973614063183057 ], [ -0.350020529343833, 53.985203363878149 ], [ -0.350477832933732, 53.985209641714633 ], [ -0.350019704663719, 53.996798919897664 ], [ -0.350477135316164, 53.996805198648467 ], [ -0.350018812100902, 54.008394454322151 ], [ -0.350476369905219, 54.008400733987258 ], [ -0.350017851617553, 54.019989967154231 ], [ -0.350475536663154, 54.019996247733651 ], [ -0.350016823175788, 54.031585458396641 ], [ -0.350474635552173, 54.031591739890352 ], [ -0.35001572673767, 54.043180928051981 ], [ -0.35047366653442, 54.043187210460054 ], [ -0.350014562265203, 54.054776376122994 ], [ -0.350472629571985, 54.054782659445372 ], [ -0.350013329720334, 54.06637180261238 ], [ -0.350471524626903, 54.066378086849042 ], [ -0.350012029064956, 54.077967207522768 ], [ -0.350470351661149, 54.077973492673749 ], [ -0.350010660260904, 54.089562590856893 ], [ -0.350469110636645, 54.089568876922172 ], [ -0.350009223269955, 54.101157952617434 ], [ -0.350467801515255, 54.101164239597026 ], [ -0.350007718053835, 54.11275329280712 ], [ -0.350466424258787, 54.112759580701024 ], [ -0.350006144574205, 54.124348611428609 ], [ -0.350464978828992, 54.12435490023681 ], [ -0.350004502792676, 54.135943908484641 ], [ -0.350463465187565, 54.135950198207155 ], [ -0.350002792670799, 54.147539183977941 ], [ -0.350461883296143, 54.147545474614759 ], [ -0.35024756596738, 54.152935693228365 ], [ -0.349788415750865, 54.152929401352239 ], [ -0.349799136265903, 54.152659890612675 ], [ -0.348421695610892, 54.152641004669249 ], [ -0.348389506718064, 54.153449536289052 ], [ -0.347930351244546, 54.153443237288123 ], [ -0.347919618281717, 54.153712747738815 ], [ -0.348378776735387, 54.15371904680179 ], [ -0.348368046576836, 54.153988557300927 ], [ -0.349745531933521, 54.154007444174482 ], [ -0.349734810539866, 54.154276954846054 ], [ -0.350193975657221, 54.154283247032062 ], [ -0.350001014170067, 54.159134437911192 ], [ -0.350460233116307, 54.159140729462329 ], [ -0.34999916725192, 54.170729670287123 ], [ -0.350458514609579, 54.17073596275258 ], [ -0.350083092829843, 54.180168805177836 ], [ -0.337677956092498, 54.179998235094807 ], [ -0.33766714599548, 54.18026774295312 ], [ -0.319748727159239, 54.180019106827558 ], [ -0.319737800474659, 54.180288612222512 ], [ -0.301819537787474, 54.180037309068467 ], [ -0.301808494517562, 54.180306811973765 ], [ -0.283890390889255, 54.18005284182906 ], [ -0.283879231036303, 54.180322342218432 ], [ -0.268258445726631, 54.180098756211294 ], [ -0.268303489924691, 54.179020763382731 ], [ -0.266465812224873, 54.178994327056387 ], [ -0.266477084749695, 54.178724829075328 ], [ -0.266017668770999, 54.178718215679787 ], [ -0.26602894409515, 54.17844871775015 ], [ -0.265569531285539, 54.178442102668143 ], [ -0.26560336510086, 54.177633608992338 ], [ -0.26468455794099, 54.177620373964672 ], [ -0.264695841477512, 54.17735087617563 ], [ -0.264236441159076, 54.177344256099687 ], [ -0.264259013644832, 54.176805260610813 ], [ -0.263799619479265, 54.176798638913809 ], [ -0.263810908428358, 54.176529141213983 ], [ -0.263351517431729, 54.176522517830733 ], [ -0.263362809179475, 54.176253020182429 ], [ -0.262444033709284, 54.176239768292042 ], [ -0.26246662858406, 54.175700773215276 ], [ -0.262007247094194, 54.175694144773495 ], [ -0.262018547237317, 54.175424647279776 ], [ -0.261559168916355, 54.175418017151898 ], [ -0.26157047185774, 54.175148519709758 ], [ -0.261111096705674, 54.175141887895812 ], [ -0.261122402445225, 54.174872390505236 ], [ -0.260203658664301, 54.174859121753904 ], [ -0.260214970185368, 54.174589624480305 ], [ -0.258836864855531, 54.174569708414253 ], [ -0.258848185141291, 54.174300211323121 ], [ -0.259307550415625, 54.174306851697715 ], [ -0.259318867532428, 54.174037354527393 ], [ -0.25885950524143, 54.174030714218198 ], [ -0.258870825155955, 54.173761217099553 ], [ -0.257952107097421, 54.173747931358122 ], [ -0.257963432792801, 54.173478434356596 ], [ -0.2575040770253, 54.173471788924402 ], [ -0.257515405518154, 54.173202291974583 ], [ -0.257056052919582, 54.173195644856619 ], [ -0.25706738420981, 54.172926147958499 ], [ -0.256608034780158, 54.17291949915478 ], [ -0.256619368867665, 54.172650002308437 ], [ -0.255700676532071, 54.172636699578341 ], [ -0.255723356081543, 54.172097706106435 ], [ -0.2552640161586, 54.172091052245662 ], [ -0.255275358637356, 54.171821555554615 ], [ -0.253897348933303, 54.171801583662017 ], [ -0.253908700174654, 54.171532087153949 ], [ -0.25299003393483, 54.171518763934365 ], [ -0.253001390955659, 54.171249267543779 ], [ -0.253460720999694, 54.171255929963507 ], [ -0.253472074851569, 54.170986433493503 ], [ -0.253012747790281, 54.170979771139422 ], [ -0.253024104438697, 54.170710274721294 ], [ -0.252564780546306, 54.170703610681741 ], [ -0.252576139991166, 54.170434114315505 ], [ -0.251657498730461, 54.170420781114522 ], [ -0.251668863954254, 54.170151284865874 ], [ -0.250750229404084, 54.170137944792046 ], [ -0.250761600406604, 54.16986844866102 ], [ -0.250302286393676, 54.169861776063279 ], [ -0.25031366019224, 54.169592279984229 ], [ -0.249854349348267, 54.169585605701215 ], [ -0.249865725942778, 54.169316109674128 ], [ -0.249406418267752, 54.169309433705877 ], [ -0.249417797658113, 54.16903993773078 ], [ -0.248958493152025, 54.16903326007732 ], [ -0.248969875338137, 54.168763764154249 ], [ -0.24851057400098, 54.168757084815617 ], [ -0.248521958982747, 54.168487588944551 ], [ -0.248062660814511, 54.168480907920802 ], [ -0.248074048591834, 54.168211412101776 ], [ -0.247614753592511, 54.168204729392912 ], [ -0.247603362832979, 54.168474225146134 ], [ -0.247144065038202, 54.168467540620519 ], [ -0.247155458779938, 54.16819804493317 ], [ -0.246696164154163, 54.16819135872251 ], [ -0.246707560691253, 54.167921863087237 ], [ -0.246248269234473, 54.167915175191546 ], [ -0.246259668566818, 54.167645679608384 ], [ -0.245341092178168, 54.167632298696162 ], [ -0.245352497287711, 54.167362803231015 ], [ -0.244893212355876, 54.167356110214534 ], [ -0.244916027977953, 54.166817119374784 ], [ -0.243997470603254, 54.166803728353095 ], [ -0.244008884097527, 54.166534233044445 ], [ -0.243549608672711, 54.166527534973383 ], [ -0.243561024961697, 54.166258039716922 ], [ -0.242642480637252, 54.16624463845443 ], [ -0.242653902702628, 54.165975143316203 ], [ -0.241735365090746, 54.165961735182691 ], [ -0.241746792932303, 54.165692240162755 ], [ -0.240368996864856, 54.165672115030105 ], [ -0.240380433464041, 54.165402620194605 ], [ -0.239921171464796, 54.165395908381711 ], [ -0.239932610858093, 54.165126413598543 ], [ -0.239014093385457, 54.165112984852911 ], [ -0.239025538554312, 54.164843490188233 ], [ -0.238566283080957, 54.164836773255544 ], [ -0.238577731043676, 54.164567278643233 ], [ -0.238118478739483, 54.16456056002604 ], [ -0.238129929495968, 54.164291065466131 ], [ -0.238589178818723, 54.164297784017116 ], [ -0.238600626406102, 54.164028289377214 ], [ -0.237222887945191, 54.164008128670915 ], [ -0.237234344288916, 54.163738634215818 ], [ -0.236775101492162, 54.16373191054538 ], [ -0.23678656062936, 54.163462416142693 ], [ -0.23586808156201, 54.163448963682555 ], [ -0.235879546473806, 54.163179469398578 ], [ -0.235420310203247, 54.163172740608928 ], [ -0.235431777908267, 54.162903246377454 ], [ -0.234972544806865, 54.162896515903526 ], [ -0.234984015305013, 54.162627021724539 ], [ -0.233606326072551, 54.16260681999858 ], [ -0.233629284390959, 54.162067831997156 ], [ -0.232710837767563, 54.162054355692746 ], [ -0.232699352740447, 54.162323849567635 ], [ -0.232240126730135, 54.162317108723308 ], [ -0.232263102558036, 54.161778121092553 ], [ -0.231803882697975, 54.161771378630576 ], [ -0.231815373310346, 54.161501884860911 ], [ -0.23089694011713, 54.161488394818448 ], [ -0.230908436502816, 54.161218901167842 ], [ -0.229990010025078, 54.161205404256599 ], [ -0.230001512183872, 54.160935910725115 ], [ -0.229542302208576, 54.160929159710363 ], [ -0.229553807159549, 54.160659666231581 ], [ -0.228635393736222, 54.160646159083917 ], [ -0.228646904459945, 54.160376665724364 ], [ -0.228187701011951, 54.160369909591502 ], [ -0.228176187307565, 54.160639402884513 ], [ -0.227716981067643, 54.160632644934751 ], [ -0.227728497752688, 54.160363151708296 ], [ -0.226810091800553, 54.160349630690817 ], [ -0.226821614258025, 54.160080137583741 ], [ -0.225444015688309, 54.160059843129758 ], [ -0.225455546898541, 54.159790350208752 ], [ -0.223618763374217, 54.15976326669891 ], [ -0.223630306317357, 54.15949377403085 ], [ -0.222711921651202, 54.159480221907558 ], [ -0.222723470365976, 54.15921072935916 ], [ -0.222264281297245, 54.159203950738863 ], [ -0.222275832803083, 54.158934458243394 ], [ -0.221816646904061, 54.158927677939609 ], [ -0.221805092417863, 54.159197170368273 ], [ -0.219968338794798, 54.159170031383304 ], [ -0.219991471420407, 54.158631047046732 ], [ -0.219532289449131, 54.158624258058573 ], [ -0.2195438584578, 54.158354765936423 ], [ -0.220003037448833, 54.158361554857727 ], [ -0.220014603287678, 54.158092062654859 ], [ -0.220932955878039, 54.158105635113124 ], [ -0.220944515567008, 54.157836142762754 ], [ -0.219566995906253, 54.157815781650605 ], [ -0.219578564346046, 54.157546289486959 ], [ -0.217282716938267, 54.157512319631195 ], [ -0.217294300088616, 54.157242827788288 ], [ -0.215457637499646, 54.157215620668971 ], [ -0.215469232380005, 54.156946129080211 ], [ -0.213173423320048, 54.156912081138643 ], [ -0.213185032909855, 54.156642589871389 ], [ -0.209970929078608, 54.156594849719298 ], [ -0.209982559336901, 54.156325358908397 ], [ -0.209064251631076, 54.156311703248775 ], [ -0.209052615413172, 54.15658119392517 ], [ -0.205379368384346, 54.156526500746125 ], [ -0.205391028440528, 54.156257010608428 ], [ -0.204013572896068, 54.156236471992635 ], [ -0.204025241700276, 54.155966982043346 ], [ -0.202188648904289, 54.155939572991791 ], [ -0.20217696818129, 54.156209062671124 ], [ -0.201717817481105, 54.15620220596567 ], [ -0.201729501183791, 54.155932716353888 ], [ -0.200811206317336, 54.155918997828039 ], [ -0.200822895787789, 54.155649508337511 ], [ -0.198986320272882, 54.155622050556218 ], [ -0.198998021470027, 54.155352561322253 ], [ -0.197620600786091, 54.155331949814482 ], [ -0.197632310729975, 54.15506246076967 ], [ -0.1939592211904, 54.155007420293032 ], [ -0.193970954777838, 54.154737931776438 ], [ -0.192134426539647, 54.154710369811248 ], [ -0.192146171852217, 54.15444088155224 ], [ -0.188473148453827, 54.1543856741703 ], [ -0.188484917408188, 54.154116186441122 ], [ -0.187566669445042, 54.154102367232973 ], [ -0.187578444164949, 54.153832879626002 ], [ -0.187119323452036, 54.153825967465217 ], [ -0.18710754575292, 54.154095455004125 ], [ -0.18664842225383, 54.154088541025402 ], [ -0.186660202932151, 54.153819053554599 ], [ -0.185741962471658, 54.153805220483882 ], [ -0.185753748915203, 54.153535733135428 ], [ -0.18391728222924, 54.153508046268733 ], [ -0.18392908039597, 54.153238559179059 ], [ -0.181174404043337, 54.153196976794391 ], [ -0.181186219890817, 54.15292749010036 ], [ -0.180268001946643, 54.152913615443872 ], [ -0.180279823558379, 54.152644128872574 ], [ -0.179820717855832, 54.152637188988038 ], [ -0.179832542252724, 54.152367702471189 ], [ -0.177996133296474, 54.152339925709228 ], [ -0.178007969414931, 54.152070439452039 ], [ -0.176630673670841, 54.152049588713901 ], [ -0.176642518531644, 54.151780102648146 ], [ -0.176183423317226, 54.151773148971188 ], [ -0.176171575477658, 54.152042634968474 ], [ -0.174335184647132, 54.152014802489816 ], [ -0.174347044401718, 54.15174531676665 ], [ -0.173428856109943, 54.151731390166361 ], [ -0.173440721627553, 54.151461904566432 ], [ -0.172981630752016, 54.151454938710408 ], [ -0.172993499053808, 54.151185453165155 ], [ -0.172075323843561, 54.151171516341407 ], [ -0.172087197908017, 54.150902030919511 ], [ -0.170250861737357, 54.150874136551224 ], [ -0.170274633110469, 54.150335166215072 ], [ -0.169815555511624, 54.150328188386432 ], [ -0.169803666943999, 54.150597673492754 ], [ -0.169344586561524, 54.150590693845807 ], [ -0.169356478107606, 54.150321208808229 ], [ -0.168897400898466, 54.150314227480457 ], [ -0.168909295228076, 54.150044742497712 ], [ -0.16845022119226, 54.150037759489166 ], [ -0.1684621183053, 54.149768274561232 ], [ -0.168003047442801, 54.149761289871918 ], [ -0.168014947339173, 54.149491804998888 ], [ -0.166637744856825, 54.149470840640255 ], [ -0.166649653492909, 54.149201355959718 ], [ -0.166190589367272, 54.149194364410029 ], [ -0.166202500786387, 54.148924879784424 ], [ -0.16574343983413, 54.148917886554109 ], [ -0.165755354036179, 54.148648401983451 ], [ -0.164837238673695, 54.148634410412242 ], [ -0.164849158636654, 54.148364925965417 ], [ -0.163931050011654, 54.148350927534281 ], [ -0.163942975735314, 54.148081443211403 ], [ -0.163483924693948, 54.148074441440642 ], [ -0.163495853200143, 54.147804957172752 ], [ -0.163036805332211, 54.147797953721593 ], [ -0.163048736620844, 54.147528469508728 ], [ -0.162130647427393, 54.147514457496214 ], [ -0.162166457987048, 54.146706005188001 ], [ -0.16262549355258, 54.146713011861941 ], [ -0.162637427036888, 54.146443527662313 ], [ -0.161719362056828, 54.146429512703129 ], [ -0.161731301300897, 54.14616002862757 ], [ -0.160813243058707, 54.146146006809317 ], [ -0.160825188062332, 54.145876522857897 ], [ -0.160366162212409, 54.145869509393918 ], [ -0.160378109997843, 54.145600025497629 ], [ -0.157164955375687, 54.145550882754605 ], [ -0.157200860083315, 54.144742432433894 ], [ -0.156741847710751, 54.144735405252717 ], [ -0.156765789156545, 54.144196438440879 ], [ -0.153552749725433, 54.144147200165655 ], [ -0.153564740994495, 54.143877717223688 ], [ -0.150810732721757, 54.143835445188067 ], [ -0.150834750395597, 54.14329648009479 ], [ -0.150375755659395, 54.143289428772526 ], [ -0.150363743943803, 54.143558911256719 ], [ -0.149445749107793, 54.143544803226085 ], [ -0.149457766777485, 54.143275320880832 ], [ -0.148539778683222, 54.143261205992864 ], [ -0.148551802109989, 54.142991723772667 ], [ -0.14763382075773, 54.142977602027543 ], [ -0.147645849941364, 54.142708119932394 ], [ -0.147186862537793, 54.142701056505828 ], [ -0.147198894501209, 54.142431574466279 ], [ -0.146739910271659, 54.142424509360282 ], [ -0.146751945014761, 54.142155027376333 ], [ -0.146292963959226, 54.142147960590918 ], [ -0.146305001481915, 54.141878478662584 ], [ -0.145846023600384, 54.141871410197794 ], [ -0.145870104007468, 54.141332446438412 ], [ -0.144952160743056, 54.141318304540462 ], [ -0.144964206603924, 54.141048822779048 ], [ -0.144505238244356, 54.141041749276361 ], [ -0.144517286884423, 54.140772267570625 ], [ -0.144058321698824, 54.140765192388699 ], [ -0.144070373117992, 54.140495710738662 ], [ -0.142693487675633, 54.140474474908657 ], [ -0.142705547826703, 54.140204993453764 ], [ -0.141787631139256, 54.140190827628913 ], [ -0.141799697045515, 54.139921346299531 ], [ -0.140881787101599, 54.139907173618866 ], [ -0.140893858762841, 54.139637692415072 ], [ -0.140434907063862, 54.139630603521304 ], [ -0.140446981503603, 54.139361122373302 ], [ -0.139529084651728, 54.13934693947904 ], [ -0.139541164846091, 54.139077458456725 ], [ -0.139082219693229, 54.139070364456259 ], [ -0.139094302665844, 54.138800883489814 ], [ -0.13817641890639, 54.138786690382368 ], [ -0.13818850763327, 54.138517209541668 ], [ -0.137729569026714, 54.13851011043473 ], [ -0.137741660531598, 54.138240629649978 ], [ -0.137282725099199, 54.138233528864227 ], [ -0.137294819381989, 54.13796404813538 ], [ -0.136835887123738, 54.137956945670879 ], [ -0.136847984184337, 54.137687464997988 ], [ -0.135012269037501, 54.137659037932984 ], [ -0.135024377803483, 54.137389557525999 ], [ -0.134565452488489, 54.137382446458105 ], [ -0.134577564031925, 54.137112966107168 ], [ -0.135036486371086, 54.137120077105031 ], [ -0.135048594740317, 54.136850596670065 ], [ -0.134130756211979, 54.136836373065748 ], [ -0.134142870334307, 54.136566892756825 ], [ -0.13368395434354, 54.136559778401825 ], [ -0.133696071243084, 54.136290298148964 ], [ -0.131860421168275, 54.136261823523384 ], [ -0.131872549771786, 54.135992343536913 ], [ -0.130954731877601, 54.135978095873007 ], [ -0.130966866233529, 54.135708616012806 ], [ -0.130049055085614, 54.135694361495069 ], [ -0.13006119519375, 54.135424881761253 ], [ -0.128684488890113, 54.13540348708139 ], [ -0.128696637725685, 54.135134007544195 ], [ -0.127778840469175, 54.135119735822293 ], [ -0.127790995056482, 54.134850256411617 ], [ -0.126414309591356, 54.134828835926072 ], [ -0.126426472905505, 54.134559356712316 ], [ -0.125508689542271, 54.134545067787009 ], [ -0.125520858607682, 54.134275588699914 ], [ -0.124144193983867, 54.134254142409816 ], [ -0.124132015992708, 54.134523621285737 ], [ -0.123673125208459, 54.134516468955113 ], [ -0.123685306174858, 54.134246990149627 ], [ -0.122767531155526, 54.134232680383981 ], [ -0.122779717872749, 54.133963201705349 ], [ -0.122320833637702, 54.133956044270391 ], [ -0.122333023130417, 54.133686565648226 ], [ -0.121874142070182, 54.133679406535357 ], [ -0.12188633433829, 54.133409927969673 ], [ -0.121427456452859, 54.133402767178929 ], [ -0.121439651496264, 54.133133288669718 ], [ -0.119604153852835, 54.133104628305425 ], [ -0.119591946909381, 54.133374106532422 ], [ -0.118215316851291, 54.133352592689889 ], [ -0.118251963856297, 54.132544158602251 ], [ -0.117793096495253, 54.132536984036641 ], [ -0.117768659408863, 54.133075939967817 ], [ -0.11730978629815, 54.133068763512611 ], [ -0.117322007916358, 54.132799285624699 ], [ -0.116863137980785, 54.132792107491831 ], [ -0.116850913387646, 54.133061585309065 ], [ -0.1163920406774, 54.133054405357193 ], [ -0.116379812909029, 54.133323883089709 ], [ -0.115920937424119, 54.133316701318826 ], [ -0.115933168167461, 54.133047223657023 ], [ -0.115474295857876, 54.13304004020852 ], [ -0.115462062139568, 54.133309517799589 ], [ -0.114544312171743, 54.133295145516115 ], [ -0.114581030574922, 54.132486713125338 ], [ -0.114122164816455, 54.132479524573462 ], [ -0.114146648699005, 54.131940569717628 ], [ -0.113687789090634, 54.131933379559086 ], [ -0.113700033705814, 54.13166390218089 ], [ -0.113241177272724, 54.131656710344899 ], [ -0.113253424661979, 54.13138723302351 ], [ -0.112335718347014, 54.131372844248503 ], [ -0.112323465008469, 54.131642321428231 ], [ -0.1118646091774, 54.131635124347575 ], [ -0.111852352663444, 54.131904601442386 ], [ -0.110934635654307, 54.131890201894642 ], [ -0.110897847059106, 54.132698632669523 ], [ -0.109980113004846, 54.132684225703287 ], [ -0.109992382020428, 54.132414748934231 ], [ -0.107698065276843, 54.132378701278739 ], [ -0.107710348965213, 54.132109224850552 ], [ -0.107251489194707, 54.132102010145722 ], [ -0.107276061917133, 54.131563057389279 ], [ -0.106817208297218, 54.131555841078331 ], [ -0.106854074795062, 54.130747412051406 ], [ -0.106395230300064, 54.130740194205451 ], [ -0.106432103909447, 54.129931765265255 ], [ -0.105973268538948, 54.1299245458844 ], [ -0.105985562313704, 54.129655069613975 ], [ -0.105526730118864, 54.129647848556118 ], [ -0.105514433369825, 54.129917324755432 ], [ -0.105055598402127, 54.129910101878409 ], [ -0.105043298477333, 54.130179577992571 ], [ -0.104584460736785, 54.130172353296302 ], [ -0.104535247125003, 54.131250257327849 ], [ -0.10269985058761, 54.131221339922952 ], [ -0.102724481592437, 54.130682388504724 ], [ -0.101806796431861, 54.13066791959821 ], [ -0.10181911758047, 54.130398444010453 ], [ -0.101360278277289, 54.130391207006262 ], [ -0.101372602198417, 54.130121731475676 ], [ -0.099537258902217, 54.130092766262983 ], [ -0.099561929932935, 54.129553815730041 ], [ -0.09910310056241, 54.129546570199309 ], [ -0.09911543874886, 54.129277094983081 ], [ -0.098656612554606, 54.129269847775682 ], [ -0.098681294269413, 54.128730897443695 ], [ -0.098222474225486, 54.128723648630988 ], [ -0.098210130495087, 54.128993123732641 ], [ -0.097751307679282, 54.12898587310054 ], [ -0.097763654383745, 54.128716398070289 ], [ -0.096846015307013, 54.128701891704921 ], [ -0.096858367757255, 54.128432416803406 ], [ -0.096399551496362, 54.128425161070169 ], [ -0.096411906718231, 54.128155686226009 ], [ -0.09595309363366, 54.12814842881626 ], [ -0.095965451627056, 54.127878954029491 ], [ -0.095506641718799, 54.127871694943252 ], [ -0.095531363045993, 54.127332745470412 ], [ -0.095072559287834, 54.127325484779213 ], [ -0.095047832013006, 54.127864434109085 ], [ -0.094589022509725, 54.12785717152699 ], [ -0.094564288477029, 54.128396120657555 ], [ -0.093646658182586, 54.128381589963453 ], [ -0.09365903124807, 54.128112115548277 ], [ -0.093200219378746, 54.128104847650825 ], [ -0.093224970849428, 54.127565898921368 ], [ -0.093683776771058, 54.127573166675674 ], [ -0.093708521483431, 54.127034217746768 ], [ -0.093249721509301, 54.127026950135551 ], [ -0.093262096535197, 54.126757475721512 ], [ -0.092803299737433, 54.126750206434011 ], [ -0.092828055128361, 54.126211257706842 ], [ -0.092369264480527, 54.126203986814652 ], [ -0.092381644845418, 54.125934512501516 ], [ -0.091922857373878, 54.125927239933112 ], [ -0.091935240509468, 54.125657765677495 ], [ -0.092394025007538, 54.125665038174326 ], [ -0.092406404966889, 54.125395563833038 ], [ -0.091488842120402, 54.12538101723483 ], [ -0.091476456214214, 54.125650491432893 ], [ -0.091017672121825, 54.125643215440512 ], [ -0.091030061001426, 54.125373741314085 ], [ -0.090571280085357, 54.125366463645598 ], [ -0.090596063182504, 54.124827515493735 ], [ -0.087843417629743, 54.12478381364032 ], [ -0.087855826713365, 54.124514339973516 ], [ -0.08739705613886, 54.124507050286034 ], [ -0.087421879642714, 54.123968103053691 ], [ -0.086963115217799, 54.123960811762075 ], [ -0.08698794385466, 54.123421864616937 ], [ -0.086529185579172, 54.123414571721263 ], [ -0.086516768389374, 54.123684045229105 ], [ -0.085599246502497, 54.123669454051239 ], [ -0.085611669638335, 54.123399980687054 ], [ -0.084694154511343, 54.123385382662363 ], [ -0.084706583389643, 54.123115909427824 ], [ -0.084247829104416, 54.123108607865916 ], [ -0.084260260752069, 54.122839134689151 ], [ -0.083342758738271, 54.122824526466424 ], [ -0.083355196128029, 54.122555053419369 ], [ -0.082896448399493, 54.122547746758542 ], [ -0.08295864715651, 54.121200381671393 ], [ -0.082499914495186, 54.121193073622777 ], [ -0.08251235660797, 54.12092360063496 ], [ -0.082053627122954, 54.120916290910834 ], [ -0.082066072004473, 54.120646817980898 ], [ -0.082524798516993, 54.120654127633074 ], [ -0.082537240222261, 54.120384654617077 ], [ -0.082078516682187, 54.120377345036864 ], [ -0.082090961156101, 54.120107872078719 ], [ -0.082549681723776, 54.120115181586975 ], [ -0.08257456411557, 54.119576235484466 ], [ -0.082115849492545, 54.119568926120117 ], [ -0.082128293355085, 54.119299453119666 ], [ -0.081669581908097, 54.119292142079942 ], [ -0.081694474966184, 54.118753196180663 ], [ -0.082153180468823, 54.118760507076445 ], [ -0.082165623720029, 54.118491034033674 ], [ -0.081706921189493, 54.118483723209856 ], [ -0.081744258636535, 54.117675304212831 ], [ -0.079909486216976, 54.117646044308778 ], [ -0.079921943512629, 54.117376571569586 ], [ -0.078545875255413, 54.117354608511768 ], [ -0.078533409044117, 54.117624081034741 ], [ -0.077616025282851, 54.117609430115877 ], [ -0.077628497437886, 54.117339957737151 ], [ -0.076711120437304, 54.117325299973665 ], [ -0.07673607602182, 54.11678635546243 ], [ -0.076277393771568, 54.116779024104233 ], [ -0.076427145773955, 54.113545356717118 ], [ -0.075968499385311, 54.113538024477947 ], [ -0.076005941701644, 54.112729607530071 ], [ -0.076464579177071, 54.112736939552747 ], [ -0.076477056569493, 54.112467467136383 ], [ -0.076935691278246, 54.112474797339978 ], [ -0.076948165495437, 54.11220532483734 ], [ -0.077406797437506, 54.112212653221903 ], [ -0.077444209951095, 54.111404235412905 ], [ -0.078361456622713, 54.111418886508716 ], [ -0.078373921110702, 54.111149413733287 ], [ -0.079749783736394, 54.11117137705952 ], [ -0.079762239108168, 54.110901904053755 ], [ -0.08022085742062, 54.110909221596849 ], [ -0.080233309617789, 54.110639748504965 ], [ -0.080691925163451, 54.110647064229212 ], [ -0.080704374186111, 54.110377591051211 ], [ -0.081162986964973, 54.110384904956661 ], [ -0.081175432813223, 54.11011543169257 ], [ -0.082551263460516, 54.110137362712436 ], [ -0.08256370019336, 54.10986788921835 ], [ -0.083480915702005, 54.109882501020607 ], [ -0.083493346290212, 54.109613027368574 ], [ -0.084869162167962, 54.109634931755721 ], [ -0.084894004911143, 54.109095983978165 ], [ -0.085352604669638, 54.109103281803385 ], [ -0.085365022765792, 54.10883380782164 ], [ -0.086282216951917, 54.108848398088369 ], [ -0.086294628904079, 54.108578923948897 ], [ -0.087211817962381, 54.108593507085303 ], [ -0.08722422377073, 54.10832403278819 ], [ -0.087682815634273, 54.108331321664643 ], [ -0.087695218269252, 54.108061847281682 ], [ -0.08907098616727, 54.108083703215897 ], [ -0.089083379688536, 54.107814228603708 ], [ -0.089541966423539, 54.107821510350142 ], [ -0.089554356771717, 54.107552035652191 ], [ -0.090471524909886, 54.107566593761852 ], [ -0.090483909114934, 54.107297118906509 ], [ -0.091401072123847, 54.107311669886457 ], [ -0.091425828045392, 54.106772719847072 ], [ -0.092342979984607, 54.10678726355426 ], [ -0.092355351701387, 54.106517788370276 ], [ -0.093272498510769, 54.106532324948091 ], [ -0.093284864085063, 54.106262849606949 ], [ -0.095119148252902, 54.106291901517807 ], [ -0.095131501745013, 54.106022425876617 ], [ -0.096048639102737, 54.106036941209858 ], [ -0.096060986452804, 54.105767465411724 ], [ -0.097895251714005, 54.105796474834179 ], [ -0.097907586982469, 54.105526998736444 ], [ -0.098366150832892, 54.1055342466544 ], [ -0.098378482929583, 54.10526477047123 ], [ -0.098837044012072, 54.105272016571348 ], [ -0.098849372937087, 54.105002540302806 ], [ -0.100683607405834, 54.105031506953139 ], [ -0.100695924250026, 54.104762030385395 ], [ -0.101613036754953, 54.104776503089198 ], [ -0.101625347458082, 54.104507026364949 ], [ -0.102083901043171, 54.10451426002593 ], [ -0.102096208575092, 54.104244783216409 ], [ -0.102554759391998, 54.104252015059757 ], [ -0.102567063752808, 54.103982538164992 ], [ -0.103942708503066, 54.104004223002924 ], [ -0.103955003753687, 54.103734745880658 ], [ -0.104413549436822, 54.103741970595998 ], [ -0.104425841516614, 54.103472493388566 ], [ -0.106260014382797, 54.103501374501477 ], [ -0.106272294383327, 54.103231896995695 ], [ -0.106730835133067, 54.103239112836881 ], [ -0.106718558102056, 54.103508590413689 ], [ -0.108094190465573, 54.103530227671889 ], [ -0.108106458588001, 54.103260749882125 ], [ -0.110857710919199, 54.103303976819895 ], [ -0.110869961023793, 54.103034498590617 ], [ -0.111787040800054, 54.103048893456965 ], [ -0.111799284765168, 54.102779415071957 ], [ -0.113174897024345, 54.102800994061127 ], [ -0.11316266196767, 54.103070472658551 ], [ -0.114996826328469, 54.103099220477759 ], [ -0.114984602949669, 54.103368699344109 ], [ -0.115443147509809, 54.10337588200359 ], [ -0.115430926900501, 54.103645360926578 ], [ -0.115889474630312, 54.10365254191035 ], [ -0.115877256790594, 54.103922020889975 ], [ -0.116335807690084, 54.103929200197953 ], [ -0.116323592620053, 54.104198679234223 ], [ -0.116782146689229, 54.104205856866386 ], [ -0.116794358789547, 54.103936377759467 ], [ -0.117711461588201, 54.103950727643131 ], [ -0.11772366754925, 54.103681248380937 ], [ -0.118182216278665, 54.103688420632473 ], [ -0.118170013287294, 54.103957899965266 ], [ -0.118628565186168, 54.103965070540916 ], [ -0.118640765207856, 54.103695591137566 ], [ -0.119099314336773, 54.103702759896201 ], [ -0.119111511189096, 54.10343328040824 ], [ -0.120487150864781, 54.103454775993846 ], [ -0.120499338608634, 54.103185296280273 ], [ -0.122792060543278, 54.103221086975168 ], [ -0.122779887647508, 54.103490567041021 ], [ -0.123696983755937, 54.103504871234747 ], [ -0.123709150712443, 54.103235391028122 ], [ -0.127377519352584, 54.103292537382345 ], [ -0.127365376153311, 54.103562018151472 ], [ -0.129199577124755, 54.103590549694701 ], [ -0.129187445605598, 54.103860030730637 ], [ -0.130563107328948, 54.103881411260559 ], [ -0.130575229938873, 54.103611930014175 ], [ -0.131492332807335, 54.103626174828094 ], [ -0.131504449279386, 54.103356693427486 ], [ -0.13242154700187, 54.103370931115343 ], [ -0.13240943646925, 54.103640412656091 ], [ -0.134243646171888, 54.10366886735428 ], [ -0.134231547320111, 54.103938349161105 ], [ -0.136524328753654, 54.103973878587482 ], [ -0.136536412756446, 54.103704396430921 ], [ -0.13699496666704, 54.103711497006778 ], [ -0.137007047502241, 54.103442014766365 ], [ -0.138382701511204, 54.103463305805299 ], [ -0.138370629585314, 54.103732788255293 ], [ -0.139746294282307, 54.10375406378526 ], [ -0.139734231068278, 54.10402354643066 ], [ -0.140651347793488, 54.104037721524271 ], [ -0.140663405067831, 54.103768238739328 ], [ -0.141580516642927, 54.10378240670736 ], [ -0.141568465308287, 54.104051889631748 ], [ -0.14202702436166, 54.104058971065697 ], [ -0.142039072726442, 54.103789488071598 ], [ -0.142497629007204, 54.103796567689301 ], [ -0.142509674204925, 54.103527084611549 ], [ -0.143426781418355, 54.10354123846809 ], [ -0.143450859343228, 54.103002271991976 ], [ -0.143909407306105, 54.103009346161215 ], [ -0.143921443003225, 54.102739862832564 ], [ -0.144838533580673, 54.102754005792441 ], [ -0.144850563141479, 54.102484522310576 ], [ -0.145309105755989, 54.102491591101263 ], [ -0.145321132150263, 54.102222107535837 ], [ -0.146238212030683, 54.102236239738737 ], [ -0.146250232288965, 54.101966756020232 ], [ -0.149918535921504, 54.102023214418736 ], [ -0.149930532226777, 54.101753730130582 ], [ -0.150389068095568, 54.101760779502094 ], [ -0.150401061234954, 54.101491295130543 ], [ -0.151318127622489, 54.101505388495617 ], [ -0.151330114626626, 54.101235903971414 ], [ -0.152705706771179, 54.101257030713114 ], [ -0.152717684670823, 54.100987545966966 ], [ -0.153176212808485, 54.100994584652135 ], [ -0.153188187542666, 54.10072509982276 ], [ -0.155939342667287, 54.100767294844673 ], [ -0.155951299389356, 54.100497809586031 ], [ -0.156409822959467, 54.100504835908268 ], [ -0.15642177651649, 54.1002353505665 ], [ -0.156880297312968, 54.100242375073222 ], [ -0.156892247705039, 54.099972889648377 ], [ -0.159643358774801, 54.100014999601335 ], [ -0.159655291155828, 54.099745513748026 ], [ -0.161030840420656, 54.099766544942156 ], [ -0.161042763698729, 54.099497058867897 ], [ -0.162418305812587, 54.099518074138345 ], [ -0.162406391442174, 54.099787560419443 ], [ -0.162864908839496, 54.099794562085904 ], [ -0.162876820240681, 54.099525075735897 ], [ -0.164252364694703, 54.099546070050742 ], [ -0.164264266993333, 54.09927658348014 ], [ -0.165181291665247, 54.09929057082082 ], [ -0.165193187830737, 54.099021084098624 ], [ -0.166568717391572, 54.099042051806066 ], [ -0.166580604454984, 54.098772564863538 ], [ -0.167039111728724, 54.098779550538033 ], [ -0.167050995628475, 54.098510063512826 ], [ -0.167509500127676, 54.098517047372312 ], [ -0.167521380863864, 54.098247560264419 ], [ -0.168438384507609, 54.098261522607245 ], [ -0.16846213352069, 54.097722548074792 ], [ -0.168920629696227, 54.097729526489466 ], [ -0.168932500942304, 54.097460039133651 ], [ -0.169390994343269, 54.097467015733471 ], [ -0.1694147303148, 54.096928040842727 ], [ -0.169873217972375, 54.096935015559062 ], [ -0.169896947229369, 54.096396040475277 ], [ -0.170355429143685, 54.096403013308176 ], [ -0.170367290512199, 54.096133525676777 ], [ -0.171742728513895, 54.09615443349297 ], [ -0.171766432856842, 54.095615457776809 ], [ -0.172224906641606, 54.095622423419542 ], [ -0.172236755553535, 54.095352935471986 ], [ -0.172695226563711, 54.095359899300128 ], [ -0.172718917868783, 54.094820923226187 ], [ -0.173177383135914, 54.094827885171199 ], [ -0.173201067728661, 54.09428890890451 ], [ -0.174117986970873, 54.094302827282462 ], [ -0.174141658915131, 54.093763850686116 ], [ -0.174600112890283, 54.093770807119149 ], [ -0.17462377812323, 54.09323183033019 ], [ -0.175082226355663, 54.093238784880377 ], [ -0.175094055713497, 54.092969296396568 ], [ -0.175552501171425, 54.092976249132384 ], [ -0.175576153370117, 54.092437271986128 ], [ -0.17603459308549, 54.092444222839198 ], [ -0.176058238573998, 54.091905245500456 ], [ -0.176516672546945, 54.091912194470872 ], [ -0.17652849203304, 54.091642705712218 ], [ -0.176986923231543, 54.091649652868426 ], [ -0.176998739556331, 54.091380164027477 ], [ -0.17745716798038, 54.091387109369485 ], [ -0.177480794114188, 54.090848131509134 ], [ -0.177939216796013, 54.090855074968644 ], [ -0.177951026605182, 54.090585585949242 ], [ -0.178409446512581, 54.090592527594644 ], [ -0.178444865877491, 54.089784060248057 ], [ -0.178903277075248, 54.089790999942771 ], [ -0.178915080176222, 54.089521510731103 ], [ -0.179373488599625, 54.08952844861183 ], [ -0.179397088287122, 54.088989470010205 ], [ -0.179855490968719, 54.088996406008683 ], [ -0.179867287555392, 54.088726916618754 ], [ -0.180325687462662, 54.088733850803322 ], [ -0.180349274122159, 54.088194871845197 ], [ -0.180807668287788, 54.088201804147658 ], [ -0.180819458360762, 54.087932314579518 ], [ -0.181277849752091, 54.087939245068149 ], [ -0.181289636664894, 54.087669755417878 ], [ -0.181748025281915, 54.08767668409272 ], [ -0.181771592594525, 54.087137704614072 ], [ -0.182229975470104, 54.087144631406964 ], [ -0.18225353607722, 54.086605651736342 ], [ -0.182711913211485, 54.086612576647383 ], [ -0.182723690258872, 54.086343086723062 ], [ -0.18226531609159, 54.086336161880176 ], [ -0.182277095913174, 54.086066672010105 ], [ -0.182735467113521, 54.086073596784829 ], [ -0.182747243775438, 54.085804106832697 ], [ -0.183205612201627, 54.085811029793796 ], [ -0.183240932130635, 54.085002559649567 ], [ -0.183699291849112, 54.085009480660858 ], [ -0.183711061806739, 54.084739990516837 ], [ -0.18416941875113, 54.084746909714617 ], [ -0.184192952155277, 54.084207929248713 ], [ -0.184651303358961, 54.084214846564926 ], [ -0.184674830059796, 54.083675865907217 ], [ -0.185133175522901, 54.083682781341942 ], [ -0.185144935618093, 54.083413290924192 ], [ -0.185603278307175, 54.083420204545533 ], [ -0.185626791987411, 54.082881223532226 ], [ -0.18608512893608, 54.082888135272171 ], [ -0.186096882521273, 54.082618644676664 ], [ -0.18563854853894, 54.082611733004725 ], [ -0.185650304898081, 54.082342242463348 ], [ -0.18656696712251, 54.082356063925907 ], [ -0.18657871735679, 54.082086573234591 ], [ -0.187037045791211, 54.082093481279998 ], [ -0.187072286441926, 54.081285008918698 ], [ -0.188447246202977, 54.081305721971873 ], [ -0.18845898380392, 54.081036230953146 ], [ -0.189375618672935, 54.081050030793442 ], [ -0.189363887004135, 54.081319521947961 ], [ -0.190738849645589, 54.081340208823022 ], [ -0.190750572416143, 54.081070717464932 ], [ -0.191208890714268, 54.081077609531697 ], [ -0.19122061032695, 54.080808118091888 ], [ -0.192595557473661, 54.080828783617605 ], [ -0.192618978327833, 54.080289800289584 ], [ -0.194452220144776, 54.080317329349469 ], [ -0.194475616505294, 54.079778345424081 ], [ -0.19493392150641, 54.079785223190775 ], [ -0.194945616433703, 54.079515731139601 ], [ -0.195403918660352, 54.079522607093502 ], [ -0.195415610430488, 54.079253114960764 ], [ -0.195873909882662, 54.079259989101928 ], [ -0.195897286917555, 54.078721004659478 ], [ -0.195438993396824, 54.078714130653587 ], [ -0.195462375597934, 54.078175146290896 ], [ -0.195920663187417, 54.078182020161485 ], [ -0.195967413432187, 54.077104050998933 ], [ -0.196883965460971, 54.077117792964117 ], [ -0.196930688923696, 54.076039823038528 ], [ -0.198305482816642, 54.076060422088283 ], [ -0.198328825610338, 54.075521436636805 ], [ -0.198787084693001, 54.075528299361885 ], [ -0.198810420792701, 54.074989313719819 ], [ -0.197893914678605, 54.074975586794999 ], [ -0.197905588372078, 54.074706094088221 ], [ -0.198363838368657, 54.074712958355505 ], [ -0.198375508906187, 54.07444346556732 ], [ -0.198833756128771, 54.074450328022266 ], [ -0.198857090701243, 54.073911342269199 ], [ -0.198398849408408, 54.073904479949299 ], [ -0.198410519373108, 54.073634987119462 ], [ -0.198868757701142, 54.073641849371853 ], [ -0.198892091128282, 54.073102863535482 ], [ -0.199350323717735, 54.073109723908104 ], [ -0.199361987180325, 54.072840230901626 ], [ -0.199820216995943, 54.07284708946203 ], [ -0.199831877303091, 54.072577596374195 ], [ -0.200748331577365, 54.072591308126007 ], [ -0.200771639761146, 54.072052321638829 ], [ -0.201229861255208, 54.072059174762835 ], [ -0.201241512096611, 54.071789681430992 ], [ -0.202157949727565, 54.071803382310257 ], [ -0.20218123898086, 54.071264395335348 ], [ -0.203097665516183, 54.071278088966586 ], [ -0.203109303928357, 54.07100859532359 ], [ -0.20265109352982, 54.071001749447632 ], [ -0.202662734715892, 54.070732255858111 ], [ -0.20174632041884, 54.070718559007219 ], [ -0.201769614076543, 54.070179572056119 ], [ -0.202227815201366, 54.070186421219063 ], [ -0.20223945878025, 54.069916927655321 ], [ -0.203614054404999, 54.069937464474854 ], [ -0.203625688901054, 54.069667970695157 ], [ -0.203167493133181, 54.069661126900506 ], [ -0.203202404371392, 54.068852645680195 ], [ -0.203660591247202, 54.068859489272853 ], [ -0.20363732320677, 54.06939847690159 ], [ -0.20409551620091, 54.069405318884435 ], [ -0.20411877831334, 54.068866331121036 ], [ -0.204576965569757, 54.068873171224787 ], [ -0.204611848419675, 54.068064689273783 ], [ -0.205070026974656, 54.068071527431215 ], [ -0.205081651247064, 54.067802033352528 ], [ -0.205539827028419, 54.06780886969829 ], [ -0.205586310361751, 54.066730892975841 ], [ -0.206044474478507, 54.066737727308229 ], [ -0.206067709077493, 54.066198738729327 ], [ -0.206525867457225, 54.066205571182927 ], [ -0.20654909536916, 54.065666582414124 ], [ -0.207007248011997, 54.065673412989014 ], [ -0.207030469237292, 54.065134424030333 ], [ -0.207488616143361, 54.065141252726605 ], [ -0.20753504446201, 54.064063274374128 ], [ -0.207993179705113, 54.064070101057496 ], [ -0.208039593133872, 54.062992122214553 ], [ -0.208497716714704, 54.062998946885166 ], [ -0.208544115255372, 54.061920967551885 ], [ -0.209002227174622, 54.061927790209893 ], [ -0.209013823372733, 54.061658295274782 ], [ -0.208555714416195, 54.061651472683891 ], [ -0.208602109162239, 54.060573493073385 ], [ -0.209060206268414, 54.060580315395782 ], [ -0.209141369033952, 54.058693850073915 ], [ -0.209599445593489, 54.058700670182652 ], [ -0.209622627324075, 54.058161679831763 ], [ -0.210080698148968, 54.058168498062521 ], [ -0.210103873197205, 54.05762950752203 ], [ -0.210561938287581, 54.057636323874902 ], [ -0.210585106653882, 54.057097333144846 ], [ -0.210127047487357, 54.05709051692611 ], [ -0.21017339379354, 54.056012535567966 ], [ -0.210631441112941, 54.056019351518486 ], [ -0.210643024254076, 54.055749856077234 ], [ -0.210184979896335, 54.055743040193789 ], [ -0.210208151533455, 54.055204049403848 ], [ -0.210666189968021, 54.055210865153185 ], [ -0.210677772540838, 54.054941369670388 ], [ -0.211593844055186, 54.054954995804216 ], [ -0.211628572868522, 54.054146508870495 ], [ -0.211170545900937, 54.054139696876419 ], [ -0.21118212475473, 54.05387020127116 ], [ -0.211640148760985, 54.053877013198218 ], [ -0.211779044704977, 54.050643064050078 ], [ -0.212237033368312, 54.050649873429705 ], [ -0.21229488383099, 54.049302393694205 ], [ -0.213210832119119, 54.049316006553944 ], [ -0.213245522363784, 54.048507518144653 ], [ -0.212787557006417, 54.048500712787238 ], [ -0.21279912300345, 54.048231216690048 ], [ -0.212341160795543, 54.048224409656413 ], [ -0.212364298142714, 54.047685417554383 ], [ -0.21282225443012, 54.047692224454103 ], [ -0.21281068881135, 54.047961720579003 ], [ -0.214184567688827, 54.047982131020127 ], [ -0.214196124426894, 54.047712634694456 ], [ -0.213738167572259, 54.047705833024118 ], [ -0.213749727081536, 54.047436336751502 ], [ -0.213291773376116, 54.04742953340498 ], [ -0.213303335656507, 54.047160037185449 ], [ -0.21376128640179, 54.047166840465032 ], [ -0.213772845533024, 54.046897344164691 ], [ -0.213314897747831, 54.046890540952035 ], [ -0.213326459650091, 54.046621044704764 ], [ -0.213784404475243, 54.04662784785053 ], [ -0.213795963228451, 54.0463583515225 ], [ -0.214253905282617, 54.046365152858279 ], [ -0.214334790544478, 54.044478677705904 ], [ -0.213876869208939, 54.044471876838429 ], [ -0.213899983502501, 54.04393288394688 ], [ -0.213442068275106, 54.04392608147031 ], [ -0.21346518773176, 54.043387088657191 ], [ -0.213923097040185, 54.043393890999916 ], [ -0.213946209822024, 54.042854897997557 ], [ -0.214404113400624, 54.042861698463653 ], [ -0.214496533296987, 54.040705725365015 ], [ -0.214954413391244, 54.040712523553303 ], [ -0.214965962069387, 54.040443026786782 ], [ -0.214508084934069, 54.040436228665349 ], [ -0.214542738712128, 54.039627738483247 ], [ -0.215000606970922, 54.039634536404066 ], [ -0.215104531480442, 54.037209064508062 ], [ -0.215562373301036, 54.037215860084657 ], [ -0.215585459643342, 54.036676866043962 ], [ -0.215127623739329, 54.036670070601019 ], [ -0.21513916958563, 54.036400573626743 ], [ -0.215597002531424, 54.036407369002838 ], [ -0.215608545230799, 54.036137871947858 ], [ -0.215150715243175, 54.036131076638597 ], [ -0.215162260711969, 54.035861579636624 ], [ -0.215620087741471, 54.035868374879037 ], [ -0.215631630063443, 54.03559887779636 ], [ -0.215173805992014, 54.035592082620774 ], [ -0.215185351083315, 54.035322585591089 ], [ -0.21564317219672, 54.035329380699828 ], [ -0.215654714141305, 54.035059883589462 ], [ -0.215196895985877, 54.035053088547542 ], [ -0.215231529561169, 54.034244597333824 ], [ -0.215689338842956, 54.034251392175243 ], [ -0.215747042905606, 54.032903906207878 ], [ -0.215289248412255, 54.032897111700613 ], [ -0.215312334631746, 54.032358117350384 ], [ -0.215770123210061, 54.032364911723988 ], [ -0.215793202759936, 54.031825917184698 ], [ -0.215335420096464, 54.031819122944746 ], [ -0.215381588761709, 54.030741133967254 ], [ -0.215839359596074, 54.030747927939935 ], [ -0.215920126797591, 54.028861446228369 ], [ -0.215462376662306, 54.028854652723417 ], [ -0.215473917036372, 54.028585155347479 ], [ -0.215931664214839, 54.028591948785611 ], [ -0.215954738483577, 54.028052953858541 ], [ -0.215496997218601, 54.028046160554013 ], [ -0.215508537026773, 54.027776663136514 ], [ -0.215966275335076, 54.027783456374223 ], [ -0.216012420855367, 54.026705466298488 ], [ -0.215554694373276, 54.026698673328021 ], [ -0.215589310402775, 54.025890180826195 ], [ -0.216047028015713, 54.025896973596232 ], [ -0.21607009851321, 54.025357978392194 ], [ -0.215154675300973, 54.025344391377587 ], [ -0.215177756868981, 54.024805396385361 ], [ -0.215635462468481, 54.024812190629888 ], [ -0.215693148307663, 54.023464702572852 ], [ -0.215235457488133, 54.023457908662415 ], [ -0.215270075596337, 54.022649415862425 ], [ -0.215727757548465, 54.022656209572432 ], [ -0.215750829432941, 54.022117214169548 ], [ -0.215293153392174, 54.022110420593187 ], [ -0.215304692007215, 54.02184092293777 ], [ -0.215762365092374, 54.02184771644734 ], [ -0.215773900563275, 54.021578218711269 ], [ -0.214858560492652, 54.021564630084292 ], [ -0.214950884758692, 54.019408648766209 ], [ -0.214493238648968, 54.019401852375218 ], [ -0.214550949961032, 54.018054363935398 ], [ -0.214093318815031, 54.018047566137312 ], [ -0.214104863466446, 54.017778068474634 ], [ -0.213647235463978, 54.017771269002182 ], [ -0.21367033011042, 54.01723227376899 ], [ -0.214127952203297, 54.017239073107717 ], [ -0.214185670744062, 54.015891584447985 ], [ -0.214643278252436, 54.015898381711295 ], [ -0.214666358439361, 54.01535938601674 ], [ -0.214208756839912, 54.015352588887104 ], [ -0.214278010600615, 54.013735601871993 ], [ -0.213362843418799, 54.013722003191859 ], [ -0.213432125837621, 54.012105016480305 ], [ -0.212974560253539, 54.012098214930077 ], [ -0.213032305182593, 54.010750725957138 ], [ -0.212574754555724, 54.010743923000526 ], [ -0.212586305928978, 54.010474425231266 ], [ -0.213043853602293, 54.010481228120995 ], [ -0.213090045394197, 54.009403236637802 ], [ -0.212632509534617, 54.009396434015642 ], [ -0.212724907687345, 54.007240450919241 ], [ -0.212267395641615, 54.007233647091603 ], [ -0.212313602000643, 54.00615565547843 ], [ -0.211856101955042, 54.006148850177894 ], [ -0.211879209907604, 54.005609854421962 ], [ -0.211421715956172, 54.005603047514811 ], [ -0.211467941406385, 54.004525056104391 ], [ -0.211010459453964, 54.004518247724562 ], [ -0.211079809679376, 54.00290126059474 ], [ -0.210622345629628, 54.002894450876276 ], [ -0.210645466765069, 54.00235545518936 ], [ -0.210188008808404, 54.002348643864565 ], [ -0.210222697951103, 54.001540150431133 ], [ -0.209765249039296, 54.001533337567054 ], [ -0.20982307525827, 54.000185848568954 ], [ -0.209365641294338, 54.000179034299698 ], [ -0.209423477548022, 53.998831545289995 ], [ -0.20896605853077, 53.998824729615684 ], [ -0.208977628166044, 53.99855523183917 ], [ -0.20852021228918, 53.998548414491893 ], [ -0.208554928914956, 53.9977399212802 ], [ -0.208097522081013, 53.997733102394037 ], [ -0.208155394098976, 53.996385613765767 ], [ -0.20769800220959, 53.996378793474946 ], [ -0.207732732004386, 53.995570300332723 ], [ -0.207275349156802, 53.995563478503236 ], [ -0.207310086102048, 53.994754985437417 ], [ -0.206852712295856, 53.994748162069378 ], [ -0.206864293850002, 53.994478664420136 ], [ -0.206406923183635, 53.994471839379457 ], [ -0.206476426238974, 53.992854853595176 ], [ -0.206019073464694, 53.99284802721747 ], [ -0.206053831288983, 53.992039534339398 ], [ -0.205596487554716, 53.992032706423423 ], [ -0.205631252526286, 53.991224213621905 ], [ -0.205173917831623, 53.991217384167776 ], [ -0.205185508726957, 53.990947886606648 ], [ -0.204728177171615, 53.990941055480164 ], [ -0.204786143558065, 53.989593567802267 ], [ -0.20432882694138, 53.989586735272141 ], [ -0.204352018069966, 53.989047740238185 ], [ -0.203894707542039, 53.989040906103014 ], [ -0.203952696797103, 53.987693418611236 ], [ -0.203495401206174, 53.987686583072666 ], [ -0.203518601481046, 53.987147588113217 ], [ -0.203061311978253, 53.987140750969786 ], [ -0.203072914780793, 53.986871253536464 ], [ -0.202615628416756, 53.986864414721005 ], [ -0.202650444534988, 53.986055922539443 ], [ -0.202193167207983, 53.986049082186476 ], [ -0.202227990467583, 53.985240590081737 ], [ -0.201770722177201, 53.985233748191362 ], [ -0.201817162331614, 53.984155758793086 ], [ -0.201359906026216, 53.984148915432662 ], [ -0.201394742997361, 53.983340423440019 ], [ -0.200937495727616, 53.983333578542386 ], [ -0.200949110620654, 53.983064081251044 ], [ -0.200491866489154, 53.983057234681723 ], [ -0.200515101603227, 53.982518240191958 ], [ -0.200057863558435, 53.982511392018274 ], [ -0.200092723651876, 53.981702900381471 ], [ -0.199635494641954, 53.981696050670813 ], [ -0.199670361872386, 53.980887559111032 ], [ -0.199213141896925, 53.980880707863548 ], [ -0.199271264892278, 53.97953322198962 ], [ -0.198356854991129, 53.979519514951761 ], [ -0.198391744197629, 53.978711023664971 ], [ -0.197934548375362, 53.978704167740069 ], [ -0.19798107644956, 53.977626179432818 ], [ -0.197523892607844, 53.977619322038827 ], [ -0.197558795511766, 53.976810830864785 ], [ -0.197101620702463, 53.976803971934423 ], [ -0.197148167037575, 53.9757259837776 ], [ -0.196233841567485, 53.975712261240645 ], [ -0.19629204968259, 53.974364776406446 ], [ -0.195834901968068, 53.974357912867532 ], [ -0.195869833397022, 53.973549422002691 ], [ -0.195412694713274, 53.973542556927782 ], [ -0.195459279077402, 53.972464569183408 ], [ -0.195002152370663, 53.972457702640085 ], [ -0.195025449305077, 53.97191870881953 ], [ -0.194568328681651, 53.971911840672895 ], [ -0.194579979810096, 53.971642343809286 ], [ -0.194122862323378, 53.971635473991917 ], [ -0.194157823406641, 53.970826983520254 ], [ -0.193700714949357, 53.970820112167232 ], [ -0.193770649656337, 53.96920313125392 ], [ -0.193313559066372, 53.969196258568005 ], [ -0.193348532689006, 53.968387768126405 ], [ -0.192891451127212, 53.968380893905085 ], [ -0.192903111566659, 53.968111397130976 ], [ -0.192446033141069, 53.968104521239212 ], [ -0.192469359340472, 53.967565527784444 ], [ -0.192012286996828, 53.967558650289838 ], [ -0.192047283704977, 53.966750160206246 ], [ -0.191590220388721, 53.966743281176484 ], [ -0.191660226336244, 53.965126301039604 ], [ -0.191203180883038, 53.965119420677638 ], [ -0.191238190121328, 53.964310930624407 ], [ -0.190781153694246, 53.964304048727527 ], [ -0.190792826004483, 53.964034552082929 ], [ -0.190335792713042, 53.964027668515911 ], [ -0.190382491828712, 53.962949682069166 ], [ -0.189925470507785, 53.962942797035048 ], [ -0.189972178353686, 53.961864810636456 ], [ -0.189515169002521, 53.961857924135373 ], [ -0.189561885577368, 53.960779937785063 ], [ -0.189104888195211, 53.960773049817121 ], [ -0.189116569806832, 53.960503553262484 ], [ -0.188659575559812, 53.960496663624696 ], [ -0.188694628083819, 53.959688174080412 ], [ -0.188237642860616, 53.959681282908278 ], [ -0.188261016144942, 53.959142289944666 ], [ -0.187804037000976, 53.959135397170535 ], [ -0.187839104329298, 53.958326907824009 ], [ -0.187382134208479, 53.958320013515682 ], [ -0.187405517361477, 53.957781020683967 ], [ -0.186948553319473, 53.957774124773785 ], [ -0.18699532911113, 53.956696139214479 ], [ -0.18653837703538, 53.956689241838085 ], [ -0.186550073449897, 53.956419745481256 ], [ -0.186093124508763, 53.956412846435384 ], [ -0.186151618435982, 53.955065364781554 ], [ -0.185694684403664, 53.955058464337476 ], [ -0.185741487882351, 53.953980479035216 ], [ -0.185284565814419, 53.953973577125268 ], [ -0.185331378010594, 53.952895591871695 ], [ -0.184417557993022, 53.952881783383205 ], [ -0.184452682792797, 53.952073294704007 ], [ -0.183995781899548, 53.952066388057794 ], [ -0.184042624062323, 53.950988403228834 ], [ -0.18358573513143, 53.950981495117212 ], [ -0.183632586007188, 53.949903510337094 ], [ -0.183175709037896, 53.94989660076012 ], [ -0.183210854015236, 53.949088112232587 ], [ -0.182753986064444, 53.949081201122503 ], [ -0.182765703616913, 53.948811704986724 ], [ -0.182308838799673, 53.948804792207781 ], [ -0.182332279215546, 53.948265800030335 ], [ -0.181875420474091, 53.948258885650489 ], [ -0.181910588490029, 53.947450397483721 ], [ -0.181453738766293, 53.947443481571021 ], [ -0.181488913886724, 53.946634993482824 ], [ -0.181032073180299, 53.946628076037342 ], [ -0.181067255404461, 53.945819588027774 ], [ -0.180610423714938, 53.945812669049623 ], [ -0.180633883457748, 53.945273677109604 ], [ -0.180177057843067, 53.945266756530863 ], [ -0.180188790369039, 53.944997260607963 ], [ -0.179731967887441, 53.944990338360725 ], [ -0.179767173141433, 53.944181850712489 ], [ -0.179310359675954, 53.94417492693281 ], [ -0.179345572030949, 53.943366439363359 ], [ -0.178888767581183, 53.94335951405133 ], [ -0.178935726471749, 53.942281530702601 ], [ -0.17847893397844, 53.942274603926421 ], [ -0.178514159958424, 53.941466116472796 ], [ -0.178057376479861, 53.941459188164458 ], [ -0.178080865390535, 53.940920196595222 ], [ -0.177624087985451, 53.940913266686778 ], [ -0.177647582011363, 53.940374275198003 ], [ -0.177190810679596, 53.940367343689502 ], [ -0.177226059103249, 53.939558856556154 ], [ -0.176769296785298, 53.939551923515793 ], [ -0.176804552305493, 53.938743436461429 ], [ -0.176347799000951, 53.938736501889281 ], [ -0.176383061616927, 53.937928014913936 ], [ -0.175926317325383, 53.937921078810113 ], [ -0.175938074087511, 53.937651583191951 ], [ -0.175024591960495, 53.937637705912465 ], [ -0.175059878737392, 53.936829219383362 ], [ -0.174603146782319, 53.936822278344138 ], [ -0.174661968939674, 53.935474800857897 ], [ -0.174205251876585, 53.935467858423706 ], [ -0.174240551687538, 53.934659371969367 ], [ -0.173783843635849, 53.934652428003936 ], [ -0.173819150538338, 53.93384394162883 ], [ -0.17290575264897, 53.9338300488999 ], [ -0.172952849347272, 53.932752067417198 ], [ -0.17249616244864, 53.93274511872211 ], [ -0.172543267831241, 53.931667137289459 ], [ -0.172086592881895, 53.931660187131747 ], [ -0.1721219287193, 53.930851701115721 ], [ -0.171665262779462, 53.930844749427258 ], [ -0.171688824921788, 53.930305758816779 ], [ -0.17123216505212, 53.930298805529318 ], [ -0.171243948773966, 53.930029310271472 ], [ -0.170787292035432, 53.930022355316758 ], [ -0.170810864780218, 53.929483364895887 ], [ -0.170354214111633, 53.929476408342296 ], [ -0.170377791964944, 53.928937418002349 ], [ -0.169921147366148, 53.928930459849965 ], [ -0.169956521519877, 53.928121974440515 ], [ -0.169499885929286, 53.928115014757758 ], [ -0.169523473613844, 53.927576024551819 ], [ -0.169066844092621, 53.927569063270411 ], [ -0.169090436884553, 53.927030073145417 ], [ -0.168633813432537, 53.927023110265431 ], [ -0.168657411331486, 53.926484120221453 ], [ -0.168200793948518, 53.926477155742923 ], [ -0.168212595547562, 53.926207660768434 ], [ -0.167299367235573, 53.926193726742305 ], [ -0.167322981608826, 53.925654737025241 ], [ -0.166866373617961, 53.925647767546167 ], [ -0.166889993097038, 53.925108777910211 ], [ -0.166433391174878, 53.925101806832821 ], [ -0.166468827762719, 53.924293322479713 ], [ -0.166012234846975, 53.924286349872588 ], [ -0.166047678514363, 53.923477865599352 ], [ -0.165591094604629, 53.923470891462578 ], [ -0.16561472862813, 53.922931902014369 ], [ -0.165158150786419, 53.922924926279492 ], [ -0.165181789914157, 53.922385936912498 ], [ -0.16472521814031, 53.922378959579639 ], [ -0.164737040352519, 53.922109464943738 ], [ -0.164280471708949, 53.922102485944372 ], [ -0.164304121429773, 53.921563496767831 ], [ -0.163847558853845, 53.921556516170568 ], [ -0.163894867730468, 53.920478537924282 ], [ -0.163438317096424, 53.920471555866364 ], [ -0.163461976251709, 53.919932566796632 ], [ -0.163005431684786, 53.91992558314098 ], [ -0.163040927781846, 53.919117099637504 ], [ -0.162584392218814, 53.919110114452813 ], [ -0.162608061192506, 53.918571125517914 ], [ -0.162151531696176, 53.918564138735633 ], [ -0.162187042519547, 53.917755655434462 ], [ -0.161730522026439, 53.917748667123305 ], [ -0.161766039922397, 53.91694018390244 ], [ -0.161309528432103, 53.916933194062494 ], [ -0.161333211937057, 53.916394205316067 ], [ -0.160876706512784, 53.916387213878785 ], [ -0.160924082950863, 53.91530923649308 ], [ -0.160467589464974, 53.915302243595875 ], [ -0.160503128574146, 53.914493760616025 ], [ -0.160046644089848, 53.914486766190343 ], [ -0.160105886755077, 53.913139294621466 ], [ -0.159649417143707, 53.913132298804825 ], [ -0.159684969231838, 53.912323815902035 ], [ -0.159228508620948, 53.912316818557116 ], [ -0.159287772914591, 53.91096934711679 ], [ -0.158831327174737, 53.910962348381162 ], [ -0.158855037410204, 53.910423359844742 ], [ -0.158398597734408, 53.910416359512318 ], [ -0.158422313067301, 53.90987737105754 ], [ -0.157965879455403, 53.909870369128377 ], [ -0.158001459810295, 53.90906188654774 ], [ -0.157545035197247, 53.909054883090704 ], [ -0.157568760337106, 53.908515894771313 ], [ -0.157112341787537, 53.908508889717687 ], [ -0.15717166592709, 53.907161419018777 ], [ -0.156715262245284, 53.907154412575053 ], [ -0.156750863211877, 53.906345930194455 ], [ -0.156294468527549, 53.906338922223171 ], [ -0.156377551219637, 53.9044524633279 ], [ -0.156833925362961, 53.904459470817436 ], [ -0.156857655665176, 53.903920482298254 ], [ -0.156401287390279, 53.903913474946336 ], [ -0.15643689019522, 53.903104992269228 ], [ -0.155980530916066, 53.903097983389962 ], [ -0.156016140781721, 53.902289500793565 ], [ -0.155559790497903, 53.902282490387023 ], [ -0.155583535308512, 53.901743502057279 ], [ -0.155127191085873, 53.901736490054716 ], [ -0.155162815651402, 53.90092800766184 ], [ -0.15470648042343, 53.900920994132207 ], [ -0.15473023503309, 53.900382005938148 ], [ -0.154273905865879, 53.90037499081263 ], [ -0.154297665568064, 53.89983600270044 ], [ -0.153841342461452, 53.899828985979099 ], [ -0.153853224955474, 53.899559491970955 ], [ -0.153396904975952, 53.899552473584933 ], [ -0.153420675249581, 53.899013485664554 ], [ -0.152964361330439, 53.899006465682845 ], [ -0.15300002408753, 53.89819798390424 ], [ -0.152543719161755, 53.898190962395837 ], [ -0.152567499230479, 53.897651974611435 ], [ -0.152111200364662, 53.897644951507473 ], [ -0.152123093041319, 53.897375457663287 ], [ -0.151666797302351, 53.897368432894837 ], [ -0.151690587939982, 53.896829445302473 ], [ -0.151234298260751, 53.896822418938619 ], [ -0.151258093988491, 53.896283431428294 ], [ -0.150801810368839, 53.896276403469066 ], [ -0.150825611186333, 53.895737416040859 ], [ -0.150369333626097, 53.895730386486328 ], [ -0.150381236676547, 53.895460892820267 ], [ -0.149924962242969, 53.895453861601432 ], [ -0.149948773626999, 53.894914874365455 ], [ -0.149492505252619, 53.894907841551451 ], [ -0.149516321725413, 53.894368854397648 ], [ -0.149060059410068, 53.894361819988525 ], [ -0.149095791460681, 53.893553339360146 ], [ -0.148639538136511, 53.893546303425062 ], [ -0.14867527723665, 53.892737822878061 ], [ -0.147762788764051, 53.892723746223012 ], [ -0.147774707273319, 53.892454252817586 ], [ -0.148230948480416, 53.892461291942553 ], [ -0.148242863863384, 53.892191798454029 ], [ -0.147786625588339, 53.892184759398191 ], [ -0.147798543709116, 53.891915265964769 ], [ -0.147342308560314, 53.891908225244968 ], [ -0.147354229418807, 53.891638731866713 ], [ -0.14689799739624, 53.891631689482985 ], [ -0.146921844394138, 53.891092702822803 ], [ -0.146465618429645, 53.891085658844339 ], [ -0.146489470513815, 53.89054667226651 ], [ -0.146033250607237, 53.890539626693403 ], [ -0.146057107777321, 53.890000640197961 ], [ -0.145600893928499, 53.889993593030269 ], [ -0.145612825153542, 53.889724099830765 ], [ -0.145156614430764, 53.889717050999309 ], [ -0.145180482160578, 53.889178064696736 ], [ -0.144724277495334, 53.889171014270836 ], [ -0.144736213999966, 53.888901521167774 ], [ -0.144280012460698, 53.888894469078188 ], [ -0.14430389074914, 53.888355482968599 ], [ -0.143847695267184, 53.888348429284662 ], [ -0.143859637050856, 53.88807893627812 ], [ -0.143403444694807, 53.888071880930625 ], [ -0.143427333540777, 53.887532895014104 ], [ -0.142971147241819, 53.887525838072357 ], [ -0.142995041171447, 53.886986852238437 ], [ -0.142538860929423, 53.886979793702508 ], [ -0.142562759942354, 53.886440807951196 ], [ -0.142106585757101, 53.886433747821172 ], [ -0.142118537902424, 53.886164254993837 ], [ -0.141662366842889, 53.886157193200425 ], [ -0.141674321724339, 53.88588770042842 ], [ -0.141218153790511, 53.885880636971656 ], [ -0.14124206883062, 53.885341651524335 ], [ -0.140785906953283, 53.885334586473661 ], [ -0.140809827075428, 53.884795601109062 ], [ -0.140353671254422, 53.884788534464505 ], [ -0.140365633953802, 53.884519041830572 ], [ -0.139909481258373, 53.884511973522805 ], [ -0.139921446693412, 53.884242480944287 ], [ -0.139465297123552, 53.884235410973332 ], [ -0.139489233269737, 53.883696425913108 ], [ -0.139033089755927, 53.883689354348448 ], [ -0.139069001303774, 53.882880876861343 ], [ -0.138612866776195, 53.882873803772497 ], [ -0.13862483983233, 53.882604311318225 ], [ -0.138168708430138, 53.88259723656634 ], [ -0.138192659817566, 53.8820582517547 ], [ -0.137736534470944, 53.88205117540933 ], [ -0.137760490938075, 53.881512190680567 ], [ -0.137304371646862, 53.881505112741756 ], [ -0.137328333193341, 53.880966128095942 ], [ -0.136872219957375, 53.880959048563753 ], [ -0.136884203367738, 53.880689556289354 ], [ -0.136428093256971, 53.880682475094304 ], [ -0.13644007940197, 53.88041298287542 ], [ -0.135983972416392, 53.880405900017571 ], [ -0.135995961295932, 53.880136407854209 ], [ -0.135539857435533, 53.880129323333598 ], [ -0.135563840468119, 53.879590339103935 ], [ -0.135107742662628, 53.87958325299018 ], [ -0.135119736815535, 53.879313760923893 ], [ -0.134663642135155, 53.879306673147454 ], [ -0.134675639022274, 53.879037181136738 ], [ -0.134219547466996, 53.879030091697651 ], [ -0.134243546513954, 53.878491107773385 ], [ -0.133787461013304, 53.878484016741297 ], [ -0.133811465137157, 53.877945032900186 ], [ -0.13335538569097, 53.877937940275174 ], [ -0.133379394891362, 53.877398956517261 ], [ -0.132923321499482, 53.877391862299412 ], [ -0.132971349270138, 53.87631389489394 ], [ -0.132515287790726, 53.876306799222611 ], [ -0.132563324147616, 53.875228831871446 ], [ -0.132107274579922, 53.875221734746788 ], [ -0.132131297442219, 53.874682751126429 ], [ -0.131675253927953, 53.874675652409152 ], [ -0.131711295540021, 53.873867177082509 ], [ -0.131255261007716, 53.873860076842426 ], [ -0.131267277415609, 53.873590585108531 ], [ -0.130811246007715, 53.873583483206268 ], [ -0.130847302842482, 53.872775008129629 ], [ -0.130391280416032, 53.872767904704695 ], [ -0.130403301897803, 53.872498413054174 ], [ -0.129947282595642, 53.872491307967167 ], [ -0.129971330828414, 53.871952324763541 ], [ -0.129515317578878, 53.871945218084264 ], [ -0.129527344329741, 53.871675726531173 ], [ -0.129071334204427, 53.871668618189894 ], [ -0.129095392974831, 53.871129635181212 ], [ -0.128639388901921, 53.871122525247792 ], [ -0.128651420921324, 53.870853033792208 ], [ -0.128195419972566, 53.870845922196871 ], [ -0.128207454724058, 53.870576430797065 ], [ -0.127751456899443, 53.870569317539889 ], [ -0.127775531670323, 53.870030334837828 ], [ -0.127319539897831, 53.870023219988667 ], [ -0.127343619740199, 53.869484237370202 ], [ -0.126887634019673, 53.869477120929105 ], [ -0.126899676574507, 53.869207629668672 ], [ -0.126443693977994, 53.86920051156585 ], [ -0.12645573926445, 53.868931020361288 ], [ -0.125999759791941, 53.868923900596755 ], [ -0.126023855631649, 53.868384918285287 ], [ -0.125567882210823, 53.868377796929003 ], [ -0.125591983120755, 53.867838814701223 ], [ -0.125136015751452, 53.867831691753253 ], [ -0.12514806883952, 53.867562200688219 ], [ -0.124692104594091, 53.867555076078702 ], [ -0.124704160413312, 53.867285585069581 ], [ -0.12424819929175, 53.867278458798523 ], [ -0.12427231619589, 53.866739476878074 ], [ -0.123816361125569, 53.8667323490155 ], [ -0.123840483098668, 53.866193367178852 ], [ -0.123384534079429, 53.866186237724826 ], [ -0.123396597698531, 53.865916746855433 ], [ -0.122940651803028, 53.865909615740023 ], [ -0.122964784306062, 53.865370634099101 ], [ -0.122508844461421, 53.865363501392345 ], [ -0.122520913345214, 53.865094010620858 ], [ -0.12206497662424, 53.865086876252796 ], [ -0.122089119656109, 53.864547894807728 ], [ -0.121633188985776, 53.864540758848435 ], [ -0.121657337084986, 53.864001777487303 ], [ -0.121201412465133, 53.863994639936877 ], [ -0.121213489146582, 53.86372514930531 ], [ -0.120757567650266, 53.863718010093727 ], [ -0.12078172627658, 53.863179028928599 ], [ -0.120325810830525, 53.86317188812599 ], [ -0.120337892775252, 53.862902397592443 ], [ -0.119881980452663, 53.862895255128734 ], [ -0.119906149604984, 53.862356274159737 ], [ -0.119450243332435, 53.862349130105116 ], [ -0.119474417550479, 53.86181014922019 ], [ -0.119018517327809, 53.861803003574714 ], [ -0.119030607067967, 53.861533513181328 ], [ -0.118574709968637, 53.861526365874902 ], [ -0.11858680243827, 53.86125687553762 ], [ -0.11813090846227, 53.861249726570286 ], [ -0.118155098663305, 53.860710745993906 ], [ -0.117699210736901, 53.860703595435886 ], [ -0.117711308468165, 53.860434105196802 ], [ -0.117255423665022, 53.86042695297796 ], [ -0.117279624388767, 53.859887972598059 ], [ -0.116823745635002, 53.859880818788632 ], [ -0.116835848627345, 53.859611328647816 ], [ -0.116379972996771, 53.859604173177686 ], [ -0.116404184242127, 53.859065192994365 ], [ -0.115948314660711, 53.859058035933764 ], [ -0.115960422913585, 53.858788545891272 ], [ -0.115504556455289, 53.858781387170026 ], [ -0.115516667436843, 53.85851189718376 ], [ -0.115060804101661, 53.858504736801883 ], [ -0.115085031324654, 53.857965756927733 ], [ -0.114629174038349, 53.857958594955562 ], [ -0.114641290279651, 53.857689105067699 ], [ -0.114185436116388, 53.857681941435011 ], [ -0.114197555086041, 53.857412451603409 ], [ -0.113741704045814, 53.857405286310204 ], [ -0.113765947244223, 53.856866306745481 ], [ -0.113310102252591, 53.856859139862159 ], [ -0.113334350512381, 53.856320160381912 ], [ -0.112878511569184, 53.856312991908517 ], [ -0.112890638328335, 53.856043502217659 ], [ -0.112434802508044, 53.856036332083931 ], [ -0.112446931995078, 53.85576684244937 ], [ -0.111991099297683, 53.855759670655303 ], [ -0.112015363529758, 53.855220691484817 ], [ -0.111559536880516, 53.855213518100868 ], [ -0.111571671625419, 53.854944028564937 ], [ -0.111115848099005, 53.854936853520755 ], [ -0.111140122846267, 53.854397874547516 ], [ -0.110684305367785, 53.854390697913558 ], [ -0.110696445370006, 53.8541212084763 ], [ -0.110240631014283, 53.854114030182188 ], [ -0.110264916275632, 53.853575051406374 ], [ -0.10935329985739, 53.853560689908271 ], [ -0.10937759602737, 53.853021711358103 ], [ -0.108921793964729, 53.85301452815424 ], [ -0.108933944677802, 53.852745038928532 ], [ -0.108478145737833, 53.852737854064657 ], [ -0.10850245241987, 53.852198875712105 ], [ -0.108046659527271, 53.852191689258788 ], [ -0.108070971266981, 53.851652710991033 ], [ -0.107615184421593, 53.851645522948353 ], [ -0.107627342919098, 53.851376033863907 ], [ -0.107171559196251, 53.851368844161378 ], [ -0.107183720420283, 53.851099355133414 ], [ -0.10672793981997, 53.85109216377105 ], [ -0.106740103770433, 53.850822674799609 ], [ -0.106284326292644, 53.850815481777431 ], [ -0.106308659448132, 53.850276503933529 ], [ -0.105852888017212, 53.850269309322201 ], [ -0.105865057222098, 53.849999820449767 ], [ -0.105409288913634, 53.849992624178725 ], [ -0.105421460844623, 53.849723135362815 ], [ -0.104965695658605, 53.849715937432116 ], [ -0.104977870315603, 53.849446448672765 ], [ -0.104522108252023, 53.849439249082423 ], [ -0.104534285634933, 53.849169760379681 ], [ -0.104078526693783, 53.849162559129709 ], [ -0.104102886712916, 53.848623581823325 ], [ -0.103647133818231, 53.848616378984488 ], [ -0.103659316454317, 53.848346890380867 ], [ -0.103203566681991, 53.848339685882493 ], [ -0.103227937206926, 53.847800708774436 ], [ -0.102772193480847, 53.847793502687317 ], [ -0.102784381369558, 53.847524014182881 ], [ -0.10232864076577, 53.847516806436317 ], [ -0.102340831379832, 53.847247317988547 ], [ -0.101885093898325, 53.847240108582575 ], [ -0.101909480378433, 53.84670113178629 ], [ -0.101453748942891, 53.846693920791722 ], [ -0.101465944808798, 53.846424432443214 ], [ -0.101010216495468, 53.846417219789352 ], [ -0.101022415086398, 53.846147731497545 ], [ -0.100566689895272, 53.846140517184395 ], [ -0.10057889121113, 53.845871028949304 ], [ -0.100123169142199, 53.845863812976894 ], [ -0.10013537318289, 53.845594324798562 ], [ -0.099679654236145, 53.845587107166935 ], [ -0.099691861001574, 53.845317619045332 ], [ -0.099236145177007, 53.845310399754538 ], [ -0.099260563958367, 53.844771423610752 ], [ -0.098804854179301, 53.844764202731675 ], [ -0.098817066195094, 53.844494714709533 ], [ -0.098361359538136, 53.844487492171353 ], [ -0.098373574278338, 53.844218004206006 ], [ -0.09791787074348, 53.84421078000878 ], [ -0.097942305473604, 53.843671804177582 ], [ -0.097486607983966, 53.843664578392236 ], [ -0.09749882797375, 53.843395090526407 ], [ -0.097043133606142, 53.843387863082107 ], [ -0.097067578834881, 53.842848887450046 ], [ -0.096611890512273, 53.84284165841774 ], [ -0.096636340790877, 53.842302682871178 ], [ -0.096180658513109, 53.842295452250937 ], [ -0.096192886276701, 53.842025964527473 ], [ -0.095737207120833, 53.842018732248427 ], [ -0.095749437608134, 53.841749244581827 ], [ -0.095293761574158, 53.841742010643955 ], [ -0.095305994785076, 53.84147252303427 ], [ -0.094850321872982, 53.841465287437643 ], [ -0.094874793542659, 53.840926312317976 ], [ -0.094419126675063, 53.840919075133634 ], [ -0.094443603393069, 53.840380100099644 ], [ -0.093987942569811, 53.840372861327651 ], [ -0.094000183552439, 53.840103373860551 ], [ -0.093544525850933, 53.840096133429917 ], [ -0.09355676955671, 53.839826646019745 ], [ -0.093101114976949, 53.839819403930555 ], [ -0.093125607635251, 53.839280429210056 ], [ -0.092669959099546, 53.839273185533372 ], [ -0.092694456804916, 53.83873421089865 ], [ -0.092238814313107, 53.83872696563455 ], [ -0.092251065788869, 53.83845747836714 ], [ -0.091795426418675, 53.838450231444568 ], [ -0.091819934616083, 53.837911257009651 ], [ -0.091364301289564, 53.837904008499805 ], [ -0.091376558011071, 53.837634521332319 ], [ -0.090920927806097, 53.837627271164109 ], [ -0.090933187250055, 53.837357784053651 ], [ -0.090477560166617, 53.837350532227077 ], [ -0.090502084299634, 53.836811558106213 ], [ -0.09004646325959, 53.836804304692528 ], [ -0.090058727948511, 53.836534817682086 ], [ -0.089603110029935, 53.836527562610158 ], [ -0.089615377440978, 53.836258075656815 ], [ -0.089159762643859, 53.836250818926644 ], [ -0.08917203277693, 53.835981332030414 ], [ -0.088716421101259, 53.835974073642063 ], [ -0.088728693956262, 53.835704586802947 ], [ -0.088273085402032, 53.835697326756431 ], [ -0.088297636355892, 53.835158353178365 ], [ -0.087842033844654, 53.835151091545008 ], [ -0.087854311943373, 53.83488160480605 ], [ -0.087398712553507, 53.83487434151462 ], [ -0.087423273994253, 53.834335368136919 ], [ -0.086967680647159, 53.834328103258763 ], [ -0.086992247130998, 53.83378912996718 ], [ -0.086536659826515, 53.833781863502317 ], [ -0.086548945689792, 53.833512376906683 ], [ -0.086093361506549, 53.83350510878391 ], [ -0.086117938475551, 53.832966135692892 ], [ -0.0856623603347, 53.832958865983557 ], [ -0.08568694234581, 53.832419892978734 ], [ -0.08523137024719, 53.832412621682927 ], [ -0.085243663873672, 53.83214313523068 ], [ -0.084788094896163, 53.83213586227707 ], [ -0.084812687390711, 53.831596889472991 ], [ -0.084357124455212, 53.831589614932987 ], [ -0.084369423323139, 53.831320128581147 ], [ -0.083913863508682, 53.831312852383441 ], [ -0.083938466485573, 53.83077387978021 ], [ -0.082571805768415, 53.830752041241162 ], [ -0.082596425468522, 53.830213069009993 ], [ -0.082140878138142, 53.830205786181814 ], [ -0.082153190608267, 53.829936300116515 ], [ -0.081697646398884, 53.829929015630803 ], [ -0.081722276579004, 53.829390043600768 ], [ -0.081266738411108, 53.829382757529046 ], [ -0.081279056120966, 53.829113271564324 ], [ -0.080823521073998, 53.829105983835156 ], [ -0.080848161733038, 53.828567012006381 ], [ -0.080392632727335, 53.828559722691303 ], [ -0.080417278424864, 53.828020750949065 ], [ -0.079961755460268, 53.828013460048183 ], [ -0.079974080928399, 53.827743974227396 ], [ -0.079518561084601, 53.827736681669187 ], [ -0.079543217259325, 53.827197710128374 ], [ -0.079087703456412, 53.827190415984468 ], [ -0.079100034162868, 53.826920930264407 ], [ -0.078644523480683, 53.826913634463281 ], [ -0.078669190131508, 53.826374663123978 ], [ -0.078213685489989, 53.826367365737234 ], [ -0.078226021434221, 53.826097880117985 ], [ -0.07777051991336, 53.826090581074126 ], [ -0.077782858576678, 53.825821095512367 ], [ -0.077327360176467, 53.825813794811388 ], [ -0.077339701558776, 53.825544309307119 ], [ -0.076884206279207, 53.82553700694907 ], [ -0.076908894280725, 53.824998036041443 ], [ -0.076453405041479, 53.824990732098016 ], [ -0.076465751660551, 53.824721246694644 ], [ -0.076010265541877, 53.824713941094245 ], [ -0.076034964016376, 53.824174970388476 ], [ -0.075579483937804, 53.824167663202815 ], [ -0.075604187447373, 53.823628692583888 ], [ -0.075148713408744, 53.823621383813041 ], [ -0.075173421953029, 53.823082413280979 ], [ -0.074262486156427, 53.823067790840462 ], [ -0.074287205573606, 53.822528820538786 ], [ -0.073831743815513, 53.822521506869236 ], [ -0.073856468266504, 53.821982536654509 ], [ -0.073401012547912, 53.821975221399995 ], [ -0.073413377390743, 53.821705736343198 ], [ -0.072957924792454, 53.821698419432003 ], [ -0.072982659712515, 53.821159449419518 ], [ -0.072527213153507, 53.821152130923501 ], [ -0.0725395832306, 53.82088264596787 ], [ -0.072084139791824, 53.820875325815237 ], [ -0.07209651258651, 53.820605840917274 ], [ -0.07164107226796, 53.820598519108081 ], [ -0.071665823090953, 53.820059549413394 ], [ -0.071210388811403, 53.820052226019513 ], [ -0.071222766839572, 53.819782741222795 ], [ -0.070767335680176, 53.819775416172462 ], [ -0.070792096969586, 53.819236446680321 ], [ -0.07033667184897, 53.819229120045428 ], [ -0.070349055110074, 53.818959635350012 ], [ -0.069893633109543, 53.818952307058701 ], [ -0.069906019087681, 53.81868282242106 ], [ -0.069450600207225, 53.818675492473403 ], [ -0.069462988902304, 53.818406007893508 ], [ -0.069007573141916, 53.81839867628954 ], [ -0.069032355764134, 53.817859707231165 ], [ -0.068576946042184, 53.817852374042836 ], [ -0.06860173369452, 53.817313405071729 ], [ -0.068146330010846, 53.817306070299153 ], [ -0.06815872645275, 53.817036585864336 ], [ -0.067703325889015, 53.817029249435564 ], [ -0.067715725047393, 53.816759765058578 ], [ -0.067260327603585, 53.816752426973643 ], [ -0.06728513115131, 53.81621345832118 ], [ -0.066829739745499, 53.816206118652154 ], [ -0.066854548322086, 53.815667150087052 ], [ -0.066399162954111, 53.815659808833992 ], [ -0.066411569857593, 53.815390324602227 ], [ -0.065956187609416, 53.815382981693162 ], [ -0.065993415862162, 53.814574529129054 ], [ -0.06553804256938, 53.814567184708089 ], [ -0.065562866230439, 53.814028216405354 ], [ -0.065107498975013, 53.814020870400519 ], [ -0.06511991342026, 53.813751386299998 ], [ -0.06466454928445, 53.813744038639328 ], [ -0.064689383404109, 53.813205070539922 ], [ -0.064234025305436, 53.813197721295545 ], [ -0.064246444979711, 53.812928237296681 ], [ -0.063791090000584, 53.812920886396526 ], [ -0.063803512390223, 53.812651402455629 ], [ -0.063348160530634, 53.812644049899703 ], [ -0.063360585635541, 53.812374566016786 ], [ -0.062905236895482, 53.812367211805167 ], [ -0.06293009233345, 53.811828244141111 ], [ -0.062019407129156, 53.811813530823066 ], [ -0.062031840379301, 53.81154404711414 ], [ -0.061576500997776, 53.811536687935593 ], [ -0.061601372725524, 53.810997720619618 ], [ -0.06114603938061, 53.810990359857719 ], [ -0.061158477858074, 53.810720876250684 ], [ -0.060703147632594, 53.810713513833292 ], [ -0.060728029814432, 53.810174546721171 ], [ -0.060272705625343, 53.810167182720527 ], [ -0.06028514932958, 53.809897699215433 ], [ -0.059829828259854, 53.809890333559366 ], [ -0.059854720894692, 53.809351366651242 ], [ -0.059399405861137, 53.809343999412022 ], [ -0.059411854791599, 53.809074516008963 ], [ -0.058956542877338, 53.809067147114391 ], [ -0.058981445964082, 53.80852818041037 ], [ -0.058526140085771, 53.808520809932801 ], [ -0.058538594241915, 53.808251326631797 ], [ -0.058083291482828, 53.808243954498977 ], [ -0.058095748352932, 53.807974471256124 ], [ -0.05764044871306, 53.807967097468072 ], [ -0.057652908297029, 53.807697614283406 ], [ -0.057197611776364, 53.807690238840131 ], [ -0.057222536169109, 53.80715127257298 ], [ -0.056311955401774, 53.807136516793371 ], [ -0.056336890648948, 53.806597550759015 ], [ -0.055881606402156, 53.806590170422766 ], [ -0.055894076637777, 53.806320687456711 ], [ -0.055438795510104, 53.806313305465444 ], [ -0.055451268459074, 53.806043822557626 ], [ -0.054995990450511, 53.806036438911349 ], [ -0.055020941572015, 53.805497473198024 ], [ -0.054565669598658, 53.805490087969233 ], [ -0.054578147771054, 53.805220605163726 ], [ -0.054122878916737, 53.805213218280009 ], [ -0.054147840484548, 53.804674252771413 ], [ -0.053692577665216, 53.804666864305275 ], [ -0.053717544252705, 53.804127898884886 ], [ -0.0528070308868, 53.804113117060659 ], [ -0.052819519707561, 53.803843634474205 ], [ -0.052364266245116, 53.803836241043662 ], [ -0.052389249108647, 53.803297275973215 ], [ -0.051934001680845, 53.803289880960506 ], [ -0.051946495723476, 53.803020398476541 ], [ -0.051491251414557, 53.803013001809155 ], [ -0.051516244721282, 53.802474036943757 ], [ -0.051061006446786, 53.802466638694291 ], [ -0.051073505710742, 53.802197156312886 ], [ -0.05061827055506, 53.802189756408829 ], [ -0.050643274303887, 53.801650791748628 ], [ -0.049732816264325, 53.801635987049458 ], [ -0.049757830861044, 53.801097022622926 ], [ -0.049302607977042, 53.801089617827927 ], [ -0.049327627590456, 53.8005506534899 ], [ -0.048872410740376, 53.800543247113104 ], [ -0.048884923157015, 53.800273764995467 ], [ -0.048429709425601, 53.800266356964272 ], [ -0.048442224553816, 53.799996874905084 ], [ -0.047987013941058, 53.799989465219539 ], [ -0.048024566849343, 53.799181019174853 ], [ -0.047569365185169, 53.799173607980393 ], [ -0.047581885328965, 53.798904126009788 ], [ -0.047126686783327, 53.798896713161078 ], [ -0.047151732289652, 53.798357749322733 ], [ -0.046696539777333, 53.798350334892518 ], [ -0.046721590298397, 53.797811371142849 ], [ -0.046266403819238, 53.797803955131187 ], [ -0.046278931688843, 53.797534473307792 ], [ -0.045823748328089, 53.797527055642028 ], [ -0.045848809285173, 53.796988092098125 ], [ -0.045393631957358, 53.79698067285107 ], [ -0.045418697928202, 53.796441709395921 ], [ -0.044508355542015, 53.796426866012503 ], [ -0.04454597045562, 53.795618421160043 ], [ -0.044090808311419, 53.795610997096617 ], [ -0.044103349122363, 53.795341515523518 ], [ -0.043648190096367, 53.795334089806225 ], [ -0.043660733617547, 53.795064608291753 ], [ -0.043205577709746, 53.795057180920573 ], [ -0.043230669968343, 53.794518217994778 ], [ -0.042775520092821, 53.79451078904264 ], [ -0.042788068830101, 53.794241307631275 ], [ -0.042332922072706, 53.794233877025363 ], [ -0.04235802476296, 53.793694914305796 ], [ -0.041902884037621, 53.793687482119033 ], [ -0.041915437990457, 53.793418000810824 ], [ -0.041460300383175, 53.793410566970373 ], [ -0.041485413503996, 53.792871604457183 ], [ -0.04103028192855, 53.792864169036008 ], [ -0.041042841096397, 53.792594687831006 ], [ -0.040587712638938, 53.79258725075622 ], [ -0.04060027451623, 53.792317769609966 ], [ -0.040145149176749, 53.792310330881598 ], [ -0.040157713763392, 53.792040849794091 ], [ -0.03970259154188, 53.792033409412191 ], [ -0.039715158837779, 53.791763928383446 ], [ -0.039260039734226, 53.791756486348049 ], [ -0.039297749136163, 53.79094804339551 ], [ -0.038842638977481, 53.790940599852654 ], [ -0.038855211282694, 53.790671118913053 ], [ -0.038400104241851, 53.790663673716786 ], [ -0.038412679255951, 53.790394192835983 ], [ -0.037957575332936, 53.790386745986368 ], [ -0.037970153055829, 53.790117265164398 ], [ -0.037515052250636, 53.790109816661435 ], [ -0.037540212909237, 53.789570855120928 ], [ -0.037085118135035, 53.78956340503774 ], [ -0.037097701070607, 53.789293924319225 ], [ -0.036642609414158, 53.789286472582795 ], [ -0.036655195058195, 53.789016991923155 ], [ -0.036200106519487, 53.789009538533506 ], [ -0.036212694871895, 53.788740057932756 ], [ -0.03575760945092, 53.788732602889937 ], [ -0.035782791367544, 53.788193641791956 ], [ -0.035327711977221, 53.78818618516911 ], [ -0.035340305541299, 53.787916704671929 ], [ -0.034885229268638, 53.787909246395984 ], [ -0.034897825540761, 53.787639765957749 ], [ -0.034442752385755, 53.787632306028762 ], [ -0.034455351365827, 53.787362825649453 ], [ -0.034000281328467, 53.787355364067452 ], [ -0.034025484499411, 53.786816403412487 ], [ -0.033570420492358, 53.786808940250687 ], [ -0.033583024683093, 53.786539459975074 ], [ -0.033127963793616, 53.786531995160331 ], [ -0.03315317738534, 53.785993034712824 ], [ -0.032698122525951, 53.785985568318402 ], [ -0.032710731926803, 53.785716088146543 ], [ -0.03225568018492, 53.785708620099271 ], [ -0.032268292293163, 53.785439139986423 ], [ -0.031813243668778, 53.785431670286322 ], [ -0.031838473094741, 53.784892710164435 ], [ -0.030928388110744, 53.784877765879209 ], [ -0.030941008340595, 53.784608285943499 ], [ -0.030485969068646, 53.784600811285152 ], [ -0.03051121473713, 53.784061851517627 ], [ -0.030056181494805, 53.784054375279915 ], [ -0.030068806933301, 53.783784895448122 ], [ -0.029613776808376, 53.783777417557793 ], [ -0.029639032893605, 53.783238457998181 ], [ -0.029184008798086, 53.783230978528607 ], [ -0.029196639444681, 53.782961498800788 ], [ -0.028741618466492, 53.782954017678669 ], [ -0.028766884967376, 53.782415058327075 ], [ -0.028311870018371, 53.782407575625811 ], [ -0.028324505872522, 53.782138096002036 ], [ -0.027869494040777, 53.782130611648341 ], [ -0.027882132601246, 53.781861132083726 ], [ -0.027427123886753, 53.7818536460776 ], [ -0.027439765153446, 53.781584166572166 ], [ -0.026984759556195, 53.781576678913652 ], [ -0.027010047296266, 53.781037720006914 ], [ -0.026555047727857, 53.781030230769481 ], [ -0.026567694201098, 53.780760751368206 ], [ -0.026112697749861, 53.78075326047847 ], [ -0.026125346928999, 53.780483781136397 ], [ -0.025670353594926, 53.780476288594414 ], [ -0.025695657159111, 53.779937330014505 ], [ -0.025240669853598, 53.779929835893761 ], [ -0.025253324238508, 53.779660356655945 ], [ -0.024798340050088, 53.779652860883026 ], [ -0.02481099714057, 53.779383381704463 ], [ -0.024356016069236, 53.779375884279375 ], [ -0.024368675865193, 53.7791064051601 ], [ -0.023913697910936, 53.779098906082901 ], [ -0.023939022707751, 53.778559947948686 ], [ -0.023484050781712, 53.778552447292967 ], [ -0.023496715782433, 53.778282968278042 ], [ -0.0230417469734, 53.778275465970282 ], [ -0.023054414679271, 53.77800598701468 ], [ -0.022599448987235, 53.77799848305493 ], [ -0.022624789603103, 53.77745952524814 ], [ -0.021714870480935, 53.777444512446408 ], [ -0.021727546301691, 53.777175033668847 ], [ -0.021272589960592, 53.777167524753338 ], [ -0.021297946805534, 53.776628567302758 ], [ -0.02084299649219, 53.776621056809027 ], [ -0.020868358334134, 53.776082099448736 ], [ -0.020413414048385, 53.776074587376861 ], [ -0.02043878088698, 53.775535630106894 ], [ -0.019983842628666, 53.77552811645694 ], [ -0.019996528649228, 53.775258637874238 ], [ -0.019541593507693, 53.775251122572591 ], [ -0.019566970751079, 53.774712165511843 ], [ -0.019112041636757, 53.774704648632195 ], [ -0.019124732859444, 53.774435170154163 ], [ -0.018669806861832, 53.774427651622936 ], [ -0.018682500788553, 53.774158173204334 ], [ -0.018227577907641, 53.774150653021515 ], [ -0.018240274538303, 53.773881174662414 ], [ -0.017785354774081, 53.77387365282803 ], [ -0.017798054108589, 53.773604174528444 ], [ -0.016888221019996, 53.773589125831371 ], [ -0.016900925968442, 53.773319647665069 ], [ -0.016446012644104, 53.773312120802444 ], [ -0.016458720296155, 53.773042642695714 ], [ -0.016003810088524, 53.773035114181646 ], [ -0.016016520444086, 53.772765636134459 ], [ -0.015561613353152, 53.772758105968997 ], [ -0.015587039264454, 53.772219149979527 ], [ -0.015132138200186, 53.772211618236554 ], [ -0.015144853755788, 53.771942140294279 ], [ -0.014689955808148, 53.771934606899997 ], [ -0.014715392118985, 53.771395651120372 ], [ -0.014260500197792, 53.771388116148714 ], [ -0.014273220952889, 53.771118638311385 ], [ -0.013818332148254, 53.771111101688497 ], [ -0.013843778857538, 53.770572146118823 ], [ -0.013388896079129, 53.770564607918679 ], [ -0.013401622033178, 53.770295130186362 ], [ -0.012946742371256, 53.770287590335059 ], [ -0.012972199477898, 53.7697486349755 ], [ -0.012062452413011, 53.769733550393553 ], [ -0.012087920329891, 53.769194595272708 ], [ -0.011633052926801, 53.769187050542186 ], [ -0.011645789484145, 53.768917573034351 ], [ -0.011190925197456, 53.768910026652833 ], [ -0.011203664457102, 53.768640549204697 ], [ -0.010748803286803, 53.768633001172233 ], [ -0.010774287003401, 53.768094046381201 ], [ -0.010319431858705, 53.768086496771829 ], [ -0.010332176315519, 53.767817019428925 ], [ -0.009877324287145, 53.7678094681687 ], [ -0.009902818397538, 53.767270513588137 ], [ -0.009447972394545, 53.767262960751147 ], [ -0.009460722047986, 53.766993483513495 ], [ -0.009005879161245, 53.766985929025715 ], [ -0.00901863151643, 53.766716451847877 ], [ -0.00856379174593, 53.766708895709343 ], [ -0.008589301652289, 53.76616994145899 ], [ -0.008134467906889, 53.766162383743875 ], [ -0.008147225457926, 53.765892906671368 ], [ -0.007692394828699, 53.765885347305584 ], [ -0.007717915126216, 53.765346393266 ], [ -0.00726309052187, 53.765338832323707 ], [ -0.007275853268214, 53.765069355356644 ], [ -0.006821031779968, 53.765061792763781 ], [ -0.006833797227499, 53.764792315856553 ], [ -0.006378978855348, 53.76478475161317 ], [ -0.00640451494508, 53.764245797904231 ], [ -0.005949702597527, 53.764238232084502 ], [ -0.005962473239591, 53.763968755282782 ], [ -0.005507664008061, 53.763961187812619 ], [ -0.005520437350986, 53.763691711070791 ], [ -0.005065631235471, 53.763684141950215 ], [ -0.005078407279163, 53.76341466526835 ], [ -0.004623604279652, 53.763407094497346 ], [ -0.004636383024018, 53.763137617875415 ], [ -0.004181583140503, 53.763130045454062 ], [ -0.004194364585447, 53.762860568892101 ], [ -0.003739567817918, 53.762852994820435 ], [ -0.003752351963346, 53.762583518318436 ], [ -0.003297558311795, 53.762575942596499 ], [ -0.003323131795622, 53.762036989698146 ], [ -0.002868344168145, 53.762029412400274 ], [ -0.002881133506407, 53.761759936003962 ], [ -0.002426348994837, 53.761752357055869 ], [ -0.002439141033256, 53.761482880719583 ], [ -0.001984359637585, 53.761475300121319 ], [ -0.002009948906619, 53.760936347554512 ], [ -0.001555173534741, 53.760928765380463 ], [ -0.001567970765219, 53.760659289149949 ], [ -0.00111319850917, 53.760651705325841 ], [ -0.001125998439481, 53.760382229155383 ], [ -0.00067122929925, 53.76037464368121 ], [ -0.000696834351292, 53.759835691446185 ], [ -0.000242071234574, 53.759828104396391 ], [ -0.000254876356168, 53.759558628331803 ], [ 0.000199883644801, 53.759551039632058 ], [ 0.000174268210736, 53.759012087608795 ], [ 0.000629022188413, 53.759004497333557 ], [ 0.000616211876079, 53.75873502137491 ], [ 0.001070962738077, 53.758727429449756 ], [ 0.001045336923075, 53.758188477638427 ], [ 0.001954826392669, 53.758173288913142 ], [ 0.001942007982789, 53.757903813134931 ], [ 0.002396749497803, 53.757896216260384 ], [ 0.002371107488403, 53.757357264810018 ], [ 0.00282584298053, 53.757349666360241 ], [ 0.002800195990147, 53.756810715001656 ], [ 0.003254925459545, 53.756803114976691 ], [ 0.003229273488529, 53.756264163709915 ], [ 0.003683996935358, 53.75625656210984 ], [ 0.003671168355479, 53.755987086529508 ], [ 0.004125888686848, 53.755979483279859 ], [ 0.004113057408481, 53.755710007759781 ], [ 0.004567774624398, 53.755702402860585 ], [ 0.00454210687942, 53.755163451926592 ], [ 0.00499681807305, 53.75515584545245 ], [ 0.004983981606576, 53.754886370038591 ], [ 0.005438689684826, 53.754878761914981 ], [ 0.005425850520189, 53.754609286561369 ], [ 0.005880555483065, 53.75460167678834 ], [ 0.005867713620361, 53.754332201495039 ], [ 0.006322415467874, 53.754324590072585 ], [ 0.006296726555227, 53.753785639592301 ], [ 0.006751422380796, 53.753778026595157 ], [ 0.00673857533099, 53.75350855140816 ], [ 0.007193268041266, 53.753500936761711 ], [ 0.007167568754959, 53.752961986494093 ], [ 0.007622255443511, 53.752954370273024 ], [ 0.007609403207147, 53.752684895192417 ], [ 0.008064086780475, 53.752677277322114 ], [ 0.008051231846598, 53.752407802301867 ], [ 0.008505912304712, 53.752400182782388 ], [ 0.00848019725104, 53.751861232848356 ], [ 0.008934871687712, 53.75185361175442 ], [ 0.008922011568051, 53.751584136840641 ], [ 0.009376682889578, 53.751576514097614 ], [ 0.009363820072731, 53.751307039244239 ], [ 0.009818488279124, 53.751299414852134 ], [ 0.009792757460283, 53.75076046525195 ], [ 0.010247419645513, 53.75075283928556 ], [ 0.010234551643656, 53.750483364538738 ], [ 0.010689210713821, 53.75047573692337 ], [ 0.010676340015103, 53.750206262237008 ], [ 0.011130995970213, 53.75019863297269 ], [ 0.011118122574727, 53.749929158346795 ], [ 0.011572775414791, 53.749921527433564 ], [ 0.011559899322632, 53.749652052868157 ], [ 0.012014549047658, 53.749644420306041 ], [ 0.011988791679429, 53.749105471281894 ], [ 0.012443435383697, 53.749097837145769 ], [ 0.012430554107763, 53.748828362687057 ], [ 0.012885194697063, 53.748820726902132 ], [ 0.012872310724782, 53.748551252503951 ], [ 0.013326948199125, 53.748543615070268 ], [ 0.013314061530589, 53.748274140732612 ], [ 0.013768695889983, 53.7482665016502 ], [ 0.013755806525289, 53.747997027373131 ], [ 0.014210437769742, 53.747989386642018 ], [ 0.014184653857678, 53.747450438194662 ], [ 0.015093904096377, 53.747435151861431 ], [ 0.01508100664377, 53.747165677766105 ], [ 0.015535628543459, 53.747158032089132 ], [ 0.01552272839507, 53.74688855805443 ], [ 0.015977347179856, 53.746880910728891 ], [ 0.01596444433578, 53.746611436754826 ], [ 0.016419060005671, 53.746603787780778 ], [ 0.016393249135996, 53.746064839939635 ], [ 0.016847858785837, 53.746057189392076 ], [ 0.016834950760376, 53.745787715524997 ], [ 0.017289557295393, 53.745780063329022 ], [ 0.017276646574569, 53.74551058952261 ], [ 0.01773124999477, 53.745502935678232 ], [ 0.017705423372374, 53.744963988172472 ], [ 0.018160020772807, 53.744956332754768 ], [ 0.018147104871371, 53.74468685905542 ], [ 0.018601699157059, 53.744679201989399 ], [ 0.018588780560586, 53.744409728350767 ], [ 0.019043371731537, 53.744402069636486 ], [ 0.019017529358616, 53.743863122466379 ], [ 0.019472114510081, 53.743855462178921 ], [ 0.019459190733769, 53.743585988647446 ], [ 0.019913772770567, 53.743578326711791 ], [ 0.019900846299543, 53.743308853241075 ], [ 0.020355425221685, 53.743301189657259 ], [ 0.020342496056042, 53.743031716247323 ], [ 0.020797071863538, 53.743024051015396 ], [ 0.020784140003371, 53.742754577666275 ], [ 0.021238712696228, 53.742746910786231 ], [ 0.021225778141631, 53.742477437497904 ], [ 0.02168034771986, 53.742469768969805 ], [ 0.021667410470927, 53.742200295742336 ], [ 0.022121976934536, 53.742192625566211 ], [ 0.02210903699136, 53.741923152399558 ], [ 0.022563600340361, 53.741915480575457 ], [ 0.022550657703037, 53.741646007469654 ], [ 0.023005217937436, 53.741638333997599 ], [ 0.022979327484973, 53.741099387893399 ], [ 0.02343388170053, 53.74109171284865 ], [ 0.023420933885527, 53.740822239850253 ], [ 0.023875484986552, 53.740814563157642 ], [ 0.023862534477727, 53.740545090220152 ], [ 0.024317082464232, 53.740537411879693 ], [ 0.024304129261677, 53.740267939003118 ], [ 0.024758674133669, 53.740260259014853 ], [ 0.02474571823748, 53.739990786199236 ], [ 0.025200259994969, 53.739983104563208 ], [ 0.02518730140524, 53.739713631808513 ], [ 0.025641840048235, 53.739705948524744 ], [ 0.025615917692426, 53.739167003122937 ], [ 0.026524982731077, 53.739151631687683 ], [ 0.026512016061292, 53.738882159115924 ], [ 0.026966545360861, 53.738874470889165 ], [ 0.026940606845632, 53.73833552585328 ], [ 0.027395130127005, 53.73832783605431 ], [ 0.027382158281698, 53.738058363590206 ], [ 0.027836678448675, 53.738050672143714 ], [ 0.027810729582944, 53.737511727323188 ], [ 0.028265243731947, 53.7375040343046 ], [ 0.028239289902158, 53.73696508957746 ], [ 0.028693798033345, 53.736957394986817 ], [ 0.028680818531184, 53.736687922677149 ], [ 0.029135323548108, 53.736680226439091 ], [ 0.029122341353381, 53.736410754190473 ], [ 0.029576843256048, 53.736403056305072 ], [ 0.02955087369256, 53.735864111915667 ], [ 0.030005369577694, 53.735856412458389 ], [ 0.02999238220907, 53.73558694031761 ], [ 0.030446874980019, 53.735579239213017 ], [ 0.030433884919154, 53.735309767133366 ], [ 0.030888374575926, 53.735302064381528 ], [ 0.030875381822915, 53.735032592363012 ], [ 0.031329868365519, 53.735024887963966 ], [ 0.031303877686467, 53.734485944034887 ], [ 0.031758358211881, 53.734478238064142 ], [ 0.031745360285975, 53.7342087661536 ], [ 0.032199837697292, 53.734201058535753 ], [ 0.032186837079565, 53.733931586686374 ], [ 0.032641311376793, 53.733923877421432 ], [ 0.032628308067338, 53.733654405633231 ], [ 0.033082779250489, 53.733646694721223 ], [ 0.033056767459551, 53.733107751252895 ], [ 0.033511232625852, 53.733100038769436 ], [ 0.033485215874437, 53.7325610953948 ], [ 0.034394133962344, 53.732545665562611 ], [ 0.03436810644559, 53.732006722432978 ], [ 0.034822559367318, 53.73199900508434 ], [ 0.034809543023449, 53.731729533573599 ], [ 0.035263992831247, 53.73172181457808 ], [ 0.035250973796301, 53.731452343128595 ], [ 0.035705420490179, 53.731444622486279 ], [ 0.035692398764248, 53.731175151098128 ], [ 0.036146842344216, 53.731167428809009 ], [ 0.036120793722102, 53.730628486140922 ], [ 0.036575231285846, 53.730620762280758 ], [ 0.036562204389798, 53.730351291000829 ], [ 0.037016638839701, 53.730343565493961 ], [ 0.036990579877894, 53.72980462304244 ], [ 0.037445008311794, 53.729796895964618 ], [ 0.037431976246172, 53.729527424793041 ], [ 0.0378864015663, 53.729519696068586 ], [ 0.037873366810249, 53.729250224958371 ], [ 0.038327789016617, 53.729242494587346 ], [ 0.03831475157023, 53.728973023538515 ], [ 0.038769170662847, 53.728965291520936 ], [ 0.038743090601365, 53.728426349531674 ], [ 0.03919750367832, 53.728418615943369 ], [ 0.039184461063361, 53.728149145002966 ], [ 0.039638871026634, 53.728141409768192 ], [ 0.039625825721665, 53.72787193888923 ], [ 0.040080232571266, 53.727864202008021 ], [ 0.040067184576381, 53.727594731190486 ], [ 0.040521588312319, 53.727586992662893 ], [ 0.040495487154841, 53.727048051136357 ], [ 0.04094988487546, 53.727040311038245 ], [ 0.040923778762523, 53.726501369605892 ], [ 0.041378170467984, 53.726493627937337 ], [ 0.041352059399935, 53.725954686599174 ], [ 0.041806445090396, 53.725946943360256 ], [ 0.041780329067584, 53.725408002116318 ], [ 0.042234708743206, 53.725400257307086 ], [ 0.042221648148549, 53.725130786739442 ], [ 0.042676024710759, 53.725123040284032 ], [ 0.042649898355211, 53.724584099257406 ], [ 0.043104268902803, 53.724576351231818 ], [ 0.043065072257038, 53.723767939811751 ], [ 0.04397379530895, 53.72375243905023 ], [ 0.043934583166755, 53.722944027956345 ], [ 0.044388935671446, 53.722936275220569 ], [ 0.044336644183291, 53.721858393864508 ], [ 0.044790984872494, 53.721850639710759 ], [ 0.044751759783293, 53.721042228770543 ], [ 0.045206091558287, 53.721034473122991 ], [ 0.045193014052623, 53.72076500285678 ], [ 0.045647342714739, 53.720757245563448 ], [ 0.045634262520931, 53.720487775358883 ], [ 0.046088588070176, 53.720480016419792 ], [ 0.046062422518892, 53.719941076119547 ], [ 0.046971061378424, 53.719925553380342 ], [ 0.046957973120752, 53.719656083360732 ], [ 0.04741228933144, 53.719648319484634 ], [ 0.047386107653117, 53.719109379554389 ], [ 0.047840417850744, 53.719101614108766 ], [ 0.04782732443023, 53.718832144198146 ], [ 0.048281631515084, 53.718824377106991 ], [ 0.048255439511617, 53.718285437394762 ], [ 0.04870974058363, 53.718277668734196 ], [ 0.048696642000814, 53.71800819893263 ], [ 0.049150939960125, 53.718000428626581 ], [ 0.049124737632594, 53.717461489132511 ], [ 0.049579029579286, 53.717453717257207 ], [ 0.049565925834707, 53.71718424756471 ], [ 0.050020214668766, 53.717176474044024 ], [ 0.050007108237112, 53.716907004413329 ], [ 0.050461393958548, 53.716899229247268 ], [ 0.050448284839912, 53.716629759678341 ], [ 0.050902567448735, 53.71662198286699 ], [ 0.050889455643212, 53.716352513359851 ], [ 0.051343735139429, 53.716344734903231 ], [ 0.051330620647111, 53.716075265457924 ], [ 0.051784897030735, 53.716067485356028 ], [ 0.051771779851717, 53.715798015972545 ], [ 0.052226053122754, 53.715790234225445 ], [ 0.052199813604513, 53.715251295567761 ], [ 0.052654080863456, 53.715243512251767 ], [ 0.052640958524368, 53.714974042977566 ], [ 0.053095222670796, 53.714966258016439 ], [ 0.053082097645333, 53.714696788804126 ], [ 0.053536358679254, 53.714689002197908 ], [ 0.053523230967509, 53.71441953304749 ], [ 0.053977488888934, 53.714411744796216 ], [ 0.053964358491, 53.714142275707673 ], [ 0.054418613299938, 53.714134485811385 ], [ 0.054405480215911, 53.713865016784773 ], [ 0.05485973191237, 53.713857225243487 ], [ 0.054833460585571, 53.713318287299728 ], [ 0.0552877062704, 53.713310494189855 ], [ 0.055261429998422, 53.712771556341153 ], [ 0.05571566967178, 53.712763761662757 ], [ 0.055702528956711, 53.712494292793153 ], [ 0.056156765517722, 53.7124864964699 ], [ 0.056143622117019, 53.712217027662284 ], [ 0.056597855565692, 53.712209229694203 ], [ 0.056584709479449, 53.711939760948574 ], [ 0.057038939815795, 53.711931961335715 ], [ 0.057025791044106, 53.711662492652103 ], [ 0.057480018268133, 53.711654691394493 ], [ 0.057466866811092, 53.711385222772883 ], [ 0.05792109092281, 53.711377419870566 ], [ 0.057894782851755, 53.71083848273701 ], [ 0.058349000952465, 53.710830678266468 ], [ 0.058322687938289, 53.710291741228161 ], [ 0.058776900028154, 53.710283935189487 ], [ 0.058763740942869, 53.710014466725198 ], [ 0.059217949920555, 53.710006659041937 ], [ 0.059204788150381, 53.709737190639729 ], [ 0.059658994015898, 53.709729381311924 ], [ 0.059632665319654, 53.709190444617256 ], [ 0.060086865174606, 53.709182633721454 ], [ 0.060073698248674, 53.708913165429024 ], [ 0.060527894991528, 53.708905352888777 ], [ 0.060514725381028, 53.708635884658484 ], [ 0.061423112428727, 53.708620254568167 ], [ 0.06139676225615, 53.708081318370546 ], [ 0.061850949662764, 53.708073500897129 ], [ 0.061837771999125, 53.707804032853275 ], [ 0.062291956293677, 53.707796213735527 ], [ 0.062265595811967, 53.707257277757741 ], [ 0.062719774096419, 53.707249457072329 ], [ 0.062706591278483, 53.706979989138425 ], [ 0.063160766450944, 53.706972166808782 ], [ 0.063147580949046, 53.706702698937065 ], [ 0.063601753009526, 53.706694874963233 ], [ 0.063575376852068, 53.706155939329854 ], [ 0.064029542902729, 53.706148113788522 ], [ 0.064016352247305, 53.705878646026861 ], [ 0.064470515186054, 53.705870818841383 ], [ 0.064444128722082, 53.705331883428116 ], [ 0.064898285651233, 53.705324054675287 ], [ 0.064885089842822, 53.70505458702371 ], [ 0.065339243660132, 53.705046756626835 ], [ 0.065326045168313, 53.704777289037544 ], [ 0.065780195873791, 53.704769456996679 ], [ 0.0657537937378, 53.704230521928231 ], [ 0.066207938433961, 53.704222688320137 ], [ 0.066194734789926, 53.703953220841015 ], [ 0.066648876374325, 53.70394538558903 ], [ 0.066635670047205, 53.70367591817223 ], [ 0.067089808519854, 53.703668081276355 ], [ 0.067076599509744, 53.703398613921884 ], [ 0.06753073487065, 53.703390775382168 ], [ 0.067504311699077, 53.702851840783516 ], [ 0.067958441051007, 53.702844000676798 ], [ 0.067945226889679, 53.702574533432639 ], [ 0.068399353129939, 53.702566691682165 ], [ 0.068386136285945, 53.702297224500363 ], [ 0.068840259414542, 53.702289381106176 ], [ 0.068813820575971, 53.701750446852948 ], [ 0.069267937695874, 53.701742601891915 ], [ 0.069254715701433, 53.701473134820503 ], [ 0.069708829709745, 53.701465288215829 ], [ 0.069682380570818, 53.700926354183402 ], [ 0.070590596355811, 53.700910656120165 ], [ 0.070564136488162, 53.700371722337529 ], [ 0.071018238264967, 53.70036387087908 ], [ 0.071005005756486, 53.700094404043014 ], [ 0.071459104421787, 53.700086550941073 ], [ 0.071445869231381, 53.699817084167492 ], [ 0.071899964785189, 53.699809229422065 ], [ 0.071886726912951, 53.699539762711005 ], [ 0.072340819355276, 53.699531906322179 ], [ 0.072314338462216, 53.698992973010618 ], [ 0.072768424896531, 53.6989851150554 ], [ 0.072741939070086, 53.698446181839984 ], [ 0.073196019496553, 53.698438322318438 ], [ 0.073182774009329, 53.698168855766063 ], [ 0.073636851324443, 53.698160994601217 ], [ 0.073623603155847, 53.69789152811137 ], [ 0.074077677359618, 53.697883665303301 ], [ 0.074064426509744, 53.697614198876053 ], [ 0.074518497602181, 53.697606334424748 ], [ 0.074505244071124, 53.697336868060091 ], [ 0.074959312052236, 53.697329001965613 ], [ 0.074946055840089, 53.697059535663563 ], [ 0.075400120709886, 53.697051667925926 ], [ 0.075386861816742, 53.696782201686496 ], [ 0.075840923575234, 53.696774332305772 ], [ 0.075827662001188, 53.696504866128969 ], [ 0.076281720648383, 53.69649699510515 ], [ 0.076255192353933, 53.695958062862388 ], [ 0.076709244993866, 53.695950190272676 ], [ 0.076695978273599, 53.695680724206717 ], [ 0.077150027802306, 53.695672849974009 ], [ 0.07713675840146, 53.695403383970735 ], [ 0.07759080481895, 53.695395508095046 ], [ 0.077564260871671, 53.694856576199442 ], [ 0.07801830128218, 53.694848698758022 ], [ 0.078005026735883, 53.694579232865678 ], [ 0.078459064035246, 53.694571353781384 ], [ 0.078432509797602, 53.694032422107682 ], [ 0.078886541090206, 53.69402454145775 ], [ 0.078873261398995, 53.693755075676421 ], [ 0.079781317546506, 53.693739309370976 ], [ 0.079754747228582, 53.693200378073811 ], [ 0.080662790931761, 53.693184605197487 ], [ 0.080649500305339, 53.692915139681695 ], [ 0.081103518938023, 53.692907250740902 ], [ 0.081076932541507, 53.692368319820496 ], [ 0.081530945167798, 53.692360429314348 ], [ 0.081517649397841, 53.692090963909742 ], [ 0.081971658913113, 53.692083071761012 ], [ 0.081958360463693, 53.691813606419245 ], [ 0.082412366867955, 53.691805712627975 ], [ 0.082399065739167, 53.691536247349049 ], [ 0.082853069032429, 53.691528351915274 ], [ 0.082826461632178, 53.6909894214687 ], [ 0.08328045891939, 53.690981524469819 ], [ 0.083267152648065, 53.690712059302172 ], [ 0.083721146824346, 53.690704160660864 ], [ 0.083707837873975, 53.690434695556121 ], [ 0.084161828939336, 53.690426795272394 ], [ 0.084135205896691, 53.689887865174263 ], [ 0.084589190956282, 53.689879963325602 ], [ 0.084562562988045, 53.689341033324368 ], [ 0.085470520879927, 53.689325224777576 ], [ 0.085457201430438, 53.689055759910104 ], [ 0.086365152668408, 53.689039944639454 ], [ 0.086338502839268, 53.688501015170885 ], [ 0.086792472344704, 53.688493105111043 ], [ 0.08676581759133, 53.687954175739506 ], [ 0.08721978109146, 53.687946264115027 ], [ 0.087206451144686, 53.687676799485033 ], [ 0.087660411534076, 53.687668886218468 ], [ 0.087647078909184, 53.687399421651513 ], [ 0.088101036187841, 53.687391506742884 ], [ 0.088087700884925, 53.687122042238968 ], [ 0.088541655052861, 53.687114125688346 ], [ 0.088528317072013, 53.686844661247477 ], [ 0.088982268129235, 53.686836743054869 ], [ 0.088955587028325, 53.686297814284806 ], [ 0.089409532080646, 53.686289894527832 ], [ 0.089396188960717, 53.686020430198653 ], [ 0.089850130902394, 53.686012508799763 ], [ 0.089836785104859, 53.685743044533702 ], [ 0.090744662550367, 53.685727196732749 ], [ 0.090731311181275, 53.685457732607411 ], [ 0.091185246685073, 53.685449806205412 ], [ 0.091171892638613, 53.685180342143234 ], [ 0.090717960028807, 53.685188268467591 ], [ 0.090704609092957, 53.68491880431327 ], [ 0.091158538808819, 53.684910878066553 ], [ 0.091145185195685, 53.68464141397537 ], [ 0.091599111800994, 53.684633486086909 ], [ 0.091585755510671, 53.684364022058894 ], [ 0.092039679005436, 53.684356092528731 ], [ 0.092026320038016, 53.68408662856389 ], [ 0.092934160589691, 53.684070764500852 ], [ 0.092920796051531, 53.683801300676919 ], [ 0.093374713108407, 53.683793366144101 ], [ 0.09336134589339, 53.683523902383392 ], [ 0.093815259839709, 53.683515966208986 ], [ 0.093801889947929, 53.683246502511523 ], [ 0.0942558007837, 53.683238564695557 ], [ 0.094229055863754, 53.682699637412618 ], [ 0.094682960695455, 53.682691698032919 ], [ 0.094669585667425, 53.682422234447479 ], [ 0.09512348738865, 53.682414293426284 ], [ 0.095110109684179, 53.682144829904111 ], [ 0.095564008294935, 53.682136887241519 ], [ 0.095550627914119, 53.681867423782634 ], [ 0.096004523414416, 53.681859479478639 ], [ 0.095991140357346, 53.681590016083078 ], [ 0.096445032747195, 53.681582070137708 ], [ 0.096431647013966, 53.681312606805477 ], [ 0.096885536293375, 53.681304659218767 ], [ 0.096858759691988, 53.680765732666458 ], [ 0.097312642967792, 53.680757783516327 ], [ 0.097299252099771, 53.680488320296263 ], [ 0.097753132265206, 53.680480369504906 ], [ 0.097739738721348, 53.680210906348215 ], [ 0.098193615776423, 53.680202953915632 ], [ 0.098166823554548, 53.67966402771453 ], [ 0.0986206946063, 53.679656073718689 ], [ 0.098580499224735, 53.678847684541886 ], [ 0.099034361380494, 53.678839729060783 ], [ 0.099020960461903, 53.678570266050741 ], [ 0.099474819507485, 53.678562308928555 ], [ 0.099448012537068, 53.678023383020843 ], [ 0.100355718405066, 53.678007463931401 ], [ 0.100328900733952, 53.677468538277466 ], [ 0.100782747556489, 53.677460576310303 ], [ 0.100755924970431, 53.676921650754259 ], [ 0.101209765790404, 53.676913687224186 ], [ 0.101182938289746, 53.676374761766105 ], [ 0.101636773107315, 53.676366796673186 ], [ 0.101609940692404, 53.675827871313054 ], [ 0.102063769507728, 53.675819904657374 ], [ 0.102050350734484, 53.675550442033554 ], [ 0.102504176439906, 53.675542473737103 ], [ 0.10246391274977, 53.67473408601267 ], [ 0.102917729561084, 53.674726116231639 ], [ 0.102931153465503, 53.674995578742923 ], [ 0.103384972951146, 53.674987607165086 ], [ 0.103358119575946, 53.674448682284144 ], [ 0.103811933059687, 53.674440709143745 ], [ 0.103758217355109, 53.673362859519997 ], [ 0.10421201905339, 53.673354884973307 ], [ 0.104198587780018, 53.673085422609176 ], [ 0.104652386368651, 53.673077446421971 ], [ 0.104638952421403, 53.67280798412142 ], [ 0.105092747900395, 53.672800006293741 ], [ 0.105079311279366, 53.672530544056798 ], [ 0.105533103648727, 53.672522564588661 ], [ 0.105506225277281, 53.671983640227523 ], [ 0.10596001164544, 53.671975659197138 ], [ 0.105946569895157, 53.671706197072929 ], [ 0.106400353153756, 53.671698214402198 ], [ 0.106373464524341, 53.671159290266559 ], [ 0.106827241781958, 53.671151306033693 ], [ 0.106813794902961, 53.670881844022261 ], [ 0.107267569051089, 53.670873858149129 ], [ 0.107254119498862, 53.670604396201405 ], [ 0.107707890537509, 53.670596408687985 ], [ 0.107694438312146, 53.670326946803975 ], [ 0.108148206241324, 53.670318957650352 ], [ 0.108121296662745, 53.669780033995181 ], [ 0.109028820301548, 53.669764050845714 ], [ 0.109015360057339, 53.669494589152876 ], [ 0.109469118658163, 53.66948659507883 ], [ 0.109442193042579, 53.668947671806116 ], [ 0.109895945642946, 53.668939676170297 ], [ 0.10986901511886, 53.668400752996043 ], [ 0.11032276171893, 53.668392755798529 ], [ 0.110309293893593, 53.668123294267922 ], [ 0.110763037384354, 53.668115295430447 ], [ 0.11073609660736, 53.667576372482308 ], [ 0.111189834098044, 53.667568372083231 ], [ 0.111176361146522, 53.6672989106657 ], [ 0.111630095527966, 53.667290908626732 ], [ 0.111616619904277, 53.667021447273029 ], [ 0.112070351176492, 53.667013443594215 ], [ 0.112043394803559, 53.666474520999934 ], [ 0.112497120075979, 53.666466515759708 ], [ 0.11248363932687, 53.666197054519152 ], [ 0.112937361490133, 53.666189047639165 ], [ 0.112923878069179, 53.665919586462486 ], [ 0.113377597123291, 53.665911577942758 ], [ 0.113364111030586, 53.66564211682995 ], [ 0.113817826975558, 53.665634106670517 ], [ 0.113804338211195, 53.665364645621615 ], [ 0.114258051047037, 53.665356633822519 ], [ 0.11424455961111, 53.665087172837538 ], [ 0.114698269337831, 53.665079159398815 ], [ 0.114684775230433, 53.664809698477768 ], [ 0.115138481848043, 53.664801683399439 ], [ 0.115124985069267, 53.664532222542341 ], [ 0.115578688577775, 53.664524205824449 ], [ 0.115551689896584, 53.663985284223628 ], [ 0.116005387405883, 53.663977265944716 ], [ 0.115964882355922, 53.663168883669933 ], [ 0.116418570976204, 53.663160863908637 ], [ 0.116405066840872, 53.662891403199808 ], [ 0.116858752352235, 53.662883381799098 ], [ 0.116831738958854, 53.662344460494893 ], [ 0.117285418471488, 53.662336437533376 ], [ 0.117271909213574, 53.662066976938014 ], [ 0.117725585617361, 53.662058952337176 ], [ 0.117698561979352, 53.661520031259954 ], [ 0.11815223238463, 53.661512005098409 ], [ 0.11811168990221, 53.66070362360923 ], [ 0.118565351419612, 53.660695595965677 ], [ 0.118511286286739, 53.65961775409076 ], [ 0.118964936027335, 53.6596097250439 ], [ 0.118937898997417, 53.659070804176359 ], [ 0.119391542740278, 53.659062773569055 ], [ 0.119378021664947, 53.658793313192092 ], [ 0.119831662299368, 53.658785280945743 ], [ 0.119804615028223, 53.658246360305419 ], [ 0.12025824966513, 53.658238326498747 ], [ 0.120231197493103, 53.657699405957537 ], [ 0.120684826132654, 53.657691370590584 ], [ 0.120617185096451, 53.656344069376175 ], [ 0.121070799072419, 53.656336032685118 ], [ 0.121043738416046, 53.655797112254817 ], [ 0.121950954155067, 53.655781034035002 ], [ 0.121910347484554, 53.654972653752658 ], [ 0.122363946359228, 53.65496461230277 ], [ 0.12235040835287, 53.654695152258256 ], [ 0.122804004119583, 53.654687109169672 ], [ 0.122763382752457, 53.65387872918506 ], [ 0.123216969634566, 53.65387068461537 ], [ 0.123203426729681, 53.65360122467014 ], [ 0.123657010503953, 53.653593178461882 ], [ 0.123629919576555, 53.653054258685287 ], [ 0.124083497354844, 53.653046210917296 ], [ 0.124056401529746, 53.652507291240028 ], [ 0.124509973312211, 53.652499241912359 ], [ 0.124482872589757, 53.651960322334453 ], [ 0.12493643837656, 53.651952271447193 ], [ 0.124922885456962, 53.651682811715212 ], [ 0.125376448136118, 53.65167475918954 ], [ 0.125335782032264, 53.650866380142723 ], [ 0.125789335828216, 53.650858326136444 ], [ 0.125762220415767, 53.650319406856759 ], [ 0.126215768216534, 53.650311351291052 ], [ 0.12618864790811, 53.649772432110815 ], [ 0.126642189713849, 53.649764374985772 ], [ 0.126615064509794, 53.649225455905039 ], [ 0.127068600320668, 53.64921739722071 ], [ 0.127041470221328, 53.648678478239489 ], [ 0.127495000037492, 53.64867041799593 ], [ 0.127481432430374, 53.64840095856237 ], [ 0.127934959139261, 53.648392896680754 ], [ 0.127921388864828, 53.64812343731154 ], [ 0.128374912466447, 53.648115373791839 ], [ 0.128307049958528, 53.646768077121941 ], [ 0.128760558904498, 53.646760012280097 ], [ 0.128733409667593, 53.646221093668004 ], [ 0.129186912619591, 53.646213027267201 ], [ 0.129146181754149, 53.645404649476674 ], [ 0.129599675825551, 53.645396581595996 ], [ 0.129558938280846, 53.644588203911212 ], [ 0.130012423472051, 53.644580134550743 ], [ 0.129985260436396, 53.644041216179318 ], [ 0.130438739634304, 53.644033145260124 ], [ 0.130384404659169, 53.642955308658365 ], [ 0.130837872091193, 53.642947236338607 ], [ 0.130797114513052, 53.642138858971244 ], [ 0.131250573066087, 53.642130785171979 ], [ 0.131209808811584, 53.641322407910494 ], [ 0.131663258486035, 53.641314332631815 ], [ 0.131636077645651, 53.640775414542688 ], [ 0.13118263374318, 53.640783489663235 ], [ 0.131169046539343, 53.640514030517735 ], [ 0.131622487555894, 53.640505955476229 ], [ 0.131527363095269, 53.638619741602675 ], [ 0.131980783691438, 53.638611665398194 ], [ 0.131967192478274, 53.638342206294112 ], [ 0.132420609968609, 53.638334128452328 ], [ 0.132393422432218, 53.637795210358618 ], [ 0.131940010712816, 53.637803288042221 ], [ 0.131899239716735, 53.636994910554954 ], [ 0.132352642780086, 53.636986833108566 ], [ 0.132311865110784, 53.636178455727254 ], [ 0.132765259298206, 53.636170376801871 ], [ 0.132751664297266, 53.63590091772469 ], [ 0.132298272994957, 53.635908996570969 ], [ 0.132284681099425, 53.635639537400088 ], [ 0.132738069516669, 53.635631458632908 ], [ 0.132710880616481, 53.635092540405573 ], [ 0.133164263043405, 53.6350844600804 ], [ 0.133123472690945, 53.634276082867309 ], [ 0.133576846242888, 53.634268001063347 ], [ 0.133549648006882, 53.633729083006557 ], [ 0.134003015568924, 53.633720999644758 ], [ 0.133975812445196, 53.633182081687877 ], [ 0.134429174017494, 53.633173996768278 ], [ 0.134388362331546, 53.632365619960979 ], [ 0.134841715029779, 53.632357533562853 ], [ 0.134814502572661, 53.63181861577668 ], [ 0.135267849281569, 53.631810527820917 ], [ 0.135254240499431, 53.631541068985079 ], [ 0.135707584103456, 53.631532979392595 ], [ 0.135680361432284, 53.630994061835587 ], [ 0.136133699047204, 53.630985970685572 ], [ 0.136092858042377, 53.630177594478205 ], [ 0.13654618678426, 53.630169501849942 ], [ 0.136518954782748, 53.629630584463818 ], [ 0.136972277535943, 53.629622490278209 ], [ 0.136931422536853, 53.628814114327255 ], [ 0.13738473641767, 53.628806018663568 ], [ 0.137357495087482, 53.628267101448436 ], [ 0.137810802980026, 53.62825900422753 ], [ 0.137783556765361, 53.627720087112536 ], [ 0.138236858669791, 53.627711988334461 ], [ 0.138182357355378, 53.626634154246375 ], [ 0.138635647504888, 53.62662605406981 ], [ 0.138608392405631, 53.626087137096718 ], [ 0.139061676567541, 53.626079035363155 ], [ 0.139048046465833, 53.625809576934024 ], [ 0.139501327523566, 53.625801473564188 ], [ 0.139460429893954, 53.62499309842714 ], [ 0.139913702081143, 53.624984993579751 ], [ 0.139886432333031, 53.624446076907354 ], [ 0.140339698533097, 53.624437970503173 ], [ 0.140326061107422, 53.624168512224429 ], [ 0.140779324203495, 53.624160404184146 ], [ 0.140752044249173, 53.623621487741545 ], [ 0.141205301358342, 53.623613378144562 ], [ 0.14116437443596, 53.622805003609258 ], [ 0.141617622675615, 53.622796892535064 ], [ 0.141590333400514, 53.622257976263924 ], [ 0.142043575653682, 53.622249863633172 ], [ 0.141920758916677, 53.619824740404574 ], [ 0.142373975006789, 53.619816626773336 ], [ 0.142333031427661, 53.61900825233905 ], [ 0.142786238650185, 53.619000137230891 ], [ 0.142758938272282, 53.618461221027175 ], [ 0.143212139509582, 53.6184531043628 ], [ 0.143130226392317, 53.616836355877638 ], [ 0.143583410117377, 53.616828237974936 ], [ 0.143528794269578, 53.615750405677048 ], [ 0.143981966247013, 53.615742286377213 ], [ 0.143940998039439, 53.614933912238762 ], [ 0.144394161151327, 53.614925791462476 ], [ 0.144366844356466, 53.614386875456049 ], [ 0.144820001484451, 53.614378753123908 ], [ 0.144792679812217, 53.613839837218038 ], [ 0.14524583095646, 53.613831713330065 ], [ 0.145150191907412, 53.611945507755607 ], [ 0.1456033226633, 53.611937382709542 ], [ 0.145589657946498, 53.611667924791384 ], [ 0.146042785600213, 53.611659798110182 ], [ 0.145988117423763, 53.610581966609494 ], [ 0.146441233333321, 53.610573838531842 ], [ 0.146413894812331, 53.610034922852883 ], [ 0.146867004739369, 53.610026793219781 ], [ 0.146798647909795, 53.608679504164328 ], [ 0.147251743213484, 53.60867137321457 ], [ 0.147183377519312, 53.607324084191433 ], [ 0.147636458200818, 53.607315951925166 ], [ 0.147458695869767, 53.603812999788737 ], [ 0.147911738893468, 53.603804866842893 ], [ 0.147829690088384, 53.602188119346977 ], [ 0.147376664340319, 53.602196251815258 ], [ 0.147349322268597, 53.60165733570711 ], [ 0.14689630205729, 53.601665466302165 ], [ 0.146827965147259, 53.60031817537805 ], [ 0.146374959109254, 53.600326303861316 ], [ 0.146361295270086, 53.600056845553077 ], [ 0.146814298429297, 53.600048717149363 ], [ 0.146800631932672, 53.599779258906032 ], [ 0.146347631652208, 53.599787387230215 ], [ 0.146306642126267, 53.598979012173892 ], [ 0.145853650260495, 53.59898713854556 ], [ 0.145799012170998, 53.597909304614333 ], [ 0.145346031598005, 53.597917428954098 ], [ 0.145318719637229, 53.597378511741752 ], [ 0.14486574459981, 53.597386634208732 ], [ 0.144838439280178, 53.596847716778946 ], [ 0.144385469778213, 53.596855837373191 ], [ 0.144344522091434, 53.59604746088047 ], [ 0.143891561002922, 53.596055579522613 ], [ 0.143864269406339, 53.5955166616288 ], [ 0.143411313852951, 53.595524778398413 ], [ 0.143384028896195, 53.594985860287267 ], [ 0.142478128638556, 53.595002088367849 ], [ 0.142464492247359, 53.594732629131556 ], [ 0.142011544665183, 53.594740740522028 ], [ 0.141984278300926, 53.594201821846845 ], [ 0.141531336253657, 53.594209931364972 ], [ 0.141517706280452, 53.593940471926103 ], [ 0.141970645449948, 53.593932362487344 ], [ 0.14195701281973, 53.593662903113227 ], [ 0.14150407652796, 53.593671012472633 ], [ 0.141490446996178, 53.593401553004547 ], [ 0.140584579505929, 53.59341776642399 ], [ 0.140557332614942, 53.592878847126684 ], [ 0.140104404294123, 53.592886951107509 ], [ 0.140077164040607, 53.592348031593133 ], [ 0.139624241254304, 53.59235613370187 ], [ 0.139583391160372, 53.591547754082924 ], [ 0.139130476785843, 53.591555854240376 ], [ 0.139089637308131, 53.590747474252169 ], [ 0.138636731345031, 53.590755572458448 ], [ 0.138623121503846, 53.590486112353922 ], [ 0.137717314670966, 53.590502303467886 ], [ 0.137703710804469, 53.590232843190329 ], [ 0.13725080993475, 53.590240936098034 ], [ 0.137223608616765, 53.589702015340734 ], [ 0.136770713281017, 53.589710106376749 ], [ 0.136743518597923, 53.589171185402684 ], [ 0.135837738774009, 53.589187362018166 ], [ 0.135824147516597, 53.588917901350939 ], [ 0.135371260151464, 53.58892598700961 ], [ 0.135357671991021, 53.588656526248656 ], [ 0.134904787282778, 53.588664610114968 ], [ 0.134891202219213, 53.588395149260307 ], [ 0.13443832016787, 53.588403231334247 ], [ 0.134411156454221, 53.587864309422997 ], [ 0.133505403199054, 53.587880468114882 ], [ 0.133478251871881, 53.587341545829034 ], [ 0.133025380667993, 53.587349622447093 ], [ 0.133011808210765, 53.587080161203239 ], [ 0.132558939663774, 53.587088236029089 ], [ 0.132545370302908, 53.586818774691629 ], [ 0.132092504412822, 53.586826847725305 ], [ 0.132078938148223, 53.586557386294274 ], [ 0.131626074915055, 53.586565457535812 ], [ 0.131598948797808, 53.586026534471998 ], [ 0.131146091098047, 53.586034603842471 ], [ 0.131132531245255, 53.585765142209723 ], [ 0.130679676202388, 53.585773209788137 ], [ 0.130666119445533, 53.585503748061875 ], [ 0.13021326705957, 53.585511813848278 ], [ 0.130199713398561, 53.58524235202848 ], [ 0.129746863669509, 53.585250416022888 ], [ 0.129719762758384, 53.584711492181746 ], [ 0.128814074147328, 53.584727614715824 ], [ 0.128786985618552, 53.584188690500845 ], [ 0.128334146736482, 53.584196749040622 ], [ 0.12832060567716, 53.583927286832392 ], [ 0.127867769451999, 53.583935343580336 ], [ 0.127840693743194, 53.583396418962479 ], [ 0.126935032139695, 53.583412527004157 ], [ 0.126921500366082, 53.583143064515745 ], [ 0.126468672111706, 53.583151115888349 ], [ 0.126455143433143, 53.582881653306586 ], [ 0.126002317835715, 53.582889702887464 ], [ 0.125988792252109, 53.58262024021235 ], [ 0.125535969311637, 53.58262828800158 ], [ 0.125522446822897, 53.582358825233136 ], [ 0.125069626539393, 53.582366871230725 ], [ 0.125056107145424, 53.58209740836898 ], [ 0.124603289518895, 53.582105452574943 ], [ 0.124576257139136, 53.581566526650313 ], [ 0.124123445045357, 53.581574568985999 ], [ 0.124109932059423, 53.58130510592315 ], [ 0.123657122622597, 53.581313146467302 ], [ 0.123643612731106, 53.581043683311201 ], [ 0.123190805951243, 53.581051722063854 ], [ 0.1231772991541, 53.580782258814516 ], [ 0.122724495031209, 53.580790295775714 ], [ 0.122697487844047, 53.580251369076059 ], [ 0.12224468925369, 53.580259404167201 ], [ 0.122231188863526, 53.579989940716906 ], [ 0.121778392930119, 53.579997974016663 ], [ 0.121764895633974, 53.579728510473196 ], [ 0.12085930886262, 53.579744571777262 ], [ 0.120845817535828, 53.57947510806207 ], [ 0.120393026697942, 53.579483136066422 ], [ 0.120379538464941, 53.579213672258128 ], [ 0.119926750284085, 53.579221698471208 ], [ 0.119886295521086, 53.578413306723313 ], [ 0.119433515747826, 53.578421330988135 ], [ 0.11942003413863, 53.578151866964546 ], [ 0.118967257022335, 53.57815988943819 ], [ 0.11895377850655, 53.577890425321527 ], [ 0.118501004047229, 53.577898446004049 ], [ 0.118487528624762, 53.577628981794348 ], [ 0.118034756822425, 53.577637000685776 ], [ 0.118021284493181, 53.577367536383051 ], [ 0.117568515347839, 53.5773755534834 ], [ 0.117528108293617, 53.576567160252559 ], [ 0.117075347555231, 53.57657517540504 ], [ 0.117061881848129, 53.576305710887219 ], [ 0.116609123766672, 53.576313724248706 ], [ 0.116595661152414, 53.576044259637932 ], [ 0.116142905727896, 53.576052271208489 ], [ 0.116129446206389, 53.575782806504769 ], [ 0.115676693438818, 53.57579081628441 ], [ 0.115649780798943, 53.575251886676575 ], [ 0.115197033563072, 53.575259894586992 ], [ 0.115210486899356, 53.57552935947654 ], [ 0.114757736570966, 53.575537365752801 ], [ 0.114744286109427, 53.57526790078493 ], [ 0.114291538438055, 53.575275905270367 ], [ 0.114278091068946, 53.575006440209627 ], [ 0.113825346054602, 53.575014442904276 ], [ 0.113785013877157, 53.574206047399827 ], [ 0.113332277269044, 53.574214048147162 ], [ 0.113305395987838, 53.573675117581551 ], [ 0.112852664911175, 53.573683116459932 ], [ 0.112839227471352, 53.573413651077054 ], [ 0.11238649905162, 53.573421648164775 ], [ 0.112359630573243, 53.572882717198887 ], [ 0.111906907684807, 53.572890712417788 ], [ 0.11188004582481, 53.572351781237252 ], [ 0.110974610892942, 53.572367766225184 ], [ 0.110961186037487, 53.57209830045673 ], [ 0.110508471119805, 53.572106290304035 ], [ 0.110495049355833, 53.571836824442869 ], [ 0.110042337095088, 53.571844812499712 ], [ 0.110028918422507, 53.571575346545828 ], [ 0.109123498997759, 53.571591317366412 ], [ 0.10911008629058, 53.57132185124172 ], [ 0.110015499967121, 53.571305880577391 ], [ 0.110002081728927, 53.571036414594417 ], [ 0.108191265003698, 53.5710683487616 ], [ 0.108204671745645, 53.571337815057007 ], [ 0.107751964147645, 53.571345794396251 ], [ 0.107738560279771, 53.571076328022755 ], [ 0.10728585533889, 53.571084305571681 ], [ 0.107312657543394, 53.571623238460184 ], [ 0.106407235514519, 53.571639188733357 ], [ 0.106420631193788, 53.571908655311859 ], [ 0.105967916979905, 53.571916627958004 ], [ 0.106021490368122, 53.572994494438653 ], [ 0.105568764440232, 53.573002465684439 ], [ 0.105649113779483, 53.574619265437335 ], [ 0.106101856954604, 53.574611293723592 ], [ 0.106128647551357, 53.575150226702306 ], [ 0.106581396259084, 53.575142253120077 ], [ 0.106608193472821, 53.575681185884598 ], [ 0.10751370173679, 53.575665233270456 ], [ 0.107527106418749, 53.575934699474836 ], [ 0.107979863100141, 53.575926720520897 ], [ 0.107993270874007, 53.576196186632671 ], [ 0.108446030213269, 53.576188205888087 ], [ 0.108459441079134, 53.576457671907235 ], [ 0.108006678864917, 53.576465652729915 ], [ 0.108020087072876, 53.576735118812607 ], [ 0.108472852162096, 53.576727137911845 ], [ 0.108486263462158, 53.576996603901932 ], [ 0.10893903120932, 53.576988621210468 ], [ 0.108965860210992, 53.577527552990787 ], [ 0.10941863349122, 53.577519568430453 ], [ 0.109432051192974, 53.577789034220707 ], [ 0.109884827131168, 53.577781047869593 ], [ 0.109898247925354, 53.578050513567149 ], [ 0.110803804900346, 53.578034535570573 ], [ 0.110817231662314, 53.578304001097266 ], [ 0.111270012699051, 53.578296009451776 ], [ 0.111283442553679, 53.578565474885707 ], [ 0.111736226248303, 53.578557481449323 ], [ 0.111749659195682, 53.578826946790514 ], [ 0.112202445548183, 53.578818951563186 ], [ 0.112215881588409, 53.579088416811594 ], [ 0.112668670598778, 53.579080419793293 ], [ 0.112708988650973, 53.579888815216499 ], [ 0.114520177021873, 53.579856809076539 ], [ 0.114506725951554, 53.579587344263167 ], [ 0.115412313079641, 53.579571331073183 ], [ 0.115398856476189, 53.57930186640197 ], [ 0.117210016616082, 53.579269819782461 ], [ 0.117236953044464, 53.579808748483252 ], [ 0.11768974828536, 53.579800732389671 ], [ 0.117703219702119, 53.580070196639795 ], [ 0.118156017600436, 53.580062178755 ], [ 0.118169492110837, 53.580331642912114 ], [ 0.117716691336969, 53.580339660875346 ], [ 0.117743635260959, 53.580878589302785 ], [ 0.118196441786074, 53.580870571182643 ], [ 0.118209916950917, 53.58114003529608 ], [ 0.117304297931193, 53.58115606998043 ], [ 0.117277359322345, 53.58061714142525 ], [ 0.116824555236721, 53.580625156041286 ], [ 0.116811089134989, 53.580355691663442 ], [ 0.115905486060997, 53.580371715600322 ], [ 0.115918946411498, 53.580641180134968 ], [ 0.115466141671991, 53.580649189612558 ], [ 0.115479599364737, 53.580918654211011 ], [ 0.115026791531688, 53.580926662054139 ], [ 0.115040246566586, 53.581196126716378 ], [ 0.114587435639985, 53.581204132925002 ], [ 0.114614340611689, 53.581743062362534 ], [ 0.115519973750231, 53.581727047919038 ], [ 0.115533432314497, 53.581996512459298 ], [ 0.115080612978286, 53.582004520615833 ], [ 0.115094068884537, 53.582273985219857 ], [ 0.115999713090875, 53.582257967037151 ], [ 0.116026637060828, 53.582796895888109 ], [ 0.116479464589039, 53.582788884070553 ], [ 0.116492929776978, 53.583058348395816 ], [ 0.117851419681511, 53.583034302430185 ], [ 0.11783794586549, 53.582764838340225 ], [ 0.119196425178694, 53.582740777193344 ], [ 0.119182942952914, 53.582471313324234 ], [ 0.119635766078198, 53.582463289594571 ], [ 0.119649251179935, 53.582732753385159 ], [ 0.120102076962852, 53.582724727864026 ], [ 0.120088588985164, 53.582455264151967 ], [ 0.121447056395675, 53.582431177546617 ], [ 0.121474049825217, 53.582970104484801 ], [ 0.12192687761035, 53.582962072033318 ], [ 0.121940377528917, 53.583231535401993 ], [ 0.122393207971511, 53.583223501158933 ], [ 0.122433717666968, 53.584031890941631 ], [ 0.122886556519276, 53.584023854749731 ], [ 0.12292707681112, 53.584832244165391 ], [ 0.123832771117119, 53.58481616617059 ], [ 0.123873310635437, 53.585624554983148 ], [ 0.123420454962669, 53.585632595073093 ], [ 0.123447476649192, 53.586171521032597 ], [ 0.123900338074949, 53.586163480785309 ], [ 0.123913852122909, 53.586432943664541 ], [ 0.123460987820588, 53.586440983990521 ], [ 0.123474499210746, 53.586710446933836 ], [ 0.124380233349796, 53.5866943644114 ], [ 0.124366716206421, 53.586424901625435 ], [ 0.125272443716831, 53.586408812407697 ], [ 0.125258921039207, 53.586139349764608 ], [ 0.125711781589466, 53.586131302664761 ], [ 0.125738832916801, 53.58667022777891 ], [ 0.126191699001198, 53.586662178808403 ], [ 0.126205227869996, 53.586931641264854 ], [ 0.127110965134857, 53.586915538026773 ], [ 0.127124499976052, 53.587185000311067 ], [ 0.127577371156455, 53.587176946043463 ], [ 0.12759090909351, 53.587446408234356 ], [ 0.128043782931426, 53.587438352174701 ], [ 0.128070865216696, 53.587977276355119 ], [ 0.128523744588908, 53.587969218424561 ], [ 0.128537288937267, 53.588238680414037 ], [ 0.128990170967015, 53.588230620691384 ], [ 0.129003718411564, 53.588500082587416 ], [ 0.129456603098837, 53.588492021072625 ], [ 0.12947015363967, 53.588761482875164 ], [ 0.129923040984458, 53.588753419568192 ], [ 0.129936594621668, 53.58902288127728 ], [ 0.130389484623963, 53.589014816178093 ], [ 0.130416598310835, 53.589553739394653 ], [ 0.130869493847676, 53.5895456724243 ], [ 0.130896614166858, 53.590084595424642 ], [ 0.131802416090254, 53.590068456028071 ], [ 0.131815982333567, 53.590337917348414 ], [ 0.132268885842965, 53.590329845001108 ], [ 0.132282455183172, 53.590599306227872 ], [ 0.13364117302451, 53.590575078668593 ], [ 0.133627595052666, 53.590305617678879 ], [ 0.134533400093259, 53.590289457563877 ], [ 0.134546983819503, 53.590558918395445 ], [ 0.134999888887091, 53.590550835688781 ], [ 0.135013475710531, 53.590820296426671 ], [ 0.134560567765703, 53.590828379212397 ], [ 0.134587736317986, 53.591367300802538 ], [ 0.135493563496864, 53.591351133201229 ], [ 0.135520744438623, 53.591890054416581 ], [ 0.136426582246815, 53.591873879645 ], [ 0.13644017880272, 53.592143340072489 ], [ 0.136893100254046, 53.59213525003733 ], [ 0.13690669990762, 53.592404710371056 ], [ 0.137359624016224, 53.592396618543255 ], [ 0.137373226767559, 53.592666078783189 ], [ 0.137826153533432, 53.592657985162688 ], [ 0.137839759382623, 53.592927445308817 ], [ 0.138292688805757, 53.592919349895602 ], [ 0.138306297752895, 53.593188809947911 ], [ 0.138759229833278, 53.593180712741933 ], [ 0.138772841878458, 53.593450172700415 ], [ 0.139225776616081, 53.593442073701624 ], [ 0.139253007123185, 53.593980993416245 ], [ 0.139705947395789, 53.593972892545381 ], [ 0.139719565857858, 53.594242352301514 ], [ 0.140172508787724, 53.594234249637758 ], [ 0.140186130348164, 53.594503709299978 ], [ 0.140639075935284, 53.594495604843345 ], [ 0.140666325473728, 53.59503452396536 ], [ 0.141119276596012, 53.595026417636433 ], [ 0.141146532773003, 53.59556533654137 ], [ 0.141599489430572, 53.595557228340134 ], [ 0.141626752246507, 53.5960961470279 ], [ 0.142079714439483, 53.596088036954256 ], [ 0.142106983894764, 53.59662695542486 ], [ 0.142559951623265, 53.596618843478744 ], [ 0.142587227718295, 53.597157761732142 ], [ 0.143040200982441, 53.597149647913454 ], [ 0.14306748371762, 53.597688565949596 ], [ 0.143520462517533, 53.597680450258324 ], [ 0.143534107094911, 53.597949909175036 ], [ 0.143987088552259, 53.597941791690538 ], [ 0.144028032245738, 53.598750168114677 ], [ 0.143575042152898, 53.598758285837491 ], [ 0.143588687614195, 53.599027744695746 ], [ 0.144041680585625, 53.599019626893472 ], [ 0.144082626931536, 53.599828003142214 ], [ 0.144535628317963, 53.599819883387688 ], [ 0.14456293274475, 53.600358800654845 ], [ 0.145015939667655, 53.600350679027407 ], [ 0.145097875528641, 53.601967430001103 ], [ 0.145550899504218, 53.6019593061827 ], [ 0.145578218985619, 53.602498222897999 ], [ 0.14603124849827, 53.602490097206491 ], [ 0.146072238017494, 53.603298471931183 ], [ 0.146525275946648, 53.603290344286947 ], [ 0.146552609158059, 53.6038292605379 ], [ 0.145646521560918, 53.60384551443034 ], [ 0.145673844139857, 53.604384430940939 ], [ 0.146126893808039, 53.604376304692735 ], [ 0.146154223031218, 53.604915220985788 ], [ 0.145701167603893, 53.604923347393047 ], [ 0.145728491953066, 53.605462263786677 ], [ 0.146181553139719, 53.605454137220349 ], [ 0.146208884133582, 53.605993053396439 ], [ 0.145302750019943, 53.606009305132908 ], [ 0.14527543054512, 53.605470388638722 ], [ 0.144822368915926, 53.605478511776482 ], [ 0.144876997231348, 53.606556345024387 ], [ 0.146236216012844, 53.606531969514059 ], [ 0.146263548777544, 53.607070885573165 ], [ 0.145810470311789, 53.607079012616701 ], [ 0.145837798201893, 53.607617928776406 ], [ 0.144931629086288, 53.607634178038424 ], [ 0.144945287603109, 53.607903636255394 ], [ 0.143586023630144, 53.607927997528684 ], [ 0.143640625347013, 53.609005831204087 ], [ 0.143187525392747, 53.609013948517408 ], [ 0.143201173494394, 53.609283406979188 ], [ 0.142748070438678, 53.609291522657436 ], [ 0.142761715880988, 53.609560981184018 ], [ 0.143214821817122, 53.609552865426309 ], [ 0.143242119125844, 53.610091782276761 ], [ 0.142335895510567, 53.610108012395301 ], [ 0.142349538735447, 53.610377470957438 ], [ 0.142802653534175, 53.61036935667606 ], [ 0.142816299860673, 53.610638815144178 ], [ 0.141910064280984, 53.610655042151187 ], [ 0.141923705067223, 53.610924500763502 ], [ 0.141470584065239, 53.610932611774473 ], [ 0.141497860539164, 53.611471529114084 ], [ 0.14195098730262, 53.61146341794435 ], [ 0.141964628751787, 53.611732876512839 ], [ 0.141058369242322, 53.611749097296432 ], [ 0.141072005150763, 53.612018556009062 ], [ 0.140618872183806, 53.612026663908182 ], [ 0.140632505432236, 53.612296122685571 ], [ 0.140179369363514, 53.612304228949327 ], [ 0.14019299995184, 53.612573687791475 ], [ 0.141099277630345, 53.612557473390531 ], [ 0.141085641280103, 53.612288014707104 ], [ 0.141538776907068, 53.612279905013907 ], [ 0.141566055590407, 53.612818822207394 ], [ 0.141112914201493, 53.612826932059349 ], [ 0.141126550993554, 53.613096390713551 ], [ 0.14067340650268, 53.613104498930106 ], [ 0.140687040634562, 53.613373957649067 ], [ 0.140233893041718, 53.613382064230208 ], [ 0.140247524513328, 53.613651523013907 ], [ 0.139341222902893, 53.613667731190425 ], [ 0.139354848832935, 53.613937190118158 ], [ 0.137995386118212, 53.61396148975971 ], [ 0.13800900362522, 53.614230948910688 ], [ 0.137102688283092, 53.614247140256019 ], [ 0.137116300248076, 53.614516599550882 ], [ 0.136663139364889, 53.614524692730505 ], [ 0.136676748669022, 53.614794152089942 ], [ 0.136223584683983, 53.614802243633896 ], [ 0.136237191327173, 53.615071703057957 ], [ 0.135784024240273, 53.615079792966192 ], [ 0.135797628222427, 53.615349252454841 ], [ 0.135344458033657, 53.615357340727329 ], [ 0.135358059354681, 53.615626800280566 ], [ 0.133998538821852, 53.615651055045852 ], [ 0.134012131718485, 53.61592051482188 ], [ 0.133558954885459, 53.615928596392848 ], [ 0.133572545120673, 53.616198056233387 ], [ 0.133119365185831, 53.616206136168486 ], [ 0.133132952759534, 53.616475596073506 ], [ 0.132679769722865, 53.616483674372688 ], [ 0.132693354634963, 53.616753134342204 ], [ 0.133146540553372, 53.616745055963975 ], [ 0.133160128567351, 53.61701451583982 ], [ 0.132706939767155, 53.617022594297133 ], [ 0.132720525119445, 53.617292054237481 ], [ 0.132267333217311, 53.617300131058805 ], [ 0.132294498818391, 53.617839051053828 ], [ 0.131841300932373, 53.617847126318189 ], [ 0.131854881181027, 53.618116586372857 ], [ 0.131401680193001, 53.618124660001158 ], [ 0.131415257779645, 53.61839412012025 ], [ 0.130962053689601, 53.618402192112448 ], [ 0.130975628614142, 53.618671652295987 ], [ 0.130522421422071, 53.618679722652054 ], [ 0.130535993684415, 53.618949182900003 ], [ 0.129629572876344, 53.618965318624589 ], [ 0.129643139594206, 53.619234779015898 ], [ 0.129189925978238, 53.619242844384381 ], [ 0.129203490033666, 53.619512304840072 ], [ 0.128750273315684, 53.619520368572289 ], [ 0.128763834708585, 53.619789829092319 ], [ 0.128310614888579, 53.619797891188249 ], [ 0.128337732568825, 53.62033681234238 ], [ 0.127884506764386, 53.620344872880892 ], [ 0.127898063051596, 53.620614333514979 ], [ 0.126991605018927, 53.620630449603986 ], [ 0.127032257903193, 53.621438831892071 ], [ 0.126125781696965, 53.621454941593022 ], [ 0.126139327332222, 53.621724402484233 ], [ 0.126592568427749, 53.62171634841259 ], [ 0.126606117165186, 53.621985809210415 ], [ 0.125699628989249, 53.622001915796005 ], [ 0.125713172180725, 53.622271376736926 ], [ 0.124806677361516, 53.622287476618631 ], [ 0.124820215006829, 53.622556937702548 ], [ 0.125273465408938, 53.622548888540578 ], [ 0.125287006156459, 53.622818349531158 ], [ 0.124833752871499, 53.622826398771892 ], [ 0.124847290955528, 53.623095859826662 ], [ 0.124394034568302, 53.623103907430782 ], [ 0.124380499367176, 53.622834446297233 ], [ 0.12392724564354, 53.622842492107125 ], [ 0.12391371354459, 53.622573030880226 ], [ 0.1230072112053, 53.622589117196263 ], [ 0.123020737538511, 53.622858578580626 ], [ 0.122567483157212, 53.622866619244228 ], [ 0.122581006826676, 53.623136080692724 ], [ 0.12167449164088, 53.623152157030987 ], [ 0.121688009763523, 53.623421618622288 ], [ 0.120781487935599, 53.623437688256033 ], [ 0.12079500051122, 53.623707149990082 ], [ 0.119888472041407, 53.623723212919181 ], [ 0.119901979069807, 53.623992674795893 ], [ 0.119448711623487, 53.624000703765795 ], [ 0.119475720570559, 53.624539627632721 ], [ 0.118569173488812, 53.624555680740237 ], [ 0.11859617177814, 53.62509460486325 ], [ 0.118142892142591, 53.625102629000779 ], [ 0.118156388732028, 53.625372091118997 ], [ 0.11770310599443, 53.625380113619471 ], [ 0.117716599919178, 53.625649575801667 ], [ 0.117263314079523, 53.625657596665057 ], [ 0.117276805339487, 53.625927058911202 ], [ 0.116823516397764, 53.625935078137459 ], [ 0.116850493806516, 53.626474002743095 ], [ 0.115943903733283, 53.626490036362625 ], [ 0.115957386998337, 53.62675949880056 ], [ 0.115504088750356, 53.626767513115269 ], [ 0.115517569350252, 53.627036975617102 ], [ 0.115064268000166, 53.627044988294543 ], [ 0.115077745934813, 53.627314450860283 ], [ 0.114624441482612, 53.627322461900427 ], [ 0.114637916751916, 53.627591924530016 ], [ 0.11418460919759, 53.627599933932828 ], [ 0.114198081801457, 53.627869396626295 ], [ 0.113291460270257, 53.627885410441422 ], [ 0.113304927324733, 53.628154873277104 ], [ 0.112851613347891, 53.62816287768937 ], [ 0.112865077736692, 53.628432340588866 ], [ 0.111958443360635, 53.628448344422679 ], [ 0.111971902199699, 53.628717807464298 ], [ 0.111518581800517, 53.628725806885797 ], [ 0.111532037973669, 53.628995269991172 ], [ 0.110172066815841, 53.629019258195484 ], [ 0.110185514554828, 53.629288721521156 ], [ 0.109278860258385, 53.629304705234574 ], [ 0.109305744853522, 53.629843632155257 ], [ 0.108399078149049, 53.629859609317997 ], [ 0.108412515004911, 53.630129072912936 ], [ 0.107959178441773, 53.630137058998635 ], [ 0.107972612631102, 53.630406522657204 ], [ 0.108879291308198, 53.630390548613533 ], [ 0.108892731483917, 53.63066001210121 ], [ 0.107986047038148, 53.63067598630127 ], [ 0.107999481662917, 53.630945449930785 ], [ 0.107546136229036, 53.630953434535044 ], [ 0.107559568187094, 53.631222898228188 ], [ 0.107106219651089, 53.631230881194597 ], [ 0.107119648942344, 53.631500344951348 ], [ 0.106212945448476, 53.63151630589244 ], [ 0.106226369188291, 53.631785769790945 ], [ 0.104866303662316, 53.631809698566649 ], [ 0.104879718965883, 53.632079162684875 ], [ 0.104426360471056, 53.632087135589408 ], [ 0.104439773107386, 53.632356599771171 ], [ 0.102626325416138, 53.632388474540697 ], [ 0.102653128263027, 53.632927403484743 ], [ 0.101746391575058, 53.632943330884842 ], [ 0.101732995812568, 53.632673866264177 ], [ 0.101279630027683, 53.632681827312091 ], [ 0.101293022905389, 53.632951292010716 ], [ 0.100839654018659, 53.632959251420452 ], [ 0.100853044228591, 53.633228716182479 ], [ 0.099946300034453, 53.633244630009379 ], [ 0.099973069565731, 53.633783559801472 ], [ 0.099519691373413, 53.633791514296455 ], [ 0.099506309384251, 53.633522049329777 ], [ 0.099052933859992, 53.633530002030703 ], [ 0.099066312964206, 53.633799467075256 ], [ 0.097706176435723, 53.633823315114483 ], [ 0.097746289083988, 53.63463171086142 ], [ 0.097292901152517, 53.634639657008826 ], [ 0.097306269583545, 53.634909122306567 ], [ 0.096399487300325, 53.63492500960821 ], [ 0.096412850177613, 53.635194475046994 ], [ 0.093692480820158, 53.635242096227699 ], [ 0.093705826602401, 53.635511562118211 ], [ 0.092799029315061, 53.635527422270052 ], [ 0.092812369542939, 53.635796888301329 ], [ 0.091905565620039, 53.635812741743173 ], [ 0.091918900293352, 53.636082207915159 ], [ 0.091465495122285, 53.636090132139152 ], [ 0.091452163334373, 53.635820665889582 ], [ 0.090998760832626, 53.635828588319669 ], [ 0.091025418853679, 53.636367520959432 ], [ 0.090118601660385, 53.63638336098073 ], [ 0.090131925223964, 53.636652827433963 ], [ 0.089678513417855, 53.636660744947569 ], [ 0.089691834311829, 53.636930211463813 ], [ 0.089238419404247, 53.636938127338532 ], [ 0.089251737628524, 53.637207593917765 ], [ 0.08879831961946, 53.63721550815356 ], [ 0.088811635173946, 53.637484974795797 ], [ 0.08835821406339, 53.637492887392618 ], [ 0.088384840048383, 53.638031820788548 ], [ 0.087477985636992, 53.638047641142656 ], [ 0.087491293181546, 53.638317107973776 ], [ 0.086131001289356, 53.638340825863501 ], [ 0.086144300391998, 53.638610292912354 ], [ 0.085237432280873, 53.638626096411009 ], [ 0.085264019589047, 53.639165030774706 ], [ 0.084357139072169, 53.639180827716579 ], [ 0.084370427277412, 53.639450295031374 ], [ 0.083463540126882, 53.63946608526161 ], [ 0.083476822775343, 53.639735552716502 ], [ 0.082569928991406, 53.639751336234902 ], [ 0.082583206082881, 53.640020803829863 ], [ 0.082129755981916, 53.640028693091409 ], [ 0.082143030402411, 53.640298160749126 ], [ 0.081236123782598, 53.640313934276769 ], [ 0.081249392645762, 53.640583402074448 ], [ 0.079435565280445, 53.640614928838666 ], [ 0.07944882281344, 53.640884396930545 ], [ 0.078088441373836, 53.640908024210027 ], [ 0.078101690462606, 53.641177492518764 ], [ 0.076741298430938, 53.641201104579196 ], [ 0.076754539075165, 53.641470573104669 ], [ 0.076301071748839, 53.641478440435087 ], [ 0.076314309721207, 53.641747909023124 ], [ 0.074500426724465, 53.641779361485398 ], [ 0.074513653365216, 53.642048830366925 ], [ 0.074060179193334, 53.642056689267569 ], [ 0.074073403161885, 53.642326158211574 ], [ 0.073166448401841, 53.642341871016342 ], [ 0.073179666811431, 53.642611340099748 ], [ 0.072726186223301, 53.642619194003835 ], [ 0.072699755391691, 53.642080255668773 ], [ 0.071792805119398, 53.642095958019048 ], [ 0.071806014654825, 53.642365427347542 ], [ 0.069538620794384, 53.642404653563489 ], [ 0.069551816110471, 53.642674123261614 ], [ 0.068644851295231, 53.642689801883847 ], [ 0.068671231022007, 53.643228741543794 ], [ 0.06731076487491, 53.643252247061206 ], [ 0.067297583565062, 53.642982777008335 ], [ 0.065937124155315, 53.643006266843912 ], [ 0.065950296804672, 53.643275737126814 ], [ 0.063682845750719, 53.643314852898612 ], [ 0.06369600417914, 53.643584323550058 ], [ 0.061428533357877, 53.643623396782345 ], [ 0.061441677564783, 53.643892867801945 ], [ 0.058720688226199, 53.643939699481194 ], [ 0.058733815323964, 53.644209170944919 ], [ 0.056466303920615, 53.644248150510215 ], [ 0.05649252988324, 53.644787094157714 ], [ 0.056039021190363, 53.644794885072464 ], [ 0.056052131603332, 53.645064356950854 ], [ 0.053784570515654, 53.64510328615075 ], [ 0.053797666704775, 53.645372758395915 ], [ 0.052890635008625, 53.645388318209065 ], [ 0.052903725635379, 53.645657790592189 ], [ 0.052450206581602, 53.645665567999337 ], [ 0.052437118842197, 53.645396095540086 ], [ 0.049716017389618, 53.645442723468115 ], [ 0.049729087804838, 53.64571219638394 ], [ 0.047461482996583, 53.645751006151592 ], [ 0.047474539186519, 53.646020479433034 ], [ 0.04520691464936, 53.646059246653238 ], [ 0.045219956613434, 53.646328720299856 ], [ 0.043405841627485, 53.646359703471433 ], [ 0.043418872252705, 53.646629177407057 ], [ 0.042965340090382, 53.646636918982928 ], [ 0.042978368039228, 53.646906392979965 ], [ 0.04207129730572, 53.646921871131816 ], [ 0.04208431969041, 53.647191345266016 ], [ 0.041177242337025, 53.64720681670066 ], [ 0.041164225727725, 53.646937342414979 ], [ 0.038896543090552, 53.646975990572273 ], [ 0.038909545261297, 53.647245465236416 ], [ 0.038002464955082, 53.647260912630315 ], [ 0.037989468559789, 53.646991437814926 ], [ 0.037535930978333, 53.646999158860453 ], [ 0.037548924485892, 53.647268633751473 ], [ 0.033467050789109, 53.647338046567285 ], [ 0.033441115963849, 53.646799095411538 ], [ 0.034348188929451, 53.646783682663688 ], [ 0.034322243394485, 53.646244731752283 ], [ 0.032961650956662, 53.646267847845543 ], [ 0.032948687167417, 53.645998372141911 ], [ 0.032495158821997, 53.646006073996588 ], [ 0.03245627737777, 53.645197646573237 ], [ 0.032002757484753, 53.64520534648458 ], [ 0.031989800310982, 53.644935870572652 ], [ 0.031536283095324, 53.644943568691538 ], [ 0.031549237381674, 53.645213044678833 ], [ 0.031095717068581, 53.645220741156017 ], [ 0.031108668677476, 53.645490217204319 ], [ 0.030201621646471, 53.645505605158021 ], [ 0.03021456769029, 53.645775081342634 ], [ 0.030668094198282, 53.645767388149004 ], [ 0.030706942251923, 53.646575816390609 ], [ 0.029799871700319, 53.646591201512685 ], [ 0.029786927914506, 53.646321725295863 ], [ 0.028426329176374, 53.646344789874227 ], [ 0.028452199631626, 53.646883742745196 ], [ 0.027998660524013, 53.646891427654118 ], [ 0.028011593178427, 53.647160904143313 ], [ 0.027558050973357, 53.647168587410285 ], [ 0.027545121206731, 53.646899110845851 ], [ 0.026638041943346, 53.646914472077668 ], [ 0.026612194589855, 53.646375518604899 ], [ 0.026158660419309, 53.646383196494625 ], [ 0.026132819679173, 53.645844242814043 ], [ 0.02567929107444, 53.64585191883625 ], [ 0.025666373906142, 53.645582441899265 ], [ 0.024759321843631, 53.64559778864195 ], [ 0.024746410659811, 53.645328311540332 ], [ 0.023839363535107, 53.645343651264263 ], [ 0.023826458335592, 53.645074173998083 ], [ 0.022919416149012, 53.645089506703371 ], [ 0.022906516933629, 53.644820029272701 ], [ 0.02199947968549, 53.64483535495949 ], [ 0.022012373125939, 53.645104832540227 ], [ 0.020651807023724, 53.645127808417087 ], [ 0.020638922245709, 53.644858330611378 ], [ 0.020185402681284, 53.644865985727812 ], [ 0.020172520999595, 53.644596507832802 ], [ 0.018811969715825, 53.644619462654674 ], [ 0.018824842735164, 53.644888940774457 ], [ 0.019278362925965, 53.644881290809352 ], [ 0.019304115365791, 53.645420246856091 ], [ 0.018850589399942, 53.645427896971007 ], [ 0.018837715963202, 53.645158418879895 ], [ 0.018384192676198, 53.645166067202787 ], [ 0.018371322335666, 53.644896589022458 ], [ 0.017010759885449, 53.644919523463749 ], [ 0.016997898415972, 53.644650045044514 ], [ 0.015183823780012, 53.644680599960729 ], [ 0.015170974068791, 53.644411121227961 ], [ 0.012903390524285, 53.644449275864652 ], [ 0.012890555458432, 53.644179796743941 ], [ 0.01016946566346, 53.644225525195885 ], [ 0.01015664813002, 53.643956045613074 ], [ 0.011517185301035, 53.643933189337822 ], [ 0.01149153353357, 53.643394230576824 ], [ 0.011038027125745, 53.643401850903075 ], [ 0.011050850018215, 53.643671330365365 ], [ 0.009690320885745, 53.64369418126563 ], [ 0.009677506655196, 53.643424701579612 ], [ 0.006502951621985, 53.643477959728159 ], [ 0.006490157810153, 53.643208479506328 ], [ 0.002408598107804, 53.643276829971192 ], [ 0.002395830488829, 53.643007349065776 ], [ 0.000581810120038, 53.643037682109743 ], [ 0.000569054257063, 53.642768200892995 ], [ 0.001022556772305, 53.642760620281798 ], [ 0.001009798228905, 53.642491139124964 ], [ 0.000556298600878, 53.642498719661944 ], [ 0.000543543151475, 53.642229238416562 ], [ -0.001270445879287, 53.642259543097559 ], [ -0.001283189573377, 53.641990061541165 ], [ -0.001736684460523, 53.641997633344758 ], [ -0.001749425060927, 53.641728151699908 ], [ -0.002202917267511, 53.641735721712401 ], [ -0.002190179554209, 53.642005203431374 ], [ -0.00264367485439, 53.642012771800978 ], [ -0.002656409680585, 53.641743290007909 ], [ -0.004016888158284, 53.641765984592602 ], [ -0.004029614116829, 53.641496502562994 ], [ -0.004936595026062, 53.64151162355315 ], [ -0.004949315004242, 53.641242141361218 ], [ -0.003588852610911, 53.641219457522645 ], [ -0.003601581043844, 53.640949975538518 ], [ -0.002241129168495, 53.640927276469711 ], [ -0.00222839207465, 53.64119675823158 ], [ -0.00177490564213, 53.641189188367321 ], [ -0.001762165454795, 53.64145867004077 ], [ -0.000855187435381, 53.64144352501318 ], [ -0.000829694892821, 53.641982488020574 ], [ 0.001437775409505, 53.641944594662903 ], [ 0.001425014599512, 53.641675113537389 ], [ 0.001878505152492, 53.64166752978916 ], [ 0.001865741662344, 53.641398048723616 ], [ 0.001412253996383, 53.641405632397564 ], [ 0.001399493600112, 53.641136151243451 ], [ 0.000946008614269, 53.641143733126214 ], [ 0.000933251311785, 53.640874251883552 ], [ -0.00042719622559, 53.640896987007693 ], [ -0.000414447583923, 53.641166468472974 ], [ -0.00086793339672, 53.641174043488022 ], [ -0.000880679151438, 53.640904561948574 ], [ -0.001787645622937, 53.64091970667959 ], [ -0.001825864326237, 53.640111261530549 ], [ -0.000465440910626, 53.640088542526016 ], [ -0.000478188725666, 53.639819061003536 ], [ -0.00002471755379, 53.639811484642479 ], [ -0.000050218337312, 53.639272521702935 ], [ -0.000503683735813, 53.639280097915631 ], [ -0.00049093633406, 53.639549579466738 ], [ -0.001397873524265, 53.639564726889986 ], [ -0.001385131689306, 53.63983420857511 ], [ -0.002292075479156, 53.639849349279267 ], [ -0.002304811540663, 53.639579867445882 ], [ -0.003665220113548, 53.639602565403443 ], [ -0.003677947308529, 53.639333083333533 ], [ -0.004131414358814, 53.639340645811636 ], [ -0.004144138460833, 53.639071163653384 ], [ -0.004597602830724, 53.639078724340649 ], [ -0.004584881615363, 53.63934820657294 ], [ -0.005038349078128, 53.639355765617388 ], [ -0.005051067406827, 53.63908628331108 ], [ -0.007771859191273, 53.639131601080521 ], [ -0.007759158182641, 53.639401083830542 ], [ -0.00957303503739, 53.639431261635799 ], [ -0.009560345369857, 53.639700744667017 ], [ -0.009106872960745, 53.639693202717133 ], [ -0.009094180200705, 53.639962685660223 ], [ -0.008187230226202, 53.639947596462115 ], [ -0.008174531486723, 53.640217079243165 ], [ -0.009988443806141, 53.640247251067294 ], [ -0.01000113099824, 53.639977767990821 ], [ -0.012268511590393, 53.640015443771759 ], [ -0.012243165869409, 53.640554410648242 ], [ -0.012696648378124, 53.640561940801227 ], [ -0.012709318454408, 53.640292457296368 ], [ -0.013616278314108, 53.640307512304112 ], [ -0.013628942411233, 53.640038028637569 ], [ -0.014535897318325, 53.640053076630288 ], [ -0.014561213349411, 53.639514108959723 ], [ -0.015014685337116, 53.639521630233439 ], [ -0.015027340158113, 53.639252146303079 ], [ -0.016841218612795, 53.639282213934806 ], [ -0.016853861681753, 53.639012729695793 ], [ -0.017760796365507, 53.639027753063395 ], [ -0.017773433456135, 53.63875826866299 ], [ -0.018680363185899, 53.638773285016164 ], [ -0.018692994298371, 53.638503800454473 ], [ -0.019146456583747, 53.638511305982298 ], [ -0.019159084604854, 53.638241821332855 ], [ -0.02006600401643, 53.638256827091148 ], [ -0.02007862605969, 53.637987342280503 ], [ -0.020532083185828, 53.637994842511013 ], [ -0.020544702137953, 53.637725357612673 ], [ -0.023265431869501, 53.637770322502703 ], [ -0.023252830236675, 53.638039807841317 ], [ -0.023706288793716, 53.638047296054246 ], [ -0.023718887539976, 53.637777810642298 ], [ -0.025079255776555, 53.637800264760379 ], [ -0.025091845659008, 53.637530779114329 ], [ -0.02554529925956, 53.637538260313512 ], [ -0.025557886051444, 53.637268774579972 ], [ -0.026918239417609, 53.637291207657213 ], [ -0.02693081734611, 53.637021721689777 ], [ -0.027384265989541, 53.637029195875485 ], [ -0.027409415462117, 53.636490223751473 ], [ -0.028769745296843, 53.636512635569176 ], [ -0.028782311068398, 53.63624314926637 ], [ -0.029689192870715, 53.636258081748359 ], [ -0.029701752665999, 53.635988595285092 ], [ -0.030608629510067, 53.636003520754088 ], [ -0.030633736944953, 53.63546454749256 ], [ -0.031087169899769, 53.635472007505946 ], [ -0.031099720425816, 53.635202520780766 ], [ -0.031553150697893, 53.635209979004465 ], [ -0.031565698134382, 53.63494049219203 ], [ -0.031112270748432, 53.63493303404136 ], [ -0.031124820867622, 53.634663547287701 ], [ -0.032031670070736, 53.634678461726381 ], [ -0.032019125723713, 53.634947948626056 ], [ -0.034286266719439, 53.634985205046682 ], [ -0.03429879663597, 53.634715717782228 ], [ -0.035205648684061, 53.6347306081882 ], [ -0.035218172625362, 53.634461120763703 ], [ -0.036125019713312, 53.634476004157442 ], [ -0.036137537679556, 53.634206516572988 ], [ -0.036590958641875, 53.634213955622101 ], [ -0.036578443561667, 53.634483443279393 ], [ -0.03703186761288, 53.634490880684709 ], [ -0.037044379807048, 53.634221392954608 ], [ -0.03840464451922, 53.634243694652511 ], [ -0.038417147852573, 53.633974206689821 ], [ -0.038870566942681, 53.633981637083153 ], [ -0.038883067187406, 53.633712149033478 ], [ -0.039789900203481, 53.633727004524921 ], [ -0.039802394473745, 53.633457516315588 ], [ -0.040255808399652, 53.633464941413735 ], [ -0.040268299581518, 53.633195453117473 ], [ -0.041628533916171, 53.633217717894546 ], [ -0.041641016238034, 53.63294822936605 ], [ -0.042547834367776, 53.632963063822771 ], [ -0.0425603107157, 53.632693575134837 ], [ -0.0434671238827, 53.632708402580199 ], [ -0.043479594256857, 53.632438913732862 ], [ -0.04393299825779, 53.632446324808207 ], [ -0.043920530769414, 53.632715813728097 ], [ -0.044827345149034, 53.632730630874335 ], [ -0.044839806865837, 53.632461141809358 ], [ -0.048013643353992, 53.632512947243093 ], [ -0.048026084668496, 53.632243457656699 ], [ -0.049386294674697, 53.632265634020449 ], [ -0.049398727130345, 53.631996144202702 ], [ -0.049852127983086, 53.632003532818587 ], [ -0.049864557351531, 53.631734042914317 ], [ -0.050771353889937, 53.631748814851953 ], [ -0.050783777285613, 53.631479324788842 ], [ -0.051237172971219, 53.631486708110643 ], [ -0.051262013387314, 53.630947727797235 ], [ -0.050355233759824, 53.630932959726337 ], [ -0.050367659436959, 53.630663469692941 ], [ -0.049460886386077, 53.63064869490097 ], [ -0.049510610163914, 53.629570735203913 ], [ -0.049057235482235, 53.629563345522712 ], [ -0.049069668808289, 53.629293855635282 ], [ -0.05269664881789, 53.629352924448746 ], [ -0.052709058860505, 53.629083433968788 ], [ -0.059056264443803, 53.629186539065742 ], [ -0.059043894795242, 53.629456030555147 ], [ -0.064937801247315, 53.62955147071763 ], [ -0.06492546890841, 53.629820963127294 ], [ -0.071272830949769, 53.629923421446499 ], [ -0.071260538807995, 53.630192914845168 ], [ -0.076247810981639, 53.630273182587537 ], [ -0.076235550382256, 53.630542676757933 ], [ -0.077595728353094, 53.630564532128759 ], [ -0.077583476212025, 53.630834026498974 ], [ -0.079850457896243, 53.63087041814358 ], [ -0.07986269560883, 53.63060092341707 ], [ -0.081676272983962, 53.630630005550827 ], [ -0.081664046814238, 53.630899500562101 ], [ -0.082570842462417, 53.630914031472251 ], [ -0.082583062860684, 53.630644536318712 ], [ -0.084396644990566, 53.630673577256424 ], [ -0.084384436135265, 53.630943072694322 ], [ -0.084837835048307, 53.630950328708529 ], [ -0.084850041017856, 53.630680833199584 ], [ -0.085756833665892, 53.630695339936345 ], [ -0.085744633467862, 53.630964835587328 ], [ -0.086651432678397, 53.630979335600024 ], [ -0.086663627104893, 53.630709839807089 ], [ -0.087570421334484, 53.630724332811717 ], [ -0.087558232679541, 53.630993828746561 ], [ -0.088011632976474, 53.631001072745022 ], [ -0.088023818745635, 53.630731576739258 ], [ -0.092557803712353, 53.630803921605569 ], [ -0.092545646801256, 53.631073418319673 ], [ -0.092999049268251, 53.6310806434361 ], [ -0.093011203293518, 53.630811146651254 ], [ -0.094371403218792, 53.63083281148905 ], [ -0.094359257851041, 53.631102308486014 ], [ -0.095266064557271, 53.6311167432698 ], [ -0.095278204153323, 53.63084724613153 ], [ -0.095731604915753, 53.630854460877927 ], [ -0.095719468205556, 53.631123958086853 ], [ -0.098893299249044, 53.63117441374218 ], [ -0.098869065641694, 53.631713409105743 ], [ -0.098415654845451, 53.631706206163663 ], [ -0.098403534861152, 53.631975703753774 ], [ -0.098856948543421, 53.631982906766396 ], [ -0.098844831248744, 53.632252404412917 ], [ -0.097484582133132, 53.632230790013587 ], [ -0.097496708086014, 53.63196129257868 ], [ -0.096589882097051, 53.631946874537064 ], [ -0.096602013625411, 53.631677377229238 ], [ -0.096148603811868, 53.631670165704122 ], [ -0.096136469397504, 53.631939662941356 ], [ -0.092962586010444, 53.631889133705911 ], [ -0.092974740626718, 53.631619636963428 ], [ -0.091614516501538, 53.63159795603989 ], [ -0.091602353227366, 53.631867452570113 ], [ -0.089788712276933, 53.631838520356617 ], [ -0.089776537261619, 53.632108016589434 ], [ -0.090229950089329, 53.63211525228855 ], [ -0.090217777762712, 53.632384748578083 ], [ -0.092031442590232, 53.632413674491616 ], [ -0.092019281610696, 53.632683171050239 ], [ -0.092926120979538, 53.632697623848671 ], [ -0.092913965575193, 53.632967120534701 ], [ -0.094727658221463, 53.632996005814491 ], [ -0.094739802081136, 53.632726508845636 ], [ -0.095193222848746, 53.632733725803227 ], [ -0.09518108187525, 53.633003222842731 ], [ -0.095634505725833, 53.63301043815428 ], [ -0.095622367441773, 53.633279935250322 ], [ -0.096982648832537, 53.633301571096716 ], [ -0.096970519010578, 53.633571068390488 ], [ -0.098330810829746, 53.633592688998185 ], [ -0.098318689470203, 53.633862186489559 ], [ -0.099678991716731, 53.633883791858231 ], [ -0.099666878819918, 53.634153289547051 ], [ -0.10148062944285, 53.634182072952584 ], [ -0.101468527895554, 53.634451570909121 ], [ -0.101921968928275, 53.634458762538991 ], [ -0.10190987007134, 53.63472826055186 ], [ -0.103723647709049, 53.63475701018487 ], [ -0.103711560202315, 53.635026508465131 ], [ -0.104618455970142, 53.63504087312139 ], [ -0.104606374040751, 53.635310371528213 ], [ -0.105966727821156, 53.635331905847167 ], [ -0.105954654356008, 53.635601404450753 ], [ -0.106408108894327, 53.635608579193615 ], [ -0.106396038120218, 53.635878077853356 ], [ -0.107302953557326, 53.635892422328901 ], [ -0.107290888361159, 53.636161921115011 ], [ -0.108197810354201, 53.636176258863351 ], [ -0.108185750736175, 53.636445757775761 ], [ -0.109092679284905, 53.636460088796746 ], [ -0.109068571010132, 53.636999086859973 ], [ -0.109975511888248, 53.637013411293729 ], [ -0.109963463231789, 53.63728291044449 ], [ -0.110416936850865, 53.637290070156006 ], [ -0.11040489088616, 53.637559569362772 ], [ -0.111765321576064, 53.637581038405614 ], [ -0.111741246383724, 53.638120037197375 ], [ -0.113101696152817, 53.638141491207236 ], [ -0.113113725185, 53.637871991608321 ], [ -0.113567205944239, 53.637879139440834 ], [ -0.113579231894275, 53.637609639757855 ], [ -0.113125754022183, 53.637602491995331 ], [ -0.113137782664372, 53.637332992368258 ], [ -0.114498208204128, 53.637354430294863 ], [ -0.114486188223255, 53.637623930131845 ], [ -0.114939666680051, 53.637631072743311 ], [ -0.114927649391484, 53.637900572636163 ], [ -0.115381130930253, 53.637907713600526 ], [ -0.115369116334085, 53.63817721354922 ], [ -0.115822600954835, 53.638184352866439 ], [ -0.115786564659626, 53.638992852837816 ], [ -0.11669355180914, 53.639007126740367 ], [ -0.11668154509609, 53.639276626842452 ], [ -0.117135041850249, 53.639283761287928 ], [ -0.117123037830014, 53.639553261445812 ], [ -0.117576537666239, 53.639560394243986 ], [ -0.117552534817026, 53.640099394657241 ], [ -0.11800604062289, 53.640106525877911 ], [ -0.117994041794048, 53.640376026133275 ], [ -0.118447550682046, 53.640383155706566 ], [ -0.118435554546342, 53.640652656017679 ], [ -0.118889066516483, 53.640659783943562 ], [ -0.118877073074011, 53.64092928431041 ], [ -0.119330588126303, 53.640936410588857 ], [ -0.119306606433614, 53.641475411419897 ], [ -0.1202136486725, 53.641489659104082 ], [ -0.120189677753759, 53.642028660157912 ], [ -0.121096732321453, 53.642042901251891 ], [ -0.121072772177408, 53.642581902528377 ], [ -0.121526305528601, 53.642589020638788 ], [ -0.121514328053301, 53.642858521325643 ], [ -0.122421401114333, 53.642872752533769 ], [ -0.122409429221083, 53.643142253345935 ], [ -0.122862968930888, 53.643149366443595 ], [ -0.122839030338478, 53.643688368165037 ], [ -0.123292576018733, 53.643695479684595 ], [ -0.12328060931971, 53.643964980593857 ], [ -0.123734158082252, 53.643972090465617 ], [ -0.123722194077531, 53.644241591430443 ], [ -0.124175745922369, 53.644248699654376 ], [ -0.124163784612045, 53.644518200674767 ], [ -0.124617339539186, 53.644525307250809 ], [ -0.124605380923351, 53.644794808326743 ], [ -0.125058938932805, 53.644801913254867 ], [ -0.125046983011553, 53.645071414386337 ], [ -0.125500544103328, 53.645078517666526 ], [ -0.125488590876753, 53.64534801885349 ], [ -0.125942155050856, 53.645355120485711 ], [ -0.125930204519052, 53.645624621728174 ], [ -0.12683733922565, 53.645638819979034 ], [ -0.12682539427734, 53.645908321346489 ], [ -0.1272789648098, 53.645915417965085 ], [ -0.127267022556498, 53.646184919387977 ], [ -0.127720596171271, 53.646192014358448 ], [ -0.127708656613071, 53.646461515836783 ], [ -0.128162233310163, 53.646468609159157 ], [ -0.128150296447159, 53.646738110692894 ], [ -0.128603876226581, 53.646745202367086 ], [ -0.128591942058865, 53.647014703956245 ], [ -0.129499107975839, 53.64702888229057 ], [ -0.129487179392396, 53.647298384004536 ], [ -0.129940765529915, 53.647305470664634 ], [ -0.129928839641998, 53.647574972433944 ], [ -0.130382428861828, 53.647582057445753 ], [ -0.130370505669532, 53.6478515592704 ], [ -0.130824097971682, 53.647858642633892 ], [ -0.1308121774751, 53.648128144513862 ], [ -0.131265772859579, 53.648135226229002 ], [ -0.131253855058803, 53.648404728164287 ], [ -0.13170745352562, 53.64841180823101 ], [ -0.131695538420746, 53.648681310221598 ], [ -0.132602741712224, 53.648695465340467 ], [ -0.132614651038795, 53.648425963211267 ], [ -0.132161052185633, 53.648418886580004 ], [ -0.132172964208208, 53.648149384506063 ], [ -0.131719368437297, 53.648142306226397 ], [ -0.131731283155782, 53.647872804207729 ], [ -0.131277690467114, 53.647865724279654 ], [ -0.131289607881415, 53.647596222316288 ], [ -0.131743197681078, 53.647603302175021 ], [ -0.131755112013191, 53.64733380012828 ], [ -0.132208699117076, 53.647340878199984 ], [ -0.132268253435918, 53.645993367409119 ], [ -0.131361108309519, 53.645979210241208 ], [ -0.131396855915242, 53.645170704014127 ], [ -0.130489728893407, 53.645156540391966 ], [ -0.130477807440878, 53.645426042342997 ], [ -0.130024241331296, 53.645418957886235 ], [ -0.130012316796859, 53.645688459753856 ], [ -0.130919454986551, 53.645702627088554 ], [ -0.130907536036105, 53.645972129080867 ], [ -0.130453963955943, 53.645965046202939 ], [ -0.130430119697812, 53.646504050006712 ], [ -0.130883697555451, 53.64651113302336 ], [ -0.130895616892406, 53.646241631059155 ], [ -0.13134919205454, 53.646248712288845 ], [ -0.131301525102485, 53.647326720338867 ], [ -0.1303943518608, 53.647312555607058 ], [ -0.130406274666452, 53.647043053754309 ], [ -0.129952691224464, 53.647035968881269 ], [ -0.129964616725652, 53.646766467083879 ], [ -0.129511036365873, 53.646759380562585 ], [ -0.129534892565731, 53.646220377064459 ], [ -0.12862774398152, 53.646206199146654 ], [ -0.128639677568752, 53.645936697515367 ], [ -0.128186106455553, 53.645929606049513 ], [ -0.128198042737946, 53.64566010447362 ], [ -0.127744474706923, 53.645653011359649 ], [ -0.127756413684385, 53.645383509839178 ], [ -0.126849283980291, 53.645369318597517 ], [ -0.126861228541268, 53.645099817201974 ], [ -0.126407666868232, 53.645092719074334 ], [ -0.126419614124038, 53.644823217734242 ], [ -0.125966055533195, 53.644816117958626 ], [ -0.125978005483737, 53.644546616674013 ], [ -0.125524449975079, 53.644539515250429 ], [ -0.125536402620265, 53.644270014021309 ], [ -0.125082850193782, 53.644262910949806 ], [ -0.125094805533517, 53.643993409776165 ], [ -0.124187707038765, 53.64397919861991 ], [ -0.124199667961238, 53.643709697571396 ], [ -0.123746121893002, 53.643702589486701 ], [ -0.123758085509786, 53.643433088493737 ], [ -0.12466517206371, 53.643447302806507 ], [ -0.124677129710159, 53.6431778016603 ], [ -0.125130670389755, 53.64318490617098 ], [ -0.125142624954194, 53.642915404941149 ], [ -0.125596162939457, 53.642922507664892 ], [ -0.125608114421978, 53.642653006351445 ], [ -0.124247509711972, 53.642631693236815 ], [ -0.124235549565154, 53.642901194341533 ], [ -0.122874937936014, 53.642879865561774 ], [ -0.122886906747092, 53.64261036466592 ], [ -0.123340440874738, 53.64261747590691 ], [ -0.123352406603738, 53.642347974927347 ], [ -0.122898875364128, 53.64234086375599 ], [ -0.122922812016087, 53.641801861893967 ], [ -0.122469286746438, 53.641794749144573 ], [ -0.122481257669261, 53.64152524826212 ], [ -0.122027735481576, 53.641518133865077 ], [ -0.122003787666033, 53.642057135476591 ], [ -0.121550259896655, 53.642050019222907 ], [ -0.121562236789419, 53.64178051849386 ], [ -0.121108712102141, 53.641773400592555 ], [ -0.121120691688611, 53.641503899919158 ], [ -0.120667170083426, 53.641496780370254 ], [ -0.120679152363511, 53.641227279752528 ], [ -0.120225633840409, 53.641220158556074 ], [ -0.120237618814015, 53.640950657994004 ], [ -0.119784103372986, 53.640943535150058 ], [ -0.119796091040019, 53.640674034643681 ], [ -0.119342578681058, 53.640666910152227 ], [ -0.119354569041425, 53.640397409701549 ], [ -0.11890105976452, 53.640390283562667 ], [ -0.118925045677311, 53.639851282758656 ], [ -0.119378549179015, 53.639858408758002 ], [ -0.11936655920741, 53.640127909236817 ], [ -0.119820065791069, 53.64013503358872 ], [ -0.119808078512713, 53.640404534123228 ], [ -0.120261588178337, 53.640411656827673 ], [ -0.120249603593323, 53.640681157417873 ], [ -0.12070311634092, 53.640688278474862 ], [ -0.120691134449341, 53.640957779120725 ], [ -0.122051682520641, 53.640979132197366 ], [ -0.122039709098166, 53.641248633038245 ], [ -0.122946747891924, 53.641262859975718 ], [ -0.122934780051019, 53.641532360941873 ], [ -0.125202394869266, 53.641567898581194 ], [ -0.125190441273853, 53.641837399881311 ], [ -0.126097494333864, 53.641851603055031 ], [ -0.126061649712901, 53.642660107288258 ], [ -0.12651518519754, 53.642667206507703 ], [ -0.126503239491239, 53.642936707960189 ], [ -0.126956778057663, 53.642943805531765 ], [ -0.126968720875849, 53.642674304009752 ], [ -0.127422256747779, 53.642681399794462 ], [ -0.127410316817714, 53.642950901385937 ], [ -0.127863855771344, 53.642957995522742 ], [ -0.127851918535871, 53.643227497169633 ], [ -0.126944835045851, 53.643213307039716 ], [ -0.12692094844133, 53.643752310013454 ], [ -0.127374495866022, 53.643759406076093 ], [ -0.127338673171998, 53.644567910639843 ], [ -0.127792229455359, 53.644575005193431 ], [ -0.127804167658562, 53.644305503616799 ], [ -0.12825772124707, 53.64431259638345 ], [ -0.128269656368356, 53.64404309472328 ], [ -0.129176758349112, 53.644057274965313 ], [ -0.129164829004565, 53.644326776764359 ], [ -0.129618383173456, 53.644333864378588 ], [ -0.129606456523916, 53.644603366232992 ], [ -0.128699342602707, 53.644589189148213 ], [ -0.128687409982863, 53.644858690849738 ], [ -0.128233850423973, 53.644851599661663 ], [ -0.128221914722152, 53.645121101279706 ], [ -0.12912903981042, 53.645135282077199 ], [ -0.129117109692192, 53.645404783820055 ], [ -0.129570675415052, 53.645411871711914 ], [ -0.129582602644718, 53.645142369899652 ], [ -0.130036165672396, 53.645149456004582 ], [ -0.130048089820163, 53.644879954108873 ], [ -0.13050165015265, 53.644887038426887 ], [ -0.130513571218611, 53.644617536447775 ], [ -0.130967128855899, 53.644624618978881 ], [ -0.130990964631168, 53.644085614839803 ], [ -0.131444516684857, 53.644092695514757 ], [ -0.131408771397424, 53.644901201910344 ], [ -0.131862332309617, 53.644908281075779 ], [ -0.131838506929179, 53.645447285407961 ], [ -0.13274564088721, 53.645461438863464 ], [ -0.13272182628881, 53.646000443416689 ], [ -0.133175399334766, 53.646007517706636 ], [ -0.133187303841807, 53.645738015367783 ], [ -0.133640874192088, 53.645745087870878 ], [ -0.133617070762422, 53.646284092673113 ], [ -0.134070647083114, 53.64629116359712 ], [ -0.13405874796761, 53.646560666046412 ], [ -0.134512327370026, 53.64656773532203 ], [ -0.134488534337947, 53.647106740316978 ], [ -0.135395705276881, 53.647120873992144 ], [ -0.135371923029084, 53.647659879207801 ], [ -0.135825514565721, 53.64766694360722 ], [ -0.135837402897027, 53.647397440937247 ], [ -0.136290991737428, 53.647404503549801 ], [ -0.136302876987022, 53.647135000796624 ], [ -0.136756463131178, 53.647142061622326 ], [ -0.136768345299154, 53.646872558785972 ], [ -0.135861178981366, 53.64685843555516 ], [ -0.135873066734409, 53.646588932843095 ], [ -0.135419486753473, 53.646581868720368 ], [ -0.135431377202576, 53.646312366063441 ], [ -0.134524223596734, 53.64629823280351 ], [ -0.13453611963056, 53.646028730270956 ], [ -0.135443267458891, 53.646042863392481 ], [ -0.135467047393172, 53.645503858008453 ], [ -0.136827753249264, 53.64552504439375 ], [ -0.136815872044531, 53.645794547300248 ], [ -0.137269443937243, 53.645801606062655 ], [ -0.137257565428597, 53.646071109024241 ], [ -0.137711140402635, 53.646078166138167 ], [ -0.137687388585149, 53.646617172157505 ], [ -0.13814096952935, 53.646624227692008 ], [ -0.138129096220646, 53.646893730749731 ], [ -0.138582680246239, 53.646900784635655 ], [ -0.138618290928317, 53.646092275213185 ], [ -0.138164715569223, 53.646085221534477 ], [ -0.138188460839082, 53.645546215320834 ], [ -0.138642030420741, 53.645553268861377 ], [ -0.138630160770755, 53.645822772044276 ], [ -0.139990879336347, 53.645843922567501 ], [ -0.140002740320227, 53.645574419177485 ], [ -0.140456310671403, 53.645581465847677 ], [ -0.140468168574312, 53.645311962374613 ], [ -0.139561033841592, 53.645297867454666 ], [ -0.139620349357564, 53.643950350569142 ], [ -0.139166796722282, 53.643943300877979 ], [ -0.139154931115343, 53.644212804214114 ], [ -0.13870137578402, 53.644205752736433 ], [ -0.138689507096236, 53.64447525598947 ], [ -0.138235949068883, 53.644468202725214 ], [ -0.138224077300161, 53.644737705895182 ], [ -0.137770516576784, 53.644730650844309 ], [ -0.137782391234007, 53.644461147743471 ], [ -0.137328833591657, 53.644454091044182 ], [ -0.137340710944806, 53.64418458799841 ], [ -0.135980047838707, 53.644163407802928 ], [ -0.135991933664475, 53.643893904950538 ], [ -0.135538382569519, 53.64388684151956 ], [ -0.135550271090923, 53.643617338722308 ], [ -0.135096723077053, 53.643610273643063 ], [ -0.135084831667312, 53.643879776371115 ], [ -0.134631280957903, 53.643872709505224 ], [ -0.134619386466985, 53.644142212150044 ], [ -0.134165833062047, 53.644135143497451 ], [ -0.134213421421887, 53.643057133110787 ], [ -0.134666963273607, 53.643064201486496 ], [ -0.134678856993172, 53.642794698785536 ], [ -0.137400094822111, 53.642837072559082 ], [ -0.137388218431761, 53.643106575675006 ], [ -0.137841761632324, 53.643113632028765 ], [ -0.137853635134456, 53.642844128843755 ], [ -0.138307175639301, 53.642851183410983 ], [ -0.138319046060758, 53.642581680142868 ], [ -0.138772583869878, 53.642588732923635 ], [ -0.138784451210754, 53.642319229572408 ], [ -0.138330916289766, 53.642312176860713 ], [ -0.138342786326328, 53.642042673564525 ], [ -0.138796318359231, 53.642049726207162 ], [ -0.138820052079006, 53.641510719434578 ], [ -0.137459473885737, 53.641489556769045 ], [ -0.137471349120867, 53.641220053568944 ], [ -0.137924872104889, 53.641227109439015 ], [ -0.137948616221854, 53.640688102858547 ], [ -0.138402133622609, 53.640695156873171 ], [ -0.13839026454821, 53.640964660239483 ], [ -0.139297305702644, 53.640978763254999 ], [ -0.139285442211622, 53.641248266745393 ], [ -0.139738965965265, 53.641255315746221 ], [ -0.139727105169861, 53.641524819291618 ], [ -0.140180632003751, 53.641531866644151 ], [ -0.14016877390406, 53.641801370244544 ], [ -0.140622303818203, 53.641808415948717 ], [ -0.140598592818224, 53.642347423245411 ], [ -0.141052128700737, 53.642354467370211 ], [ -0.141040275800586, 53.642623971066492 ], [ -0.141493814763422, 53.642631013542839 ], [ -0.141481964559306, 53.642900517294088 ], [ -0.141935506602472, 53.642907558121976 ], [ -0.141923659094484, 53.643177061928149 ], [ -0.142377204217989, 53.643184101107543 ], [ -0.142365359406223, 53.64345360496862 ], [ -0.142818907610077, 53.643460642499477 ], [ -0.142795223187177, 53.643999650317419 ], [ -0.143248777359794, 53.644006686268618 ], [ -0.143236937748797, 53.644276190225455 ], [ -0.143690495001828, 53.644283224528053 ], [ -0.143678658087376, 53.644552728539765 ], [ -0.144132218420832, 53.644559761193698 ], [ -0.14410854979333, 53.64509876931281 ], [ -0.145015682590153, 53.645112829743461 ], [ -0.144992024749851, 53.645651838081903 ], [ -0.145445597213337, 53.645658865858501 ], [ -0.145433770894253, 53.645928370075531 ], [ -0.146340922173946, 53.645942420613522 ], [ -0.14631728051585, 53.646481429280712 ], [ -0.147224444117539, 53.646495473223254 ], [ -0.147200813248514, 53.647034482109461 ], [ -0.147654401114624, 53.647041501641709 ], [ -0.147642588281752, 53.64731100613254 ], [ -0.14809617922841, 53.647318024015846 ], [ -0.148072558766216, 53.64785703309294 ], [ -0.148979752790331, 53.647871063981171 ], [ -0.148956143118875, 53.648410073277049 ], [ -0.149409746196448, 53.648417086281881 ], [ -0.149397943962861, 53.648686590977505 ], [ -0.149851550121069, 53.648693602333189 ], [ -0.149839750585422, 53.648963107083475 ], [ -0.150293359824272, 53.648970116790039 ], [ -0.150281562986658, 53.64923962159493 ], [ -0.150735175306158, 53.649246629652296 ], [ -0.150723381166671, 53.649516134511856 ], [ -0.151176996566832, 53.649523140919968 ], [ -0.151165205125565, 53.649792645834125 ], [ -0.151618823606393, 53.649799650592989 ], [ -0.15160703486344, 53.650069155561745 ], [ -0.152060656424944, 53.650076158671304 ], [ -0.152048870380399, 53.650345663694644 ], [ -0.152502495022587, 53.65035266515487 ], [ -0.152478928139424, 53.650891675296684 ], [ -0.153386189555555, 53.650905673337576 ], [ -0.153350855136297, 53.651714188856587 ], [ -0.152897215663415, 53.651707190489496 ], [ -0.152873652649162, 53.652246200628447 ], [ -0.152420007587566, 53.65223920040625 ], [ -0.152408222903912, 53.652508705386161 ], [ -0.153315518998062, 53.652522704249606 ], [ -0.153327297901812, 53.652253199132602 ], [ -0.153780943345468, 53.652260195918707 ], [ -0.153804494800178, 53.651721185505643 ], [ -0.154258134655008, 53.651728180436699 ], [ -0.154246361913, 53.651997685718747 ], [ -0.154700004848607, 53.652004679000292 ], [ -0.15468823480561, 53.652274184336811 ], [ -0.155141880822003, 53.652281175968788 ], [ -0.155130113478111, 53.652550681359813 ], [ -0.155583762575297, 53.652557671342215 ], [ -0.155571997930603, 53.652827176787675 ], [ -0.156025650108592, 53.65283416512046 ], [ -0.156013888163191, 53.653103670620361 ], [ -0.15646754342199, 53.653110657303479 ], [ -0.156455784175974, 53.653380162857829 ], [ -0.156909442515591, 53.653387147891259 ], [ -0.156897685969055, 53.653656653500029 ], [ -0.157351347389499, 53.653663636883721 ], [ -0.157339593542536, 53.653933142546911 ], [ -0.157793258043816, 53.65394012428083 ], [ -0.157781506896519, 53.654209629998405 ], [ -0.157327839504963, 53.654202648196097 ], [ -0.157316085276776, 53.654472153831279 ], [ -0.156862415185515, 53.654465170242396 ], [ -0.156850657876343, 53.654734675795204 ], [ -0.157758004030219, 53.654748641391571 ], [ -0.157769755558655, 53.654479135701976 ], [ -0.158223426031106, 53.654486115854482 ], [ -0.158211677393044, 53.654755621612445 ], [ -0.158665350946398, 53.654762600115085 ], [ -0.158653605008233, 53.655032105927411 ], [ -0.159107281642497, 53.655039082780171 ], [ -0.159095538404322, 53.655308588646839 ], [ -0.159549218119507, 53.655315563849697 ], [ -0.159537477581416, 53.655585069770673 ], [ -0.159083794975704, 53.655578094499496 ], [ -0.159072051356637, 53.655847600338184 ], [ -0.158618366050804, 53.655840623280405 ], [ -0.15863011256044, 53.655571117510071 ], [ -0.156815384804798, 53.655543192369713 ], [ -0.156803626732926, 53.655812697866573 ], [ -0.155896258217915, 53.655798724850001 ], [ -0.155908022070881, 53.655529219490006 ], [ -0.155454340990061, 53.655522230472791 ], [ -0.155477873904613, 53.654983219847715 ], [ -0.155931549204491, 53.65499020872803 ], [ -0.155943312485144, 53.654720703326049 ], [ -0.155489640075665, 53.654713714514187 ], [ -0.155501406055908, 53.654444209166655 ], [ -0.155047736727589, 53.654437218705034 ], [ -0.155059505407329, 53.654167713411994 ], [ -0.154152173103884, 53.654153727471176 ], [ -0.154175721451729, 53.653614717117051 ], [ -0.153722061366835, 53.653607721706422 ], [ -0.153710284398185, 53.653877226821969 ], [ -0.152349296619007, 53.653856230075739 ], [ -0.15236108225822, 53.653586725165809 ], [ -0.151453763808001, 53.653572718881463 ], [ -0.151430180777647, 53.65411172841295 ], [ -0.150069187195399, 53.654090705688752 ], [ -0.150080987476826, 53.653821201135905 ], [ -0.149173665159136, 53.653807177533068 ], [ -0.149185471029519, 53.653537673103564 ], [ -0.14782449765943, 53.653516625019485 ], [ -0.147836312008663, 53.653247120782119 ], [ -0.14738265749184, 53.653240101386622 ], [ -0.147394474539532, 53.652970597203982 ], [ -0.14603352080914, 53.652949528915336 ], [ -0.14602169509134, 53.653219032891641 ], [ -0.144660734416783, 53.653197948933915 ], [ -0.144672568804653, 53.652928445164108 ], [ -0.143311618527332, 53.652907345950361 ], [ -0.143323461393186, 53.652637842373167 ], [ -0.143777108403681, 53.652644877093564 ], [ -0.143788948187578, 53.652375373433472 ], [ -0.144242592500153, 53.652382406366968 ], [ -0.144254429202187, 53.652112902623976 ], [ -0.143800787779483, 53.65210586975936 ], [ -0.143812627179399, 53.651836366071223 ], [ -0.143358988838502, 53.651829331557501 ], [ -0.143382672841884, 53.651290324276978 ], [ -0.143836305403282, 53.651297358652926 ], [ -0.143848144227259, 53.651027854922745 ], [ -0.142940885075839, 53.651013784590688 ], [ -0.142929040472509, 53.651283288183066 ], [ -0.142021776310013, 53.651269210841399 ], [ -0.142057326881541, 53.650460700435801 ], [ -0.142510950197873, 53.650467739758788 ], [ -0.142534643839127, 53.649928732613752 ], [ -0.142988261568548, 53.649935770081008 ], [ -0.143000105211594, 53.649666266418521 ], [ -0.142092875723717, 53.649652189904032 ], [ -0.142081026301802, 53.649921693428631 ], [ -0.141627408956618, 53.649914652525673 ], [ -0.141615556453087, 53.650184155967281 ], [ -0.141161936410621, 53.650177113277486 ], [ -0.141173791803623, 53.64990760990483 ], [ -0.140720174842865, 53.649900565566121 ], [ -0.140732032933052, 53.649631062248417 ], [ -0.140278419053991, 53.649624016260873 ], [ -0.140302140436227, 53.649085009721411 ], [ -0.139848532528174, 53.649077962154038 ], [ -0.139860395820086, 53.648808458932301 ], [ -0.140314000838868, 53.648815506430637 ], [ -0.140349580892934, 53.648006996474201 ], [ -0.138988792416274, 53.647985849447103 ], [ -0.139012528825151, 53.647446843153553 ], [ -0.138558938829179, 53.64743979084718 ], [ -0.138547067831932, 53.647709293931889 ], [ -0.136732698217238, 53.647681067252961 ], [ -0.136720815471265, 53.647950570047229 ], [ -0.136267220660098, 53.64794350901407 ], [ -0.136243448811886, 53.648482514422213 ], [ -0.137150650183385, 53.648496635047387 ], [ -0.137138769748573, 53.648766137868712 ], [ -0.138045977669017, 53.648780251761032 ], [ -0.138034102820062, 53.649049754706546 ], [ -0.138941317289205, 53.649063861865891 ], [ -0.138917578570945, 53.649602867991135 ], [ -0.137103127288284, 53.649574646248468 ], [ -0.137091246082888, 53.649844149013639 ], [ -0.136637630854355, 53.64983708921428 ], [ -0.136601977413786, 53.650645597218279 ], [ -0.135241106879389, 53.650624406890472 ], [ -0.13522921334509, 53.650893909322896 ], [ -0.134775587329722, 53.650886842375307 ], [ -0.134763690712964, 53.651156344724484 ], [ -0.134310062000908, 53.651149275989745 ], [ -0.134286262409324, 53.651688280507528 ], [ -0.135193531585016, 53.65170241653594 ], [ -0.135169742780609, 53.652241421274475 ], [ -0.135623383437322, 53.652248486850127 ], [ -0.135611491635634, 53.652517989267537 ], [ -0.136065135375025, 53.652525053194381 ], [ -0.136053246270387, 53.652794555666958 ], [ -0.136506893092462, 53.652801617944952 ], [ -0.136495006684967, 53.653071120472653 ], [ -0.136948656589734, 53.653078181101769 ], [ -0.136936772879476, 53.653347683684601 ], [ -0.137390425866945, 53.653354742664796 ], [ -0.137378544854018, 53.653624245302716 ], [ -0.137832200924196, 53.653631302633968 ], [ -0.137820322608692, 53.65390080532697 ], [ -0.138273981761589, 53.653907861009245 ], [ -0.138262106143602, 53.654177363757341 ], [ -0.138715768379226, 53.654184417790567 ], [ -0.13870389545885, 53.654453920593724 ], [ -0.140064891991362, 53.654475072591879 ], [ -0.140076756241131, 53.654205569581563 ], [ -0.140530419246621, 53.654212616742306 ], [ -0.140518557887064, 53.65448211982163 ], [ -0.140972223975119, 53.65448916533326 ], [ -0.14094850645951, 53.655028171587844 ], [ -0.141402178520451, 53.655035215519291 ], [ -0.141390322364535, 53.655304718694545 ], [ -0.142297672843909, 53.655318801540801 ], [ -0.142309523219091, 53.655049298227631 ], [ -0.143670541708249, 53.655070409403741 ], [ -0.143658700004195, 53.655339912923672 ], [ -0.143205024091998, 53.655332877514262 ], [ -0.143193179305478, 53.655602380951265 ], [ -0.144100537102771, 53.655616450189683 ], [ -0.144112376108431, 53.655346946614877 ], [ -0.144566052404659, 53.655353978587875 ], [ -0.144554216289434, 53.655623482231569 ], [ -0.145007895668047, 53.655630512555206 ], [ -0.145019728892832, 53.655361008842661 ], [ -0.145473405572903, 53.655368037379226 ], [ -0.145461575238563, 53.655637541160615 ], [ -0.145915255000935, 53.655644568047805 ], [ -0.145891599537721, 53.656183575706152 ], [ -0.146798971199944, 53.656197624600992 ], [ -0.146787148961804, 53.656467128546758 ], [ -0.145426083084391, 53.656446052420669 ], [ -0.145437913994311, 53.65617654868133 ], [ -0.144984228642767, 53.656169519938246 ], [ -0.144996062251361, 53.655900016253717 ], [ -0.14454237998226, 53.655892985861229 ], [ -0.144506869909001, 53.656701496666152 ], [ -0.145414251982603, 53.656715556145976 ], [ -0.145390589203405, 53.657254563554602 ], [ -0.145844286309452, 53.657261590854709 ], [ -0.14583245752281, 53.657531094606824 ], [ -0.14628615771147, 53.657538120257435 ], [ -0.146274331623817, 53.657807624064347 ], [ -0.146728034895099, 53.65781464806539 ], [ -0.146716211506528, 53.658084151927078 ], [ -0.147169917860443, 53.658091174278546 ], [ -0.147158097171048, 53.658360678195002 ], [ -0.148519226055654, 53.658381735145241 ], [ -0.148531038072236, 53.658112231022542 ], [ -0.149438452504672, 53.658126260259912 ], [ -0.149450258547887, 53.65785675598579 ], [ -0.150357667964393, 53.657870778212249 ], [ -0.150369468034413, 53.657601273786788 ], [ -0.151276872434676, 53.657615289002429 ], [ -0.151265078146398, 53.657884793565145 ], [ -0.150811372959731, 53.657877786747882 ], [ -0.150799575589252, 53.658147291227998 ], [ -0.150345867702998, 53.658140282623698 ], [ -0.150310465770525, 53.658948795774023 ], [ -0.152579050479912, 53.658983822640636 ], [ -0.152567263908534, 53.659253327339158 ], [ -0.152113543693036, 53.659246325334159 ], [ -0.152089964194413, 53.659785334552026 ], [ -0.152543690192292, 53.659792336694174 ], [ -0.152555477145995, 53.659522832023661 ], [ -0.155277819798823, 53.659564808376693 ], [ -0.155266050192487, 53.659834313458333 ], [ -0.154358596095035, 53.65982032807765 ], [ -0.154335044744466, 53.660359337925023 ], [ -0.154788777480334, 53.660366331611606 ], [ -0.154765231148599, 53.660905341539994 ], [ -0.155218969858215, 53.660912333644987 ], [ -0.155242510407145, 53.660373323579648 ], [ -0.156149976833413, 53.660387302360071 ], [ -0.156126447850116, 53.660926312699232 ], [ -0.15748766626894, 53.660947268391197 ], [ -0.157475910165543, 53.661216773745053 ], [ -0.157929652911387, 53.661223755606883 ], [ -0.15791789950886, 53.661493261015139 ], [ -0.158825391355488, 53.661507219719716 ], [ -0.158848886403806, 53.660968208615785 ], [ -0.159302626829886, 53.660975185253463 ], [ -0.159314371176783, 53.660705679612185 ], [ -0.15976810890188, 53.660712654462941 ], [ -0.159779850166877, 53.660443148739361 ], [ -0.157964911975214, 53.660415239298196 ], [ -0.157953159144561, 53.66068474474843 ], [ -0.157499422181665, 53.660677763023351 ], [ -0.157522933435118, 53.6601387522457 ], [ -0.156615471646872, 53.660124783913425 ], [ -0.156638993702812, 53.659585773353449 ], [ -0.157092718719026, 53.659592758242013 ], [ -0.157127991698882, 53.658784242091869 ], [ -0.156674275356153, 53.658777257408531 ], [ -0.156650754444664, 53.659316268052478 ], [ -0.156197032510399, 53.659309281513828 ], [ -0.156208795952669, 53.659039776267271 ], [ -0.155755077100343, 53.659032788078584 ], [ -0.155766843242936, 53.658763282886497 ], [ -0.155313127472542, 53.65875629304778 ], [ -0.155336664967321, 53.658217282758557 ], [ -0.154882955169855, 53.658210291338342 ], [ -0.154859411893021, 53.65874930149063 ], [ -0.153498266300157, 53.658728316508473 ], [ -0.153533606948004, 53.657919801875664 ], [ -0.153987313281653, 53.657926798382569 ], [ -0.153999090224604, 53.657657293408448 ], [ -0.154452793858351, 53.657664288128466 ], [ -0.154464567719452, 53.65739478307183 ], [ -0.154918268653288, 53.65740177600496 ], [ -0.154894726521904, 53.657940786241213 ], [ -0.155802140525782, 53.657954767226258 ], [ -0.155825671093607, 53.657415756716155 ], [ -0.156279372599997, 53.657422744494191 ], [ -0.156291134706876, 53.6571532391497 ], [ -0.157198532510219, 53.657167209413842 ], [ -0.157163262962576, 53.65797572581581 ], [ -0.157616970822913, 53.65798270857551 ], [ -0.157581708232295, 53.658791225056746 ], [ -0.158035424956348, 53.658798206303167 ], [ -0.158000169323497, 53.659606722863643 ], [ -0.158907620690384, 53.659620680611219 ], [ -0.158895874214106, 53.659890186240112 ], [ -0.159803332125589, 53.659904137250251 ], [ -0.159815072819312, 53.659634631484721 ], [ -0.160268799169424, 53.659641604343705 ], [ -0.160280536781493, 53.659372098495886 ], [ -0.160734260430733, 53.659379069568068 ], [ -0.160722525709905, 53.659648575484162 ], [ -0.162083706473099, 53.659669478594402 ], [ -0.162095432520177, 53.659399972473558 ], [ -0.161641708300121, 53.659393006556911 ], [ -0.161653437048229, 53.659123500490338 ], [ -0.162107158377078, 53.659130466338766 ], [ -0.162118884043805, 53.658860960189983 ], [ -0.162572602671662, 53.658867924251709 ], [ -0.162596047652421, 53.65832891177579 ], [ -0.162142334806752, 53.658321947850467 ], [ -0.162165784809053, 53.657782935455053 ], [ -0.161712077935538, 53.657775969947743 ], [ -0.161723805542383, 53.657506463797276 ], [ -0.163084918060549, 53.65752735495937 ], [ -0.163061480002382, 53.658066367655536 ], [ -0.163515190337202, 53.658073328075794 ], [ -0.1634800404977, 53.658881847219753 ], [ -0.164387479083856, 53.658895763313851 ], [ -0.164375767872994, 53.659165269803516 ], [ -0.165283213001268, 53.659179179159928 ], [ -0.165271507382934, 53.659448685771842 ], [ -0.165725233123104, 53.65945563794039 ], [ -0.165713530206207, 53.659725144606433 ], [ -0.166167259027473, 53.659732095124525 ], [ -0.166155558812106, 53.660001601844691 ], [ -0.166609290714474, 53.660008550712291 ], [ -0.166585895497267, 53.66054756424677 ], [ -0.167039633372187, 53.66055451153192 ], [ -0.167027938370482, 53.660824018346268 ], [ -0.167481679326573, 53.66083096398085 ], [ -0.167469987026723, 53.661100470849249 ], [ -0.167923731063994, 53.661107414833232 ], [ -0.16790035167859, 53.661646428664135 ], [ -0.168354101688687, 53.661653371065476 ], [ -0.168342414603269, 53.661922878027994 ], [ -0.168796167694613, 53.661929818778646 ], [ -0.168784483311374, 53.662199325795157 ], [ -0.169238239483974, 53.662206264895111 ], [ -0.169226557803005, 53.662475771965639 ], [ -0.169680317056867, 53.662482709414817 ], [ -0.169668638078263, 53.662752216539324 ], [ -0.170122400413397, 53.662759152337728 ], [ -0.170110724137252, 53.663028659516208 ], [ -0.169656958910228, 53.663021723649855 ], [ -0.169645279552757, 53.663291230746438 ], [ -0.170099047671718, 53.663298166680711 ], [ -0.170087371016791, 53.66356767383126 ], [ -0.170541142217135, 53.663574608114679 ], [ -0.170529468264845, 53.663844115319172 ], [ -0.170983242546578, 53.663851047951717 ], [ -0.17097157129702, 53.664120555210147 ], [ -0.171425348660151, 53.664127486191767 ], [ -0.171413680113417, 53.664396993504141 ], [ -0.171867460557955, 53.664403922834808 ], [ -0.171844128681099, 53.664942937553398 ], [ -0.172297915099291, 53.664949865300926 ], [ -0.17227458825013, 53.665488880099396 ], [ -0.172728380642134, 53.665495806263728 ], [ -0.17271671982615, 53.665765313709855 ], [ -0.173170515299687, 53.665772238223092 ], [ -0.173147198885184, 53.66631125320913 ], [ -0.173601000332747, 53.666318176139065 ], [ -0.173589344734363, 53.666587683678962 ], [ -0.174043149263528, 53.666594604957695 ], [ -0.174031496368659, 53.666864112551451 ], [ -0.174485303979433, 53.666871032178967 ], [ -0.174473653788173, 53.667140539826526 ], [ -0.174927464480563, 53.667147457802834 ], [ -0.17490416931651, 53.667686473191608 ], [ -0.175357985983262, 53.667693389584379 ], [ -0.175346341010605, 53.667962897325573 ], [ -0.175800160759042, 53.667969812067007 ], [ -0.175788518490317, 53.668239319862003 ], [ -0.176242341320446, 53.668246232952065 ], [ -0.176230701755748, 53.668515740800814 ], [ -0.176684527667579, 53.668522652239488 ], [ -0.17666125375765, 53.669061668030537 ], [ -0.177115085644177, 53.669068577885454 ], [ -0.177103451299081, 53.669338085827725 ], [ -0.177557286267379, 53.669344994031178 ], [ -0.177545654626634, 53.669614502027173 ], [ -0.177999492676707, 53.669621408579083 ], [ -0.177987863740406, 53.669890916628802 ], [ -0.178441704872265, 53.669897821529176 ], [ -0.178418452220131, 53.670436837722015 ], [ -0.178872299327022, 53.670443741038426 ], [ -0.178860675611326, 53.670713249181539 ], [ -0.179314525800069, 53.6707201508463 ], [ -0.179302904789141, 53.670989659043094 ], [ -0.179756758059745, 53.670996559056185 ], [ -0.179745139753678, 53.671266067306618 ], [ -0.180198996106152, 53.671272965668003 ], [ -0.18017576471549, 53.671811982262184 ], [ -0.180629627043329, 53.671818879039392 ], [ -0.18061801395887, 53.672088387383134 ], [ -0.181071879368646, 53.67209528250855 ], [ -0.181060268989373, 53.672364790905881 ], [ -0.181514137481093, 53.67237168437947 ], [ -0.181502529807099, 53.672641192830397 ], [ -0.181956401380773, 53.672648084652131 ], [ -0.181944796412152, 53.672917593156605 ], [ -0.182398671067787, 53.672924483326454 ], [ -0.182387068804633, 53.673193991884503 ], [ -0.182840946542237, 53.673200880402412 ], [ -0.182817747238862, 53.673739897611632 ], [ -0.183271630952286, 53.673746784545045 ], [ -0.183260033912202, 53.67401629319621 ], [ -0.183713920707663, 53.674023178477619 ], [ -0.183690731850971, 53.674562195873037 ], [ -0.183236839267585, 53.674555310456739 ], [ -0.18321364387034, 53.67509432766149 ], [ -0.183667542241839, 53.675101213212699 ], [ -0.183655947155098, 53.675370721861626 ], [ -0.184109848608846, 53.675377605760737 ], [ -0.184075070902548, 53.676186131826192 ], [ -0.184528981227057, 53.676193014207989 ], [ -0.184517391176444, 53.676462522936021 ], [ -0.184971304583322, 53.6764694036656 ], [ -0.184936541986456, 53.677277929968319 ], [ -0.184482619896317, 53.677271049036499 ], [ -0.18445943810262, 53.677810066367158 ], [ -0.185821222304271, 53.677830704407882 ], [ -0.185832804611454, 53.677561195547348 ], [ -0.18674065589644, 53.677574945507857 ], [ -0.186752232226646, 53.677305436498685 ], [ -0.188114001879093, 53.677326048339694 ], [ -0.188125569338, 53.677056539114673 ], [ -0.18857949003641, 53.677063406221684 ], [ -0.188556360719961, 53.677602424792333 ], [ -0.189010287395056, 53.67760929031418 ], [ -0.188998725349973, 53.677878799645875 ], [ -0.189452655107263, 53.677885663515248 ], [ -0.189441095769233, 53.678155172900247 ], [ -0.189895028608726, 53.678162035117111 ], [ -0.189883471977841, 53.67843154455543 ], [ -0.190337407899546, 53.678438405119728 ], [ -0.190325853975901, 53.67870791461133 ], [ -0.190779792979824, 53.678714773523062 ], [ -0.190756690359777, 53.679253792598878 ], [ -0.191210635340782, 53.679260649925169 ], [ -0.191199086644517, 53.679530159509355 ], [ -0.191653034707807, 53.679537015183001 ], [ -0.191641488719105, 53.679806524820428 ], [ -0.192549391197574, 53.679820231142429 ], [ -0.192526310238245, 53.680359250644102 ], [ -0.193434225045857, 53.680372950355078 ], [ -0.193422690075518, 53.680642460219254 ], [ -0.193876650655206, 53.680649307561964 ], [ -0.193865118392859, 53.680918817479302 ], [ -0.19431908205483, 53.680925663169177 ], [ -0.194307552500567, 53.681195173139656 ], [ -0.194761519244833, 53.681202017176624 ], [ -0.194749992398747, 53.681471527200252 ], [ -0.195203962225314, 53.681478369584305 ], [ -0.1951924380875, 53.681747879661032 ], [ -0.195646410996376, 53.681754720392135 ], [ -0.195634889566929, 53.682024230521961 ], [ -0.196088865558122, 53.682031069600072 ], [ -0.196077346837134, 53.682300579783004 ], [ -0.196531325910653, 53.682307417208065 ], [ -0.196508293698914, 53.682846437666164 ], [ -0.196962278750282, 53.682853273505152 ], [ -0.196950765259668, 53.683122783780313 ], [ -0.19740475339343, 53.683129617966181 ], [ -0.1973932426116, 53.683399128294376 ], [ -0.197847233827762, 53.683405960827116 ], [ -0.19783572575481, 53.683675471208339 ], [ -0.198289720053382, 53.683682302087895 ], [ -0.198278214689401, 53.683951812522125 ], [ -0.19873221207039, 53.683958641748468 ], [ -0.198720709415474, 53.68422815223569 ], [ -0.19917470987889, 53.684234979808807 ], [ -0.199163209933132, 53.684504490349021 ], [ -0.199617213478982, 53.684511316268839 ], [ -0.199605716242477, 53.68478082686201 ], [ -0.200059722870768, 53.684787651128502 ], [ -0.200036733629923, 53.685326672406866 ], [ -0.200490746236635, 53.685333495086859 ], [ -0.200479254232431, 53.685603005772016 ], [ -0.201387285797317, 53.685616646104968 ], [ -0.201375799398763, 53.685886156909866 ], [ -0.201829818356903, 53.685892974562741 ], [ -0.201818334668072, 53.68616248542056 ], [ -0.202272356708694, 53.686169301419959 ], [ -0.202249394564347, 53.686708323227386 ], [ -0.203611479181137, 53.686728761304359 ], [ -0.203565587412736, 53.687806805553379 ], [ -0.204019627576175, 53.687813615071924 ], [ -0.204008157065068, 53.688083126166148 ], [ -0.204462200311133, 53.688089934031026 ], [ -0.204381921797538, 53.689976511768371 ], [ -0.203927858274823, 53.689969703436589 ], [ -0.203916386274381, 53.69023921441962 ], [ -0.204370452693949, 53.690246022818108 ], [ -0.204358983404222, 53.690515533853954 ], [ -0.204813052906831, 53.690522340598591 ], [ -0.204801586327911, 53.69079185168723 ], [ -0.206617877786675, 53.690819061726707 ], [ -0.206629332777754, 53.690549550371479 ], [ -0.206175262531044, 53.690542750509096 ], [ -0.206186720233134, 53.69027323920659 ], [ -0.206640787582924, 53.690280039002332 ], [ -0.206652242202192, 53.6900105276193 ], [ -0.207106306841009, 53.690017325627885 ], [ -0.207094855118619, 53.690286837077522 ], [ -0.207548922840169, 53.690293633432141 ], [ -0.207526024631716, 53.690832656422934 ], [ -0.207980098332987, 53.690839451190143 ], [ -0.20792286404557, 53.692187008756889 ], [ -0.208376952418228, 53.692193802136316 ], [ -0.208365507900652, 53.692463313674544 ], [ -0.208819599356323, 53.692470105399849 ], [ -0.208808157550315, 53.692739616990735 ], [ -0.209262252089007, 53.692746407061868 ], [ -0.209273690997697, 53.692476895404454 ], [ -0.210635967035556, 53.692497255094061 ], [ -0.210613106416624, 53.693036278794011 ], [ -0.211067204595051, 53.693043062048723 ], [ -0.211055776904734, 53.693312573944326 ], [ -0.21150987816607, 53.69331935554478 ], [ -0.211498453187755, 53.693588867492942 ], [ -0.212406662061648, 53.693602425664388 ], [ -0.212395242692965, 53.693871937731522 ], [ -0.212849350305488, 53.693878714302485 ], [ -0.212826516807299, 53.694417738527903 ], [ -0.21373474417866, 53.694431286772939 ], [ -0.213711921530083, 53.694970311208337 ], [ -0.21416604128904, 53.694977082882296 ], [ -0.214154632584709, 53.69524659514552 ], [ -0.21460875542663, 53.695253365164966 ], [ -0.214585943258149, 53.695792389782454 ], [ -0.215494201088809, 53.695805924923931 ], [ -0.215482800522737, 53.69607543734449 ], [ -0.215936932613602, 53.696082202400127 ], [ -0.215914136722333, 53.696621227332187 ], [ -0.217276551492891, 53.696641512570956 ], [ -0.217242382351653, 53.697450050461335 ], [ -0.217696529672752, 53.697456808964326 ], [ -0.21768514248749, 53.697726321632906 ], [ -0.218139292891669, 53.697733078481065 ], [ -0.218116523763255, 53.698272103909048 ], [ -0.218570680148867, 53.69827885916856 ], [ -0.218559298205852, 53.698548371927934 ], [ -0.219013457674613, 53.698555125532508 ], [ -0.219002078445283, 53.698824638344199 ], [ -0.219456240997198, 53.698831390293854 ], [ -0.219433487781424, 53.699370416007952 ], [ -0.219887656315048, 53.699377166368762 ], [ -0.2198649081578, 53.699916192159677 ], [ -0.22031908267329, 53.6999229409316 ], [ -0.220307711216402, 53.700192453872397 ], [ -0.220761888815173, 53.700199200989225 ], [ -0.220739151145139, 53.700738226961427 ], [ -0.221193334725992, 53.700744972489254 ], [ -0.221181968512983, 53.701014485520666 ], [ -0.221636155177185, 53.701021229393326 ], [ -0.221613427995453, 53.701560255546717 ], [ -0.222067620641952, 53.701566997830241 ], [ -0.222056259673365, 53.701836510952212 ], [ -0.222510455403282, 53.701843251580492 ], [ -0.222499097149303, 53.702112764754659 ], [ -0.222044898520349, 53.702106024060321 ], [ -0.222033537182899, 53.702375537154545 ], [ -0.222487738710938, 53.702382277914936 ], [ -0.222465021281031, 53.702921304193943 ], [ -0.222919228791779, 53.702928043365063 ], [ -0.222885159961746, 53.703736582877681 ], [ -0.223339376354689, 53.703743320525497 ], [ -0.223305314563645, 53.704551860111437 ], [ -0.223759539839183, 53.704558596235842 ], [ -0.223748188439702, 53.70482810946946 ], [ -0.224656645342627, 53.704841576685773 ], [ -0.224645299558006, 53.705111090037477 ], [ -0.22509953118536, 53.705117821129321 ], [ -0.225076844862825, 53.705656847923109 ], [ -0.225531082473634, 53.705663577425319 ], [ -0.225519741935856, 53.705933090867369 ], [ -0.225973982630505, 53.705939818713958 ], [ -0.225962644808388, 53.70620933220809 ], [ -0.226416888586883, 53.706216058398986 ], [ -0.22639421819013, 53.706755085477511 ], [ -0.226848467952356, 53.706761810078604 ], [ -0.226837135377857, 53.707031323662981 ], [ -0.227291388223997, 53.707038046608325 ], [ -0.227268728323024, 53.707577073867277 ], [ -0.227722987153112, 53.707583795222718 ], [ -0.227711659826774, 53.707853308897278 ], [ -0.228165921740842, 53.707860028596876 ], [ -0.228143272336738, 53.70839905603615 ], [ -0.227689004622375, 53.708392336204859 ], [ -0.2276550204364, 53.709200877062308 ], [ -0.228109296851558, 53.709207597091179 ], [ -0.228097971322077, 53.709477110748473 ], [ -0.22855225082148, 53.709483829121389 ], [ -0.228540928008524, 53.70975334283068 ], [ -0.229449493359627, 53.709766774542722 ], [ -0.229426858784134, 53.710305802183008 ], [ -0.229881147536318, 53.710312515587859 ], [ -0.229858518026976, 53.710851543304344 ], [ -0.230312812764049, 53.710858255118886 ], [ -0.230278875824279, 53.711666796787078 ], [ -0.230733179447159, 53.711673507077009 ], [ -0.230710559703905, 53.712212534918088 ], [ -0.231164869312088, 53.712219243617554 ], [ -0.231130947022733, 53.713027785472569 ], [ -0.231585265517379, 53.713034492647253 ], [ -0.231562655541924, 53.713573520612833 ], [ -0.232016980022286, 53.713580226196896 ], [ -0.2319943751149, 53.714119254238511 ], [ -0.232448705581134, 53.714125958231925 ], [ -0.232403505169241, 53.715204014411881 ], [ -0.232857847424239, 53.715210716945919 ], [ -0.23283525192024, 53.715749745084224 ], [ -0.233289600161623, 53.715756446027434 ], [ -0.233267009726905, 53.716295474241697 ], [ -0.233721363954827, 53.716302173594002 ], [ -0.233698778589744, 53.716841201884229 ], [ -0.234153138804363, 53.716847899645558 ], [ -0.234130558509266, 53.717386928011713 ], [ -0.23458492471074, 53.717393624182016 ], [ -0.23457363719001, 53.717663138409975 ], [ -0.235028006476614, 53.717669832923569 ], [ -0.235005436689062, 53.718208861469172 ], [ -0.235459811962737, 53.718215554391627 ], [ -0.23543724724615, 53.718754583013052 ], [ -0.235891628507054, 53.718761274344288 ], [ -0.235880348776007, 53.719030788699847 ], [ -0.236334733122166, 53.719037478374247 ], [ -0.236312178914842, 53.719576507174949 ], [ -0.236766569248445, 53.719583195258018 ], [ -0.236755294772303, 53.719852709703183 ], [ -0.237209688191229, 53.71985939612933 ], [ -0.237198416434269, 53.720128910626165 ], [ -0.237652812938527, 53.720135595395334 ], [ -0.237641543900843, 53.72040510994389 ], [ -0.238095943490441, 53.720411793056073 ], [ -0.238073410670845, 53.720950822242649 ], [ -0.238527816248221, 53.720957503763294 ], [ -0.238505288501746, 53.721496533025515 ], [ -0.238959700067058, 53.721503212954531 ], [ -0.238937177394054, 53.722042242292382 ], [ -0.239391594947461, 53.722048920629724 ], [ -0.239380336239296, 53.722318435343375 ], [ -0.239834756878226, 53.722325112023519 ], [ -0.239823500889937, 53.722594626788769 ], [ -0.240277924614401, 53.722601301811707 ], [ -0.240266671346082, 53.722870816628557 ], [ -0.239812244718841, 53.722864141540207 ], [ -0.239800988364935, 53.723133656277788 ], [ -0.239346559017687, 53.7231269794013 ], [ -0.239335299578099, 53.723396494059628 ], [ -0.238880867510848, 53.723389815394967 ], [ -0.238914653989479, 53.722581271574917 ], [ -0.238460230813578, 53.722574591383996 ], [ -0.238426435626512, 53.723383135007602 ], [ -0.237972003925136, 53.723376452897547 ], [ -0.237960735593963, 53.723645967345604 ], [ -0.237506301172696, 53.723639283447319 ], [ -0.237517572406766, 53.723369769064767 ], [ -0.237063141071451, 53.723363083509298 ], [ -0.237051866934487, 53.723632597826295 ], [ -0.236597432879383, 53.723625910482575 ], [ -0.236586155656377, 53.72389542472019 ], [ -0.236131718881492, 53.723888735588197 ], [ -0.236120438572349, 53.724158249746409 ], [ -0.236574878250214, 53.724164938943986 ], [ -0.23650720996673, 53.725782023996111 ], [ -0.237416124709705, 53.725795398009517 ], [ -0.237404851827967, 53.726064912267546 ], [ -0.237859312377436, 53.726071596755482 ], [ -0.237836771871459, 53.726610625361083 ], [ -0.237382305515205, 53.726603940742081 ], [ -0.237393578763135, 53.726334426511741 ], [ -0.236939115493397, 53.726327740235376 ], [ -0.236916563007563, 53.726866768551169 ], [ -0.237371032084173, 53.7268734549586 ], [ -0.237359758470034, 53.727142969161292 ], [ -0.236905286489919, 53.727136282688313 ], [ -0.236894009789116, 53.727405796811624 ], [ -0.236439535088609, 53.727399108550145 ], [ -0.236428255301049, 53.727668622594074 ], [ -0.236882732905153, 53.7276753109211 ], [ -0.236871455838024, 53.727944825016749 ], [ -0.23732593652894, 53.727951511686349 ], [ -0.237348484672785, 53.727412483350143 ], [ -0.237802959739569, 53.727419168165696 ], [ -0.237814230633261, 53.727149653911312 ], [ -0.23826870297955, 53.727156336938428 ], [ -0.238279970786665, 53.726886822604683 ], [ -0.239188910221205, 53.726900183359078 ], [ -0.239200172038361, 53.726630668880574 ], [ -0.239654639126552, 53.726637346607909 ], [ -0.239665897857363, 53.726367832050109 ], [ -0.241938221523163, 53.726401194516058 ], [ -0.241926977309573, 53.726670709400864 ], [ -0.242381445494259, 53.726677376790711 ], [ -0.242392686804394, 53.726407861840528 ], [ -0.24330161791455, 53.72642119132076 ], [ -0.243279146725637, 53.726960221468602 ], [ -0.242824675272319, 53.726953557459296 ], [ -0.242813436500565, 53.72722307244716 ], [ -0.243267910857442, 53.727229736521771 ], [ -0.243256674806749, 53.727499251561149 ], [ -0.242802197546267, 53.727492587421196 ], [ -0.242790958409419, 53.727762102381426 ], [ -0.242336478427837, 53.727755436453151 ], [ -0.242325236204741, 53.728024951334206 ], [ -0.241416270982047, 53.728011614177973 ], [ -0.241393774372998, 53.728550643637128 ], [ -0.241848262700535, 53.728557313207496 ], [ -0.241859508192629, 53.728287798419466 ], [ -0.24231399379904, 53.728294466201447 ], [ -0.242302751210732, 53.728563981054819 ], [ -0.242757239903541, 53.728570647179119 ], [ -0.242734759986804, 53.729109676975121 ], [ -0.243643749535535, 53.729123004315859 ], [ -0.24359881074321, 53.730201064264563 ], [ -0.244053317407372, 53.7302077256115 ], [ -0.244042085157195, 53.730477240629419 ], [ -0.24449659490794, 53.730483900318475 ], [ -0.244530282398868, 53.729675355027403 ], [ -0.244984783619742, 53.729682012797511 ], [ -0.244996009514596, 53.729412497607584 ], [ -0.245450508013813, 53.729419153589326 ], [ -0.245461730822371, 53.729149638320322 ], [ -0.245916226599923, 53.729156292513728 ], [ -0.245905006695325, 53.729425807847953 ], [ -0.246359505559085, 53.729432460383471 ], [ -0.246337071011209, 53.729971491140873 ], [ -0.245882566339381, 53.729964838474928 ], [ -0.245871345888028, 53.730234353767706 ], [ -0.244962331282993, 53.730221043135906 ], [ -0.24495110484109, 53.730490558284359 ], [ -0.245405614956598, 53.730497214527084 ], [ -0.245394391236528, 53.730766729726973 ], [ -0.24630341782282, 53.730780037173339 ], [ -0.246292199728923, 53.731049552489878 ], [ -0.246746716199673, 53.73105620369347 ], [ -0.246735500827848, 53.731325719061381 ], [ -0.247190020385074, 53.731332368606942 ], [ -0.247178807735416, 53.731601884026219 ], [ -0.248087853204933, 53.73161517807798 ], [ -0.248076646181938, 53.731884693613765 ], [ -0.248531172094193, 53.731891338119929 ], [ -0.248542376212782, 53.73162182251901 ], [ -0.249451422774421, 53.731635106231302 ], [ -0.249440224464658, 53.731904621962421 ], [ -0.250803804384538, 53.731924534801649 ], [ -0.250781424646246, 53.732463566612864 ], [ -0.252599556986637, 53.73249009345939 ], [ -0.252588378463145, 53.732759609604315 ], [ -0.25304291490691, 53.732766237072646 ], [ -0.253031739106465, 53.733035753268744 ], [ -0.25348627863641, 53.733042379078682 ], [ -0.253475105559105, 53.733311895325919 ], [ -0.253929648175239, 53.733318519477436 ], [ -0.253918477821168, 53.733588035775824 ], [ -0.254373023523499, 53.733594658268885 ], [ -0.254361855892757, 53.733864174618382 ], [ -0.254816404681293, 53.733870795452972 ], [ -0.254805239773974, 53.734140311853558 ], [ -0.255714343704794, 53.734153548482276 ], [ -0.255703184425887, 53.734423064998829 ], [ -0.256612294891622, 53.734436294863549 ], [ -0.256601141241328, 53.734705811495978 ], [ -0.257510258241729, 53.734719034596516 ], [ -0.257487962017663, 53.735258068079268 ], [ -0.258397091362592, 53.735271284545078 ], [ -0.258385948789111, 53.735540801395338 ], [ -0.259295084668312, 53.735554011096632 ], [ -0.259283947724134, 53.735823528062561 ], [ -0.259738518840307, 53.73583013039265 ], [ -0.259727384620417, 53.736099647409532 ], [ -0.260181958822685, 53.736106248080787 ], [ -0.260170827327177, 53.736375765148566 ], [ -0.260625404615547, 53.736382364160953 ], [ -0.260614275844514, 53.736651881279649 ], [ -0.261523436774226, 53.73666507426303 ], [ -0.261512313633134, 53.73693459149726 ], [ -0.262421481096405, 53.736947777715486 ], [ -0.262410363585452, 53.737217295065207 ], [ -0.263774124851126, 53.737237061659229 ], [ -0.263763015875998, 53.737506579188931 ], [ -0.264672196766543, 53.737519748429165 ], [ -0.264649989897093, 53.738058783705441 ], [ -0.266013780019092, 53.738078525025458 ], [ -0.266002685030705, 53.738348042836449 ], [ -0.266911885158003, 53.738361195226894 ], [ -0.266900795800759, 53.738630713153064 ], [ -0.268264606059911, 53.738650429004139 ], [ -0.268253525239769, 53.738919947109792 ], [ -0.269162738790924, 53.738933082520603 ], [ -0.26915166360238, 53.739202600741251 ], [ -0.270970104486795, 53.739228851135088 ], [ -0.270959040741799, 53.739498369599325 ], [ -0.270504427345079, 53.739491809522214 ], [ -0.270482293503935, 53.740030846280717 ], [ -0.270027674475126, 53.740024284351165 ], [ -0.270016604378832, 53.740293802645425 ], [ -0.26774349740352, 53.740260966818312 ], [ -0.267754582029827, 53.739991448845942 ], [ -0.267299964080847, 53.73998487657343 ], [ -0.267311051433009, 53.739715358651736 ], [ -0.26640182188738, 53.739702209064177 ], [ -0.266412914871191, 53.739432691257598 ], [ -0.265049080622209, 53.739412954141237 ], [ -0.265060182143299, 53.739143436514389 ], [ -0.263696358235061, 53.73912368407769 ], [ -0.263707468293115, 53.738854166630695 ], [ -0.260525239167268, 53.738808017732687 ], [ -0.260536369384779, 53.738538500724317 ], [ -0.26008176885257, 53.738531901194378 ], [ -0.260092901794902, 53.738262384236911 ], [ -0.257819916376025, 53.738229361055296 ], [ -0.257808768905529, 53.738498877689011 ], [ -0.257354169459252, 53.738492267816817 ], [ -0.257309566143204, 53.739570333954511 ], [ -0.258218788462792, 53.739583552493507 ], [ -0.258207642992584, 53.739853069123043 ], [ -0.259116871848205, 53.739866280896493 ], [ -0.259105732008746, 53.740135797641734 ], [ -0.261833440353322, 53.740175391979179 ], [ -0.261811195003436, 53.740714426204647 ], [ -0.262720444188511, 53.740727610785115 ], [ -0.262709327054673, 53.74099712800642 ], [ -0.263163954824257, 53.74100371777547 ], [ -0.263152840415936, 53.741273235047601 ], [ -0.264062102309077, 53.741286409543235 ], [ -0.264073210905106, 53.74101689214195 ], [ -0.264982467707885, 53.741030059612925 ], [ -0.264971364924163, 53.741299577143309 ], [ -0.264516733526401, 53.741292994205224 ], [ -0.264494521605325, 53.741832029095548 ], [ -0.264039884575556, 53.74182544430446 ], [ -0.264028775438056, 53.742094961664392 ], [ -0.26221021749926, 53.742068605002366 ], [ -0.262221338261894, 53.74179908790083 ], [ -0.25994815943553, 53.741766103608079 ], [ -0.259959294548573, 53.741496586816098 ], [ -0.257686134776162, 53.74146355974932 ], [ -0.257674985132126, 53.741733076217479 ], [ -0.255401815357577, 53.741700005729264 ], [ -0.255390651001256, 53.741969521859403 ], [ -0.254936014684114, 53.741962902525167 ], [ -0.254924847240138, 53.742232418576599 ], [ -0.256288765454497, 53.742252271602226 ], [ -0.256299924179676, 53.741982755356133 ], [ -0.256754561040859, 53.741989369518642 ], [ -0.256743405221953, 53.742258885829557 ], [ -0.257198045170665, 53.742265498332955 ], [ -0.257186892076826, 53.742535014694937 ], [ -0.256732249221789, 53.742528402126709 ], [ -0.256721093040366, 53.742797918410027 ], [ -0.256266447460223, 53.742791304053 ], [ -0.256255288191121, 53.74306082025771 ], [ -0.253982048479003, 53.743027722288566 ], [ -0.253970874496337, 53.743297238154973 ], [ -0.255334826498668, 53.743317102303138 ], [ -0.255301329620183, 53.744125650403788 ], [ -0.255755989370162, 53.744132268533157 ], [ -0.255744826287797, 53.744401784604015 ], [ -0.256654152145139, 53.744415015820309 ], [ -0.256676466501991, 53.743875983405417 ], [ -0.258495097138663, 53.743902424630711 ], [ -0.258483951677331, 53.744171941104284 ], [ -0.260302596837983, 53.744198355003824 ], [ -0.260291462822261, 53.744467871722577 ], [ -0.261200792301594, 53.744481068457347 ], [ -0.261189663918431, 53.744750585291683 ], [ -0.260280328625628, 53.744737388427552 ], [ -0.26026919424808, 53.745006905118721 ], [ -0.261178535354448, 53.745020102112242 ], [ -0.26116740660964, 53.745289618919017 ], [ -0.260712733059189, 53.74528302121962 ], [ -0.260690469213281, 53.745822054662412 ], [ -0.262963867842451, 53.745855026564492 ], [ -0.262986102619258, 53.745315992475177 ], [ -0.262531428345776, 53.74530940167233 ], [ -0.262553668213671, 53.744770367657104 ], [ -0.262098999934516, 53.744763775259415 ], [ -0.262121244893147, 53.744224741318305 ], [ -0.263030570005227, 53.744237924131113 ], [ -0.263008336673506, 53.744776958330711 ], [ -0.263917674135023, 53.744790134505578 ], [ -0.26392878507768, 53.744520617283492 ], [ -0.26347411916339, 53.74451403012268 ], [ -0.263485232832227, 53.744244512951383 ], [ -0.263939895839803, 53.744251100047613 ], [ -0.263962116822464, 53.743712065534517 ], [ -0.264871431752564, 53.74372523429647 ], [ -0.264860327164747, 53.743994751689023 ], [ -0.266224309632888, 53.744014492095147 ], [ -0.266213213584686, 53.744284009667432 ], [ -0.267122541945027, 53.744297161446781 ], [ -0.267111451530011, 53.744566679134238 ], [ -0.268475454142148, 53.744586394065848 ], [ -0.268464372267318, 53.744855911932838 ], [ -0.270283056564723, 53.744882174628223 ], [ -0.270271986137256, 53.745151692738922 ], [ -0.271181335179149, 53.745164813870474 ], [ -0.271170270385635, 53.745434332096018 ], [ -0.2729889822542, 53.745460553926307 ], [ -0.272977928908796, 53.745730072395183 ], [ -0.274341973417175, 53.745749720856701 ], [ -0.274386150838172, 53.744671646128069 ], [ -0.274840821072252, 53.744678191910126 ], [ -0.274851862072061, 53.744408673129371 ], [ -0.273487860628629, 53.744389030803369 ], [ -0.273476810908406, 53.744658549391545 ], [ -0.273022141212814, 53.744651998437099 ], [ -0.273033193839833, 53.744382479913142 ], [ -0.272578527230625, 53.744375927298805 ], [ -0.272600637759351, 53.743836890338095 ], [ -0.27123665645, 53.743817222536101 ], [ -0.271258783699942, 53.743278185905957 ], [ -0.272168092766683, 53.743291299240902 ], [ -0.272157035044783, 53.743560817691424 ], [ -0.274884983995119, 53.743600116704535 ], [ -0.274873943533491, 53.743869635526579 ], [ -0.275783267099206, 53.74388272153341 ], [ -0.275794301747489, 53.74361320258307 ], [ -0.276248960892634, 53.743619742936239 ], [ -0.276259992454993, 53.743350223908024 ], [ -0.276714648872749, 53.74335676247302 ], [ -0.27673670564662, 53.742817724247061 ], [ -0.277191356430432, 53.742824260959836 ], [ -0.277202381642091, 53.742554741762127 ], [ -0.277657029698538, 53.742561276686807 ], [ -0.277668051824607, 53.742291757411273 ], [ -0.278122697153684, 53.742298290547893 ], [ -0.278111677934074, 53.742567809887447 ], [ -0.278566326348649, 53.742574341364126 ], [ -0.278555309856508, 53.742843860753979 ], [ -0.278100658535423, 53.742837329213295 ] ] } },
{ "type": "Feature", "properties": { "Year": 2005, "Sensor": "Landsat 7 ETM+" }, "geometry": { "type": "LineString", "coordinates": [ [ 0.026005022965711, 53.633710095459371 ], [ 0.025992109445513, 53.63344061802654 ], [ 0.026445504851688, 53.633432942028072 ], [ 0.026432588655376, 53.633163464656029 ], [ 0.025979196134616, 53.63317114057935 ], [ 0.025966283033016, 53.632901663117799 ], [ 0.025512893188334, 53.632909337249629 ], [ 0.025499983181351, 53.632639859698592 ], [ 0.025953370140706, 53.632632185641889 ], [ 0.025940457457683, 53.632362708151618 ], [ 0.026847224977941, 53.63234735503957 ], [ 0.02686014343151, 53.632616832379526 ], [ 0.027313529762865, 53.632609153173881 ], [ 0.027326451311127, 53.632878630424287 ], [ 0.027779840318365, 53.632870949427094 ], [ 0.027792764961414, 53.633140426587943 ], [ 0.029152939382108, 53.633117373072658 ], [ 0.029140006083021, 53.632847896137527 ], [ 0.029593394252066, 53.632840208275006 ], [ 0.029606330436489, 53.633109685134883 ], [ 0.030059721281203, 53.633101995480757 ], [ 0.030046782211446, 53.632832518696155 ], [ 0.032313718861746, 53.632794045057061 ], [ 0.032300765575343, 53.632524568634793 ], [ 0.034567682550781, 53.632486052464849 ], [ 0.034554715048306, 53.632216576405284 ], [ 0.036821612343512, 53.632178017705527 ], [ 0.036808630625542, 53.631908542009086 ], [ 0.039075508235145, 53.631869940780597 ], [ 0.039062512302258, 53.631600465447704 ], [ 0.040422627685688, 53.631577284342654 ], [ 0.040409623308433, 53.631307809222299 ], [ 0.04267646363997, 53.63126914010148 ], [ 0.042663445048811, 53.630999665345328 ], [ 0.044930265680922, 53.630960953698647 ], [ 0.044917232876438, 53.630691479307096 ], [ 0.047184033803755, 53.630652725135668 ], [ 0.047170986786522, 53.63038325110913 ], [ 0.048984412183421, 53.630352217185248 ], [ 0.048971353838731, 53.630082743448121 ], [ 0.051238116399202, 53.630043912810791 ], [ 0.051225043842848, 53.629774439439423 ], [ 0.052585090183227, 53.629751120692205 ], [ 0.05257200918495, 53.629481647534725 ], [ 0.053478699916123, 53.629466093275148 ], [ 0.05346561336077, 53.629196620255506 ], [ 0.053012270985736, 53.629204398167168 ], [ 0.052999187526951, 53.62893492505696 ], [ 0.053452527017498, 53.628927147221439 ], [ 0.053426354967185, 53.628388201110099 ], [ 0.053879688476831, 53.628380421710887 ], [ 0.053853511506155, 53.627841475694161 ], [ 0.055213493456358, 53.627818127657825 ], [ 0.055239687732889, 53.628357073217387 ], [ 0.055693020393794, 53.628349286954283 ], [ 0.055679920265079, 53.628079814257937 ], [ 0.057493237247967, 53.628048652350849 ], [ 0.057519460792378, 53.628587597118944 ], [ 0.057066126096609, 53.628595390322253 ], [ 0.057079235303153, 53.628864862760956 ], [ 0.057985910250989, 53.628849274485781 ], [ 0.057972795275654, 53.628579802199681 ], [ 0.060239464503004, 53.628540801863629 ], [ 0.060226335318542, 53.628271329944901 ], [ 0.059773004782755, 53.62827913336767 ], [ 0.059759878695338, 53.628009661358099 ], [ 0.060666533785595, 53.627994052949425 ], [ 0.06067966564156, 53.628263524806172 ], [ 0.062039655333539, 53.628240099094285 ], [ 0.062013374528981, 53.627701155825008 ], [ 0.062466698231999, 53.627693343975444 ], [ 0.06247984141201, 53.627962815540819 ], [ 0.064293145630474, 53.627931550677353 ], [ 0.064279990913682, 53.627662079418059 ], [ 0.06654660196891, 53.627622960113456 ], [ 0.066533433044657, 53.627353489222685 ], [ 0.06880002434406, 53.627314327404044 ], [ 0.068786841212924, 53.627044856882215 ], [ 0.071053412751138, 53.627005652550622 ], [ 0.071040215413698, 53.626736182398112 ], [ 0.072853457259035, 53.626704788354971 ], [ 0.072840248599778, 53.626435318495339 ], [ 0.075106781670455, 53.626396037719999 ], [ 0.07509355880598, 53.626126568230447 ], [ 0.077360072100521, 53.626087244945197 ], [ 0.077307125111064, 53.625009368382159 ], [ 0.077760415591839, 53.62500149888595 ], [ 0.077694222263546, 53.623654153241787 ], [ 0.077240946200216, 53.623662022352825 ], [ 0.07721447613717, 53.623123083839801 ], [ 0.076307934900488, 53.623138816606989 ], [ 0.076321164058162, 53.623408286024748 ], [ 0.074961341945567, 53.623431872539498 ], [ 0.075001004754084, 53.624240281398663 ], [ 0.074547721637762, 53.624248140369822 ], [ 0.074587377723767, 53.625056549329607 ], [ 0.074134085742545, 53.625064406815866 ], [ 0.074147301982631, 53.625333876517125 ], [ 0.07369400690358, 53.625341732364568 ], [ 0.073707220474121, 53.625611202128276 ], [ 0.073253922297231, 53.625619056336866 ], [ 0.073267133198133, 53.625888526163003 ], [ 0.072813831923396, 53.625896378732719 ], [ 0.072827040154566, 53.626165848621262 ], [ 0.072373735781972, 53.626173699552069 ], [ 0.072347325301262, 53.625634759606818 ], [ 0.072800623906263, 53.625626908829723 ], [ 0.072787416103162, 53.625357438912253 ], [ 0.073240711610408, 53.625349586496291 ], [ 0.073201080834366, 53.62454117688776 ], [ 0.073654367476665, 53.624533322986707 ], [ 0.073614729976712, 53.623724913478675 ], [ 0.072254895359081, 53.623748469342985 ], [ 0.07226809899464, 53.62401793942405 ], [ 0.070001689269511, 53.624057165269093 ], [ 0.070014878701488, 53.624326635719697 ], [ 0.067748449215589, 53.624365819056727 ], [ 0.067840680293993, 53.62625211449145 ], [ 0.067387373570018, 53.626259946548473 ], [ 0.06741372146051, 53.626798888124554 ], [ 0.06696040875516, 53.626806718619093 ], [ 0.066855045387061, 53.624650951354759 ], [ 0.065495175202101, 53.624674430704403 ], [ 0.065508336225182, 53.624943901892848 ], [ 0.06324186723383, 53.624983000210655 ], [ 0.063255014051597, 53.625252471767425 ], [ 0.060988525315565, 53.625291527574028 ], [ 0.061001657927439, 53.625560999498688 ], [ 0.05873514945209, 53.625600012793051 ], [ 0.058761386475481, 53.626138957362926 ], [ 0.058308078374689, 53.626146755027108 ], [ 0.058294962640619, 53.625877282673038 ], [ 0.056481739648192, 53.625908455866231 ], [ 0.056494843846546, 53.626177928525479 ], [ 0.056041534683497, 53.626185717610483 ], [ 0.056067737949262, 53.62672466303821 ], [ 0.055614422805871, 53.626732450559842 ], [ 0.055627521873146, 53.627001923328308 ], [ 0.055174203633392, 53.627009709210313 ], [ 0.055161107450207, 53.62674023636562 ], [ 0.054254476102242, 53.62675580282955 ], [ 0.054241385899385, 53.62648632981805 ], [ 0.052428132194476, 53.626517441850758 ], [ 0.052441210861076, 53.626786915166839 ], [ 0.051987894020799, 53.626794688961446 ], [ 0.05207943043195, 53.628681002303068 ], [ 0.051626093189903, 53.628688774914437 ], [ 0.051586870680984, 53.62788035476909 ], [ 0.051133541880145, 53.627888125436215 ], [ 0.051094329930755, 53.627079704932932 ], [ 0.050187688999037, 53.627095240663031 ], [ 0.050200753668644, 53.627364714330632 ], [ 0.048840782030701, 53.627388005284438 ], [ 0.048853838259302, 53.627657479165649 ], [ 0.049760491998084, 53.627641953427045 ], [ 0.049773554206857, 53.627911427141846 ], [ 0.050226883643035, 53.627903661622589 ], [ 0.050239948947827, 53.628173135246961 ], [ 0.04842661839583, 53.628204187332166 ], [ 0.048439672374816, 53.628473661246119 ], [ 0.047533000060528, 53.628489177144708 ], [ 0.04751995185034, 53.628219703078848 ], [ 0.047066618260385, 53.62822745837822 ], [ 0.047053573146015, 53.627957984222029 ], [ 0.046600242229014, 53.627965737729518 ], [ 0.046587200210368, 53.627696263482996 ], [ 0.045680543510982, 53.627711765198256 ], [ 0.045706616222242, 53.628250713980364 ], [ 0.045253281786924, 53.628258462415751 ], [ 0.045266315575033, 53.628527936861062 ], [ 0.046172990003243, 53.628512438122549 ], [ 0.046199069751122, 53.629051386666497 ], [ 0.048012439147135, 53.629020367990002 ], [ 0.048038542816916, 53.629559315868995 ], [ 0.047585195015944, 53.629567073264063 ], [ 0.047598244283488, 53.629836547257895 ], [ 0.046691542277862, 53.629852057051664 ], [ 0.046704585987513, 53.63012153118293 ], [ 0.046251231782893, 53.630129283581553 ], [ 0.046264272819199, 53.63039875777433 ], [ 0.045810915518483, 53.630406508532722 ], [ 0.045784839426669, 53.629867559981037 ], [ 0.045331487684101, 53.629875308871597 ], [ 0.045344522739651, 53.630144783230499 ], [ 0.044891167901122, 53.6301525304808 ], [ 0.044904200283173, 53.630422004901149 ], [ 0.044450842348673, 53.630429750511162 ], [ 0.044437812851382, 53.630160276014976 ], [ 0.04398445759048, 53.630168019833022 ], [ 0.043932353251499, 53.629090121401063 ], [ 0.043025665173635, 53.629105603282554 ], [ 0.043038685172551, 53.629375078063688 ], [ 0.042131990481478, 53.62939055323244 ], [ 0.04214500492212, 53.629660028150724 ], [ 0.041691654375539, 53.629667763236704 ], [ 0.041626598704219, 53.628320388122823 ], [ 0.041173262369561, 53.628328121114166 ], [ 0.041186270197638, 53.628597596241455 ], [ 0.038919570940815, 53.628636235836225 ], [ 0.038932564557067, 53.628905711327363 ], [ 0.0366658456131, 53.628944308399028 ], [ 0.036678825016949, 53.629213784253658 ], [ 0.034412086391207, 53.629252338801145 ], [ 0.034425051582078, 53.629521815018855 ], [ 0.033971700341708, 53.62952952085552 ], [ 0.033997625584325, 53.630068473398723 ], [ 0.034450982594194, 53.630060767411166 ], [ 0.03448988068837, 53.630869195891783 ], [ 0.034036515023901, 53.630876902105676 ], [ 0.034023551667282, 53.630607425884392 ], [ 0.033570188677632, 53.630615130306659 ], [ 0.033518348891261, 53.629537224976076 ], [ 0.032158293279931, 53.629560327041091 ], [ 0.032184195444458, 53.630099280187487 ], [ 0.031730837384627, 53.630106977594302 ], [ 0.031717889082213, 53.629837500952931 ], [ 0.029904466284065, 53.62986827311741 ], [ 0.029917403047249, 53.630137750060058 ], [ 0.029010684620381, 53.630153125995982 ], [ 0.029023615823495, 53.63042260307477 ], [ 0.028570253410804, 53.630430288543735 ], [ 0.028557325092565, 53.630160811389693 ], [ 0.027650605408404, 53.630176177028623 ], [ 0.027663527956879, 53.630445654333116 ], [ 0.025396710657739, 53.630484038773304 ], [ 0.02540961899093, 53.630753516439228 ], [ 0.023596149845815, 53.630784193400224 ], [ 0.023609046848169, 53.631053671352134 ], [ 0.023155676154198, 53.631061336376902 ], [ 0.023194359760085, 53.63186977037158 ], [ 0.022740980201772, 53.631877433905174 ], [ 0.022753872269833, 53.632146911949732 ], [ 0.021847106755973, 53.632162234018089 ], [ 0.021859993262449, 53.632431712198311 ], [ 0.021406607306935, 53.632439370732989 ], [ 0.021380840273341, 53.63190041420826 ], [ 0.020020698465654, 53.631923379064688 ], [ 0.020033573222335, 53.632192857559076 ], [ 0.019580189317132, 53.632200509153542 ], [ 0.019605933685879, 53.632739466249099 ], [ 0.020059323361714, 53.632731814504808 ], [ 0.020085074335812, 53.633270771393143 ], [ 0.020538469573777, 53.633263117782626 ], [ 0.020577106256667, 53.634071552782729 ], [ 0.020123702362138, 53.63407920661804 ], [ 0.020136578788313, 53.63434868499764 ], [ 0.021496798502436, 53.634325718117559 ], [ 0.02148391341943, 53.634056239962803 ], [ 0.023750927670773, 53.634017927875568 ], [ 0.023738028368884, 53.633748450081583 ], [ 0.026005022965711, 53.633710095459371 ] ] } },
{ "type": "Feature", "properties": { "Year": 2005, "Sensor": "Landsat 7 ETM+" }, "geometry": { "type": "LineString", "coordinates": [ [ 0.034347698623029, 53.637344327103293 ], [ 0.034360667233502, 53.637613802965149 ], [ 0.035267542628171, 53.637598385047859 ], [ 0.035254568245543, 53.637328909336958 ], [ 0.037521738620711, 53.637290334880788 ], [ 0.037508750018311, 53.637020859533187 ], [ 0.038415610922956, 53.637005417885817 ], [ 0.038402616759183, 53.636735942675017 ], [ 0.038856044009646, 53.636728219352094 ], [ 0.038869041059363, 53.636997694487263 ], [ 0.039322470985101, 53.636989969372181 ], [ 0.039309471049442, 53.636720494312655 ], [ 0.041576603086782, 53.636681843367235 ], [ 0.041563588932436, 53.636412368671735 ], [ 0.042017011821383, 53.63640463340878 ], [ 0.04200399499216, 53.636135158774614 ], [ 0.042910834365415, 53.636119683250669 ], [ 0.042923856966263, 53.636389157733305 ], [ 0.043830701266813, 53.63637367519182 ], [ 0.043817672894357, 53.636104200860757 ], [ 0.043364253735447, 53.636111942913956 ], [ 0.043338203395507, 53.63557299405705 ], [ 0.043791616782953, 53.635565252155452 ], [ 0.043778589043996, 53.635295777781195 ], [ 0.044231999334624, 53.63528803423894 ], [ 0.044271091842096, 53.636096457091064 ], [ 0.04517792910387, 53.636080964402204 ], [ 0.045164892285348, 53.635811490284247 ], [ 0.045618307713557, 53.635803741440959 ], [ 0.045592228939096, 53.635264793313567 ], [ 0.046045638384628, 53.635257042905586 ], [ 0.046071722930411, 53.635795990881199 ], [ 0.048338795842749, 53.635757212335449 ], [ 0.048325739035804, 53.635487738734511 ], [ 0.048779150097901, 53.635479977951967 ], [ 0.048753031347719, 53.634941030858826 ], [ 0.049206436426975, 53.634933268511851 ], [ 0.04916725123279, 53.634124847992076 ], [ 0.049620647443949, 53.634117084156742 ], [ 0.049542265459818, 53.632500243184225 ], [ 0.049995644147752, 53.632492478088693 ], [ 0.050008710167582, 53.632761951544104 ], [ 0.050462091528877, 53.632754184656299 ], [ 0.050449022623921, 53.632484711276909 ], [ 0.051355778940779, 53.632469172504614 ], [ 0.05136885361597, 53.632738645731834 ], [ 0.051822234341677, 53.632730873695238 ], [ 0.051835312113937, 53.633000346831992 ], [ 0.05228869551284, 53.632992573003001 ], [ 0.052275614855428, 53.632723099942375 ], [ 0.052728995157176, 53.632715324473239 ], [ 0.052715911826663, 53.632445851474323 ], [ 0.053169289031264, 53.632438074365069 ], [ 0.053182375246874, 53.632707547287858 ], [ 0.054089134789937, 53.632691987768354 ], [ 0.054128412020464, 53.633500405993168 ], [ 0.05367502369946, 53.633508186839599 ], [ 0.053701203810223, 53.63404713240309 ], [ 0.05279441499057, 53.634062689251614 ], [ 0.052820584408401, 53.634601635062054 ], [ 0.054634184282197, 53.634570513890274 ], [ 0.054621087925574, 53.634301041296951 ], [ 0.055981276946063, 53.63427768262499 ], [ 0.055968172145639, 53.634008210245931 ], [ 0.056421565175711, 53.634000420665508 ], [ 0.056408457702389, 53.633730948348308 ], [ 0.056861847634722, 53.633723157127839 ], [ 0.056874957993339, 53.63399262936877 ], [ 0.058235135171076, 53.63396924518063 ], [ 0.058208897354763, 53.633430301142234 ], [ 0.057755510945268, 53.633438097435274 ], [ 0.057742395241235, 53.633168625318106 ], [ 0.058195778765544, 53.633160829101399 ], [ 0.058182660388943, 53.63289135704612 ], [ 0.058636040815498, 53.632883559189494 ], [ 0.058662283551636, 53.633422503132913 ], [ 0.059569055307325, 53.633406901965429 ], [ 0.05958218276484, 53.633676373762746 ], [ 0.060488959439901, 53.633660765577346 ], [ 0.060436427805263, 53.632582878912693 ], [ 0.0599830511147, 53.6325906835579 ], [ 0.059969921623181, 53.632321211779242 ], [ 0.060876669021422, 53.632305600925442 ], [ 0.060916075444775, 53.633114015759602 ], [ 0.061369457479775, 53.633106207529075 ], [ 0.061382596265171, 53.633375679035126 ], [ 0.063196133815819, 53.63334442864452 ], [ 0.063182983489853, 53.633074957444428 ], [ 0.065449886206633, 53.633035856223053 ], [ 0.065436721668424, 53.632766385391307 ], [ 0.067703604625814, 53.632727241647252 ], [ 0.067690425875941, 53.632457771184292 ], [ 0.069957289068577, 53.632418584918589 ], [ 0.069944096107617, 53.632149114824806 ], [ 0.069490726781474, 53.632156955433572 ], [ 0.069464347270716, 53.631618015049163 ], [ 0.069010983500522, 53.631625853788265 ], [ 0.068997796950578, 53.631356383497625 ], [ 0.068544435851464, 53.631364220443857 ], [ 0.06853125239998, 53.631094750062068 ], [ 0.069891326401911, 53.631071234305203 ], [ 0.069917710827147, 53.631610174593916 ], [ 0.07037107416977, 53.63160233242256 ], [ 0.070384269587927, 53.631871802468453 ], [ 0.070837635601517, 53.631863958504141 ], [ 0.070850834118403, 53.632133428458793 ], [ 0.071757571273544, 53.632117735228121 ], [ 0.071744366986933, 53.631848265427116 ], [ 0.073104462459941, 53.631824712940464 ], [ 0.073078037220027, 53.631285773756233 ], [ 0.073531396179936, 53.631277919648845 ], [ 0.073557827189393, 53.631816858679315 ], [ 0.074011191704659, 53.631809002702006 ], [ 0.073997973208049, 53.631539533270939 ], [ 0.074904695826267, 53.631523816321788 ], [ 0.074891471774412, 53.631254347030122 ], [ 0.075344829877333, 53.63124648605833 ], [ 0.075305150353741, 53.630438078327401 ], [ 0.07666519741449, 53.630414485808402 ], [ 0.076678432361739, 53.630683954835554 ], [ 0.076225080671341, 53.630691820801601 ], [ 0.076251545440035, 53.631230758966481 ], [ 0.078518330592977, 53.631191411205279 ], [ 0.078505083678106, 53.630921942515272 ], [ 0.080771849040609, 53.630882552237587 ], [ 0.080758587917476, 53.630613083918746 ], [ 0.080305238159207, 53.630620965329243 ], [ 0.080278722326698, 53.630082028493817 ], [ 0.07982537812259, 53.630089908033995 ], [ 0.079785614638444, 53.629281502440868 ], [ 0.080238950189357, 53.629273623132114 ], [ 0.080212436505359, 53.62873468615193 ], [ 0.077945785446199, 53.628774064765075 ], [ 0.077959027759441, 53.629043533647938 ], [ 0.076599025895495, 53.629067140455696 ], [ 0.076585792235112, 53.628797671341758 ], [ 0.076132460735765, 53.628805536768766 ], [ 0.076172153707287, 53.629613944298221 ], [ 0.075718813340482, 53.629621808240231 ], [ 0.075692356913788, 53.629082869747798 ], [ 0.075239022101352, 53.629090731819886 ], [ 0.075225797093872, 53.628821262474965 ], [ 0.074772464951419, 53.628829122754162 ], [ 0.074759243042524, 53.628559653317843 ], [ 0.073852583883381, 53.628575368574523 ], [ 0.073892232946997, 53.629383777301634 ], [ 0.073438894393165, 53.629391632586774 ], [ 0.073425680708811, 53.629122162948626 ], [ 0.072972344825211, 53.629130016440911 ], [ 0.072932713709817, 53.62832160720906 ], [ 0.072479386264983, 53.628329458754756 ], [ 0.072466179205542, 53.628059988905022 ], [ 0.072919503766183, 53.628052137436171 ], [ 0.072906294036624, 53.627782667648866 ], [ 0.073359615499049, 53.627774814541006 ], [ 0.073346403099464, 53.6275053448161 ], [ 0.071986446722326, 53.627528898761426 ], [ 0.072012854430874, 53.628067838657941 ], [ 0.071559529442223, 53.628075686694956 ], [ 0.071546328365118, 53.627806216677094 ], [ 0.069733037808309, 53.62783759135889 ], [ 0.069746227348744, 53.628107061683906 ], [ 0.067479594922918, 53.62814624181194 ], [ 0.067492770255925, 53.628415712506069 ], [ 0.065226118070939, 53.628454850119105 ], [ 0.065239279195939, 53.628724321181927 ], [ 0.063425942071216, 53.628755600691434 ], [ 0.063439091872015, 53.629025072046048 ], [ 0.063892429357349, 53.629017254666103 ], [ 0.063905582255684, 53.629286725929752 ], [ 0.064358922412284, 53.629278906757264 ], [ 0.064411547675423, 53.630356791361258 ], [ 0.06395819598067, 53.630364610839948 ], [ 0.063971349944852, 53.630634082031392 ], [ 0.063517995152259, 53.630641899870547 ], [ 0.063465392112946, 53.629564014711974 ], [ 0.063012048645595, 53.62957183052896 ], [ 0.062998901303051, 53.629302359126704 ], [ 0.062545560507111, 53.629310173151154 ], [ 0.06253241626207, 53.629040701657978 ], [ 0.060719062486363, 53.629071940289826 ], [ 0.060732195193616, 53.629341412088849 ], [ 0.058918826474784, 53.629372623570198 ], [ 0.05893194785682, 53.629642095660373 ], [ 0.057118564197512, 53.629673279990563 ], [ 0.057157895004055, 53.630481697090325 ], [ 0.056704539904041, 53.630489489111611 ], [ 0.056717647713111, 53.630758961525643 ], [ 0.05626428951593, 53.630766751907075 ], [ 0.056238079879645, 53.630227806912075 ], [ 0.055784727239505, 53.630235595424885 ], [ 0.055771625624581, 53.62996612282948 ], [ 0.054411575084306, 53.629989477842727 ], [ 0.054424668045267, 53.630258950666779 ], [ 0.052611252815779, 53.630290066963966 ], [ 0.052624334450065, 53.630559540078202 ], [ 0.052170977227828, 53.630567314938375 ], [ 0.05218405618935, 53.630836788114323 ], [ 0.049917252475667, 53.630875637053585 ], [ 0.049930317224979, 53.631145110595469 ], [ 0.047663493793576, 53.631183917010958 ], [ 0.0476765443301, 53.631453390918345 ], [ 0.045409701186344, 53.631492154809024 ], [ 0.045422737509503, 53.631761629081524 ], [ 0.043155874658763, 53.631800350446305 ], [ 0.043168896767979, 53.632069825083498 ], [ 0.040902014215625, 53.632108503921337 ], [ 0.040915022110322, 53.632377978922825 ], [ 0.038648119861724, 53.632416615232664 ], [ 0.038661113541324, 53.632686090598028 ], [ 0.037754345397002, 53.632701533259251 ], [ 0.037767333516705, 53.632971008761416 ], [ 0.038220720579391, 53.632963288213368 ], [ 0.038246703220969, 53.633502239023358 ], [ 0.037339917343799, 53.633517678705452 ], [ 0.037326931688421, 53.633248203156491 ], [ 0.036873541319457, 53.633255920347466 ], [ 0.036847576410662, 53.632716969055238 ], [ 0.036394191601851, 53.632724684378815 ], [ 0.036407171065777, 53.632994160107643 ], [ 0.034140229440802, 53.633032711358311 ], [ 0.034153194688478, 53.633302187450212 ], [ 0.03188623338337, 53.633340696169711 ], [ 0.031899184414218, 53.633610172624245 ], [ 0.030085600049866, 53.633640949006811 ], [ 0.030098539748783, 53.633910425748319 ], [ 0.029645140247793, 53.633918115628305 ], [ 0.029658077270921, 53.634187592430713 ], [ 0.031018283801196, 53.63416451741562 ], [ 0.031044175790025, 53.634703470525487 ], [ 0.03149758331834, 53.634695775270281 ], [ 0.031484634333412, 53.634426298797891 ], [ 0.031938038766251, 53.634418601901622 ], [ 0.031963942717226, 53.63495755468135 ], [ 0.032417352711365, 53.634949855917895 ], [ 0.032430307887435, 53.635219332210823 ], [ 0.032883720557271, 53.63521163165553 ], [ 0.032896678829051, 53.635481107858695 ], [ 0.033803509310014, 53.63546570144787 ], [ 0.033816473563361, 53.635735177485813 ], [ 0.034269891374428, 53.635727471630233 ], [ 0.034282858723714, 53.63599694757837 ], [ 0.033829438026842, 53.636004653509389 ], [ 0.033855367584228, 53.636543605513388 ], [ 0.032948514016588, 53.636559012527592 ], [ 0.032961473338599, 53.636828488658857 ], [ 0.032508043353714, 53.636836189666546 ], [ 0.03252099999978, 53.637105665858861 ], [ 0.032067566918872, 53.637113365225346 ], [ 0.032080520888901, 53.637382841478676 ], [ 0.03162708471196, 53.637390539203942 ], [ 0.031640036005856, 53.637660015518264 ], [ 0.031186596732875, 53.637667711602269 ], [ 0.031199545350547, 53.637937187977585 ], [ 0.03301331272729, 53.637906393040282 ], [ 0.033000352565011, 53.637636916966486 ], [ 0.033907229220823, 53.637621509348882 ], [ 0.033894263496435, 53.637352033411581 ], [ 0.034347698623029, 53.637344327103293 ] ] } }
]
}
