{
"type": "FeatureCollection",
"name": "Holderness_Shoreline_1990",
"crs": { "type": "name", "properties": { "name": "urn:ogc:def:crs:OGC:1.3:CRS84" } },
"features": [
{ "type": "Feature", "properties": { "Year": 1990, "Sensor": "Landsat 5 TM" }, "geometry": { "type": "LineString", "coordinates": [ [ -0.299724222386947, 53.714290589514256 ], [ -0.29881552575408, 53.71427768996314 ], [ -0.298826401250935, 53.714008166430588 ], [ -0.294737301264833, 53.713950033767468 ], [ -0.29472639965342, 53.714219556730256 ], [ -0.294272053193403, 53.714213088870792 ], [ -0.294282957706414, 53.713943565971363 ], [ -0.292919928093759, 53.713924152249604 ], [ -0.292930841134331, 53.713654629526737 ], [ -0.29156782182116, 53.713635200495162 ], [ -0.29157874338898, 53.713365677948985 ], [ -0.289761398393718, 53.713339748716514 ], [ -0.289772331389891, 53.713070226410743 ], [ -0.288863665760085, 53.713057251588424 ], [ -0.288874604381461, 53.712787729396069 ], [ -0.287965945264858, 53.712774747812269 ], [ -0.287976889511236, 53.712505225733402 ], [ -0.287522563120784, 53.712498732421885 ], [ -0.287533510090712, 53.712229210392913 ], [ -0.286624863645624, 53.712216218730767 ], [ -0.28663581624021, 53.711946696815382 ], [ -0.285727176308896, 53.711933698392137 ], [ -0.285738134527942, 53.711664176590382 ], [ -0.284829501110655, 53.711651171406196 ], [ -0.284840464953958, 53.711381649718156 ], [ -0.284386151413418, 53.71137514460667 ], [ -0.284397117979743, 53.711105622968631 ], [ -0.28394280751831, 53.711099116198866 ], [ -0.283953776807561, 53.710829594610864 ], [ -0.28304516222105, 53.710816576032748 ], [ -0.28305613713407, 53.710547054558582 ], [ -0.282601833009027, 53.710540542750302 ], [ -0.282612810644733, 53.710271021326214 ], [ -0.282158509598817, 53.710264507859748 ], [ -0.282169489957118, 53.709994986485718 ], [ -0.28171519199032, 53.709988471361129 ], [ -0.28172617507112, 53.7097189500372 ], [ -0.281271880183434, 53.709712433254502 ], [ -0.281282865986639, 53.709442911980666 ], [ -0.280828574178057, 53.709436393539896 ], [ -0.280839562703572, 53.709166872316217 ], [ -0.280385273974085, 53.709160352217395 ], [ -0.280396265221818, 53.70889083104386 ], [ -0.27994197957142, 53.708884309287043 ], [ -0.279952973541275, 53.708614788163651 ], [ -0.279498690969957, 53.708608264748868 ], [ -0.279509687661842, 53.708338743675661 ], [ -0.279055408169595, 53.708332218602933 ], [ -0.279066407583414, 53.708062697579905 ], [ -0.278612131170233, 53.708056170849282 ], [ -0.278623133305894, 53.707786649876454 ], [ -0.278168859971767, 53.707780121487971 ], [ -0.278190869507909, 53.707241079629007 ], [ -0.277736602153158, 53.707234549646685 ], [ -0.277747609553502, 53.706965028760564 ], [ -0.277293345277742, 53.706958497120461 ], [ -0.277304355399601, 53.706688976284553 ], [ -0.276850094202822, 53.706682442986732 ], [ -0.276872119710587, 53.706143401401718 ], [ -0.276417864492908, 53.706136866510199 ], [ -0.276428879878676, 53.705867345761092 ], [ -0.275974627739913, 53.705860809211913 ], [ -0.275985645846871, 53.705591288513098 ], [ -0.275531396787015, 53.705584750306286 ], [ -0.275553438264201, 53.705045708995506 ], [ -0.275099195183172, 53.705039169195203 ], [ -0.275121241744391, 53.70450012795753 ], [ -0.274667004642029, 53.704493586563778 ], [ -0.274678030553979, 53.704224065988406 ], [ -0.274223796530401, 53.704217522937157 ], [ -0.274234825163079, 53.703948002412147 ], [ -0.273780594218276, 53.703941457703422 ], [ -0.273802656745812, 53.703402416740346 ], [ -0.273348431779403, 53.703395870438392 ], [ -0.273370499389719, 53.702856829548523 ], [ -0.272916280401548, 53.70285028165334 ], [ -0.27293835309429, 53.702311240836728 ], [ -0.272484140084201, 53.702304691348431 ], [ -0.27251725647762, 53.701496130212767 ], [ -0.272063052344742, 53.701489579195567 ], [ -0.272074093683389, 53.70122005885365 ], [ -0.271619892628993, 53.701213506179279 ], [ -0.271641980566899, 53.700674465582566 ], [ -0.271187785490113, 53.700667911315236 ], [ -0.271209878509036, 53.700128870791886 ], [ -0.270755689409705, 53.700122314931669 ], [ -0.27076673854918, 53.699852794713586 ], [ -0.270312552528205, 53.69984623719629 ], [ -0.270334656066909, 53.699307196847322 ], [ -0.269880476023174, 53.699300637737281 ], [ -0.269902584641916, 53.69876159746174 ], [ -0.269448410575263, 53.698755036758989 ], [ -0.26947052427369, 53.698215996556897 ], [ -0.269016356183964, 53.69820943426155 ], [ -0.269027415662605, 53.697939914204149 ], [ -0.26857325065105, 53.697933350251887 ], [ -0.268595374866917, 53.697394310224368 ], [ -0.268141215832073, 53.697387744679617 ], [ -0.268174409504531, 53.696579184728009 ], [ -0.267720259344643, 53.696572617655171 ], [ -0.267731326441285, 53.696303097708096 ], [ -0.267277179359392, 53.6962965289785 ], [ -0.267299318810321, 53.69575748917174 ], [ -0.266845177704669, 53.695750918849832 ], [ -0.26685625005882, 53.695481398990147 ], [ -0.266402112031096, 53.695474827011601 ], [ -0.26641318710368, 53.695205307202521 ], [ -0.265959052153876, 53.695198733567345 ], [ -0.265992284987228, 53.694390174250721 ], [ -0.265538158911398, 53.694383599087836 ], [ -0.265560319030496, 53.693844559603335 ], [ -0.265106198930378, 53.693837982848365 ], [ -0.265139446453684, 53.693029423711565 ], [ -0.264685335226885, 53.693022845429049 ], [ -0.264707505138431, 53.692483806064502 ], [ -0.264253399886933, 53.692477226190078 ], [ -0.264286662097625, 53.691668667233266 ], [ -0.263832565718793, 53.691662085831467 ], [ -0.263843655659928, 53.691392566216102 ], [ -0.264297749141287, 53.691399147553426 ], [ -0.264308836005003, 53.69112962785978 ], [ -0.264762926768875, 53.691136207411866 ], [ -0.264774010555265, 53.690866687639968 ], [ -0.265682186827865, 53.690879841452983 ], [ -0.265704342271702, 53.690340801610084 ], [ -0.264342095516522, 53.690321068696157 ], [ -0.264331009192617, 53.690590588431157 ], [ -0.262968755364953, 53.69057083983742 ], [ -0.26299094521639, 53.690031800740627 ], [ -0.262536866761756, 53.690025214563697 ], [ -0.262547964314554, 53.689755695059162 ], [ -0.262093888937211, 53.689749107226085 ], [ -0.262116089296696, 53.689210068304718 ], [ -0.261662019893714, 53.689203478880124 ], [ -0.261684225326624, 53.688664440032717 ], [ -0.261230161897846, 53.688657849016657 ], [ -0.261252372403828, 53.688118810243232 ], [ -0.260798314949099, 53.688112217635791 ], [ -0.260820530527802, 53.687573178936383 ], [ -0.260366479046964, 53.687566584737581 ], [ -0.260388699698036, 53.687027546112226 ], [ -0.259934654190932, 53.687020950322172 ], [ -0.259956879914021, 53.686481911770855 ], [ -0.259502840380496, 53.686475314389597 ], [ -0.25952507117525, 53.685936275912418 ], [ -0.259071037615145, 53.685929676940034 ], [ -0.259093273481213, 53.685390638536923 ], [ -0.258639245894374, 53.685384037973471 ], [ -0.258661486831402, 53.684844999644532 ], [ -0.258207465217673, 53.684838397490061 ], [ -0.25822971122531, 53.684299359235304 ], [ -0.257775695584532, 53.684292755489899 ], [ -0.257797946662427, 53.683753717309344 ], [ -0.257343936994445, 53.683747111973069 ], [ -0.257388448567737, 53.68266903570521 ], [ -0.256934450664257, 53.682662428907584 ], [ -0.256945581002008, 53.682392909870835 ], [ -0.256491586175004, 53.682386301417758 ], [ -0.256502719227953, 53.682116782431976 ], [ -0.256048727477418, 53.682110172323462 ], [ -0.256070998832827, 53.681571134439992 ], [ -0.255617013054459, 53.681564522740864 ], [ -0.255639289478368, 53.68102548493173 ], [ -0.255185309672012, 53.681018871642067 ], [ -0.255196450508429, 53.680749352781582 ], [ -0.254742473778416, 53.680742737836631 ], [ -0.254764760699904, 53.680203700203876 ], [ -0.254310789941688, 53.680197083668467 ], [ -0.254344227653919, 53.679388527310252 ], [ -0.253890265762662, 53.679381909249344 ], [ -0.253901414200304, 53.679112390500485 ], [ -0.253447455385212, 53.679105770784446 ], [ -0.253469757508212, 53.678566733375035 ], [ -0.253015804664448, 53.678560112068745 ], [ -0.253038111853916, 53.678021074733834 ], [ -0.252584164981324, 53.678014451837377 ], [ -0.252606477236908, 53.677475414576982 ], [ -0.252152536335329, 53.67746879009043 ], [ -0.252163695086531, 53.677199271504435 ], [ -0.251709757260933, 53.677192645362929 ], [ -0.251732080009885, 53.676653608279302 ], [ -0.251278148155088, 53.676646980547829 ], [ -0.251289312152701, 53.676377462050219 ], [ -0.250835383373817, 53.676370832663871 ], [ -0.25085771661505, 53.675831795757105 ], [ -0.250403793806751, 53.675825164780889 ], [ -0.250414963050233, 53.67555564637177 ], [ -0.249961043317782, 53.675549013740756 ], [ -0.249972215274627, 53.675279495382796 ], [ -0.249518298618014, 53.675272861097049 ], [ -0.249529473288127, 53.675003342790241 ], [ -0.249075559707348, 53.67499670684979 ], [ -0.249097914292575, 53.674457670324763 ], [ -0.248644006682047, 53.67445103279465 ], [ -0.248655186597024, 53.674181514576425 ], [ -0.248201282062261, 53.674174875391678 ], [ -0.248223647136675, 53.673635839043918 ], [ -0.247769748571948, 53.673629198269637 ], [ -0.247780933731248, 53.673359680140059 ], [ -0.247327038242219, 53.673353037711237 ], [ -0.247338226114232, 53.673083519632918 ], [ -0.246884333700894, 53.673076875549576 ], [ -0.246906714688606, 53.67253783948167 ], [ -0.24645282824503, 53.67253119380895 ], [ -0.246464021360593, 53.672261675819371 ], [ -0.24601013799264, 53.672255028492245 ], [ -0.246043724931593, 53.671446474635893 ], [ -0.245135976104223, 53.671433175213906 ], [ -0.24515837806396, 53.670894139501115 ], [ -0.244250641538685, 53.670880833461986 ], [ -0.244261848033448, 53.670611315715178 ], [ -0.243807982937223, 53.670604660181652 ], [ -0.243841610011612, 53.669796107053969 ], [ -0.243387753778124, 53.669789449996649 ], [ -0.243410176705545, 53.669250414639471 ], [ -0.242956326440959, 53.669243755993243 ], [ -0.24296754052529, 53.668974238359141 ], [ -0.242059846328796, 53.668960916039232 ], [ -0.242071066017978, 53.668691398521787 ], [ -0.241617222086107, 53.668684734848149 ], [ -0.241639666705064, 53.668145699902347 ], [ -0.240731990960746, 53.66813236765838 ], [ -0.240743218783615, 53.667862850295343 ], [ -0.240289384077873, 53.667856181659786 ], [ -0.240300614611784, 53.667586664348235 ], [ -0.239846782981401, 53.667579994058791 ], [ -0.239858016226259, 53.667310476798761 ], [ -0.238950359298469, 53.66729713119296 ], [ -0.238961598147255, 53.667027614049807 ], [ -0.238507772849882, 53.667020938733494 ], [ -0.238519014409378, 53.666751421641898 ], [ -0.238065192187385, 53.666744744671824 ], [ -0.238076436457497, 53.6664752276318 ], [ -0.237622617310875, 53.666468549007966 ], [ -0.237633864291508, 53.66619903201952 ], [ -0.237180048220249, 53.666192351741998 ], [ -0.237191297911311, 53.665922834805144 ], [ -0.236737484915408, 53.66591615287394 ], [ -0.236759989535675, 53.665377119089648 ], [ -0.236306182507886, 53.665370435570289 ], [ -0.236317437436955, 53.665100918722828 ], [ -0.23677124157202, 53.665107602176732 ], [ -0.236782493425847, 53.664838085249968 ], [ -0.236328692183456, 53.664831401861541 ], [ -0.236339946747394, 53.664561884986405 ], [ -0.236793745097158, 53.66456856830937 ], [ -0.236804996585956, 53.664299051354938 ], [ -0.237258792225645, 53.664305732893439 ], [ -0.237270040639397, 53.664036215859717 ], [ -0.237723833569005, 53.664042895613768 ], [ -0.237735078907805, 53.663773378500771 ], [ -0.236827499016034, 53.663760017404556 ], [ -0.236838749957321, 53.663490500408585 ], [ -0.236384963177602, 53.663483817347483 ], [ -0.236373709343874, 53.663753334277978 ], [ -0.235012341422864, 53.663733274584438 ], [ -0.23500107872915, 53.664002791304604 ], [ -0.234093495243563, 53.663989409449677 ], [ -0.234127300131183, 53.663180859640903 ], [ -0.233673517339793, 53.663174166331672 ], [ -0.233684788162439, 53.662904649766617 ], [ -0.233231008446188, 53.662897954804031 ], [ -0.233242281978291, 53.66262843829071 ], [ -0.232788505337171, 53.662621741674798 ], [ -0.232799781578636, 53.662352225213226 ], [ -0.232346008012639, 53.662345526944051 ], [ -0.232357286963373, 53.662076010534236 ], [ -0.231903516472491, 53.662069310611805 ], [ -0.231926079609324, 53.661530277881887 ], [ -0.231472315085618, 53.661523576371906 ], [ -0.231483599271579, 53.661254060051789 ], [ -0.231029837822921, 53.661247356888659 ], [ -0.231052411429666, 53.660708324338231 ], [ -0.23059865594797, 53.660701619587627 ], [ -0.230621234606155, 53.660162587113142 ], [ -0.230167485091262, 53.660155880775143 ], [ -0.230178777037473, 53.659886364582803 ], [ -0.229725030597504, 53.659879656591784 ], [ -0.229747619723894, 53.659340624296981 ], [ -0.229293879250513, 53.659333914718701 ], [ -0.229316473427371, 53.658794882499905 ], [ -0.228862738920421, 53.6587881713344 ], [ -0.228874038625541, 53.658518655269965 ], [ -0.22842030719339, 53.658511942451575 ], [ -0.228431609606722, 53.658242426439024 ], [ -0.227977881249358, 53.658235711967777 ], [ -0.228000491308907, 53.657696680032657 ], [ -0.227546768917702, 53.657689963974356 ], [ -0.22756938402647, 53.657150932115364 ], [ -0.227115667601267, 53.657144214470101 ], [ -0.227149597562583, 53.656335666775071 ], [ -0.226695889994359, 53.656328947608706 ], [ -0.226707202505703, 53.656059431748446 ], [ -0.226253498012033, 53.656052710929423 ], [ -0.226287443118263, 53.655244163462996 ], [ -0.225833747481065, 53.655237441123042 ], [ -0.225845065040363, 53.654967925339037 ], [ -0.225391372477601, 53.654961201346524 ], [ -0.225414012827211, 53.65442216986861 ], [ -0.224960326229669, 53.654415444289448 ], [ -0.224971649019845, 53.654145928595568 ], [ -0.224517965496671, 53.65413920136394 ], [ -0.224540616307494, 53.653600170066362 ], [ -0.224086938749324, 53.653593441248212 ], [ -0.224098266769835, 53.653323925644536 ], [ -0.223644592285968, 53.65331719517399 ], [ -0.223655923013319, 53.653047679622347 ], [ -0.223202251603746, 53.653040947499463 ], [ -0.223213585037843, 53.652771431999916 ], [ -0.222759916702555, 53.652764698224708 ], [ -0.222782588800219, 53.652225667315896 ], [ -0.222328926429603, 53.652218931954373 ], [ -0.222340265093035, 53.651949416545122 ], [ -0.221886605796637, 53.651942679531373 ], [ -0.221909288352429, 53.651403648803253 ], [ -0.221455635020487, 53.651396910203296 ], [ -0.221466978912711, 53.65112739488444 ], [ -0.221013328654921, 53.651120654632344 ], [ -0.221024675253338, 53.650851139365621 ], [ -0.220571028069693, 53.650844397461405 ], [ -0.220582377374208, 53.650574882246836 ], [ -0.220128733264699, 53.650568138690559 ], [ -0.220140085275219, 53.650298623528172 ], [ -0.219686444239839, 53.650291878319827 ], [ -0.219697798956271, 53.650022363209629 ], [ -0.21924416099501, 53.650015616349286 ], [ -0.219266875655342, 53.649476586219414 ], [ -0.218813243658087, 53.649469837773189 ], [ -0.218835963361407, 53.648930807720014 ], [ -0.218382337328, 53.648924057687971 ], [ -0.218393699793102, 53.648654542706666 ], [ -0.217940076833689, 53.648647791022739 ], [ -0.217951442004242, 53.648378276093695 ], [ -0.217497822118816, 53.648371522757934 ], [ -0.217509189994728, 53.64810200788115 ], [ -0.21705557318328, 53.648095252893583 ], [ -0.217066943764456, 53.647825738069088 ], [ -0.216613330026978, 53.647818981429737 ], [ -0.216624703313326, 53.647549466657537 ], [ -0.216171092649811, 53.647542708366466 ], [ -0.216193844448201, 53.647003678912789 ], [ -0.215740239748084, 53.646996919036198 ], [ -0.21575161825999, 53.646727404354728 ], [ -0.215298016633768, 53.646720642826516 ], [ -0.215309397850522, 53.646451128197391 ], [ -0.214855799298187, 53.646444365017537 ], [ -0.214867183219696, 53.646174850440765 ], [ -0.214413587741239, 53.646168085609332 ], [ -0.214424974367409, 53.645898571084928 ], [ -0.213971381962824, 53.645891804601945 ], [ -0.21398277129356, 53.645622290129928 ], [ -0.213529181962838, 53.645615521995431 ], [ -0.213540573998048, 53.645346007575803 ], [ -0.21308698774118, 53.64533923778982 ], [ -0.213109777035604, 53.644800209041534 ], [ -0.212656196741626, 53.644793437670415 ], [ -0.212678991074989, 53.644254408999196 ], [ -0.212225416743742, 53.644247636043026 ], [ -0.212236816522134, 53.643978121752916 ], [ -0.211783245264616, 53.643971347145396 ], [ -0.211794647747021, 53.643701832907759 ], [ -0.211341079563225, 53.643695056648902 ], [ -0.211352484749551, 53.643425542463724 ], [ -0.210898919639466, 53.643418764553601 ], [ -0.210910327529619, 53.643149250420905 ], [ -0.210456765493241, 53.643142470859551 ], [ -0.210468176087127, 53.64287295677935 ], [ -0.210014617124445, 53.642866175566795 ], [ -0.210026030421971, 53.642596661539123 ], [ -0.209572474532977, 53.642589878675373 ], [ -0.209583890534049, 53.642320364700218 ], [ -0.209130337718737, 53.642313580185345 ], [ -0.209141756423262, 53.642044066262763 ], [ -0.208688206681622, 53.642037280096751 ], [ -0.208711049312216, 53.641498252342799 ], [ -0.208257505532679, 53.641491464592214 ], [ -0.208268929458613, 53.641221950760873 ], [ -0.207815388752683, 53.64121516135927 ], [ -0.207826815381744, 53.640945647580509 ], [ -0.207373277749412, 53.640938856527889 ], [ -0.20738470708151, 53.640669342801765 ], [ -0.206931172522767, 53.640662550098199 ], [ -0.206942604557807, 53.640393036424669 ], [ -0.206489073072646, 53.640386242070207 ], [ -0.206500507810535, 53.640116728449321 ], [ -0.206046979398946, 53.640109932443963 ], [ -0.206069854094809, 53.639570905293596 ], [ -0.205616331644875, 53.639564107703968 ], [ -0.205627771602713, 53.639294594174494 ], [ -0.205174252226284, 53.639287794934042 ], [ -0.205197137361503, 53.638748767966575 ], [ -0.204743623946511, 53.638741967141968 ], [ -0.204755069123757, 53.638472453703976 ], [ -0.204301558782206, 53.63846565122865 ], [ -0.204335901864066, 53.637657111031118 ], [ -0.203882400371482, 53.637650307038371 ], [ -0.20387094997537, 53.63791982038483 ], [ -0.203417445780673, 53.637913014608166 ], [ -0.203428899064525, 53.63764350132837 ], [ -0.202521897007682, 53.637629884756592 ], [ -0.202533355881236, 53.637360371596209 ], [ -0.202079858019124, 53.637353560801131 ], [ -0.20209131959455, 53.637084047693534 ], [ -0.20163782480588, 53.637077235247936 ], [ -0.201649289083083, 53.636807722193161 ], [ -0.200742305838506, 53.636794092283758 ], [ -0.200753775704923, 53.636524579348546 ], [ -0.20030028724905, 53.636517761884811 ], [ -0.200311759817007, 53.636248249002442 ], [ -0.199858274434594, 53.636241429888308 ], [ -0.199869749703997, 53.635971917058782 ], [ -0.199416267395036, 53.635965096294285 ], [ -0.199427745365791, 53.635695583517666 ], [ -0.19852078708087, 53.635681936970848 ], [ -0.198532270640208, 53.635412424313927 ], [ -0.198078794664282, 53.635405598531676 ], [ -0.198090280924735, 53.635136085927705 ], [ -0.197636808022279, 53.635129258495198 ], [ -0.197648296983754, 53.634859745944148 ], [ -0.196287888055683, 53.634839253544826 ], [ -0.196299385492414, 53.634569741180506 ], [ -0.195845919109582, 53.634562907013539 ], [ -0.195857419247046, 53.63429339470224 ], [ -0.194950492814911, 53.634279721351021 ], [ -0.194961998540071, 53.634010209159698 ], [ -0.194508538490802, 53.634003369975531 ], [ -0.194520046916458, 53.633733857837228 ], [ -0.194066589940746, 53.633727017003046 ], [ -0.194078101066805, 53.633457504917807 ], [ -0.193171193449121, 53.633443818232479 ], [ -0.193182710162388, 53.633174306267357 ], [ -0.192729259520451, 53.63316746041626 ], [ -0.192740778933881, 53.632897948504258 ], [ -0.191833883983932, 53.632884251785335 ], [ -0.191845408984227, 53.632614739993528 ], [ -0.191391964676249, 53.632607889125744 ], [ -0.191403492376471, 53.6323383773871 ], [ -0.192763817200566, 53.63235892463846 ], [ -0.192775336053828, 53.632089412684664 ], [ -0.193228775148651, 53.632096258267637 ], [ -0.193217259182097, 53.632365770288459 ], [ -0.194577586246536, 53.632386296937014 ], [ -0.194531555155561, 53.633464345685042 ], [ -0.195438463892673, 53.633478022068545 ], [ -0.195426961427491, 53.633747534354654 ], [ -0.195880418962718, 53.633754370037877 ], [ -0.19586891919809, 53.634023882377015 ], [ -0.196322379806747, 53.634030716410159 ], [ -0.196333876684358, 53.633761204004117 ], [ -0.196787334592363, 53.63376803625335 ], [ -0.196798828396634, 53.633498523766455 ], [ -0.198612650343434, 53.633525835325969 ], [ -0.198601168087102, 53.633795348080262 ], [ -0.199961545162703, 53.63381581392192 ], [ -0.199950071381377, 53.634085326862717 ], [ -0.200856996135925, 53.634098962305636 ], [ -0.200845527942809, 53.634368475366031 ], [ -0.202205925130117, 53.634388915852831 ], [ -0.202228844007911, 53.633849889317815 ], [ -0.203135764846626, 53.633863507457065 ], [ -0.203112857517231, 53.634402534258783 ], [ -0.20356632398932, 53.634409340886187 ], [ -0.203554872933292, 53.634678854332819 ], [ -0.204461812208664, 53.634692462569717 ], [ -0.204473257490329, 53.634422948989808 ], [ -0.205833659133217, 53.634443348267297 ], [ -0.205845095567914, 53.634173834473735 ], [ -0.205391631055313, 53.634167036498191 ], [ -0.205403070191724, 53.633897522757309 ], [ -0.205856531817223, 53.633904320666282 ], [ -0.205879403759693, 53.633365293009653 ], [ -0.207239772426064, 53.633385676035182 ], [ -0.20722834520857, 53.633655190070051 ], [ -0.210402565453768, 53.633702690833019 ], [ -0.210425379285325, 53.633163661819175 ], [ -0.211332289472168, 53.633177217747011 ], [ -0.211343690336663, 53.632907703086531 ], [ -0.210890238037777, 53.632900926047462 ], [ -0.210901641604381, 53.632631411439448 ], [ -0.211808540613123, 53.632644963667886 ], [ -0.211819938221133, 53.63237544891328 ], [ -0.211366491511235, 53.632368673723875 ], [ -0.211377891821321, 53.632099159021713 ], [ -0.212738223844729, 53.632119479240082 ], [ -0.212749615309664, 53.631849964325056 ], [ -0.212296174003933, 53.631843192702178 ], [ -0.212330355950938, 53.631034648072699 ], [ -0.211423491213755, 53.631021100074165 ], [ -0.211434890599906, 53.630751585302562 ], [ -0.210981461395051, 53.630744808794347 ], [ -0.211004265386073, 53.63020577934217 ], [ -0.210550842139072, 53.630199001249849 ], [ -0.210562246743807, 53.629929486569303 ], [ -0.210108826568107, 53.629922706826555 ], [ -0.210120233874381, 53.629653192198496 ], [ -0.210573651163686, 53.629659971874844 ], [ -0.210596459448892, 53.629120942444267 ], [ -0.211049871150389, 53.629127720271129 ], [ -0.211027068637842, 53.629666749834421 ], [ -0.211480486296804, 53.629673526077241 ], [ -0.211514681129497, 53.628864981512393 ], [ -0.211968090314275, 53.628871755839427 ], [ -0.21195669510773, 53.629141270774596 ], [ -0.212863519803887, 53.629154814411059 ], [ -0.212852130185279, 53.629424329464946 ], [ -0.214665793337875, 53.629451396401876 ], [ -0.214654415080167, 53.629720911706919 ], [ -0.215561253536001, 53.629734435007151 ], [ -0.215549880866737, 53.630003950430741 ], [ -0.217363571535889, 53.630030976694322 ], [ -0.217352210228268, 53.630300492368647 ], [ -0.218712488823461, 53.63032074423807 ], [ -0.21872384147155, 53.63005122836546 ], [ -0.219630689015478, 53.630064720895426 ], [ -0.219642035706604, 53.629795204876807 ], [ -0.218281773326127, 53.629774963704818 ], [ -0.218304483475039, 53.629235932022361 ], [ -0.217397654353833, 53.629222429588104 ], [ -0.217409014924856, 53.628952913858271 ], [ -0.216955603526761, 53.628946160132116 ], [ -0.216944240069422, 53.62921567579582 ], [ -0.216037412053218, 53.62920216306096 ], [ -0.216048781283175, 53.628932647529574 ], [ -0.216502192312851, 53.62893940468922 ], [ -0.216513558472268, 53.628669889077784 ], [ -0.216060150328853, 53.628663131984311 ], [ -0.216071519190256, 53.628393616425136 ], [ -0.215164709228714, 53.628380097220365 ], [ -0.215176083678169, 53.628110581779687 ], [ -0.214722681860078, 53.628103819668453 ], [ -0.214734059011279, 53.627834304280121 ], [ -0.214280660263701, 53.627827540518425 ], [ -0.214292040116557, 53.627558025182438 ], [ -0.212931853638859, 53.627537723796067 ], [ -0.212943241965279, 53.627268208644978 ], [ -0.212036457674988, 53.627254665936761 ], [ -0.212047851588719, 53.626985150904368 ], [ -0.210234296768357, 53.626958045153771 ], [ -0.21022289131089, 53.627227559920776 ], [ -0.210676282624737, 53.627234338999699 ], [ -0.210664879868382, 53.627503853819178 ], [ -0.209758091653603, 53.627490293811903 ], [ -0.209735274042257, 53.628029323143629 ], [ -0.208828475022991, 53.628015756004139 ], [ -0.20883988969324, 53.62774624147805 ], [ -0.208386493347159, 53.627739455399741 ], [ -0.208397910718403, 53.627469940926197 ], [ -0.207037731448682, 53.627449572590805 ], [ -0.207049157292725, 53.627180058302827 ], [ -0.206142377810683, 53.627166470962443 ], [ -0.206153809241325, 53.626896956793587 ], [ -0.205247036272186, 53.62688336271988 ], [ -0.205258473289227, 53.626613848670239 ], [ -0.204805089968526, 53.626607049125056 ], [ -0.204816529685985, 53.626337535128087 ], [ -0.204363149436482, 53.626330733932932 ], [ -0.204351706833241, 53.626600247863323 ], [ -0.203898323883416, 53.626593444885025 ], [ -0.203875432348848, 53.62713247257085 ], [ -0.20478220997736, 53.627146077077306 ], [ -0.204770769703644, 53.62741559103258 ], [ -0.205224161681984, 53.627422390777468 ], [ -0.205212724108815, 53.627691904785408 ], [ -0.205666119158513, 53.627698702880238 ], [ -0.205654684285983, 53.627968216940857 ], [ -0.205201286350261, 53.627961418779449 ], [ -0.205189848406319, 53.628230932759585 ], [ -0.206096650235251, 53.62824452749885 ], [ -0.206062352608051, 53.629053069755201 ], [ -0.205608942942408, 53.629046273044253 ], [ -0.205597507143129, 53.62931578703536 ], [ -0.205144094776587, 53.629308988541126 ], [ -0.205132655905642, 53.629578502451757 ], [ -0.204679240838208, 53.629571702174196 ], [ -0.204656356767337, 53.630110729820593 ], [ -0.204202936112629, 53.630103927693078 ], [ -0.204191490912558, 53.630373441428823 ], [ -0.204644914453701, 53.630380243622952 ], [ -0.204633471954595, 53.630649757411376 ], [ -0.203726619284864, 53.630636151173107 ], [ -0.203738067556933, 53.630366637517902 ], [ -0.203284644386873, 53.630359831890168 ], [ -0.203296095359805, 53.630090318287692 ], [ -0.202842675261781, 53.630083511009815 ], [ -0.202865582423533, 53.629544483896453 ], [ -0.20331899674885, 53.629551291041018 ], [ -0.20333044716497, 53.629281777396841 ], [ -0.203783858789598, 53.629288582758015 ], [ -0.203818200265821, 53.628480041542105 ], [ -0.204271603417401, 53.62848684498671 ], [ -0.204283047318958, 53.628217331153643 ], [ -0.203829647053483, 53.628210527775657 ], [ -0.203841093655613, 53.627941013995311 ], [ -0.203387696461725, 53.627934208967289 ], [ -0.203376246973541, 53.628203722681015 ], [ -0.202469447370441, 53.628190107341716 ], [ -0.202446536292856, 53.628729134460812 ], [ -0.201993130997568, 53.62872232408278 ], [ -0.201981672294074, 53.628991837554778 ], [ -0.201074856488372, 53.628978211515268 ], [ -0.201063391826701, 53.629247724839921 ], [ -0.20015657099187, 53.629234091800051 ], [ -0.200190981736423, 53.628425552184787 ], [ -0.199737580256355, 53.628418733290069 ], [ -0.199749053018783, 53.628149220123909 ], [ -0.199295654610735, 53.628142399579303 ], [ -0.199307130073228, 53.627872886466029 ], [ -0.198853734737195, 53.627866064271572 ], [ -0.198865212899659, 53.627596551211184 ], [ -0.198411820635632, 53.627589727366889 ], [ -0.198423301497974, 53.627320214359401 ], [ -0.197516523300042, 53.62730656165467 ], [ -0.197550982085503, 53.626498022949733 ], [ -0.196644221947122, 53.626484363779845 ], [ -0.196655713608044, 53.626214850984105 ], [ -0.195748959986099, 53.626201185081847 ], [ -0.195771954291742, 53.625662159716207 ], [ -0.196225325238296, 53.625668993391777 ], [ -0.196213831064255, 53.625938506148472 ], [ -0.198027328255389, 53.625965823953273 ], [ -0.198061775591736, 53.625157284839077 ], [ -0.198515141698148, 53.625164109798511 ], [ -0.198526620885909, 53.624894596665783 ], [ -0.19807325766499, 53.62488777177316 ], [ -0.198084739552152, 53.624618258693346 ], [ -0.197178019439512, 53.624604603892458 ], [ -0.197189506911373, 53.624335090932419 ], [ -0.196736150019687, 53.624328261024218 ], [ -0.196747640190711, 53.624058748117129 ], [ -0.196294286370584, 53.624051916559381 ], [ -0.19630577924068, 53.62378240370527 ], [ -0.195399077929834, 53.623768735574444 ], [ -0.195433572733705, 53.622960197330052 ], [ -0.194980231013343, 53.622953360890889 ], [ -0.1949917317937, 53.622683848181843 ], [ -0.194085054682357, 53.622670170288501 ], [ -0.194096561046403, 53.622400657699451 ], [ -0.19273655543318, 53.622380128188176 ], [ -0.192748070265693, 53.622110615786212 ], [ -0.192294738319425, 53.622103769250252 ], [ -0.192306255850253, 53.621834256901401 ], [ -0.191399598287575, 53.621820558814854 ], [ -0.191388074986907, 53.622090071029582 ], [ -0.190934743600751, 53.622083219344873 ], [ -0.190923217228372, 53.622352731478607 ], [ -0.190469883144057, 53.62234587801052 ], [ -0.190492941471883, 53.621806853863312 ], [ -0.190946269786332, 53.621813707197191 ], [ -0.190969321597119, 53.62127468286009 ], [ -0.190515999052349, 53.621267829660411 ], [ -0.190504470355534, 53.621537341768835 ], [ -0.190051145112783, 53.621530486785829 ], [ -0.190062676694411, 53.621260974744537 ], [ -0.18960935452335, 53.621254118112454 ], [ -0.189597820056915, 53.621523630086628 ], [ -0.188691170506014, 53.621509911539562 ], [ -0.188668089472865, 53.622048935177467 ], [ -0.187761429130599, 53.622035209496794 ], [ -0.187749882563613, 53.622304721160468 ], [ -0.187296549788216, 53.622297855678525 ], [ -0.187261900309409, 53.623106390384322 ], [ -0.18771524173987, 53.623113256067903 ], [ -0.187703694424347, 53.623382767675864 ], [ -0.188157038927066, 53.623389631710339 ], [ -0.188145494309564, 53.62365914337154 ], [ -0.189052189646592, 53.623672866425878 ], [ -0.189029111391243, 53.624211889975228 ], [ -0.189482465110788, 53.624218749062187 ], [ -0.189505537595642, 53.623679725378508 ], [ -0.189958885731655, 53.623686582614823 ], [ -0.189947352467938, 53.623956094530747 ], [ -0.190400703676097, 53.623962950117814 ], [ -0.19038917311074, 53.624232462086951 ], [ -0.191295881858201, 53.624246168246131 ], [ -0.191284356876632, 53.624515680335548 ], [ -0.190830999524153, 53.624508828047048 ], [ -0.19080794322984, 53.625047852049882 ], [ -0.189901217543841, 53.625034142055185 ], [ -0.189889683345487, 53.625303653901483 ], [ -0.189436317897406, 53.625296796262354 ], [ -0.189401705524029, 53.626105331516179 ], [ -0.188948331606281, 53.626098471959118 ], [ -0.188936790888853, 53.62636798361536 ], [ -0.188483414272511, 53.626361122274616 ], [ -0.188448782340713, 53.627169656958259 ], [ -0.187995397254279, 53.627162793699398 ], [ -0.187972302592521, 53.627701816617751 ], [ -0.188879084495891, 53.627715541687664 ], [ -0.188867542656106, 53.627985053260339 ], [ -0.189320936774343, 53.627991913287573 ], [ -0.189297858305537, 53.628530936525443 ], [ -0.188391058712166, 53.628517214485655 ], [ -0.188333330405402, 53.629864771664728 ], [ -0.187426502699068, 53.629851042086202 ], [ -0.187438054507185, 53.629581530812679 ], [ -0.186984643821094, 53.629574663515562 ], [ -0.187007752647947, 53.629035641061186 ], [ -0.186554347921462, 53.62902877218189 ], [ -0.186565904940061, 53.628759261001065 ], [ -0.186112503286988, 53.62875239047235 ], [ -0.186124063004308, 53.628482879344851 ], [ -0.185217266032374, 53.628469133272041 ], [ -0.185205700542986, 53.628738644264935 ], [ -0.184752299452151, 53.628731768586242 ], [ -0.184729162138797, 53.629270790395587 ], [ -0.185182569001827, 53.629277666208921 ], [ -0.185194134866138, 53.629008155243902 ], [ -0.186100943382302, 53.629021901585901 ], [ -0.186077823010814, 53.629560923771201 ], [ -0.186531233322287, 53.629567794501746 ], [ -0.186519675741705, 53.629837305640748 ], [ -0.186973089126742, 53.629844174721832 ], [ -0.186961534245101, 53.630113685914182 ], [ -0.185601285993224, 53.630093073318918 ], [ -0.185612849533686, 53.629823562328397 ], [ -0.184706024075384, 53.629809812149169 ], [ -0.18471759320085, 53.629540301279334 ], [ -0.18426418363917, 53.629533423681984 ], [ -0.184287327099831, 53.628994402035197 ], [ -0.182927116857165, 53.628973759347161 ], [ -0.182938696964344, 53.628704248704985 ], [ -0.182485296811509, 53.628697364443049 ], [ -0.182496879617002, 53.628427853854319 ], [ -0.1815900856466, 53.628414080315373 ], [ -0.181601674036267, 53.628144569847578 ], [ -0.180694886589075, 53.628130789577064 ], [ -0.180706480562715, 53.627861279230238 ], [ -0.180253090006867, 53.627854386587565 ], [ -0.18026468667844, 53.627584876294286 ], [ -0.179811299196395, 53.627577982002499 ], [ -0.179822898565807, 53.627308471762788 ], [ -0.178916129937356, 53.627294678164603 ], [ -0.178927734890254, 53.627025168045982 ], [ -0.178474353743882, 53.627018268739626 ], [ -0.178485961394381, 53.626748758674616 ], [ -0.17803258332183, 53.626741857719281 ], [ -0.178044193669838, 53.626472347707882 ], [ -0.177137443860585, 53.626458540782878 ], [ -0.177149059791591, 53.626189030892711 ], [ -0.176695688054923, 53.626182124923091 ], [ -0.176707306683199, 53.62591261508657 ], [ -0.175800569545896, 53.625898798133221 ], [ -0.175812193756828, 53.625629288418033 ], [ -0.174905463144066, 53.625615464734196 ], [ -0.17492872254236, 53.625076445532649 ], [ -0.174475363289482, 53.625069531251484 ], [ -0.174486995591233, 53.624800021697453 ], [ -0.174940351958785, 53.624806935910932 ], [ -0.174951981186733, 53.624537426275275 ], [ -0.17359192130552, 53.624516678688828 ], [ -0.173603559000683, 53.624247169242331 ], [ -0.173150208969328, 53.62424025001522 ], [ -0.173161849361056, 53.623970740622511 ], [ -0.172708502403527, 53.623963819746805 ], [ -0.172720145491728, 53.623694310407885 ], [ -0.171360114406854, 53.623673537686209 ], [ -0.171371765961567, 53.623404028536719 ], [ -0.170465085285856, 53.623390171609749 ], [ -0.170476742421762, 53.623120662581947 ], [ -0.169570068271747, 53.623106798925605 ], [ -0.169581730988648, 53.622837290019561 ], [ -0.168675063364577, 53.622823419633932 ], [ -0.168686731662273, 53.622553910849724 ], [ -0.168233401018761, 53.622546973150506 ], [ -0.168245072012209, 53.622277464420243 ], [ -0.167338417062347, 53.622263584008984 ], [ -0.167350093636247, 53.621994075400657 ], [ -0.166896769329931, 53.621987132688687 ], [ -0.166908448599345, 53.621717624134369 ], [ -0.165548485470442, 53.621696785905364 ], [ -0.165560173204648, 53.621427277541095 ], [ -0.165106855425121, 53.621420328100442 ], [ -0.165118545854553, 53.621150819790245 ], [ -0.164665231149108, 53.621143868701516 ], [ -0.164688617208746, 53.620604852175269 ], [ -0.164235308461906, 53.620597899506556 ], [ -0.164258699532516, 53.620058883060494 ], [ -0.163805396744126, 53.620051928811883 ], [ -0.163817094879526, 53.619782420635978 ], [ -0.163363795165092, 53.619775464739391 ], [ -0.163352094145308, 53.620044972847197 ], [ -0.162898791736111, 53.620038015166443 ], [ -0.162910495640273, 53.619768507126771 ], [ -0.16200389715967, 53.619754586753402 ], [ -0.162015606642822, 53.619485078836021 ], [ -0.161562310571452, 53.619478116143455 ], [ -0.161574022749126, 53.619208608280239 ], [ -0.161120729751822, 53.619201643939832 ], [ -0.161132444623924, 53.618932136130837 ], [ -0.160679154700679, 53.618925170142646 ], [ -0.160690872267116, 53.618655662387852 ], [ -0.159784298758652, 53.618641725399954 ], [ -0.159796021903449, 53.618372217767643 ], [ -0.159342738318265, 53.618365246767972 ], [ -0.159354464157159, 53.618095739189897 ], [ -0.158447903325003, 53.61808179217936 ], [ -0.158459634741911, 53.617812284723833 ], [ -0.158006357494973, 53.617805308712967 ], [ -0.158018091605742, 53.61753580131176 ], [ -0.15847136596872, 53.617542777254336 ], [ -0.158483097005434, 53.617273269770813 ], [ -0.158936368674591, 53.61728024392923 ], [ -0.158948096637342, 53.617010736363461 ], [ -0.159401365612668, 53.617017708737734 ], [ -0.159389640533792, 53.617287216371771 ], [ -0.159842912582993, 53.617294187098416 ], [ -0.159854634777989, 53.617024679396152 ], [ -0.160307904133258, 53.61703164833871 ], [ -0.16031962325447, 53.616762140554229 ], [ -0.160772889915799, 53.616769107712727 ], [ -0.160761173678427, 53.617038615565406 ], [ -0.161667713338282, 53.6170525448712 ], [ -0.161656002678844, 53.617322052846283 ], [ -0.162109275677336, 53.617329014993537 ], [ -0.1620858595571, 53.617868031038057 ], [ -0.162539138513259, 53.617874991605717 ], [ -0.162550843784241, 53.617605483522325 ], [ -0.163457396497544, 53.617619399373659 ], [ -0.16344569699457, 53.617888907593318 ], [ -0.163898976519629, 53.617895863013231 ], [ -0.163922369568022, 53.617356846423775 ], [ -0.163469095810936, 53.617349891140044 ], [ -0.16348079493475, 53.617080382892425 ], [ -0.163027524251155, 53.617073425960925 ], [ -0.16303922606926, 53.616803917767449 ], [ -0.163492493868989, 53.61681087463085 ], [ -0.163504192613658, 53.616541366355278 ], [ -0.163957457719136, 53.616548321434713 ], [ -0.163969153390462, 53.616278813077081 ], [ -0.163062629136624, 53.616264901338532 ], [ -0.163086031445554, 53.615725884853696 ], [ -0.162632775370421, 53.61571892654694 ], [ -0.162656182688161, 53.615179910142416 ], [ -0.162202932569876, 53.615172950256145 ], [ -0.162214638827817, 53.614903442101053 ], [ -0.16266788606257, 53.614910401919182 ], [ -0.162679589247346, 53.614640893681965 ], [ -0.163132833788246, 53.614647851716249 ], [ -0.163144533899949, 53.614378343396936 ], [ -0.163597775746986, 53.614385299647395 ], [ -0.163609472785711, 53.614115791245993 ], [ -0.163156233822073, 53.614108835063625 ], [ -0.163167933554621, 53.613839326716345 ], [ -0.162714697663906, 53.613832368886428 ], [ -0.162726400090185, 53.613562860593277 ], [ -0.161366702205817, 53.613541977013917 ], [ -0.161378413092223, 53.613272468911227 ], [ -0.160925183726785, 53.613265504355006 ], [ -0.160936897306633, 53.612995996306502 ], [ -0.160483671014179, 53.612989030102845 ], [ -0.160495387287376, 53.612719522108556 ], [ -0.160042164067897, 53.612712554257506 ], [ -0.16005388303435, 53.612443046317438 ], [ -0.159600662887839, 53.612436076819016 ], [ -0.159612384547454, 53.612166568933205 ], [ -0.159159167473904, 53.612159597787461 ], [ -0.159170891826588, 53.611890089955892 ], [ -0.158717677825987, 53.611883117162847 ], [ -0.158705950590317, 53.612152624926146 ], [ -0.158252733896746, 53.612145650349284 ], [ -0.158217542400421, 53.612954173350431 ], [ -0.157764317247699, 53.612947196853142 ], [ -0.157752583485623, 53.613216704423913 ], [ -0.156846127984267, 53.613202746145909 ], [ -0.156834388265662, 53.613472253566044 ], [ -0.155474697790787, 53.613451303076829 ], [ -0.155462949232243, 53.613720810277869 ], [ -0.155009716571377, 53.613713823281799 ], [ -0.154997964939191, 53.613983330400458 ], [ -0.154091494422197, 53.61396935112456 ], [ -0.15407973683296, 53.614238858092378 ], [ -0.154532974879541, 53.614245848656566 ], [ -0.154521219983154, 53.614515355678783 ], [ -0.154067979053209, 53.614508365046156 ], [ -0.154044462922154, 53.61504737891174 ], [ -0.154497709618964, 53.615054369681253 ], [ -0.154474198492863, 53.615593383627733 ], [ -0.155380703992003, 53.615607360293232 ], [ -0.155357203638459, 53.616146374457379 ], [ -0.155810462440906, 53.616153360353266 ], [ -0.155798714862235, 53.61642286748274 ], [ -0.154892191680342, 53.61640889383834 ], [ -0.154903945026412, 53.616139386845688 ], [ -0.153997428373712, 53.61612540647495 ], [ -0.154009187296624, 53.61585589960513 ], [ -0.153555932139701, 53.615848906914543 ], [ -0.153567693755668, 53.615579400099207 ], [ -0.152661189780794, 53.615565409707671 ], [ -0.152684723975056, 53.615026396308913 ], [ -0.152231478040625, 53.615019398676516 ], [ -0.15225501723906, 53.614480385358767 ], [ -0.151801777262164, 53.614473386147694 ], [ -0.151813549458667, 53.614203879536348 ], [ -0.15136031255586, 53.614196878678143 ], [ -0.151372087444908, 53.613927372121317 ], [ -0.15091885361618, 53.613920369616018 ], [ -0.150930631197681, 53.61365086311374 ], [ -0.150477400443025, 53.613643858961346 ], [ -0.150489180716885, 53.613374352513631 ], [ -0.15003595303629, 53.613367346714206 ], [ -0.150047736002417, 53.613097840321068 ], [ -0.149594511395877, 53.613090832874647 ], [ -0.149606297054177, 53.612821326536078 ], [ -0.149153075521684, 53.612814317442691 ], [ -0.149164863872062, 53.612544811158742 ], [ -0.148258427146199, 53.612530787962534 ], [ -0.148282014805803, 53.61199177562716 ], [ -0.147828802495398, 53.611984761593064 ], [ -0.147840598921455, 53.61171525547303 ], [ -0.147387389685064, 53.611708239792087 ], [ -0.147399188802827, 53.611438733726715 ], [ -0.14694598264044, 53.611431716398997 ], [ -0.146957784449817, 53.611162210388294 ], [ -0.146504581361426, 53.6111551914138 ], [ -0.146516385862322, 53.610885685457816 ], [ -0.146063185847919, 53.610878664836576 ], [ -0.146074993040241, 53.610609158935311 ], [ -0.145621796099819, 53.610602136667382 ], [ -0.145633605983474, 53.610332630820842 ], [ -0.145180412117023, 53.610325606906251 ], [ -0.145192224691917, 53.610056101114445 ], [ -0.144739033899429, 53.610049075553228 ], [ -0.144750849165471, 53.609779569816162 ], [ -0.144297661446938, 53.609772542608347 ], [ -0.144309479404033, 53.609503036926085 ], [ -0.143856294759445, 53.60949600807173 ], [ -0.143868115407502, 53.609226502444216 ], [ -0.143414933836851, 53.609219471943327 ], [ -0.143426757175775, 53.608949966370638 ], [ -0.142067222260455, 53.608928864782548 ], [ -0.142079054054793, 53.608659359402402 ], [ -0.141625879015322, 53.608652322177988 ], [ -0.141649547793424, 53.608113311513392 ], [ -0.141196378710167, 53.608106272711495 ], [ -0.141208215693796, 53.607836767427059 ], [ -0.140301883866976, 53.607822684815325 ], [ -0.140313726423069, 53.607553179654737 ], [ -0.13895423876824, 53.607532043079793 ], [ -0.138966089778655, 53.607262538112082 ], [ -0.138059771399445, 53.607248438624076 ], [ -0.138071627981871, 53.606978933780333 ], [ -0.137618471962369, 53.606971881532566 ], [ -0.137630331234663, 53.606702376743847 ], [ -0.137177178289236, 53.606695322849951 ], [ -0.137189040251303, 53.606425818116243 ], [ -0.136735890379943, 53.606418762576276 ], [ -0.13674775503169, 53.606149257897584 ], [ -0.136294608234387, 53.60614220071156 ], [ -0.136306475575723, 53.605872696087921 ], [ -0.13585333185247, 53.605865637255874 ], [ -0.1358652018833, 53.605596132687317 ], [ -0.135412061234087, 53.605589072209263 ], [ -0.135435806482212, 53.605050063168235 ], [ -0.134982671788678, 53.605043001113373 ], [ -0.134994547005837, 53.604773496640938 ], [ -0.134541415386276, 53.604766432940174 ], [ -0.134565171006522, 53.604227424091476 ], [ -0.134112045342423, 53.604220358813997 ], [ -0.134123925745373, 53.603950854437741 ], [ -0.133670803155181, 53.603943787514439 ], [ -0.13369456914647, 53.603404778858184 ], [ -0.133241452511523, 53.603397710358301 ], [ -0.133265223495394, 53.602858701784257 ], [ -0.132812112815537, 53.602851631707836 ], [ -0.132824000899876, 53.602582127468956 ], [ -0.132370893293798, 53.602575055746847 ], [ -0.132394674647018, 53.602036047365402 ], [ -0.131941572995814, 53.60202897406689 ], [ -0.131953466264559, 53.601759469924346 ], [ -0.131500367687066, 53.601752394980217 ], [ -0.131524159408559, 53.6012133867915 ], [ -0.131071066785725, 53.601206310271074 ], [ -0.131082965238337, 53.600936806224929 ], [ -0.130629875689146, 53.600929728058993 ], [ -0.13064177682988, 53.600660224068065 ], [ -0.128376346380822, 53.600624807863404 ], [ -0.128388261732768, 53.600355304205088 ], [ -0.127935179102589, 53.600348215889262 ], [ -0.127947097142267, 53.600078712286276 ], [ -0.127494017585877, 53.600071622325117 ], [ -0.127505938313195, 53.599802118777468 ], [ -0.127052861830584, 53.599795027171005 ], [ -0.127064785245447, 53.599525523678722 ], [ -0.12615863862095, 53.599511335460583 ], [ -0.126170567603848, 53.599241832093114 ], [ -0.125717497461995, 53.599234735481481 ], [ -0.125729429132201, 53.598965232169434 ], [ -0.125276362064146, 53.598958133912603 ], [ -0.125288296421568, 53.598688630656 ], [ -0.124835232427301, 53.598681530754035 ], [ -0.124847169471845, 53.598412027552847 ], [ -0.124394108551358, 53.598404926005756 ], [ -0.124406048282931, 53.598135422860025 ], [ -0.123952990436216, 53.598128319667865 ], [ -0.123964932854725, 53.597858816577599 ], [ -0.123511878081774, 53.59785171174039 ], [ -0.123523823187126, 53.597582208705596 ], [ -0.123070771487929, 53.597575102223367 ], [ -0.123082719280031, 53.597305599244066 ], [ -0.12262967065458, 53.597298491116874 ], [ -0.122641621133338, 53.597028988193109 ], [ -0.122188575581626, 53.597021878420954 ], [ -0.122200528746948, 53.596752375552704 ], [ -0.121747486268965, 53.596745264135649 ], [ -0.121759442120757, 53.596475761322942 ], [ -0.121306402716495, 53.596468648261016 ], [ -0.121318361254664, 53.59619914550386 ], [ -0.120412288787301, 53.596184914375861 ], [ -0.120436216802367, 53.595645909097932 ], [ -0.11953015662989, 53.595631671390819 ], [ -0.119542126106498, 53.595362168870103 ], [ -0.1190890991909, 53.59535504751463 ], [ -0.119101071353462, 53.595085545049542 ], [ -0.118648047511584, 53.595078422049362 ], [ -0.118660022360007, 53.594808919639931 ], [ -0.118207001591842, 53.594801794995135 ], [ -0.118230956466234, 53.594262790273497 ], [ -0.116871912603986, 53.594241406471454 ], [ -0.116895883979976, 53.593702402112129 ], [ -0.116442875506578, 53.59369527088905 ], [ -0.116454863782908, 53.593425768758067 ], [ -0.115548853177657, 53.593411501308694 ], [ -0.115560847018746, 53.593141999303278 ], [ -0.116013849344811, 53.593149133815274 ], [ -0.116025840112241, 53.592879631725971 ], [ -0.115119841413174, 53.592865361127387 ], [ -0.115131837745129, 53.592595859163673 ], [ -0.114678841566362, 53.592588721362866 ], [ -0.114690840583341, 53.592319219454929 ], [ -0.114237847478211, 53.592312080009783 ], [ -0.114249849180119, 53.592042578157667 ], [ -0.113796859148616, 53.592035437068233 ], [ -0.113808863535361, 53.591765935271901 ], [ -0.113355876577478, 53.591758792538187 ], [ -0.113367883648966, 53.591489290797682 ], [ -0.112914899764695, 53.591482146419729 ], [ -0.112926909520833, 53.591212644735073 ], [ -0.112473928710164, 53.591205498712917 ], [ -0.112485941150859, 53.590935997084131 ], [ -0.112032963413784, 53.590928849417779 ], [ -0.112044978538944, 53.590659347844863 ], [ -0.111592003875455, 53.590652198534393 ], [ -0.111604021684986, 53.590382697017354 ], [ -0.111151050095073, 53.590375546062781 ], [ -0.111163070588882, 53.590106044601647 ], [ -0.11071010207254, 53.590098892002985 ], [ -0.110734148233816, 53.589559889178489 ], [ -0.110281185669835, 53.589552735005832 ], [ -0.11026915980775, 53.589822236355111 ], [ -0.109816194559723, 53.589815080398409 ], [ -0.109840251846687, 53.589276077825822 ], [ -0.109387292551, 53.589268920295176 ], [ -0.109399323780988, 53.588999419057799 ], [ -0.108493411531566, 53.588985098994684 ], [ -0.108505448324011, 53.588715597883365 ], [ -0.10805249537031, 53.588708435350931 ], [ -0.108064534846424, 53.588438934295624 ], [ -0.107611584966282, 53.588431770119357 ], [ -0.107623627125972, 53.588162269120062 ], [ -0.107170680319381, 53.588155103299968 ], [ -0.107182725162553, 53.587885602356742 ], [ -0.106729781429507, 53.587878434892865 ], [ -0.106741828956068, 53.587608934005686 ], [ -0.105835947832185, 53.587594594076599 ], [ -0.105848000920428, 53.587325093315656 ], [ -0.105395063529625, 53.587317920850481 ], [ -0.10540711930102, 53.587048420145628 ], [ -0.104954184983777, 53.587041246036819 ], [ -0.104966243438232, 53.586771745388056 ], [ -0.104513312194541, 53.586764569635619 ], [ -0.104525373331962, 53.586495069043004 ], [ -0.10361951718702, 53.586480712537117 ], [ -0.103631583885494, 53.586211212070921 ], [ -0.103178658984277, 53.58620403131755 ], [ -0.10319072836548, 53.585934530907515 ], [ -0.102737806537831, 53.585927348510637 ], [ -0.102761950470027, 53.585388347788843 ], [ -0.101856118913427, 53.585373978135031 ], [ -0.10186819634226, 53.585104477893609 ], [ -0.100962371323884, 53.585090101525573 ], [ -0.100974454312994, 53.584820601410748 ], [ -0.100521544975189, 53.584813410726497 ], [ -0.100533630646513, 53.584543910667939 ], [ -0.099627818313784, 53.584529524299192 ], [ -0.099639909545043, 53.58426002436731 ], [ -0.09737539652939, 53.584224028808421 ], [ -0.097387501953637, 53.583954529214679 ], [ -0.096934602816122, 53.58394732503244 ], [ -0.096946710922049, 53.583677825495101 ], [ -0.096040918990629, 53.58366341213079 ], [ -0.096053032655785, 53.583393912720382 ], [ -0.095600139861914, 53.583386703538352 ], [ -0.095624372358923, 53.582847704816281 ], [ -0.09517148551637, 53.582840494061799 ], [ -0.095183604348089, 53.582570994750157 ], [ -0.094730720579255, 53.5825637823527 ], [ -0.094742842092189, 53.582294283097525 ], [ -0.094289961397066, 53.582287069057102 ], [ -0.094302085591123, 53.582017569858422 ], [ -0.093849207969701, 53.582010354175097 ], [ -0.093873461523519, 53.581471355876566 ], [ -0.093420589853081, 53.581464138621001 ], [ -0.09340846029706, 53.581733637706705 ], [ -0.092955585945732, 53.581726418667031 ], [ -0.092967718379039, 53.581456919651963 ], [ -0.092514847101439, 53.581449698969479 ], [ -0.092502711790851, 53.581719197913877 ], [ -0.090238343964768, 53.581683068445891 ], [ -0.090250493661696, 53.581413569855052 ], [ -0.089797623563725, 53.581406338891789 ], [ -0.089785470989542, 53.581675837411858 ], [ -0.089332598211088, 53.581668604664365 ], [ -0.089344753662521, 53.581399106215066 ], [ -0.087080407109645, 53.581362917129738 ], [ -0.087092576750222, 53.581093419020469 ], [ -0.08528111456317, 53.581064437193788 ], [ -0.085293295515208, 53.580794939353964 ], [ -0.083481847992244, 53.580765930396439 ], [ -0.083494040255306, 53.580496432826372 ], [ -0.082588323432196, 53.580481918209244 ], [ -0.082600521251858, 53.580212420767069 ], [ -0.082147666013525, 53.580205160959487 ], [ -0.082159866512641, 53.579935663574197 ], [ -0.081707014348793, 53.579928402124317 ], [ -0.081731420508173, 53.579389407453455 ], [ -0.081278574295652, 53.57938214443238 ], [ -0.08129077995578, 53.579112647146808 ], [ -0.080837936817676, 53.579105382483519 ], [ -0.080850145156938, 53.578835885254875 ], [ -0.080397305093244, 53.578828618949402 ], [ -0.080421726932149, 53.578289624591903 ], [ -0.079968892819506, 53.578282356715405 ], [ -0.079981106319014, 53.578012859586565 ], [ -0.079528275280712, 53.578005590067946 ], [ -0.079564923222337, 53.57719709880994 ], [ -0.079112101011324, 53.577189827791571 ], [ -0.079099882352105, 53.57745932482058 ], [ -0.078647057462461, 53.577452052017875 ], [ -0.078634835728923, 53.577721548961563 ], [ -0.077729180790309, 53.577706998074255 ], [ -0.077716953105823, 53.577976494861403 ], [ -0.078169783352705, 53.577983771232844 ], [ -0.078157558346829, 53.578253268077056 ], [ -0.077704725223367, 53.578245991634404 ], [ -0.077692497142934, 53.578515488393251 ], [ -0.077239661340824, 53.578508210166142 ], [ -0.077215198832629, 53.579047203498931 ], [ -0.076762357475168, 53.579039923416111 ], [ -0.076750123047262, 53.579309419990054 ], [ -0.076297279011129, 53.579302138122699 ], [ -0.076272803807406, 53.579841131085573 ], [ -0.074914255627096, 53.579819274776071 ], [ -0.074950994026606, 53.579010785952114 ], [ -0.075856675354538, 53.579025358110663 ], [ -0.075868915337774, 53.578755861665115 ], [ -0.076321753422322, 53.578763145103196 ], [ -0.07639517190107, 53.577146165705003 ], [ -0.077300814145926, 53.577160726586492 ], [ -0.077313044112914, 53.576891229828107 ], [ -0.077765862655981, 53.576898507627909 ], [ -0.077753635565384, 53.577168004457505 ], [ -0.0782064571828, 53.577175280615357 ], [ -0.078218681397003, 53.576905783714551 ], [ -0.079124319472722, 53.57692033074845 ], [ -0.079136537736307, 53.576650833691154 ], [ -0.079589354194551, 53.576658104567215 ], [ -0.07960156938401, 53.576388607424626 ], [ -0.080054383163698, 53.576395876516436 ], [ -0.080042170850558, 53.576665373730158 ], [ -0.080947804755679, 53.576679906916638 ], [ -0.080960011316167, 53.576410409560701 ], [ -0.082771269992175, 53.576439455091794 ], [ -0.082759074937042, 53.576708952731956 ], [ -0.083664711212541, 53.57672346536075 ], [ -0.08367690051497, 53.57645396757858 ], [ -0.090921973083235, 53.576569820781096 ], [ -0.090909829803051, 53.576839319696937 ], [ -0.091815473169602, 53.576853770651979 ], [ -0.091827610696927, 53.576584271594754 ], [ -0.093186068591134, 53.576605934966508 ], [ -0.093234582219552, 53.575527937748475 ], [ -0.083272851896177, 53.575368721205713 ], [ -0.083321615479549, 53.574290729993429 ], [ -0.082868823325968, 53.574283473461549 ], [ -0.082893209685333, 53.57374447791257 ], [ -0.083345996087098, 53.573751734302441 ], [ -0.083406944152515, 53.572404244827567 ], [ -0.083859716372876, 53.572411499149553 ], [ -0.083884088466578, 53.571872503118655 ], [ -0.08343132199739, 53.571865248938636 ], [ -0.083443510623854, 53.571595750972946 ], [ -0.083896274217523, 53.571603005081997 ], [ -0.083920645127629, 53.57106400896626 ], [ -0.083467887284854, 53.571056754999169 ], [ -0.08360194481421, 53.568092276132433 ], [ -0.083149218795291, 53.568085021233436 ], [ -0.083173596076742, 53.567546025033977 ], [ -0.083626316345981, 53.567553279791021 ], [ -0.083687241723685, 53.566205788690063 ], [ -0.082781830129244, 53.566191278173314 ], [ -0.082806210397773, 53.565652281917899 ], [ -0.083258910347338, 53.565659537890539 ], [ -0.083295470647146, 53.564851043188391 ], [ -0.082842779320762, 53.564843787428728 ], [ -0.082854968567162, 53.564574289237378 ], [ -0.081949592254916, 53.56455977272288 ], [ -0.081925202067551, 53.56509876880736 ], [ -0.082377895873635, 53.565106028062864 ], [ -0.082365703358251, 53.565375526154909 ], [ -0.081460310194709, 53.56536100578942 ], [ -0.081435913074072, 53.565900001646959 ], [ -0.080983211039551, 53.565892738753455 ], [ -0.08097100930854, 53.566162236589967 ], [ -0.081423714217577, 53.566169499554526 ], [ -0.081399315912214, 53.566708495327205 ], [ -0.080946605254005, 53.56670123222051 ], [ -0.080934402930473, 53.566970730014553 ], [ -0.080028976457341, 53.566956198521439 ], [ -0.080016768186902, 53.567225696159177 ], [ -0.079564052372036, 53.567218427772715 ], [ -0.079551841029249, 53.567487925325175 ], [ -0.080457278606068, 53.567502460527784 ], [ -0.08046948419938, 53.567232962833096 ], [ -0.080922200409424, 53.567240227794464 ], [ -0.080885591661141, 53.56804872104933 ], [ -0.079527417750678, 53.568026920387666 ], [ -0.079502993681418, 53.568565915393577 ], [ -0.081313915623064, 53.568594980086026 ], [ -0.081301714791811, 53.568864477852124 ], [ -0.082207182697766, 53.568879000064648 ], [ -0.082134008064397, 53.570495987216873 ], [ -0.081228505656648, 53.570481464151776 ], [ -0.081240707672963, 53.570211966470517 ], [ -0.080787959640613, 53.570204702439909 ], [ -0.080763549659892, 53.570743697646115 ], [ -0.08212181160118, 53.570765485026079 ], [ -0.082085221026892, 53.571573978368832 ], [ -0.081632458222743, 53.57156671740848 ], [ -0.081620258094253, 53.571836215090073 ], [ -0.082073023773902, 53.571843476121487 ], [ -0.082060826323459, 53.572112973859959 ], [ -0.081608057768263, 53.572105712757534 ], [ -0.081595857244768, 53.572375210410804 ], [ -0.081143086011488, 53.572367947524462 ], [ -0.081118678620651, 53.572906942646483 ], [ -0.081571455605247, 53.572914205674991 ], [ -0.081522649955959, 53.573992196033629 ], [ -0.081975438641282, 53.573999457633434 ], [ -0.08193884095811, 53.574807950467068 ], [ -0.081033246529223, 53.574793425128107 ], [ -0.081021041154391, 53.575062922568911 ], [ -0.080568241360265, 53.575055657258801 ], [ -0.080543824265563, 53.575594651955775 ], [ -0.079185408812584, 53.575572845320501 ], [ -0.079160973670049, 53.576111839534121 ], [ -0.078708163162191, 53.576104567087256 ], [ -0.078695942417959, 53.576374064101664 ], [ -0.077337503452893, 53.576352236268889 ], [ -0.077325273881902, 53.576621733055575 ], [ -0.075966828069896, 53.576599889591101 ], [ -0.075979066269756, 53.576330393018154 ], [ -0.074620630869802, 53.576308534349501 ], [ -0.074608384041114, 53.576578030708575 ], [ -0.074155569761341, 53.576570740988153 ], [ -0.074131069756459, 53.577109733521127 ], [ -0.073678249922343, 53.577102441944902 ], [ -0.073665996746006, 53.577371938118809 ], [ -0.073213174233867, 53.577364644758063 ], [ -0.073225430286603, 53.57709514865553 ], [ -0.072772610849286, 53.57708785365304 ], [ -0.07279712811214, 53.576548861548254 ], [ -0.073249941796807, 53.576556156408024 ], [ -0.073274452513353, 53.576017164103817 ], [ -0.071463221975435, 53.575987974957499 ], [ -0.071475488540719, 53.575718479069792 ], [ -0.071022684278747, 53.575711177571982 ], [ -0.071010414837319, 53.575980673388244 ], [ -0.070104801157049, 53.575966065110535 ], [ -0.070092525764615, 53.576235560769675 ], [ -0.069186907126918, 53.576220945496701 ], [ -0.069199188271704, 53.575951449980579 ], [ -0.068746382127246, 53.575944139846008 ], [ -0.06873409810629, 53.576213635290614 ], [ -0.068281289284537, 53.576206323371444 ], [ -0.068269002188495, 53.57647581873033 ], [ -0.067363379389391, 53.576461189609617 ], [ -0.067375672237843, 53.576191694393856 ], [ -0.066017248160527, 53.576169738079507 ], [ -0.066004946683493, 53.576439233080407 ], [ -0.066457757386363, 53.576446553636558 ], [ -0.066445458586406, 53.576716048694912 ], [ -0.0659926450073, 53.576708728067132 ], [ -0.065955738783729, 53.577517212942254 ], [ -0.065502916774811, 53.57750989038643 ], [ -0.065490611425524, 53.577779385244781 ], [ -0.06594343631086, 53.577786707872285 ], [ -0.065918830767577, 53.578325697689813 ], [ -0.066371661605076, 53.578333018747429 ], [ -0.066347061018208, 53.578872008651544 ], [ -0.065894224427539, 53.578864687450661 ], [ -0.065881920958726, 53.579134182309822 ], [ -0.064976242621731, 53.579119534625022 ], [ -0.064963933200327, 53.579389029326677 ], [ -0.064058249907138, 53.579374374645496 ], [ -0.064144451943577, 53.577487912440027 ], [ -0.063691630731828, 53.577480583031608 ], [ -0.063703947387335, 53.577211088445843 ], [ -0.060987041564067, 53.577167076450145 ], [ -0.060999375277925, 53.576897582280857 ], [ -0.060546561215608, 53.576890241024167 ], [ -0.060534224625474, 53.577159735121633 ], [ -0.059175775008257, 53.577137700857406 ], [ -0.059163429589449, 53.577407194725069 ], [ -0.058710610573747, 53.577399846472211 ], [ -0.058698262078713, 53.57766934025377 ], [ -0.058245440386581, 53.577661990215873 ], [ -0.058233088815229, 53.577931483911335 ], [ -0.057780264446678, 53.577924132088356 ], [ -0.057767909798914, 53.578193625697672 ], [ -0.057315082753951, 53.578186272089596 ], [ -0.057302725029683, 53.578455765612773 ], [ -0.057755554951125, 53.578463119292813 ], [ -0.057718489207563, 53.579271599993056 ], [ -0.05907700606111, 53.579293651401407 ], [ -0.059064659043197, 53.579563145155554 ], [ -0.059517501270931, 53.579570492270399 ], [ -0.059492812388882, 53.580109479879937 ], [ -0.060398508950921, 53.580124169257381 ], [ -0.060386169963751, 53.580393663184601 ], [ -0.060839021421294, 53.580401005375229 ], [ -0.060814348601414, 53.580939993330837 ], [ -0.061720063623304, 53.58095467285942 ], [ -0.061707732667713, 53.581224166959586 ], [ -0.062160593355145, 53.58123150422567 ], [ -0.062148265076933, 53.581500998383461 ], [ -0.063053992804656, 53.581515667919042 ], [ -0.063041670081005, 53.581785162206209 ], [ -0.063947404360999, 53.581799825031723 ], [ -0.063935087192108, 53.582069319448173 ], [ -0.064387957508424, 53.582076648362552 ], [ -0.064375643017294, 53.582346142836542 ], [ -0.065281390002449, 53.582360795668393 ], [ -0.065293698739177, 53.582091301050987 ], [ -0.065746569653521, 53.582098624825065 ], [ -0.065734263794001, 53.582368119514143 ], [ -0.066187137784807, 53.582375441646434 ], [ -0.066199440767114, 53.582105946885719 ], [ -0.067105183591863, 53.582120585866676 ], [ -0.067080588937011, 53.582659575660472 ], [ -0.065721957735228, 53.582637614189025 ], [ -0.065709651477197, 53.582907108849746 ], [ -0.063445255740213, 53.58287047176951 ], [ -0.063457576384707, 53.582600977467322 ], [ -0.062098949967912, 53.582578974872796 ], [ -0.062111279044601, 53.582309480771741 ], [ -0.06120553485258, 53.582294803951761 ], [ -0.061217869483987, 53.582025309980132 ], [ -0.060312131845166, 53.582010626450099 ], [ -0.06032447203109, 53.581741132607988 ], [ -0.059871606388478, 53.581733788344721 ], [ -0.059883949251662, 53.581464294560277 ], [ -0.059431086685958, 53.5814569486555 ], [ -0.059443432226309, 53.581187454928759 ], [ -0.058990572737504, 53.581180107382522 ], [ -0.059015268972424, 53.580641120030279 ], [ -0.05810956210239, 53.580626420085416 ], [ -0.058134269044964, 53.580087432964106 ], [ -0.057228574482323, 53.580072726453793 ], [ -0.057240933407114, 53.579803233015738 ], [ -0.056788089302677, 53.579795877262654 ], [ -0.056800450904077, 53.579526383882417 ], [ -0.056347609876488, 53.579519026488029 ], [ -0.056359974154403, 53.579249533165601 ], [ -0.055907136203653, 53.579242174130002 ], [ -0.055919503157992, 53.578972680865377 ], [ -0.055466668284071, 53.578965320188566 ], [ -0.05547903791474, 53.578695826981786 ], [ -0.055026206117641, 53.578688464663792 ], [ -0.055038578424547, 53.57841897151485 ], [ -0.05458574970426, 53.578411607555758 ], [ -0.05459812468731, 53.578142114464669 ], [ -0.054145299043828, 53.578134748864471 ], [ -0.054157676702929, 53.577865255831277 ], [ -0.053704854136241, 53.577857888590003 ], [ -0.053717234471301, 53.577588395614683 ], [ -0.053264414981399, 53.577581026732389 ], [ -0.053276797992324, 53.577311533814992 ], [ -0.052823981579199, 53.577304163291686 ], [ -0.052836367265896, 53.577034670432212 ], [ -0.052383553929542, 53.57702729826795 ], [ -0.052395942291919, 53.5767578054664 ], [ -0.051490321973336, 53.576743056142973 ], [ -0.051502715887442, 53.576473563471573 ], [ -0.051049908905249, 53.576466186312459 ], [ -0.051062305494798, 53.576196693699011 ], [ -0.050609501589389, 53.57618931489904 ], [ -0.050634299918451, 53.575650329773964 ], [ -0.049728704213943, 53.575635567323879 ], [ -0.049741108829261, 53.575366074884485 ], [ -0.049288314154154, 53.575358691162208 ], [ -0.049300721444544, 53.575089198780844 ], [ -0.048847929846187, 53.575081813417867 ], [ -0.048860339811554, 53.574812321094562 ], [ -0.048407551289937, 53.574804934090928 ], [ -0.048419963930189, 53.574535441825688 ], [ -0.047967178485305, 53.57452805318141 ], [ -0.047979593800349, 53.574258560974265 ], [ -0.047526811432188, 53.574251170689401 ], [ -0.047539229421931, 53.573981678540349 ], [ -0.047086450130485, 53.573974286614906 ], [ -0.047098870794833, 53.573704794523984 ], [ -0.046646094580095, 53.57369740095799 ], [ -0.046658517918956, 53.573427908925204 ], [ -0.046205744780914, 53.57342051371873 ], [ -0.046218170794196, 53.573151021744081 ], [ -0.045765400732841, 53.573143624897149 ], [ -0.045790257906863, 53.572604641049963 ], [ -0.044884729889617, 53.572589842507242 ], [ -0.044897163925602, 53.572320350707123 ], [ -0.04444440309426, 53.572312948939 ], [ -0.044456839804294, 53.572043457197083 ], [ -0.044004082049606, 53.572036053788651 ], [ -0.044016521433595, 53.571766562104955 ], [ -0.043563766755551, 53.571759157056235 ], [ -0.043588650669846, 53.571220173791097 ], [ -0.043135901943617, 53.571212767174572 ], [ -0.043148346473788, 53.570943275593145 ], [ -0.042695600824134, 53.570935867336402 ], [ -0.04272049503026, 53.570396884275858 ], [ -0.041815015835674, 53.570382062914419 ], [ -0.041827468386472, 53.570112571507842 ], [ -0.040921995748133, 53.57009774344094 ], [ -0.04093445384721, 53.569828252165202 ], [ -0.040481720705433, 53.569820835635397 ], [ -0.040494181477721, 53.569551344417995 ], [ -0.039588721549065, 53.569536506365758 ], [ -0.03960118786929, 53.569267015279337 ], [ -0.039148461082444, 53.569259593756946 ], [ -0.039160930075645, 53.568990102728904 ], [ -0.038708206365397, 53.568982679566595 ], [ -0.03872067803148, 53.568713188596931 ], [ -0.038267957397823, 53.568705763794732 ], [ -0.038280431736696, 53.56843627288351 ], [ -0.037374996824507, 53.568421418286874 ], [ -0.03739995639486, 53.567882436712374 ], [ -0.036494533789028, 53.567867575556534 ], [ -0.036507019020221, 53.567598084893348 ], [ -0.033790773301413, 53.567553460763293 ], [ -0.033803275577191, 53.567283970522475 ], [ -0.033350571539838, 53.567276527246747 ], [ -0.033363076487636, 53.567007037064506 ], [ -0.032457674768959, 53.566992145521461 ], [ -0.032482695554573, 53.566453165405662 ], [ -0.032030000747562, 53.566445717211302 ], [ -0.032042513710864, 53.566176227204906 ], [ -0.031137130452943, 53.566161325824872 ], [ -0.031174685372469, 53.565352856157567 ], [ -0.030722002669798, 53.565345403117796 ], [ -0.030734523445111, 53.56507591327312 ], [ -0.030281843819126, 53.565068458593998 ], [ -0.030306890509711, 53.564529479007795 ], [ -0.029854216834334, 53.564522022762283 ], [ -0.029866742749472, 53.56425253302077 ], [ -0.029414072150712, 53.564245075135986 ], [ -0.029426600736951, 53.563975585453178 ], [ -0.028973933214799, 53.563968125929144 ], [ -0.029011526378093, 53.563159657014182 ], [ -0.028558867679959, 53.563152195996935 ], [ -0.028583934522004, 53.562613216795029 ], [ -0.028131281773947, 53.562605754211674 ], [ -0.028156353551646, 53.562066775098771 ], [ -0.027703706753508, 53.562059310949351 ], [ -0.027716245211476, 53.561789821444535 ], [ -0.027263601489707, 53.561782355656064 ], [ -0.027288683543612, 53.5612433767498 ], [ -0.026836045771548, 53.56123590939535 ], [ -0.026861132760146, 53.560696930578189 ], [ -0.026408500937627, 53.560689461657887 ], [ -0.026433592860576, 53.560150482929814 ], [ -0.025980966987448, 53.560143012443675 ], [ -0.026006063844402, 53.559604033804789 ], [ -0.025553443920507, 53.559596561752883 ], [ -0.025578545711121, 53.559057583203163 ], [ -0.025125931736301, 53.55905010958557 ], [ -0.025138485199844, 53.558780620362441 ], [ -0.024685874301087, 53.558773145106116 ], [ -0.024698430434331, 53.558503655941855 ], [ -0.024245822611628, 53.558496179046799 ], [ -0.024270940014094, 53.557957200821768 ], [ -0.02381833814019, 53.557949722361194 ], [ -0.023830899409277, 53.557680233300466 ], [ -0.023378300611358, 53.557672753201253 ], [ -0.023403428284977, 53.557133775183338 ], [ -0.022498242789665, 53.557118810142342 ], [ -0.022510812066616, 53.556849321258397 ], [ -0.0220582224966, 53.556841836243478 ], [ -0.022070794442655, 53.556572347418488 ], [ -0.021618207948587, 53.556564860765072 ], [ -0.021630782563651, 53.556295371999063 ], [ -0.021178199145525, 53.556287883707178 ], [ -0.021190776429507, 53.556018395000152 ], [ -0.020738196087312, 53.556010905069847 ], [ -0.020750776040118, 53.555741416421832 ], [ -0.020298198773846, 53.555733924853115 ], [ -0.020323363813308, 53.555194947660866 ], [ -0.019870792495202, 53.555187454527093 ], [ -0.019883377581724, 53.55491796598286 ], [ -0.019430809339472, 53.554910471210782 ], [ -0.019443397094497, 53.554640982725608 ], [ -0.018990831928092, 53.554633486315218 ], [ -0.019003422351528, 53.554363997889126 ], [ -0.018550860260959, 53.554356499840509 ], [ -0.018563453352714, 53.55408701147347 ], [ -0.018110894337972, 53.554079511786668 ], [ -0.018136085654115, 53.5535405351565 ], [ -0.017683532587144, 53.553533033904884 ], [ -0.017708728831795, 53.552994057364401 ], [ -0.017256181712437, 53.552986554548056 ], [ -0.017268782400791, 53.552717066329798 ], [ -0.016816238357132, 53.552709561875382 ], [ -0.016828841713349, 53.552440073716241 ], [ -0.016376300745381, 53.552432567623796 ], [ -0.016401512589381, 53.551893591409581 ], [ -0.015496442752135, 53.551878574384105 ], [ -0.015509054111387, 53.551609086402479 ], [ -0.015056522370437, 53.551601575396106 ], [ -0.015069136397181, 53.551332087473661 ], [ -0.014164079270742, 53.5513170604737 ], [ -0.014189318197833, 53.550778084880015 ], [ -0.013736795683823, 53.550770568960019 ], [ -0.013749417712487, 53.55050108121528 ], [ -0.013296898274105, 53.550493563657469 ], [ -0.013309522969891, 53.550224075971961 ], [ -0.012857006607129, 53.550216556776419 ], [ -0.012869633969943, 53.549947069150193 ], [ -0.018752325278432, 53.550044684255333 ], [ -0.018764915110307, 53.549775195659961 ], [ -0.034150480332931, 53.550029126874428 ], [ -0.034162972335656, 53.549759635780816 ], [ -0.049548673587937, 53.550011586208825 ], [ -0.049561067759583, 53.549742092636336 ], [ -0.067662074570509, 53.550035969164036 ], [ -0.067674353679416, 53.549766472702558 ], [ -0.085323029424603, 53.550050363062311 ], [ -0.085335196339331, 53.549780863809531 ], [ -0.103436598394633, 53.55006932642906 ], [ -0.103448650240402, 53.549799824340298 ], [ -0.121097705680948, 53.550078436039499 ], [ -0.121109645326689, 53.549808931211068 ], [ -0.139211430999641, 53.550091979719113 ], [ -0.139223255570455, 53.549822472107643 ], [ -0.157325232500313, 53.550102779253073 ], [ -0.157336941993252, 53.549833268885379 ], [ -0.174986549397927, 53.550103928853453 ], [ -0.17499814668247, 53.549834415823923 ], [ -0.193100489714625, 53.550109308565673 ], [ -0.193111971915708, 53.549839792832906 ], [ -0.210761930601069, 53.550105173666829 ], [ -0.210773300588524, 53.549835655323896 ], [ -0.22887599809393, 53.550105133478162 ], [ -0.228887252992593, 53.549835612484976 ], [ -0.246537551619907, 53.55009571400938 ], [ -0.246548694299959, 53.549826190457679 ], [ -0.264651734648732, 53.550090253848488 ], [ -0.264662762234914, 53.549820727699533 ], [ -0.282765973194634, 53.550082049405688 ], [ -0.282776885684445, 53.549812520686324 ], [ -0.300427676388946, 53.550064669550004 ], [ -0.300438476653084, 53.549795138349928 ], [ -0.31854201293636, 53.550051045041606 ], [ -0.318552698099431, 53.549781511324106 ], [ -0.336203800323989, 53.550028380471431 ], [ -0.336214373257022, 53.54975884432492 ], [ -0.350244833272316, 53.549953214096988 ], [ -0.350003661607681, 53.556152585752649 ], [ -0.350456325915153, 53.556158829756107 ], [ -0.350005322499866, 53.567748942633756 ], [ -0.350458110623428, 53.567755187551747 ], [ -0.350143357415131, 53.575841299704805 ], [ -0.349690482975725, 53.575835052953117 ], [ -0.349679985690932, 53.576104589752234 ], [ -0.350132863008254, 53.576110836565043 ], [ -0.350006916870306, 53.579345277823542 ], [ -0.350459828896221, 53.579351523656065 ], [ -0.350008444683189, 53.590941591324537 ], [ -0.350461480697802, 53.590947838071571 ], [ -0.350009905902652, 53.60253788313927 ], [ -0.350463065992387, 53.60254413080083 ], [ -0.350011300492774, 53.614134153270307 ], [ -0.350464584744139, 53.61414040184637 ], [ -0.350012628417587, 53.625730401720212 ], [ -0.350466036917169, 53.625736651210751 ], [ -0.350013889641064, 53.637326628491493 ], [ -0.350467422475532, 53.637332878896508 ], [ -0.350015084127129, 53.648922833586724 ], [ -0.350468741383235, 53.648929084906221 ], [ -0.350016211839652, 53.66051901700844 ], [ -0.350469993604226, 53.66052526924242 ], [ -0.350017272742447, 53.672115178759249 ], [ -0.350471179102404, 53.672121431907669 ], [ -0.350018266799276, 53.683711318841667 ], [ -0.350472297841611, 53.683717572904555 ], [ -0.350019193973848, 53.695307437258322 ], [ -0.350473349785638, 53.695313692235636 ], [ -0.350020054229817, 53.70690353401173 ], [ -0.350474334898222, 53.706909789903463 ], [ -0.35044270651845, 53.70771838275882 ], [ -0.349988417147808, 53.707712126683141 ], [ -0.349977871111349, 53.707981657546341 ], [ -0.348614995324498, 53.707962878803279 ], [ -0.348604440414168, 53.708232409468799 ], [ -0.347695851611325, 53.708219881573939 ], [ -0.347685290727782, 53.708489412103027 ], [ -0.346322400106962, 53.708470607161296 ], [ -0.346311830349078, 53.708740137492455 ], [ -0.344948932569991, 53.708721316867951 ], [ -0.344938353937515, 53.708990847001004 ], [ -0.343575449001356, 53.708972010693486 ], [ -0.343564861494035, 53.709241540628284 ], [ -0.342201949402002, 53.709222688637475 ], [ -0.342191353019584, 53.709492218373875 ], [ -0.341282740016308, 53.709479641646368 ], [ -0.341272137659635, 53.709749171245868 ], [ -0.339909210742697, 53.709730293053973 ], [ -0.339898599510459, 53.709999822454776 ], [ -0.338535665440802, 53.709980928578844 ], [ -0.338525045332746, 53.710250457780823 ], [ -0.337616417679438, 53.710237853129435 ], [ -0.337605791596517, 53.710507382194244 ], [ -0.336242842707106, 53.710488462115791 ], [ -0.336232207747899, 53.710757990981506 ], [ -0.335777888895491, 53.710751680782572 ], [ -0.33576725086231, 53.711021209572763 ], [ -0.333949965575375, 53.710995951308 ], [ -0.333939315764157, 53.711265479836968 ], [ -0.333030668355428, 53.711252840247738 ], [ -0.333020012568559, 53.711522368639159 ], [ -0.33211136004922, 53.71150972203727 ], [ -0.332122021638797, 53.711240193769761 ], [ -0.331667698540133, 53.711233867947534 ], [ -0.331657034049208, 53.711503396153006 ], [ -0.32665945948857, 53.711433697762246 ], [ -0.326648762909386, 53.711703225270959 ], [ -0.324377130546072, 53.711671474986041 ], [ -0.324366419286256, 53.711941002169894 ], [ -0.322549104920489, 53.7119155706934 ], [ -0.32253838188107, 53.712185097614309 ], [ -0.321629719939888, 53.712172371418198 ], [ -0.321640448782122, 53.711902844621982 ], [ -0.321186120974231, 53.711896479002995 ], [ -0.321175389230596, 53.71216600573679 ], [ -0.319358068136521, 53.712140525789231 ], [ -0.319347324612868, 53.712410052259614 ], [ -0.318892991873928, 53.712403677904767 ], [ -0.31890373829901, 53.712134151496841 ], [ -0.317995079147528, 53.71212139774547 ], [ -0.317984326919599, 53.712390924028377 ], [ -0.314804005081671, 53.71234623121142 ], [ -0.314793232368972, 53.71261575704262 ], [ -0.312067231635054, 53.712577381371794 ], [ -0.312056441338574, 53.712846906813155 ], [ -0.309784764370902, 53.71281487941279 ], [ -0.309773959391698, 53.713084404526562 ], [ -0.307956609369438, 53.713058751354872 ], [ -0.307945792608656, 53.713328276203519 ], [ -0.306582773231482, 53.713309018052584 ], [ -0.30657194759036, 53.713578542698755 ], [ -0.306117605247923, 53.713572119807694 ], [ -0.306106776529405, 53.713841644377204 ], [ -0.305652431461205, 53.713835219700897 ], [ -0.305663263081323, 53.71356569519434 ], [ -0.304754579275826, 53.713552840800901 ], [ -0.304743741852517, 53.713822365181457 ], [ -0.303835052947761, 53.71380950377295 ], [ -0.303824209545203, 53.714079028013749 ], [ -0.3020068222425, 53.714053284277199 ], [ -0.301995967057182, 53.714322808251964 ], [ -0.300632919725846, 53.714303482176206 ], [ -0.300622055659147, 53.714573005947827 ], [ -0.299713352516861, 53.7145601131595 ], [ -0.299724222386947, 53.714290589514256 ] ] } },
{ "type": "Feature", "properties": { "Year": 1990, "Sensor": "Landsat 5 TM" }, "geometry": { "type": "LineString", "coordinates": [ [ -0.348965000204177, 53.745452579527331 ], [ -0.348510304257841, 53.745446314860118 ], [ -0.348520874131809, 53.745176785892205 ], [ -0.347156796045667, 53.745157981728752 ], [ -0.347177952722209, 53.744618924120751 ], [ -0.347632639431147, 53.744625193776628 ], [ -0.347643214604351, 53.744355664890712 ], [ -0.348097898577891, 53.744361932760818 ], [ -0.348119042594463, 53.743822874825163 ], [ -0.348573720925446, 53.743829140848106 ], [ -0.348594858440742, 53.74329008273503 ], [ -0.348140185923913, 53.743283816834946 ], [ -0.348150757330978, 53.743014287819399 ], [ -0.347696087892925, 53.743008020256525 ], [ -0.347717236005614, 53.74246896230742 ], [ -0.346807909272712, 53.742456422254975 ], [ -0.346818488885053, 53.742186893382907 ], [ -0.346363828683282, 53.742180620831938 ], [ -0.346353246164091, 53.742450149642522 ], [ -0.345898583227422, 53.742443875305902 ], [ -0.34590916865346, 53.74217434655683 ], [ -0.345454508795629, 53.742168070557575 ], [ -0.345422743280851, 53.742976656579231 ], [ -0.346332080609854, 53.742989207222749 ], [ -0.34634266347295, 53.74271967843945 ], [ -0.346797329488467, 53.742725951113421 ], [ -0.346765589104279, 53.743534537606898 ], [ -0.346310914367786, 53.743528264748427 ], [ -0.346321497574801, 53.743258735992413 ], [ -0.3449574831184, 53.743239907256253 ], [ -0.344936299090076, 53.743778964385442 ], [ -0.344481622134657, 53.743772684568476 ], [ -0.344513406640058, 53.742964099038957 ], [ -0.344058738577857, 53.74295781768253 ], [ -0.344048141007902, 53.743227346144415 ], [ -0.343593470210927, 53.743221063002203 ], [ -0.343604070687851, 53.7429515346019 ], [ -0.343149402970085, 53.742945249797089 ], [ -0.343160006181686, 53.742675721444755 ], [ -0.342705341543122, 53.742669434977394 ], [ -0.342684129133756, 53.74320849154514 ], [ -0.342229458853656, 53.743202203230283 ], [ -0.342271894610611, 53.742124090286843 ], [ -0.341817236130429, 53.742117800494476 ], [ -0.341827847545496, 53.741848272286163 ], [ -0.341373192144494, 53.74184198083136 ], [ -0.341383806293861, 53.741572452671079 ], [ -0.339565198041762, 53.741547269857605 ], [ -0.339554572265576, 53.741816797770973 ], [ -0.340009226976448, 53.741823096122239 ], [ -0.339998603934358, 53.742092624083696 ], [ -0.33954394631674, 53.742086325670691 ], [ -0.33953332019525, 53.742355853556774 ], [ -0.33816933965815, 53.742336947787642 ], [ -0.338190609169052, 53.741797892372546 ], [ -0.338645263361831, 53.741804195896123 ], [ -0.338655894951404, 53.741534668106304 ], [ -0.339110546410237, 53.741540969843996 ], [ -0.339121174920424, 53.741271441978739 ], [ -0.338666526368236, 53.741265140302836 ], [ -0.338677157612331, 53.740995612485705 ], [ -0.339131803257922, 53.741001914099826 ], [ -0.339142431422734, 53.740732386207284 ], [ -0.339597074334457, 53.74073868603557 ], [ -0.33960769942008, 53.740469158067619 ], [ -0.340062339597927, 53.740475456110119 ], [ -0.340041095067115, 53.741014512155921 ], [ -0.340950387566674, 53.741027103315773 ], [ -0.340982236664918, 53.740218518856274 ], [ -0.341436874453902, 53.740224811665016 ], [ -0.341447487568579, 53.739955283422873 ], [ -0.342356757850951, 53.739967863744958 ], [ -0.34236736498042, 53.73969833536583 ], [ -0.342821997473749, 53.739704622879259 ], [ -0.342843205403038, 53.739165565956739 ], [ -0.343297832256008, 53.73917185162292 ], [ -0.343287231283808, 53.739441380152613 ], [ -0.343741861215318, 53.739447664156451 ], [ -0.34373126297723, 53.739717192734126 ], [ -0.344640529169495, 53.739729755693055 ], [ -0.344682897838411, 53.73865164080788 ], [ -0.34422827628136, 53.738645360436692 ], [ -0.344238870924536, 53.738375831742879 ], [ -0.343784252445786, 53.738369549709361 ], [ -0.343773654896444, 53.738639078341599 ], [ -0.343319033683707, 53.738632794522587 ], [ -0.343329634139213, 53.738363265951953 ], [ -0.342875016004864, 53.738356980470648 ], [ -0.342864412643198, 53.73862650897965 ], [ -0.342409791774964, 53.738620221712807 ], [ -0.342388578722351, 53.739159278566611 ], [ -0.341024699714456, 53.73914040605252 ], [ -0.341014084210788, 53.739409934273937 ], [ -0.340559455313419, 53.739403639926323 ], [ -0.340580691960802, 53.738864583593269 ], [ -0.341035315045653, 53.738870877817476 ], [ -0.341045930204384, 53.738601349568789 ], [ -0.340591310025721, 53.738595055406279 ], [ -0.340601927918128, 53.738325527205632 ], [ -0.340147310818114, 53.738319231380949 ], [ -0.340126069048467, 53.73885828764513 ], [ -0.339216823741526, 53.738845690577108 ], [ -0.33920619678541, 53.739115218565225 ], [ -0.33875157148468, 53.739108917383554 ], [ -0.338740941449638, 53.739378445296239 ], [ -0.338286313415352, 53.73937214232884 ], [ -0.338296946356657, 53.73910261447795 ], [ -0.337842321401388, 53.739096309848421 ], [ -0.337874227907292, 53.738287726399221 ], [ -0.337419611843309, 53.73828142023121 ], [ -0.33743024990576, 53.738011892449343 ], [ -0.336975636920677, 53.738005584619302 ], [ -0.337007558788954, 53.737197001377247 ], [ -0.338825976894399, 53.737222221612456 ], [ -0.338815348068224, 53.737491749620709 ], [ -0.340179172178439, 53.737510646882292 ], [ -0.340200412222604, 53.736971590481602 ], [ -0.341564220450131, 53.736990471858405 ], [ -0.341574831495835, 53.736720943452475 ], [ -0.342938632557298, 53.736739809130029 ], [ -0.342928030229202, 53.737009337720927 ], [ -0.34338263383346, 53.737015622894127 ], [ -0.34339323325568, 53.736746094241646 ], [ -0.344302435168999, 53.736758659293422 ], [ -0.344313028607346, 53.73648913050409 ], [ -0.344767626916349, 53.736495410382716 ], [ -0.3447782172768, 53.73622588151818 ], [ -0.345687408599328, 53.736238435980987 ], [ -0.345697992976221, 53.735968906979728 ], [ -0.347061772532296, 53.735987725561152 ], [ -0.347082923336078, 53.735448667148759 ], [ -0.347992098943135, 53.735461204005098 ], [ -0.348002668276057, 53.735191674655525 ], [ -0.348457253431541, 53.735197940436677 ], [ -0.348467819687168, 53.734928411012042 ], [ -0.349831567466605, 53.734947197829015 ], [ -0.349842124833928, 53.734677668206579 ], [ -0.350296704864611, 53.734683926970149 ], [ -0.350022233121852, 53.741691694318327 ], [ -0.350476888883878, 53.741697952953338 ], [ -0.350434663797295, 53.742776070434424 ], [ -0.349979996407842, 53.742769811553949 ], [ -0.349958877021393, 53.743308870089976 ], [ -0.350413550224842, 53.743315129093162 ], [ -0.35039243596624, 53.743854187697373 ], [ -0.349483078102565, 53.74384166772127 ], [ -0.349472514901627, 53.744111196880176 ], [ -0.350381878579625, 53.744123716979033 ], [ -0.350329089073248, 53.745471363182837 ], [ -0.349419696322222, 53.745458842470185 ], [ -0.349409132091371, 53.745728371547287 ], [ -0.348954433065887, 53.745722108543028 ], [ -0.348965000204177, 53.745452579527331 ] ] } },
{ "type": "Feature", "properties": { "Year": 1990, "Sensor": "Landsat 5 TM" }, "geometry": { "type": "LineString", "coordinates": [ [ -0.268729135892946, 54.179835862922438 ], [ -0.268269707053155, 54.179829258024753 ], [ -0.268292229152181, 54.179290261610483 ], [ -0.267832806465811, 54.179283655091275 ], [ -0.26784407022262, 54.179014156928623 ], [ -0.26738465070526, 54.179007548722858 ], [ -0.267395917261602, 54.17873805061155 ], [ -0.266936500913246, 54.178731440719247 ], [ -0.266947770269024, 54.178461942659318 ], [ -0.266488357089662, 54.178455331080549 ], [ -0.266499629244778, 54.178185833072028 ], [ -0.266040219234402, 54.178179219806786 ], [ -0.266051494188758, 54.17790972184968 ], [ -0.265592087347362, 54.177903106898015 ], [ -0.26560336510086, 54.177633608992338 ], [ -0.26468455794099, 54.177620373964672 ], [ -0.264695841477512, 54.17735087617563 ], [ -0.264236441159076, 54.177344256099687 ], [ -0.264247727494491, 54.177074758362131 ], [ -0.263788330345054, 54.177068136599893 ], [ -0.263810908428358, 54.176529141213983 ], [ -0.263351517431729, 54.176522517830733 ], [ -0.263362809179475, 54.176253020182429 ], [ -0.262903421351776, 54.176246395112969 ], [ -0.262914715898079, 54.175976897516172 ], [ -0.262455331239299, 54.17597027076053 ], [ -0.26246662858406, 54.175700773215276 ], [ -0.262007247094194, 54.175694144773495 ], [ -0.262018547237317, 54.175424647279776 ], [ -0.261559168916355, 54.175418017151898 ], [ -0.26157047185774, 54.175148519709758 ], [ -0.261111096705674, 54.175141887895812 ], [ -0.261122402445225, 54.174872390505236 ], [ -0.260203658664301, 54.174859121753904 ], [ -0.260214970185368, 54.174589624480305 ], [ -0.259755601556546, 54.174582987542969 ], [ -0.259766915875529, 54.174313490321005 ], [ -0.259307550415625, 54.174306851697715 ], [ -0.259318867532428, 54.174037354527393 ], [ -0.25885950524143, 54.174030714218198 ], [ -0.258870825155955, 54.173761217099553 ], [ -0.258411466033858, 54.173754575104489 ], [ -0.258422788746006, 54.173485078037494 ], [ -0.257963432792801, 54.173478434356596 ], [ -0.257974758302476, 54.173208937341293 ], [ -0.257515405518154, 54.173202291974583 ], [ -0.257526733825257, 54.172932795010986 ], [ -0.256608034780158, 54.17291949915478 ], [ -0.256619368867665, 54.172650002308437 ], [ -0.256160022606923, 54.172643351818976 ], [ -0.25617135949161, 54.172373855024389 ], [ -0.255712016399773, 54.172367202849259 ], [ -0.255723356081543, 54.172097706106435 ], [ -0.2552640161586, 54.172091052245662 ], [ -0.255275358637356, 54.171821555554615 ], [ -0.254816021883299, 54.171814900008243 ], [ -0.254827367158942, 54.171545403368981 ], [ -0.253908700174654, 54.171532087153949 ], [ -0.25392005122989, 54.171262590632118 ], [ -0.253460720999694, 54.171255929963507 ], [ -0.253472074851569, 54.170986433493503 ], [ -0.253012747790281, 54.170979771139422 ], [ -0.253024104438697, 54.170710274721294 ], [ -0.252564780546306, 54.170703610681741 ], [ -0.252576139991166, 54.170434114315505 ], [ -0.251657498730461, 54.170420781114522 ], [ -0.251668863954254, 54.170151284865874 ], [ -0.251209546585975, 54.170144615704487 ], [ -0.251220914605964, 54.169875119507736 ], [ -0.250761600406604, 54.16986844866102 ], [ -0.25077297122269, 54.169598952516232 ], [ -0.25031366019224, 54.169592279984229 ], [ -0.250336407229941, 54.16905328778477 ], [ -0.249417797658113, 54.16903993773078 ], [ -0.249429176861907, 54.168770441741898 ], [ -0.24851057400098, 54.168757084815617 ], [ -0.248521958982747, 54.168487588944551 ], [ -0.248062660814511, 54.168480907920802 ], [ -0.248074048591834, 54.168211412101776 ], [ -0.247614753592511, 54.168204729392912 ], [ -0.247626144165293, 54.16793523362594 ], [ -0.246707560691253, 54.167921863087237 ], [ -0.246718957041499, 54.167652367438187 ], [ -0.246259668566818, 54.167645679608384 ], [ -0.246271067712275, 54.167376184011431 ], [ -0.245811782406527, 54.167369494496647 ], [ -0.245823184347097, 54.167099998951826 ], [ -0.245363902210274, 54.167093307752097 ], [ -0.24537530694586, 54.166823812259395 ], [ -0.244456749197068, 54.166810424739353 ], [ -0.244468159709458, 54.166540929364736 ], [ -0.244008884097527, 54.166534233044445 ], [ -0.244020297404683, 54.166264737722024 ], [ -0.24310175270587, 54.166251339961065 ], [ -0.243113171789474, 54.165981844756814 ], [ -0.242653902702628, 54.165975143316203 ], [ -0.24266532458075, 54.16570564816417 ], [ -0.242206058662878, 54.165698945038834 ], [ -0.242217483335422, 54.165429449939055 ], [ -0.241758220586514, 54.165422745129014 ], [ -0.241769648053381, 54.165153250081481 ], [ -0.24131038847343, 54.1651465435868 ], [ -0.241321818734523, 54.164877048591556 ], [ -0.240403306099947, 54.164863630482245 ], [ -0.240426177985931, 54.16432464071471 ], [ -0.239048428329145, 54.164304500817494 ], [ -0.239059872935131, 54.164035006111426 ], [ -0.238600626406102, 54.164028289377214 ], [ -0.238612073805818, 54.163758794723506 ], [ -0.238152830445792, 54.163752076304881 ], [ -0.238164280639141, 54.163482581703555 ], [ -0.23678656062936, 54.163462416142693 ], [ -0.236798019578707, 54.163192921726207 ], [ -0.236338782932309, 54.163186196437678 ], [ -0.236350244674987, 54.162916702073652 ], [ -0.235431777908267, 54.162903246377454 ], [ -0.235443245425299, 54.162633752132166 ], [ -0.234984015305013, 54.162627021724539 ], [ -0.234995485615128, 54.162357527531753 ], [ -0.234536258663939, 54.162350795439927 ], [ -0.234524785372761, 54.162620289566405 ], [ -0.233606326072551, 54.16260681999858 ], [ -0.233617805325843, 54.162337326004767 ], [ -0.233158578939033, 54.162330588661447 ], [ -0.233170060985151, 54.162061094720201 ], [ -0.232710837767563, 54.162054355692746 ], [ -0.232733807256993, 54.161515367901607 ], [ -0.231356156619534, 54.161495140714905 ], [ -0.231367650024385, 54.161225646997849 ], [ -0.230908436502816, 54.161218901167842 ], [ -0.23091993270005, 54.160949407503431 ], [ -0.229542302208576, 54.160929159710363 ], [ -0.229553807159549, 54.160659666231581 ], [ -0.229094600353566, 54.160652913532928 ], [ -0.229106108096621, 54.160383420106854 ], [ -0.227728497752688, 54.160363151708296 ], [ -0.227740014248952, 54.16009365846805 ], [ -0.225903215022593, 54.160066609698092 ], [ -0.225914743252285, 54.159797116710429 ], [ -0.224077958971603, 54.159770040201842 ], [ -0.224089498934268, 54.159500547467054 ], [ -0.222711921651202, 54.159480221907558 ], [ -0.22273501889145, 54.158941236796935 ], [ -0.221357461194433, 54.158920895885558 ], [ -0.221345903727877, 54.159190388247431 ], [ -0.219968338794798, 54.159170031383304 ], [ -0.219979905202397, 54.158900539221932 ], [ -0.220439090343552, 54.158907326526716 ], [ -0.220450653581267, 54.158637834284676 ], [ -0.219991471420407, 54.158631047046732 ], [ -0.220003037448833, 54.158361554857727 ], [ -0.2195438584578, 54.158354765936423 ], [ -0.219555427276839, 54.158085273800438 ], [ -0.220473779488095, 54.158098849759099 ], [ -0.220485342157216, 54.157829357475542 ], [ -0.220026168936949, 54.157822570438157 ], [ -0.220037734396647, 54.157553078207634 ], [ -0.217741886040297, 54.15751911710263 ], [ -0.21775346621062, 54.15724962519279 ], [ -0.215916802861934, 54.157222425073989 ], [ -0.215905210771533, 54.157491916715948 ], [ -0.214068538542873, 54.157464688326939 ], [ -0.214056934342261, 54.157734179686869 ], [ -0.21222025323669, 54.15770692302722 ], [ -0.212231869357442, 54.157437431935769 ], [ -0.210395203218358, 54.157410147542492 ], [ -0.210406831068588, 54.157140656705934 ], [ -0.208570179898783, 54.157113344579685 ], [ -0.20858181947804, 54.156843853998268 ], [ -0.210877619017361, 54.156877989444602 ], [ -0.210865994337631, 54.157147480362227 ], [ -0.211784321447284, 54.157161122424498 ], [ -0.211795940167174, 54.15689163137251 ], [ -0.21225510102776, 54.156898449711328 ], [ -0.212266716577334, 54.156628958578317 ], [ -0.210430086197292, 54.156601674991244 ], [ -0.210441713475774, 54.156332184113126 ], [ -0.208605098064222, 54.156304872793889 ], [ -0.208593458866518, 54.156574363403017 ], [ -0.207215990371395, 54.15655386133615 ], [ -0.207227638508472, 54.156284370928965 ], [ -0.204013572896068, 54.156236471992635 ], [ -0.204025241700276, 54.155966982043346 ], [ -0.202188648904289, 54.155939572991791 ], [ -0.20217696818129, 54.156209062671124 ], [ -0.201717817481105, 54.15620220596567 ], [ -0.201729501183791, 54.155932716353888 ], [ -0.200352059171476, 54.155912135940113 ], [ -0.200363751621554, 54.155642646517173 ], [ -0.199904607646959, 54.155635782946838 ], [ -0.199916302884972, 54.155366293577615 ], [ -0.197620600786091, 54.155331949814482 ], [ -0.197632310729975, 54.15506246076967 ], [ -0.1939592211904, 54.155007420293032 ], [ -0.193970954777838, 54.154737931776438 ], [ -0.191675294961237, 54.154703474945187 ], [ -0.191687043253158, 54.154433986754064 ], [ -0.190309658611464, 54.154413291860301 ], [ -0.190297901381519, 54.15468277984759 ], [ -0.189838770573613, 54.154675877981937 ], [ -0.189850530782891, 54.154406390062626 ], [ -0.188473148453827, 54.1543856741703 ], [ -0.188484917408188, 54.154116186441122 ], [ -0.188025793330148, 54.154109277711974 ], [ -0.188037565070841, 54.153839790036947 ], [ -0.185741962471658, 54.153805220483882 ], [ -0.185753748915203, 54.153535733135428 ], [ -0.18391728222924, 54.153508046268733 ], [ -0.18392908039597, 54.153238559179059 ], [ -0.181174404043337, 54.153196976794391 ], [ -0.181186219890817, 54.15292749010036 ], [ -0.180268001946643, 54.152913615443872 ], [ -0.180279823558379, 54.152644128872574 ], [ -0.179820717855832, 54.152637188988038 ], [ -0.179832542252724, 54.152367702471189 ], [ -0.177996133296474, 54.152339925709228 ], [ -0.178007969414931, 54.152070439452039 ], [ -0.174335184647132, 54.152014802489816 ], [ -0.174347044401718, 54.15174531676665 ], [ -0.173428856109943, 54.151731390166361 ], [ -0.173440721627553, 54.151461904566432 ], [ -0.172981630752016, 54.151454938710408 ], [ -0.172993499053808, 54.151185453165155 ], [ -0.172075323843561, 54.151171516341407 ], [ -0.172087197908017, 54.150902030919511 ], [ -0.170250861737357, 54.150874136551224 ], [ -0.170262747521305, 54.150604651390111 ], [ -0.169344586561524, 54.150590693845807 ], [ -0.169356478107606, 54.150321208808229 ], [ -0.168897400898466, 54.150314227480457 ], [ -0.168909295228076, 54.150044742497712 ], [ -0.16845022119226, 54.150037759489166 ], [ -0.1684621183053, 54.149768274561232 ], [ -0.168003047442801, 54.149761289871918 ], [ -0.168014947339173, 54.149491804998888 ], [ -0.166637744856825, 54.149470840640255 ], [ -0.166649653492909, 54.149201355959718 ], [ -0.166190589367272, 54.149194364410029 ], [ -0.166202500786387, 54.148924879784424 ], [ -0.165284379077117, 54.148910891574332 ], [ -0.165296296257292, 54.14864140707256 ], [ -0.164378181285436, 54.148627412002455 ], [ -0.164390104226463, 54.148357927624566 ], [ -0.163931050011654, 54.148350927534281 ], [ -0.163942975735314, 54.148081443211403 ], [ -0.163483924693948, 54.148074441440642 ], [ -0.163495853200143, 54.147804957172752 ], [ -0.163036805332211, 54.147797953721593 ], [ -0.163048736620844, 54.147528469508728 ], [ -0.162589691926336, 54.147521464377149 ], [ -0.162601625997309, 54.147251980219359 ], [ -0.162142584476219, 54.147244973407403 ], [ -0.16217839444906, 54.146436521057367 ], [ -0.161719362056828, 54.146429512703129 ], [ -0.161731301300897, 54.14616002862757 ], [ -0.160813243058707, 54.146146006809317 ], [ -0.160825188062332, 54.145876522857897 ], [ -0.160366162212409, 54.145869509393918 ], [ -0.160378109997843, 54.145600025497629 ], [ -0.157164955375687, 54.145550882754605 ], [ -0.157200860083315, 54.144742432433894 ], [ -0.156741847710751, 54.144735405252717 ], [ -0.156753818531722, 54.144465921853772 ], [ -0.15629480933262, 54.144458892992645 ], [ -0.156306782934703, 54.144189409648966 ], [ -0.154470760009763, 54.144161276989962 ], [ -0.154482745324451, 54.143891793909361 ], [ -0.154023743061256, 54.143884756441096 ], [ -0.154011754769379, 54.144154239452391 ], [ -0.153552749725433, 54.144147200165655 ], [ -0.153564740994495, 54.143877717223688 ], [ -0.151269733608894, 54.143842494900099 ], [ -0.15128173956709, 54.143573012291021 ], [ -0.150822741657062, 54.14356596264841 ], [ -0.150834750395597, 54.14329648009479 ], [ -0.150375755659395, 54.143289428772526 ], [ -0.150363743943803, 54.143558911256719 ], [ -0.149904746427364, 54.143551858115934 ], [ -0.149916761120009, 54.143282375701212 ], [ -0.148539778683222, 54.143261205992864 ], [ -0.148551802109989, 54.142991723772667 ], [ -0.14763382075773, 54.142977602027543 ], [ -0.147645849941364, 54.142708119932394 ], [ -0.147186862537793, 54.142701056505828 ], [ -0.147198894501209, 54.142431574466279 ], [ -0.146739910271659, 54.142424509360282 ], [ -0.146751945014761, 54.142155027376333 ], [ -0.145833983100925, 54.142140892056517 ], [ -0.145870104007468, 54.141332446438412 ], [ -0.144493189406877, 54.141311230968107 ], [ -0.144505238244356, 54.141041749276361 ], [ -0.1440462700822, 54.141034674024738 ], [ -0.144058321698824, 54.140765192388699 ], [ -0.143599356710683, 54.140758115457871 ], [ -0.143611411106356, 54.140488633877517 ], [ -0.142693487675633, 54.140474474908657 ], [ -0.142705547826703, 54.140204993453764 ], [ -0.141787631139256, 54.140190827628913 ], [ -0.141799697045515, 54.139921346299531 ], [ -0.140881787101599, 54.139907173618866 ], [ -0.140893858762841, 54.139637692415072 ], [ -0.140434907063862, 54.139630603521304 ], [ -0.140446981503603, 54.139361122373302 ], [ -0.139529084651728, 54.13934693947904 ], [ -0.139541164846091, 54.139077458456725 ], [ -0.138623274738332, 54.139063268707055 ], [ -0.138635360687112, 54.138793787810449 ], [ -0.13817641890639, 54.138786690382368 ], [ -0.13818850763327, 54.138517209541668 ], [ -0.137729569026714, 54.13851011043473 ], [ -0.137741660531598, 54.138240629649978 ], [ -0.136823789864947, 54.13822642632978 ], [ -0.136847984184337, 54.137687464997988 ], [ -0.13593012621435, 54.137673254962827 ], [ -0.135942229028555, 54.137403774415837 ], [ -0.135024377803483, 54.137389557525999 ], [ -0.135036486371086, 54.137120077105031 ], [ -0.134577564031925, 54.137112966107168 ], [ -0.134589675376939, 54.136843485742212 ], [ -0.134130756211979, 54.136836373065748 ], [ -0.134142870334307, 54.136566892756825 ], [ -0.133225038551284, 54.136552662298207 ], [ -0.133237158426501, 54.136283182115427 ], [ -0.131401509146203, 54.13625470049557 ], [ -0.131413640725321, 54.135985220579236 ], [ -0.130495823228675, 54.135970969418231 ], [ -0.130507960560152, 54.135701489628211 ], [ -0.130049055085614, 54.135694361495069 ], [ -0.13006119519375, 54.135424881761253 ], [ -0.129143390792361, 54.135410620389834 ], [ -0.129155536652498, 54.135141140782423 ], [ -0.127778840469175, 54.135119735822293 ], [ -0.127790995056482, 54.134850256411617 ], [ -0.126414309591356, 54.134828835926072 ], [ -0.126426472905505, 54.134559356712316 ], [ -0.125508689542271, 54.134545067787009 ], [ -0.125520858607682, 54.134275588699914 ], [ -0.122767531155526, 54.134232680383981 ], [ -0.122779717872749, 54.133963201705349 ], [ -0.122320833637702, 54.133956044270391 ], [ -0.122333023130417, 54.133686565648226 ], [ -0.121874142070182, 54.133679406535357 ], [ -0.121898526406671, 54.133140449389948 ], [ -0.120521902274812, 54.133118961984245 ], [ -0.120534103068382, 54.132849483602072 ], [ -0.120075231732397, 54.132842317707393 ], [ -0.120063027963866, 54.133111796019016 ], [ -0.119145279941771, 54.133097458843523 ], [ -0.119133070023316, 54.133366936999941 ], [ -0.118215316851291, 54.133352592689889 ], [ -0.118239748388071, 54.132813636645487 ], [ -0.116404268245465, 54.132784927610658 ], [ -0.1163920406774, 54.133054405357193 ], [ -0.115474295857876, 54.13304004020852 ], [ -0.115462062139568, 54.133309517799589 ], [ -0.115003187055427, 54.133302332532018 ], [ -0.115039896533882, 54.132493899928953 ], [ -0.114581030574922, 54.132486713125338 ], [ -0.114617747173672, 54.131678280608234 ], [ -0.114158890339479, 54.131671092268682 ], [ -0.114171131779426, 54.131401614805689 ], [ -0.113712278120417, 54.131394424788702 ], [ -0.113724522334449, 54.131124947382453 ], [ -0.112347971484842, 54.131103367054749 ], [ -0.112323465008469, 54.131642321428231 ], [ -0.1118646091774, 54.131635124347575 ], [ -0.111852352663444, 54.131904601442386 ], [ -0.110934635654307, 54.131890201894642 ], [ -0.110897847059106, 54.132698632669523 ], [ -0.110438979931508, 54.132691430060532 ], [ -0.110451245972275, 54.132421953220529 ], [ -0.107698065276843, 54.132378701278739 ], [ -0.107722632452365, 54.131839748408325 ], [ -0.107263775656551, 54.131832533774528 ], [ -0.107288347976458, 54.131293580989976 ], [ -0.106829497331133, 54.131286364750089 ], [ -0.106866363225086, 54.130477935681 ], [ -0.106407521704526, 54.1304707179061 ], [ -0.106432103909447, 54.129931765265255 ], [ -0.105973268538948, 54.1299245458844 ], [ -0.105985562313704, 54.129655069613975 ], [ -0.105067898125447, 54.129640625750199 ], [ -0.105043298477333, 54.130179577992571 ], [ -0.104584460736785, 54.130172353296302 ], [ -0.104535247125003, 54.131250257327849 ], [ -0.10269985058761, 54.131221339922952 ], [ -0.102724481592437, 54.130682388504724 ], [ -0.101806796431861, 54.13066791959821 ], [ -0.10181911758047, 54.130398444010453 ], [ -0.101360278277289, 54.130391207006262 ], [ -0.101372602198417, 54.130121731475676 ], [ -0.100454930146388, 54.130107252365505 ], [ -0.100467259814221, 54.129837776963434 ], [ -0.099549594518605, 54.129823291003554 ], [ -0.099561929932935, 54.129553815730041 ], [ -0.09910310056241, 54.129546570199309 ], [ -0.09911543874886, 54.129277094983081 ], [ -0.098656612554606, 54.129269847775682 ], [ -0.09866895351308, 54.129000372616716 ], [ -0.097751307679282, 54.12898587310054 ], [ -0.097763654383745, 54.128716398070289 ], [ -0.097304834744238, 54.12870914576159 ], [ -0.097317184220476, 54.128439670788644 ], [ -0.096399551496362, 54.128425161070169 ], [ -0.096411906718231, 54.128155686226009 ], [ -0.09595309363366, 54.12814842881626 ], [ -0.095965451627056, 54.127878954029491 ], [ -0.095506641718799, 54.127871694943252 ], [ -0.095519002483626, 54.127602220213873 ], [ -0.095977809418037, 54.127609479228639 ], [ -0.095990167006609, 54.127340004413703 ], [ -0.095072559287834, 54.127325484779213 ], [ -0.095047832013006, 54.127864434109085 ], [ -0.094589022509725, 54.12785717152699 ], [ -0.094576655594659, 54.12812664609929 ], [ -0.094117843320058, 54.128119381697758 ], [ -0.094105473228497, 54.128388856184472 ], [ -0.093646658182586, 54.128381589963453 ], [ -0.09365903124807, 54.128112115548277 ], [ -0.093200219378746, 54.128104847650825 ], [ -0.093224970849428, 54.127565898921368 ], [ -0.093683776771058, 54.127573166675674 ], [ -0.093708521483431, 54.127034217746768 ], [ -0.093249721509301, 54.127026950135551 ], [ -0.093286845978925, 54.126218526851233 ], [ -0.092828055128361, 54.126211257706842 ], [ -0.092840432519731, 54.125941783322148 ], [ -0.092381644845418, 54.125934512501516 ], [ -0.092406404966889, 54.125395563833038 ], [ -0.091488842120402, 54.12538101723483 ], [ -0.091476456214214, 54.125650491432893 ], [ -0.091017672121825, 54.125643215440512 ], [ -0.091042449678117, 54.125104267173548 ], [ -0.090583671735407, 54.12509698957669 ], [ -0.090596063182504, 54.124827515493735 ], [ -0.088302191380719, 54.124791101651844 ], [ -0.088314597491106, 54.124521627913289 ], [ -0.08739705613886, 54.124507050286034 ], [ -0.087434291089724, 54.123698629416403 ], [ -0.086975529637889, 54.123691338196551 ], [ -0.08698794385466, 54.123421864616937 ], [ -0.086529185579172, 54.123414571721263 ], [ -0.086516768389374, 54.123684045229105 ], [ -0.086058007344227, 54.123676750513987 ], [ -0.086070427507047, 54.123407277077966 ], [ -0.084694154511343, 54.123385382662363 ], [ -0.084706583389643, 54.123115909427824 ], [ -0.083789075022791, 54.123101304556442 ], [ -0.083801509643347, 54.122831831451563 ], [ -0.083342758738271, 54.122824526466424 ], [ -0.083355196128029, 54.122555053419369 ], [ -0.082896448399493, 54.122547746758542 ], [ -0.082971086296746, 54.120930908611648 ], [ -0.08251235660797, 54.12092360063496 ], [ -0.082524798516993, 54.120654127633074 ], [ -0.082983525233269, 54.120661435537805 ], [ -0.082995963966085, 54.120391962449872 ], [ -0.082537240222261, 54.120384654617077 ], [ -0.082562123021543, 54.119845708542776 ], [ -0.083020840820611, 54.11985301623168 ], [ -0.083033278942331, 54.119583543101442 ], [ -0.082115849492545, 54.119568926120117 ], [ -0.082128293355085, 54.119299453119666 ], [ -0.081669581908097, 54.119292142079942 ], [ -0.081682028539054, 54.119022669137351 ], [ -0.082140737013842, 54.119029980105125 ], [ -0.082165623720029, 54.118491034033674 ], [ -0.082624326454335, 54.11849834311019 ], [ -0.082649206401379, 54.117959396838451 ], [ -0.082190509611142, 54.117952087905827 ], [ -0.082215394687214, 54.11741314172157 ], [ -0.081756704044601, 54.117405831185629 ], [ -0.081744258636535, 54.117675304212831 ], [ -0.079909486216976, 54.117646044308778 ], [ -0.079921943512629, 54.117376571569586 ], [ -0.078545875255413, 54.117354608511768 ], [ -0.078533409044117, 54.117624081034741 ], [ -0.077616025282851, 54.117609430115877 ], [ -0.077628497437886, 54.117339957737151 ], [ -0.076711120437304, 54.117325299973665 ], [ -0.07673607602182, 54.11678635546243 ], [ -0.076277393771568, 54.116779024104233 ], [ -0.076314834530896, 54.115970607448013 ], [ -0.07677350786617, 54.115977938589722 ], [ -0.076785984738993, 54.115708466270583 ], [ -0.076327314375281, 54.115701135201043 ], [ -0.07633979401531, 54.115431662939955 ], [ -0.076798461407508, 54.115438993937317 ], [ -0.076835890187262, 54.114630576852889 ], [ -0.076377231709314, 54.114623246072007 ], [ -0.07640218915029, 54.114084301422807 ], [ -0.076860841685648, 54.114091632059356 ], [ -0.07687331712842, 54.113822159641416 ], [ -0.076414667564284, 54.113814829077022 ], [ -0.076427145773955, 54.113545356717118 ], [ -0.076885792366917, 54.113552687209342 ], [ -0.076935691278246, 54.112474797339978 ], [ -0.077394326191251, 54.112482125796674 ], [ -0.077419268479563, 54.11194318063302 ], [ -0.07787789765494, 54.111950507198571 ], [ -0.077890365521959, 54.111681034523464 ], [ -0.078348991930634, 54.111688359270047 ], [ -0.078361456622713, 54.111418886508716 ], [ -0.079278704110685, 54.111433530617184 ], [ -0.079291162657161, 54.111164057697593 ], [ -0.080208405019567, 54.111178694674621 ], [ -0.08022085742062, 54.110909221596849 ], [ -0.080679475936958, 54.110916537393102 ], [ -0.080704374186111, 54.110377591051211 ], [ -0.082080213133989, 54.110399527527271 ], [ -0.082092653041058, 54.110130054119246 ], [ -0.083009874083603, 54.110144669558856 ], [ -0.083022307845895, 54.109875195992856 ], [ -0.083939523761643, 54.109889804301609 ], [ -0.083951951379337, 54.109620330577698 ], [ -0.084869162167962, 54.109634931755721 ], [ -0.084881583641239, 54.109365457873992 ], [ -0.085340186370163, 54.109372755771076 ], [ -0.085352604669638, 54.109103281803385 ], [ -0.085811204631453, 54.109110577881928 ], [ -0.085823619757222, 54.108841103828354 ], [ -0.087199411950916, 54.108862981368333 ], [ -0.087211817962381, 54.108593507085303 ], [ -0.087670412796231, 54.108600796033514 ], [ -0.087682815634273, 54.108331321664643 ], [ -0.088599999970503, 54.108345894177539 ], [ -0.088612396664952, 54.108076419651148 ], [ -0.089529575872501, 54.108090985033989 ], [ -0.089541966423539, 54.107821510350142 ], [ -0.090459140502079, 54.107836068603092 ], [ -0.090471524909886, 54.107566593761852 ], [ -0.090930109283133, 54.107573870196738 ], [ -0.090942490518037, 54.107304395269793 ], [ -0.091401072123847, 54.107311669886457 ], [ -0.091413450185946, 54.107042194873806 ], [ -0.092789187308797, 54.107064008029433 ], [ -0.092801556258064, 54.106794532787994 ], [ -0.093718709412439, 54.106809066015707 ], [ -0.093731072219158, 54.106539590617146 ], [ -0.094648220243092, 54.106554116715536 ], [ -0.094660576907444, 54.106284641159917 ], [ -0.095577719800611, 54.10629916012914 ], [ -0.095590070322776, 54.106029684416512 ], [ -0.096048639102737, 54.106036941209858 ], [ -0.096036291550522, 54.106306416993917 ], [ -0.096494863502587, 54.106313672112137 ], [ -0.096507208084847, 54.106044196256661 ], [ -0.09788291624359, 54.106065950917845 ], [ -0.097907586982469, 54.105526998736444 ], [ -0.098824714885213, 54.105541492825814 ], [ -0.098837044012072, 54.105272016571348 ], [ -0.100671290359995, 54.105300983506801 ], [ -0.100683607405834, 54.105031506953139 ], [ -0.101600725850278, 54.105045979799399 ], [ -0.101613036754953, 54.104776503089198 ], [ -0.102071593309758, 54.104783736821382 ], [ -0.102083901043171, 54.10451426002593 ], [ -0.10254245482975, 54.10452149194046 ], [ -0.102554759391998, 54.104252015059757 ], [ -0.10347186163008, 54.104266473507131 ], [ -0.103484160051627, 54.103996996470038 ], [ -0.104401257155794, 54.104011447789382 ], [ -0.104413549436822, 54.103741970595998 ], [ -0.108081922142303, 54.103799705447599 ], [ -0.108094190465573, 54.103530227671889 ], [ -0.109928369761839, 54.103559052899733 ], [ -0.109940626006093, 54.103289574826235 ], [ -0.111316253676598, 54.103311175197106 ], [ -0.111328500811676, 54.103041696896987 ], [ -0.1127041213781, 54.103063281337754 ], [ -0.112691883151592, 54.103332759850332 ], [ -0.113150426710695, 54.103339951241921 ], [ -0.11316266196767, 54.103070472658551 ], [ -0.114079743747663, 54.103084850060959 ], [ -0.114067514429766, 54.103354328785848 ], [ -0.114984602949669, 54.103368699344109 ], [ -0.114972379370757, 54.103638178196377 ], [ -0.115430926900501, 54.103645360926578 ], [ -0.115418706091127, 54.103914839835539 ], [ -0.115877256790594, 54.103922020889975 ], [ -0.115865038750854, 54.10419149985556 ], [ -0.116323592620053, 54.104198679234223 ], [ -0.116311377350043, 54.104468158256459 ], [ -0.117228491627855, 54.104482511915585 ], [ -0.117240700958336, 54.104213032752078 ], [ -0.118157810096144, 54.104227379284012 ], [ -0.118170013287294, 54.103957899965266 ], [ -0.119087117284772, 54.103972239370108 ], [ -0.119099314336773, 54.103702759896201 ], [ -0.120016413193595, 54.103717092174108 ], [ -0.120028604106627, 54.103447612545089 ], [ -0.123696983755937, 54.103504871234747 ], [ -0.123709150712443, 54.103235391028122 ], [ -0.125084787459949, 54.103256834009258 ], [ -0.125072629412373, 54.103526314426965 ], [ -0.127365376153311, 54.103562018151472 ], [ -0.127353232755237, 54.10383149890658 ], [ -0.130104553222635, 54.103874286163745 ], [ -0.130092427444448, 54.104143767326008 ], [ -0.130550984520558, 54.104150892492946 ], [ -0.130563107328948, 54.103881411260559 ], [ -0.131480216136921, 54.103895656214696 ], [ -0.131492332807335, 54.103626174828094 ], [ -0.132867988597631, 54.103647528950376 ], [ -0.132855880836515, 54.103917010547171 ], [ -0.136065772071084, 54.103966776195236 ], [ -0.136053684900604, 54.104236258267868 ], [ -0.136512244553029, 54.104243360730045 ], [ -0.136524328753654, 54.103973878587482 ], [ -0.136982885634058, 54.103980979233199 ], [ -0.13699496666704, 54.103711497006778 ], [ -0.138829184286741, 54.103739881845122 ], [ -0.138817115133044, 54.104009364350951 ], [ -0.14019278933216, 54.104030634850744 ], [ -0.140180728890526, 54.104300117551936 ], [ -0.141097851950371, 54.104314289291978 ], [ -0.141109906452213, 54.104044806451299 ], [ -0.142485583612285, 54.104066050753104 ], [ -0.142497629007204, 54.103796567689301 ], [ -0.142956185485165, 54.103803645560518 ], [ -0.142968227713067, 54.103534162413084 ], [ -0.143426781418355, 54.10354123846809 ], [ -0.143438820479338, 54.103271755237017 ], [ -0.143897371411945, 54.103278829475904 ], [ -0.143909407306105, 54.103009346161215 ], [ -0.144367955466021, 54.103016418584012 ], [ -0.144379988193456, 54.102746935185728 ], [ -0.145297079164829, 54.10276107465269 ], [ -0.145309105755989, 54.102491591101263 ], [ -0.146226191575616, 54.102505723443251 ], [ -0.146238212030683, 54.102236239738737 ], [ -0.14990653941984, 54.102292698692956 ], [ -0.149918535921504, 54.102023214418736 ], [ -0.150377074759843, 54.102030263859639 ], [ -0.150389068095568, 54.101760779502094 ], [ -0.150847604160695, 54.101767827127205 ], [ -0.150859594330578, 54.101498342686284 ], [ -0.152235194794972, 54.101519474875126 ], [ -0.152247175860176, 54.101249990212253 ], [ -0.153164237878269, 54.101264069467554 ], [ -0.153176212808485, 54.100994584652135 ], [ -0.154551798397482, 54.101015690229453 ], [ -0.154563764223497, 54.100746205192337 ], [ -0.155939342667287, 54.100767294844673 ], [ -0.155927385749478, 54.101036780089373 ], [ -0.156385915258361, 54.101043806549946 ], [ -0.156409822959467, 54.100504835908268 ], [ -0.156868346725264, 54.100511860484147 ], [ -0.156880297312968, 54.100242375073222 ], [ -0.158714382454728, 54.100270455636888 ], [ -0.158726320969679, 54.100000969935628 ], [ -0.159184839774547, 54.100007985641639 ], [ -0.159172904228888, 54.100277471411957 ], [ -0.159631426198436, 54.100284485440682 ], [ -0.159643358774801, 54.100014999601335 ], [ -0.162852997243317, 54.100064048421977 ], [ -0.162864908839496, 54.099794562085904 ], [ -0.163323426431811, 54.099801562006043 ], [ -0.163335334863763, 54.099532075587149 ], [ -0.164710879902461, 54.099553064663077 ], [ -0.164722779231895, 54.099283578023623 ], [ -0.165639804293343, 54.09929756187173 ], [ -0.165651697489675, 54.09902807508071 ], [ -0.166568717391572, 54.099042051806066 ], [ -0.166580604454984, 54.098772564863538 ], [ -0.167039111728724, 54.098779550538033 ], [ -0.167050995628475, 54.098510063512826 ], [ -0.167509500127676, 54.098517047372312 ], [ -0.167521380863864, 54.098247560264419 ], [ -0.168438384507609, 54.098261522607245 ], [ -0.16846213352069, 54.097722548074792 ], [ -0.168920629696227, 54.097729526489466 ], [ -0.168932500942304, 54.097460039133651 ], [ -0.169390994343269, 54.097467015733471 ], [ -0.1694147303148, 54.096928040842727 ], [ -0.169873217972375, 54.096935015559062 ], [ -0.16988508269798, 54.096665528024126 ], [ -0.170343567581011, 54.096672500925663 ], [ -0.170355429143685, 54.096403013308176 ], [ -0.170813911252163, 54.096409984394981 ], [ -0.170825769652005, 54.096140496694957 ], [ -0.17128424898592, 54.096147465967022 ], [ -0.171296104223028, 54.09587797818449 ], [ -0.171754580782372, 54.095884945641856 ], [ -0.171766432856842, 54.095615457776809 ], [ -0.172224906641606, 54.095622423419542 ], [ -0.172236755553535, 54.095352935471986 ], [ -0.172695226563711, 54.095359899300128 ], [ -0.172707072313196, 54.095090411270121 ], [ -0.173165540548776, 54.095097373283643 ], [ -0.173189225529207, 54.094558397044828 ], [ -0.173647688021776, 54.094565357175291 ], [ -0.173659527252872, 54.094295868966498 ], [ -0.174117986970873, 54.094302827282462 ], [ -0.174141658915131, 54.093763850686116 ], [ -0.174600112890283, 54.093770807119149 ], [ -0.17462377812323, 54.09323183033019 ], [ -0.175082226355663, 54.093238784880377 ], [ -0.175094055713497, 54.092969296396568 ], [ -0.175552501171425, 54.092976249132384 ], [ -0.175576153370117, 54.092437271986128 ], [ -0.17603459308549, 54.092444222839198 ], [ -0.1760464159265, 54.092174734176794 ], [ -0.176504852867393, 54.092181683215621 ], [ -0.17652849203304, 54.091642705712218 ], [ -0.176986923231543, 54.091649652868426 ], [ -0.177010555687718, 54.091110675172615 ], [ -0.177468981143959, 54.091117620446255 ], [ -0.177480794114188, 54.090848131509134 ], [ -0.177939216796013, 54.090855074968644 ], [ -0.177951026605182, 54.090585585949242 ], [ -0.178409446512581, 54.090592527594644 ], [ -0.178421253160788, 54.090323038493025 ], [ -0.177962836221061, 54.090316096915949 ], [ -0.177974645643654, 54.090046607868729 ], [ -0.178433059615757, 54.090053549377487 ], [ -0.178444865877491, 54.089784060248057 ], [ -0.178903277075248, 54.089790999942771 ], [ -0.178915080176222, 54.089521510731103 ], [ -0.179373488599625, 54.08952844861183 ], [ -0.179397088287122, 54.088989470010205 ], [ -0.179855490968719, 54.088996406008683 ], [ -0.179867287555392, 54.088726916618754 ], [ -0.180325687462662, 54.088733850803322 ], [ -0.180349274122159, 54.088194871845197 ], [ -0.180807668287788, 54.088201804147658 ], [ -0.180819458360762, 54.087932314579518 ], [ -0.181277849752091, 54.087939245068149 ], [ -0.181289636664894, 54.087669755417878 ], [ -0.181748025281915, 54.08767668409272 ], [ -0.181771592594525, 54.087137704614072 ], [ -0.182229975470104, 54.087144631406964 ], [ -0.18225353607722, 54.086605651736342 ], [ -0.182711913211485, 54.086612576647383 ], [ -0.182747243775438, 54.085804106832697 ], [ -0.183205612201627, 54.085811029793796 ], [ -0.183217385703971, 54.085541539759632 ], [ -0.183675751355996, 54.085548460907155 ], [ -0.183687521698867, 54.085278970790959 ], [ -0.184145884576716, 54.085285890124908 ], [ -0.184181185549484, 54.084477419488614 ], [ -0.184639539719781, 54.084484336872883 ], [ -0.184651303358961, 54.084214846564926 ], [ -0.185109654755155, 54.084221762135748 ], [ -0.185133175522901, 54.083682781341942 ], [ -0.185591521178458, 54.083689695031318 ], [ -0.185603278307175, 54.083420204545533 ], [ -0.186061621188657, 54.083427116421504 ], [ -0.18608512893608, 54.082888135272171 ], [ -0.18654346607709, 54.082895045266838 ], [ -0.186555216695946, 54.082625554603325 ], [ -0.187013551062908, 54.082632462784687 ], [ -0.187072286441926, 54.081285008918698 ], [ -0.188447246202977, 54.081305721971873 ], [ -0.18843550840996, 54.081575212976702 ], [ -0.187977185331356, 54.081568310302913 ], [ -0.187953703236705, 54.082107292135049 ], [ -0.187495374417866, 54.082100387580148 ], [ -0.187483630116083, 54.082369878407405 ], [ -0.188400293878413, 54.082383685907821 ], [ -0.188388555317052, 54.082653176857058 ], [ -0.188846890452692, 54.082660078057273 ], [ -0.188835154665595, 54.082929569060532 ], [ -0.187918478653696, 54.082915764778967 ], [ -0.187906736741733, 54.083185255632479 ], [ -0.187448396057585, 54.083178350805781 ], [ -0.18742490572425, 54.083717332335219 ], [ -0.188341599150601, 54.083731140515049 ], [ -0.188353338480374, 54.083461649621384 ], [ -0.188811682515239, 54.083468551025355 ], [ -0.188799946151973, 54.083738041986912 ], [ -0.189258293345408, 54.083744941713427 ], [ -0.189270026742165, 54.083475450683942 ], [ -0.189728371161103, 54.083482348597208 ], [ -0.189751831445702, 54.082943366360823 ], [ -0.190210170123713, 54.08295026239302 ], [ -0.190221897011704, 54.082680771186126 ], [ -0.189763561300066, 54.082673875221801 ], [ -0.189787020432946, 54.082134892902047 ], [ -0.18932869084585, 54.082127995328186 ], [ -0.189352155143358, 54.081589013088603 ], [ -0.188893831680643, 54.081582113905263 ], [ -0.188905566507543, 54.081312622832542 ], [ -0.19211381401354, 54.081360879991138 ], [ -0.192125527885809, 54.081091388429641 ], [ -0.19258384675913, 54.0810982752608 ], [ -0.192595557473661, 54.080828783617605 ], [ -0.193512189863034, 54.080842551908852 ], [ -0.193523894453909, 54.080573060116286 ], [ -0.193982207969902, 54.080579941576381 ], [ -0.193993909403277, 54.080310449702218 ], [ -0.194452220144776, 54.080317329349469 ], [ -0.194405425126565, 54.081395297033616 ], [ -0.193947102520876, 54.081388417115576 ], [ -0.193923697930731, 54.081927400738913 ], [ -0.194382026468806, 54.081934280792382 ], [ -0.19439372589341, 54.08166478891993 ], [ -0.194852051656718, 54.081671667160442 ], [ -0.194898835576284, 54.080593699261094 ], [ -0.195815463948201, 54.080607449965086 ], [ -0.195803774187464, 54.080876942096062 ], [ -0.196262091626418, 54.080883814897916 ], [ -0.196273778421115, 54.08061432269929 ], [ -0.196732093085267, 54.08062119368833 ], [ -0.196743776722729, 54.080351701408233 ], [ -0.197660400692553, 54.080365438015569 ], [ -0.197672078206921, 54.0800959455864 ], [ -0.197213769092396, 54.080089078222898 ], [ -0.197248809386585, 54.079280601054826 ], [ -0.196790509360759, 54.079273732148984 ], [ -0.196802192042332, 54.079004239799445 ], [ -0.196343895173429, 54.078997369216083 ], [ -0.196367265894449, 54.07845838461062 ], [ -0.19682555683199, 54.078465255058759 ], [ -0.196837238940083, 54.07819576266759 ], [ -0.197295527103167, 54.0782026313031 ], [ -0.197318884814819, 54.07766364634395 ], [ -0.197777167237921, 54.077670513099271 ], [ -0.197812193475925, 54.076862035353734 ], [ -0.198270467193791, 54.076868900161401 ], [ -0.198293811133337, 54.076329914793206 ], [ -0.198752079111568, 54.076336777720876 ], [ -0.198763747829636, 54.076067284948401 ], [ -0.199222013033554, 54.076074146063625 ], [ -0.199268674136137, 54.074996174565001 ], [ -0.19972692767043, 54.07500303366534 ], [ -0.199750251146589, 54.074464047697766 ], [ -0.200208498941726, 54.074470904918336 ], [ -0.200255131745094, 54.073392932546781 ], [ -0.200713367871614, 54.073399787752713 ], [ -0.20072502263088, 54.073130294557679 ], [ -0.201641489526481, 54.073143999600475 ], [ -0.201676434872405, 54.072335519527584 ], [ -0.202134659712198, 54.072342369229681 ], [ -0.20216959444947, 54.071533888829741 ], [ -0.202627810586299, 54.07154073658505 ], [ -0.202639452153291, 54.071271243023268 ], [ -0.203097665516183, 54.071278088966586 ], [ -0.203120942150122, 54.070739101666717 ], [ -0.203579149774756, 54.070745945730721 ], [ -0.2036024197186, 54.070206958240689 ], [ -0.204060621605105, 54.070213800425499 ], [ -0.20409551620091, 54.069405318884435 ], [ -0.204553709385336, 54.06941215912277 ], [ -0.204565337572663, 54.069142665180706 ], [ -0.205023527983294, 54.069149503607271 ], [ -0.205046777859329, 54.068610515546972 ], [ -0.205963147395232, 54.068624186897651 ], [ -0.20599800299989, 54.067815704299655 ], [ -0.206456179161429, 54.067822537156637 ], [ -0.206502638785314, 54.066744559896293 ], [ -0.206960803282124, 54.066751390740023 ], [ -0.206984026026952, 54.066212401892251 ], [ -0.207442184786624, 54.066219230857271 ], [ -0.207488616143361, 54.065141252726605 ], [ -0.207946763239309, 54.065148079678636 ], [ -0.207958367640498, 54.064878585044148 ], [ -0.208416511962992, 54.064885410184822 ], [ -0.208451315138032, 54.064076925996723 ], [ -0.208909450760718, 54.064083749191745 ], [ -0.208990630786825, 54.062197285131127 ], [ -0.209448745858525, 54.062204106112233 ], [ -0.209495118420851, 54.061126126075663 ], [ -0.209953221831407, 54.061132945044363 ], [ -0.209964811535344, 54.0608634499335 ], [ -0.210422912172897, 54.060870267091133 ], [ -0.210446085087046, 54.060331276693667 ], [ -0.210904179989101, 54.060338091973229 ], [ -0.210973676409427, 54.058721120045959 ], [ -0.21143175372702, 54.058727933179412 ], [ -0.211512803530508, 54.05684146483128 ], [ -0.211970860303415, 54.05684827575184 ], [ -0.212063453595346, 54.054692310558039 ], [ -0.212521486864348, 54.054699119198993 ], [ -0.21256776712197, 54.053621136001652 ], [ -0.213025788734739, 54.053627942631202 ], [ -0.213037355364847, 54.053358446730265 ], [ -0.212579336713323, 54.053351640167691 ], [ -0.212602475328398, 54.052812648458179 ], [ -0.213060488057575, 54.052819454886844 ], [ -0.213095185678009, 54.052010967017807 ], [ -0.212637181831989, 54.052004160790027 ], [ -0.212660318555085, 54.051465168942002 ], [ -0.213118316479242, 54.051471975035867 ], [ -0.213187704343841, 54.049854998757532 ], [ -0.213645684692679, 54.049861802706424 ], [ -0.213657245714297, 54.049592306544618 ], [ -0.213199268326033, 54.04958550266268 ], [ -0.213222395723103, 54.04904651043136 ], [ -0.213680367190367, 54.04905331417946 ], [ -0.213715047986615, 54.048244825527817 ], [ -0.21325708540049, 54.048238021980509 ], [ -0.213268648248111, 54.047968525802531 ], [ -0.213726607873953, 54.047975329282899 ], [ -0.213819080167849, 54.045819358824886 ], [ -0.214277016302166, 54.04582616002687 ], [ -0.214334790544478, 54.044478677705904 ], [ -0.213876869208939, 54.044471876838429 ], [ -0.213899983502501, 54.04393288394688 ], [ -0.214357898918867, 54.043939684680566 ], [ -0.214484981471035, 54.040975222050818 ], [ -0.214942864524278, 54.040982020305997 ], [ -0.214965962069387, 54.040443026786782 ], [ -0.214508084934069, 54.040436228665349 ], [ -0.214542738712128, 54.039627738483247 ], [ -0.215000606970922, 54.039634536404066 ], [ -0.215185351083315, 54.035322585591089 ], [ -0.21564317219672, 54.035329380699828 ], [ -0.215654714141305, 54.035059883589462 ], [ -0.215196895985877, 54.035053088547542 ], [ -0.215243073708815, 54.033975100234876 ], [ -0.215700880032819, 54.033981895009461 ], [ -0.215747042905606, 54.032903906207878 ], [ -0.215289248412255, 54.032897111700613 ], [ -0.21535850480644, 54.031280128483687 ], [ -0.215816281555262, 54.03128692259002 ], [ -0.215839359596074, 54.030747927939935 ], [ -0.215381588761709, 54.030741133967254 ], [ -0.215416213279607, 54.029932642088717 ], [ -0.215873975242649, 54.029939435860932 ], [ -0.215908589191753, 54.029130943657272 ], [ -0.215450836099601, 54.029124150085522 ], [ -0.215612386812799, 54.025351185755746 ], [ -0.215154675300973, 54.025344391377587 ], [ -0.215316230433676, 54.021571425268519 ], [ -0.214858560492652, 54.021564630084292 ], [ -0.214904724134527, 54.020486639536074 ], [ -0.21444706620385, 54.020479842877734 ], [ -0.214458609598102, 54.020210345272886 ], [ -0.214916264573468, 54.020217141864372 ], [ -0.214927804823806, 54.019947644178849 ], [ -0.214470152803702, 54.019940847654176 ], [ -0.214539408075871, 54.018323861651062 ], [ -0.214081773974949, 54.018317063786142 ], [ -0.214104863466446, 54.017778068474634 ], [ -0.213647235463978, 54.017771269002182 ], [ -0.21367033011042, 54.01723227376899 ], [ -0.214127952203297, 54.017239073107717 ], [ -0.214208756839912, 54.015352588887104 ], [ -0.213751155429087, 54.015345790016411 ], [ -0.213820426915383, 54.013728803402429 ], [ -0.213362843418799, 54.013722003191859 ], [ -0.21340903245274, 54.012644012106236 ], [ -0.212951460960916, 54.012637210422255 ], [ -0.213020756574194, 54.01102022377944 ], [ -0.212563202993723, 54.01101342075593 ], [ -0.212597857113491, 54.010204927448143 ], [ -0.213055401833299, 54.010211730270953 ], [ -0.213066949875616, 54.009942232407106 ], [ -0.212609408109265, 54.009935429651172 ], [ -0.212655610205067, 54.008857438324682 ], [ -0.212198080440784, 54.008850634095658 ], [ -0.212302050693982, 54.006425153402496 ], [ -0.211844547695606, 54.006418348035069 ], [ -0.211856101955042, 54.006148850177894 ], [ -0.211398602098213, 54.00614204313689 ], [ -0.211467941406385, 54.004525056104391 ], [ -0.211010459453964, 54.004518247724562 ], [ -0.211056693692889, 54.003440256360129 ], [ -0.210599223738724, 54.003433446507763 ], [ -0.210645466765069, 54.00235545518936 ], [ -0.210188008808404, 54.002348643864565 ], [ -0.210222697951103, 54.001540150431133 ], [ -0.209765249039296, 54.001533337567054 ], [ -0.209811510392333, 54.000455346396301 ], [ -0.209354073476711, 54.000448532060048 ], [ -0.209411910675198, 53.999101043119673 ], [ -0.2089544887065, 53.99909422737835 ], [ -0.208977628166044, 53.99855523183917 ], [ -0.20852021228918, 53.998548414491893 ], [ -0.208566500745487, 53.997470423515232 ], [ -0.20810909686274, 53.997463604696108 ], [ -0.20814382007351, 53.996655111519161 ], [ -0.207686425233124, 53.996648291161264 ], [ -0.207709578996953, 53.99610929577473 ], [ -0.207252190247618, 53.996102473811121 ], [ -0.207298507309432, 53.995024483139908 ], [ -0.206841130552536, 53.995017659704807 ], [ -0.206864293850002, 53.994478664420136 ], [ -0.206406923183635, 53.994471839379457 ], [ -0.206441675562731, 53.993663346549759 ], [ -0.205984313937232, 53.993656519970685 ], [ -0.20603065959536, 53.992578529605318 ], [ -0.205573309960627, 53.992571701555093 ], [ -0.205608076067844, 53.991763208836794 ], [ -0.205150735473011, 53.991756379248386 ], [ -0.205185508726957, 53.990947886606648 ], [ -0.204728177171615, 53.990941055480164 ], [ -0.204751364294235, 53.990402060450641 ], [ -0.204294038828114, 53.990395227718992 ], [ -0.20432882694138, 53.989586735272141 ], [ -0.203871510514078, 53.989579901002593 ], [ -0.203929501663315, 53.988232413649577 ], [ -0.2034722001735, 53.988225577976607 ], [ -0.203518601481046, 53.987147588113217 ], [ -0.20260402266495, 53.987133912087103 ], [ -0.202650444534988, 53.986055922539443 ], [ -0.202193167207983, 53.986049082186476 ], [ -0.202239597841663, 53.984971092685726 ], [ -0.201782332500201, 53.984964250862618 ], [ -0.201817162331614, 53.984155758793086 ], [ -0.201359906026216, 53.984148915432662 ], [ -0.201394742997361, 53.983340423440019 ], [ -0.200937495727616, 53.983333578542386 ], [ -0.200949110620654, 53.983064081251044 ], [ -0.200491866489154, 53.983057234681723 ], [ -0.200526718875701, 53.982248742926252 ], [ -0.200069483779333, 53.982241894819879 ], [ -0.200115962765445, 53.981163905887499 ], [ -0.199658739652026, 53.981157056311517 ], [ -0.199693605743773, 53.980348564668439 ], [ -0.199236391664518, 53.98034171355561 ], [ -0.199271264892278, 53.97953322198962 ], [ -0.198814059846776, 53.979526369340071 ], [ -0.198825686824295, 53.97925687219098 ], [ -0.198368484916525, 53.979250017870058 ], [ -0.198403373553345, 53.978441526541609 ], [ -0.197946180678807, 53.978434670684095 ], [ -0.197992707993297, 53.9773566823213 ], [ -0.197535527099114, 53.977349824994711 ], [ -0.197570429433155, 53.976541333778997 ], [ -0.197113257571237, 53.97653447491605 ], [ -0.197148167037575, 53.9757259837776 ], [ -0.196691004207512, 53.975719123378383 ], [ -0.196714282129454, 53.975180129351479 ], [ -0.196257125383748, 53.975173267348637 ], [ -0.19629204968259, 53.974364776406446 ], [ -0.195834901968068, 53.974357912867532 ], [ -0.195858189777474, 53.973818918971531 ], [ -0.195401048146886, 53.973812053829128 ], [ -0.195447633271574, 53.972734066140355 ], [ -0.194990503618193, 53.972727199529515 ], [ -0.195025449305077, 53.97191870881953 ], [ -0.194568328681651, 53.971911840672895 ], [ -0.19459163074833, 53.971372846931772 ], [ -0.194134516208054, 53.971365977181911 ], [ -0.194157823406641, 53.970826983520254 ], [ -0.193700714949357, 53.970820112167232 ], [ -0.193770649656337, 53.96920313125392 ], [ -0.193313559066372, 53.969196258568005 ], [ -0.193360190182599, 53.96811827128473 ], [ -0.192446033141069, 53.968104521239212 ], [ -0.192492684778313, 53.967026534274105 ], [ -0.192035618326025, 53.967019656914673 ], [ -0.192082278699296, 53.965941669997534 ], [ -0.191625224219557, 53.965934791170582 ], [ -0.19167189332757, 53.964856804301483 ], [ -0.191214850819625, 53.964849924007119 ], [ -0.191238190121328, 53.964310930624407 ], [ -0.190781153694246, 53.964304048727527 ], [ -0.190804498124192, 53.963765055424446 ], [ -0.190347467777812, 53.963758171925072 ], [ -0.190394166131222, 53.962680185422698 ], [ -0.18993714775516, 53.962673300456252 ], [ -0.189972178353686, 53.961864810636456 ], [ -0.189515169002521, 53.961857924135373 ], [ -0.189561885577368, 53.960779937785063 ], [ -0.189104888195211, 53.960773049817121 ], [ -0.189116569806832, 53.960503553262484 ], [ -0.188659575559812, 53.960496663624696 ], [ -0.188694628083819, 53.959688174080412 ], [ -0.188237642860616, 53.959681282908278 ], [ -0.188261016144942, 53.959142289944666 ], [ -0.187804037000976, 53.959135397170535 ], [ -0.187850793057182, 53.95805741134734 ], [ -0.187393825880387, 53.958050517106777 ], [ -0.187417208651751, 53.957511524247209 ], [ -0.186960247553671, 53.957504628404827 ], [ -0.18699532911113, 53.956696139214479 ], [ -0.18653837703538, 53.956689241838085 ], [ -0.186561769673523, 53.956150249110522 ], [ -0.186104823676066, 53.956143350132457 ], [ -0.186151618435982, 53.955065364781554 ], [ -0.185694684403664, 53.955058464337476 ], [ -0.185729787299111, 53.954249975381664 ], [ -0.185272862287896, 53.954243073403866 ], [ -0.185331378010594, 53.952895591871695 ], [ -0.184417557993022, 53.952881783383205 ], [ -0.184452682792797, 53.952073294704007 ], [ -0.183995781899548, 53.952066388057794 ], [ -0.184042624062323, 53.950988403228834 ], [ -0.18358573513143, 53.950981495117212 ], [ -0.183620873574946, 53.95017300655298 ], [ -0.18316399366311, 53.950166096908134 ], [ -0.183210854015236, 53.949088112232587 ], [ -0.182297118304862, 53.949074288275625 ], [ -0.182343999136615, 53.947996303920711 ], [ -0.181887143337356, 53.947989389608814 ], [ -0.181910588490029, 53.947450397483721 ], [ -0.181453738766293, 53.947443481571021 ], [ -0.181488913886724, 53.946634993482824 ], [ -0.181032073180299, 53.946628076037342 ], [ -0.181067255404461, 53.945819588027774 ], [ -0.180610423714938, 53.945812669049623 ], [ -0.180633883457748, 53.945273677109604 ], [ -0.180177057843067, 53.945266756530863 ], [ -0.180200522703578, 53.944727764671136 ], [ -0.17974370316358, 53.944720842491883 ], [ -0.179778907843156, 53.943912354801903 ], [ -0.179322097319129, 53.943905431090243 ], [ -0.179345572030949, 53.943366439363359 ], [ -0.178888767581183, 53.94335951405133 ], [ -0.178923987036418, 53.942551026560686 ], [ -0.178467191601954, 53.942544099716429 ], [ -0.178490676163344, 53.942005108122466 ], [ -0.178033886802719, 53.941998179677988 ], [ -0.178057376479861, 53.941459188164458 ], [ -0.177600593192915, 53.941452258119838 ], [ -0.177624087985451, 53.940913266686778 ], [ -0.177167310772023, 53.940906335042065 ], [ -0.177190810679596, 53.940367343689502 ], [ -0.176734039539525, 53.940360410444775 ], [ -0.176769296785298, 53.939551923515793 ], [ -0.176312534659079, 53.939544988739264 ], [ -0.176347799000951, 53.938736501889281 ], [ -0.175891045888174, 53.938729565581028 ], [ -0.175926317325383, 53.937921078810113 ], [ -0.175469573225641, 53.937914140970236 ], [ -0.17548133292808, 53.937644645420214 ], [ -0.175024591960495, 53.937637705912465 ], [ -0.175048116670311, 53.937098714906995 ], [ -0.17459138177508, 53.93709177379958 ], [ -0.174650204892033, 53.935744296383014 ], [ -0.17419348488903, 53.935737353880626 ], [ -0.174217018672185, 53.935198362952868 ], [ -0.173760304740914, 53.935191418851019 ], [ -0.173807381762825, 53.934113437101139 ], [ -0.173350679782509, 53.93410649153634 ], [ -0.173362451497641, 53.933836996132264 ], [ -0.17290575264897, 53.9338300488999 ], [ -0.172941075460791, 53.933021562808783 ], [ -0.172484385622741, 53.933014614045419 ], [ -0.172531491773733, 53.931936632668524 ], [ -0.172074813885163, 53.931929682442551 ], [ -0.17211015029896, 53.931121196468347 ], [ -0.171653481420046, 53.931114244711587 ], [ -0.171688824921788, 53.930305758816779 ], [ -0.17123216505212, 53.930298805529318 ], [ -0.171243948773966, 53.930029310271472 ], [ -0.170787292035432, 53.930022355316758 ], [ -0.170810864780218, 53.929483364895887 ], [ -0.170354214111633, 53.929476408342296 ], [ -0.170377791964944, 53.928937418002349 ], [ -0.169921147366148, 53.928930459849965 ], [ -0.169956521519877, 53.928121974440515 ], [ -0.169499885929286, 53.928115014757758 ], [ -0.169523473613844, 53.927576024551819 ], [ -0.169066844092621, 53.927569063270411 ], [ -0.169090436884553, 53.927030073145417 ], [ -0.168633813432537, 53.927023110265431 ], [ -0.168645612478232, 53.926753615250405 ], [ -0.168188992156988, 53.926746650703464 ], [ -0.168212595547562, 53.926207660768434 ], [ -0.167299367235573, 53.926193726742305 ], [ -0.167322981608826, 53.925654737025241 ], [ -0.166866373617961, 53.925647767546167 ], [ -0.166901802547662, 53.924839283071307 ], [ -0.166445203563474, 53.924832312062406 ], [ -0.166480639573375, 53.924023827667448 ], [ -0.166024049595457, 53.924016855128791 ], [ -0.166047678514363, 53.923477865599352 ], [ -0.165591094604629, 53.923470891462578 ], [ -0.165626545350803, 53.922662407269314 ], [ -0.165169970446669, 53.922655431602983 ], [ -0.165181789914157, 53.922385936912498 ], [ -0.16472521814031, 53.922378959579639 ], [ -0.164748862371928, 53.921839970293881 ], [ -0.164292296665783, 53.921832991363068 ], [ -0.164315946000924, 53.921294002158625 ], [ -0.163859386362321, 53.921287021629936 ], [ -0.163883040800629, 53.920748032506772 ], [ -0.163426487229408, 53.920741050380272 ], [ -0.163461976251709, 53.919932566796632 ], [ -0.163005431684786, 53.91992558314098 ], [ -0.163040927781846, 53.919117099637504 ], [ -0.162584392218814, 53.919110114452813 ], [ -0.162608061192506, 53.918571125517914 ], [ -0.162151531696176, 53.918564138735633 ], [ -0.162187042519547, 53.917755655434462 ], [ -0.161730522026439, 53.917748667123305 ], [ -0.161754200816803, 53.917209678323353 ], [ -0.161297686389975, 53.917202688414775 ], [ -0.161333211937057, 53.916394205316067 ], [ -0.160876706512784, 53.916387213878785 ], [ -0.160935926577562, 53.915039742111752 ], [ -0.160479436027865, 53.91503274928322 ], [ -0.160491282397587, 53.914763254956597 ], [ -0.160034794977198, 53.914756260462227 ], [ -0.160105886755077, 53.913139294621466 ], [ -0.159649417143707, 53.913132298804825 ], [ -0.159708669657813, 53.911784827230356 ], [ -0.159252214918181, 53.911777830022885 ], [ -0.159287772914591, 53.91096934711679 ], [ -0.158374881628178, 53.910955347911226 ], [ -0.15841045549752, 53.910146865291921 ], [ -0.157954018950365, 53.910139863293985 ], [ -0.158001459810295, 53.90906188654774 ], [ -0.157545035197247, 53.909054883090704 ], [ -0.157580622616934, 53.908246400590691 ], [ -0.157124207002326, 53.908239395605861 ], [ -0.15715980148605, 53.907430913186495 ], [ -0.157616208296055, 53.907437917964927 ], [ -0.157628069802323, 53.907168423728407 ], [ -0.156715262245284, 53.907154412575053 ], [ -0.15673899641648, 53.906615424335293 ], [ -0.156282598797532, 53.906608416295171 ], [ -0.156294468527549, 53.906338922223171 ], [ -0.156750863211877, 53.906345930194455 ], [ -0.156762729813811, 53.906076436039655 ], [ -0.156306338064057, 53.906069428137194 ], [ -0.156341945512563, 53.905260945795433 ], [ -0.15588556275973, 53.905253936365462 ], [ -0.155897434456618, 53.904984442292431 ], [ -0.156353814275074, 53.904991451653565 ], [ -0.156425022787037, 53.903374486508895 ], [ -0.15596866057384, 53.903367477560799 ], [ -0.155980530916066, 53.903097983389962 ], [ -0.155524171830418, 53.903090972776887 ], [ -0.155559790497903, 53.902282490387023 ], [ -0.155103440407625, 53.90227547824675 ], [ -0.155127191085873, 53.901736490054716 ], [ -0.154670847056814, 53.901729476318437 ], [ -0.15469460282818, 53.901190488208258 ], [ -0.15423826486018, 53.901183472876035 ], [ -0.154262025724306, 53.900644484847724 ], [ -0.153805693817206, 53.900637467919658 ], [ -0.153829459773736, 53.900098479973266 ], [ -0.153373133927374, 53.900091461449385 ], [ -0.153396904975952, 53.899552473584933 ], [ -0.152940585190168, 53.899545453465336 ], [ -0.152952473357194, 53.899275959581068 ], [ -0.152496156698534, 53.899268937796862 ], [ -0.152519938317785, 53.898729950124306 ], [ -0.152063627719484, 53.898722926744462 ], [ -0.152087414429792, 53.898183939153938 ], [ -0.151631109891687, 53.898176914178556 ], [ -0.151654901692696, 53.897637926670079 ], [ -0.151198603214629, 53.897630900099216 ], [ -0.151234298260751, 53.896822418938619 ], [ -0.150778008775454, 53.896815390841347 ], [ -0.150801810368839, 53.896276403469066 ], [ -0.150345526943159, 53.89626937377647 ], [ -0.150369333626097, 53.895730386486328 ], [ -0.149913056259873, 53.895723355198449 ], [ -0.149924962242969, 53.895453861601432 ], [ -0.149468688003447, 53.89544682864932 ], [ -0.149492505252619, 53.894907841551451 ], [ -0.149036237072332, 53.89490080700417 ], [ -0.149048148338268, 53.894631313503361 ], [ -0.148591883284614, 53.894624277291904 ], [ -0.148639538136511, 53.893546303425062 ], [ -0.148183285006511, 53.8935392657568 ], [ -0.148207117131878, 53.893000278877665 ], [ -0.147750870060533, 53.892993239614441 ], [ -0.147786625588339, 53.892184759398191 ], [ -0.147330387507536, 53.892177718609254 ], [ -0.147342308560314, 53.891908225244968 ], [ -0.1468860736058, 53.89190118279209 ], [ -0.146909920992352, 53.891362196159882 ], [ -0.146453692096011, 53.891355152112254 ], [ -0.146465618429645, 53.891085658844339 ], [ -0.146009392659523, 53.891078613132862 ], [ -0.146033250607237, 53.890539626693403 ], [ -0.145577030895068, 53.890532579387298 ], [ -0.145600893928499, 53.889993593030269 ], [ -0.145144680274123, 53.889986544129606 ], [ -0.145168548392914, 53.889447557855028 ], [ -0.144712340796172, 53.889440507359872 ], [ -0.144736213999966, 53.888901521167774 ], [ -0.144280012460698, 53.888894469078188 ], [ -0.14430389074914, 53.888355482968599 ], [ -0.143847695267184, 53.888348429284662 ], [ -0.143859637050856, 53.88807893627812 ], [ -0.143403444694807, 53.888071880930625 ], [ -0.143415389215117, 53.88780238797937 ], [ -0.142959199984966, 53.887795330968316 ], [ -0.142983094303978, 53.887256345162399 ], [ -0.142526911130859, 53.887249286557186 ], [ -0.142550810533253, 53.886710300833847 ], [ -0.142094633417005, 53.88670324063451 ], [ -0.142118537902424, 53.886164254993837 ], [ -0.141662366842889, 53.886157193200425 ], [ -0.141686276410977, 53.885618207642409 ], [ -0.141230111407993, 53.885611144255023 ], [ -0.14124206883062, 53.885341651524335 ], [ -0.140785906953283, 53.885334586473661 ], [ -0.140809827075428, 53.884795601109062 ], [ -0.140353671254422, 53.884788534464505 ], [ -0.140377596458248, 53.884249549182655 ], [ -0.139921446693412, 53.884242480944287 ], [ -0.139945376978563, 53.88370349574523 ], [ -0.139489233269737, 53.883696425913108 ], [ -0.139501201050303, 53.883426933361974 ], [ -0.139045060466934, 53.883419861866749 ], [ -0.139069001303774, 53.882880876861343 ], [ -0.138612866776195, 53.882873803772497 ], [ -0.138636812693372, 53.882334818849927 ], [ -0.138180684221421, 53.882327744167519 ], [ -0.138204635218579, 53.881788759327854 ], [ -0.137748512802098, 53.881781683051948 ], [ -0.13777246887888, 53.881242698295189 ], [ -0.137316352517709, 53.881235620425848 ], [ -0.137340313673761, 53.880696635752052 ], [ -0.136884203367738, 53.880689556289354 ], [ -0.136896186582846, 53.880420064000937 ], [ -0.13644007940197, 53.88041298287542 ], [ -0.136452065351671, 53.88014349064251 ], [ -0.135995961295932, 53.880136407854209 ], [ -0.13601993846899, 53.87959742348545 ], [ -0.135563840468119, 53.879590339103935 ], [ -0.135599813551653, 53.878781862654328 ], [ -0.135143724535081, 53.878774776749275 ], [ -0.135155718101729, 53.878505284640944 ], [ -0.134699632210113, 53.878498197073256 ], [ -0.134723624616117, 53.877959212953712 ], [ -0.134267544778887, 53.877952123793037 ], [ -0.134291542261829, 53.877413139756605 ], [ -0.133835468478827, 53.877406049003 ], [ -0.13385947103835, 53.876867065049744 ], [ -0.133403403309416, 53.876859972703272 ], [ -0.133427410945165, 53.8763209888332 ], [ -0.132971349270138, 53.87631389489394 ], [ -0.132983355723754, 53.876044403007512 ], [ -0.132527297173431, 53.876037307405852 ], [ -0.132551315351872, 53.87549832373027 ], [ -0.132095262855236, 53.875491226535914 ], [ -0.132119286108915, 53.874952242943614 ], [ -0.131663239665805, 53.874945144156655 ], [ -0.131687267994369, 53.874406160647631 ], [ -0.131231227604624, 53.874399060268132 ], [ -0.131255261007716, 53.873860076842426 ], [ -0.130799226671178, 53.873852974870438 ], [ -0.130811246007715, 53.873583483206268 ], [ -0.130355214795631, 53.873576379572128 ], [ -0.130391280416032, 53.872767904704695 ], [ -0.129935258185426, 53.872760799547933 ], [ -0.129947282595642, 53.872491307967167 ], [ -0.129491263489368, 53.872484201148339 ], [ -0.129515317578878, 53.871945218084264 ], [ -0.129059304525271, 53.871938109673188 ], [ -0.129071334204427, 53.871668618189894 ], [ -0.128615324275082, 53.87166150811688 ], [ -0.128627356686508, 53.871392016689349 ], [ -0.128171349881419, 53.871384904954404 ], [ -0.128183385025021, 53.871115413582658 ], [ -0.127727381344179, 53.871108300185796 ], [ -0.127751456899443, 53.870569317539889 ], [ -0.127295459270924, 53.870562202551021 ], [ -0.127319539897831, 53.870023219988667 ], [ -0.126863548321476, 53.870016103407856 ], [ -0.126875591268664, 53.869746612175497 ], [ -0.126419602816424, 53.869739493932912 ], [ -0.126443693977994, 53.86920051156585 ], [ -0.125987711577698, 53.869193391731422 ], [ -0.125999759791941, 53.868923900596755 ], [ -0.125543780515692, 53.868916779100665 ], [ -0.12555583146141, 53.868647288021862 ], [ -0.1250998553092, 53.868640164864125 ], [ -0.125123962467046, 53.868101182804246 ], [ -0.124667992366498, 53.86809405805483 ], [ -0.124692104594091, 53.867555076078702 ], [ -0.124236140545045, 53.867547949737698 ], [ -0.12426025784203, 53.867008967845329 ], [ -0.123804299844325, 53.867001839912788 ], [ -0.123816361125569, 53.8667323490155 ], [ -0.123360406251713, 53.866725219421525 ], [ -0.123384534079429, 53.866186237724826 ], [ -0.122928585256694, 53.86617910653942 ], [ -0.122952718152816, 53.865640124926571 ], [ -0.122496775381041, 53.86563299214982 ], [ -0.122508844461421, 53.865363501392345 ], [ -0.122052904813366, 53.865356366954259 ], [ -0.12206497662424, 53.865086876252796 ], [ -0.121609040099895, 53.865079740153426 ], [ -0.121621114641172, 53.864810249507954 ], [ -0.121165181240527, 53.864803111747364 ], [ -0.12117725851211, 53.864533621157911 ], [ -0.120721328235159, 53.864526481736064 ], [ -0.120745488041986, 53.863987500655227 ], [ -0.120289563815594, 53.863980359642312 ], [ -0.1203016463507, 53.863710869150914 ], [ -0.119845725247932, 53.863703726476871 ], [ -0.119881980452663, 53.862895255128734 ], [ -0.118970156398032, 53.862880965007804 ], [ -0.118994337256758, 53.862341984319343 ], [ -0.118538431377999, 53.862334836802468 ], [ -0.118550524438506, 53.862065346507315 ], [ -0.118094621683232, 53.862058197329461 ], [ -0.118118813066259, 53.861519216837387 ], [ -0.117662916360882, 53.861512066068798 ], [ -0.117675014683265, 53.86124257587187 ], [ -0.117219121101305, 53.861235423442416 ], [ -0.117243323007534, 53.860696443146836 ], [ -0.116787435475249, 53.860689289126746 ], [ -0.116811642445541, 53.860150308915401 ], [ -0.116355760962772, 53.860143153304776 ], [ -0.116367867078354, 53.859873663248244 ], [ -0.115911988718872, 53.859866505976889 ], [ -0.115936206210637, 53.859327525962186 ], [ -0.115480333900449, 53.859320367100395 ], [ -0.115492445276493, 53.859050877142245 ], [ -0.115036576089523, 53.85904371661978 ], [ -0.115060804101661, 53.858504736801883 ], [ -0.114604940963766, 53.858497574689117 ], [ -0.114617057599722, 53.858228084829371 ], [ -0.114161197584974, 53.858220921056031 ], [ -0.114185436116388, 53.857681941435011 ], [ -0.113729582150495, 53.857674776071484 ], [ -0.113741704045814, 53.857405286310204 ], [ -0.113285853203, 53.857398119286181 ], [ -0.113297977826523, 53.857128629581219 ], [ -0.112842130106778, 53.857121460896749 ], [ -0.11285425745841, 53.856851971248076 ], [ -0.112398412861727, 53.856844800903204 ], [ -0.112422672823476, 53.85630582170441 ], [ -0.111966834275305, 53.856298649769556 ], [ -0.111978966885285, 53.856029160219464 ], [ -0.111523131460105, 53.856021986624292 ], [ -0.111535266797864, 53.855752497130553 ], [ -0.111079434495669, 53.855745321875084 ], [ -0.11110371042889, 53.855206342986257 ], [ -0.110647884174926, 53.855199166140984 ], [ -0.11066002477025, 53.854929676745911 ], [ -0.110204201639199, 53.85492249824042 ], [ -0.110228488087001, 53.854383519548996 ], [ -0.109772671003961, 53.854376339453808 ], [ -0.109796962510853, 53.853837360847081 ], [ -0.109341151475663, 53.853830179162259 ], [ -0.10935329985739, 53.853560689908271 ], [ -0.108897491944985, 53.853553506563408 ], [ -0.108909643053792, 53.85328401736583 ], [ -0.108453838264163, 53.853276832360919 ], [ -0.108465992099954, 53.853007343219829 ], [ -0.108010190433091, 53.853000156554913 ], [ -0.108034503360497, 53.852461178371556 ], [ -0.107578707741144, 53.852453990117233 ], [ -0.10759086683262, 53.852184501075001 ], [ -0.107135074335964, 53.852177311160766 ], [ -0.107159397774191, 53.851638333175238 ], [ -0.106703611324822, 53.851631141671682 ], [ -0.10672793981997, 53.85109216377105 ], [ -0.106272159417729, 53.851084970678265 ], [ -0.106284326292644, 53.850815481777431 ], [ -0.105828549012972, 53.850808287024869 ], [ -0.105840718614172, 53.850538798180587 ], [ -0.105384944457058, 53.850531601768282 ], [ -0.105409288913634, 53.849992624178725 ], [ -0.104953520803367, 53.849985426177355 ], [ -0.104965695658605, 53.849715937432116 ], [ -0.104509930670828, 53.849708737771103 ], [ -0.104522108252023, 53.849439249082423 ], [ -0.104066346386727, 53.849432047761788 ], [ -0.104078526693783, 53.849162559129709 ], [ -0.103622767950959, 53.849155356149481 ], [ -0.10363495098378, 53.848885867574026 ], [ -0.10317919536342, 53.848878662934254 ], [ -0.103191381121912, 53.848609174415408 ], [ -0.102735628624008, 53.848601968116114 ], [ -0.102760005393688, 53.848062991177663 ], [ -0.102304258942166, 53.848055783289624 ], [ -0.102316449953216, 53.847786294870012 ], [ -0.10186070662408, 53.847779085322529 ], [ -0.101885093898325, 53.847240108582575 ], [ -0.101429356615353, 53.847232897446474 ], [ -0.101441552878411, 53.846963409126147 ], [ -0.100985818717755, 53.846956196330687 ], [ -0.101010216495468, 53.846417219789352 ], [ -0.100554488380754, 53.846410005405382 ], [ -0.100566689895272, 53.846140517184395 ], [ -0.100110964902805, 53.846133301141172 ], [ -0.100123169142199, 53.845863812976894 ], [ -0.099667447271971, 53.845856595274434 ], [ -0.099679654236145, 53.845587107166935 ], [ -0.099223935488147, 53.845579887805286 ], [ -0.099236145177007, 53.845310399754538 ], [ -0.09878042955123, 53.845303178733715 ], [ -0.098804854179301, 53.844764202731675 ], [ -0.098349144599063, 53.844756980122632 ], [ -0.098361359538136, 53.844487492171353 ], [ -0.097905653080049, 53.844480267903236 ], [ -0.09791787074348, 53.84421078000878 ], [ -0.097462167407536, 53.844203554081609 ], [ -0.097486607983966, 53.843664578392236 ], [ -0.097030910693281, 53.843657350876995 ], [ -0.097043133606142, 53.843387863082107 ], [ -0.096587439437531, 53.843380633907913 ], [ -0.096611890512273, 53.84284165841774 ], [ -0.0961562023887, 53.842834427655582 ], [ -0.096168430550443, 53.842564939960319 ], [ -0.095712745548873, 53.842557707539299 ], [ -0.095724976434414, 53.842288219900901 ], [ -0.09526929455484, 53.842280985821048 ], [ -0.095293761574158, 53.841742010643955 ], [ -0.094838085739341, 53.841734774976338 ], [ -0.094850321872982, 53.841465287437643 ], [ -0.094394649160091, 53.841458050111257 ], [ -0.0944068880172, 53.84118856262949 ], [ -0.093951218426226, 53.841181323644399 ], [ -0.093975701387902, 53.840642348780662 ], [ -0.093520037841404, 53.840635108207934 ], [ -0.093532281945832, 53.840365620825985 ], [ -0.093076621521182, 53.84035837859463 ], [ -0.093101114976949, 53.839819403930555 ], [ -0.092645460596554, 53.839812160111691 ], [ -0.092669959099546, 53.839273185533372 ], [ -0.092214310763245, 53.839265940127063 ], [ -0.0922265626379, 53.838996452887869 ], [ -0.091770917423318, 53.838989205823061 ], [ -0.091783172020742, 53.838719718640867 ], [ -0.091327529927869, 53.838712469917631 ], [ -0.091339787247967, 53.838442982792444 ], [ -0.090884148276794, 53.838435732410787 ], [ -0.090896408319471, 53.83816624534267 ], [ -0.090440772469991, 53.838158993302599 ], [ -0.090465297800693, 53.83762001926636 ], [ -0.090009667994904, 53.837612765639143 ], [ -0.090021933282791, 53.837343278671042 ], [ -0.089566306598625, 53.837336023385497 ], [ -0.089578574608762, 53.837066536474481 ], [ -0.089122951046209, 53.837059279530699 ], [ -0.089147492311052, 53.836520305808769 ], [ -0.08869187479191, 53.836513047277961 ], [ -0.088704148046477, 53.836243560467075 ], [ -0.08824853364888, 53.836236300278074 ], [ -0.088273085402032, 53.835697326756431 ], [ -0.087817477047626, 53.835690064980561 ], [ -0.087829755546073, 53.83542057826984 ], [ -0.08737415031314, 53.835413314835868 ], [ -0.087398712553507, 53.83487434151462 ], [ -0.086943113363545, 53.834867076493872 ], [ -0.086967680647159, 53.834328103258763 ], [ -0.086512087500007, 53.834320836651315 ], [ -0.086524373763254, 53.834051350083875 ], [ -0.086068783737447, 53.834044081818462 ], [ -0.086081072722013, 53.833774595308256 ], [ -0.085625485817542, 53.833767325384905 ], [ -0.08565006902905, 53.833228352464793 ], [ -0.085194488167108, 53.833221080954921 ], [ -0.085206782393912, 53.832951594545037 ], [ -0.084751204653236, 53.832944321377312 ], [ -0.084775798348672, 53.832405348657943 ], [ -0.084320226650305, 53.832398073903818 ], [ -0.0843448253871, 53.831859101270716 ], [ -0.083889259730881, 53.831851824930204 ], [ -0.083901561719897, 53.8315823386639 ], [ -0.083445999184814, 53.831575060665699 ], [ -0.083470608403813, 53.831036088233503 ], [ -0.083015051910659, 53.83102880864908 ], [ -0.083027359140503, 53.830759322483225 ], [ -0.082571805768415, 53.830752041241162 ], [ -0.082584115718646, 53.830482555132654 ], [ -0.082128565467617, 53.830475272232995 ], [ -0.082140878138142, 53.830205786181814 ], [ -0.081685331008161, 53.830198501624622 ], [ -0.081709961589163, 53.829659529622845 ], [ -0.081254420500768, 53.829652243479643 ], [ -0.081266738411108, 53.829382757529046 ], [ -0.080811200443693, 53.829375469728383 ], [ -0.080835841503777, 53.828836497927831 ], [ -0.080380309577728, 53.828829208541229 ], [ -0.080392632727335, 53.828559722691303 ], [ -0.079937103922196, 53.828552431647346 ], [ -0.079961755460268, 53.828013460048183 ], [ -0.079506232696274, 53.82800616741843 ], [ -0.079530889272283, 53.827467195905861 ], [ -0.079075372549273, 53.827459901690361 ], [ -0.079100034162868, 53.826920930264407 ], [ -0.078189012999225, 53.826906336933362 ], [ -0.078201349344992, 53.82663685134235 ], [ -0.077745841984296, 53.826629552155268 ], [ -0.07777051991336, 53.826090581074126 ], [ -0.077315018593308, 53.826083280301511 ], [ -0.077339701558776, 53.825544309307119 ], [ -0.076884206279207, 53.82553700694907 ], [ -0.076896550380411, 53.825267521502305 ], [ -0.076441058221473, 53.825260217487241 ], [ -0.076453405041479, 53.824990732098016 ], [ -0.075997916003166, 53.824983426425909 ], [ -0.076022614879612, 53.82444445574842 ], [ -0.075567131881501, 53.824437148491057 ], [ -0.075579483937804, 53.824167663202815 ], [ -0.075124004060247, 53.82416035428853 ], [ -0.075148713408744, 53.823621383813041 ], [ -0.074693239571167, 53.8236140733136 ], [ -0.074705596863223, 53.823344588126353 ], [ -0.074250126146131, 53.82333727597009 ], [ -0.074262486156427, 53.823067790840462 ], [ -0.073807018559812, 53.82306047702739 ], [ -0.073819381288253, 53.82279099195538 ], [ -0.073363916812105, 53.822783676485557 ], [ -0.073388647503865, 53.82224470644266 ], [ -0.072933189067356, 53.822237389387887 ], [ -0.072945557030536, 53.821967904417008 ], [ -0.072490101714425, 53.821960585705554 ], [ -0.072514842875116, 53.821421615865006 ], [ -0.072059393598423, 53.821414295568751 ], [ -0.072071766795796, 53.821144810699053 ], [ -0.071616320639431, 53.821137488746196 ], [ -0.07164107226796, 53.820598519108081 ], [ -0.071185632150793, 53.820591195570522 ], [ -0.071210388811403, 53.820052226019513 ], [ -0.070754954733274, 53.820044900897322 ], [ -0.070779716425611, 53.819505931433447 ], [ -0.070324288386361, 53.819498604726675 ], [ -0.07033667184897, 53.819229120045428 ], [ -0.069425822212294, 53.819214461590775 ], [ -0.069450600207225, 53.818675492473403 ], [ -0.06899518152836, 53.818668160797507 ], [ -0.069007573141916, 53.81839867628954 ], [ -0.068552157583162, 53.818391342957348 ], [ -0.068576946042184, 53.817852374042836 ], [ -0.068121536521904, 53.817845039126354 ], [ -0.068133933367232, 53.817575554719816 ], [ -0.067678526966996, 53.817568218147095 ], [ -0.067703325889015, 53.817029249435564 ], [ -0.067247925527032, 53.817021911278665 ], [ -0.067260327603585, 53.816752426973643 ], [ -0.066804930361574, 53.816745087160626 ], [ -0.066829739745499, 53.816206118652154 ], [ -0.066374348541522, 53.816198777255046 ], [ -0.066386755848755, 53.81592929305161 ], [ -0.065931367764681, 53.815921949998433 ], [ -0.065943777788009, 53.815652465852871 ], [ -0.065488392823828, 53.815645121143689 ], [ -0.065500805563157, 53.815375637056043 ], [ -0.06504542371886, 53.815368290690891 ], [ -0.065070254427322, 53.814829322617236 ], [ -0.064614878620717, 53.81482197466822 ], [ -0.064627296589713, 53.814552490682239 ], [ -0.064171923902924, 53.814545141077339 ], [ -0.064196765070175, 53.814006173207105 ], [ -0.063741398420857, 53.813998822018469 ], [ -0.063766244614965, 53.813459854235816 ], [ -0.063310884002959, 53.813452501463502 ], [ -0.06333573522357, 53.81291353376848 ], [ -0.062880380648718, 53.812906179412543 ], [ -0.062892808873202, 53.812636695615957 ], [ -0.062437457417972, 53.812629339604321 ], [ -0.062462319095024, 53.812090372112948 ], [ -0.062006973676726, 53.812083014517818 ], [ -0.062019407129156, 53.811813530823066 ], [ -0.061564064830413, 53.811806171572329 ], [ -0.061576500997776, 53.811536687935593 ], [ -0.061121161818578, 53.81152932702927 ], [ -0.06113360070078, 53.811259843450586 ], [ -0.060678264641119, 53.811252480888719 ], [ -0.060703147632594, 53.810713513833292 ], [ -0.060247817609522, 53.810706149688151 ], [ -0.060260261718659, 53.810436666211416 ], [ -0.059804934815054, 53.81042930041081 ], [ -0.059817381638701, 53.810159816992183 ], [ -0.059362057854555, 53.810152449536133 ], [ -0.059386956728144, 53.809613482800899 ], [ -0.058931638980307, 53.80960611376176 ], [ -0.058944091030111, 53.809336630445173 ], [ -0.058488776401661, 53.809329259750676 ], [ -0.058513685727017, 53.80879029321958 ], [ -0.058058377134656, 53.808782920942122 ], [ -0.058070834410071, 53.808513437727647 ], [ -0.057615528937028, 53.808506063794887 ], [ -0.05764044871306, 53.807967097468072 ], [ -0.056729850041454, 53.807952344709321 ], [ -0.056754780672637, 53.807413378615216 ], [ -0.056299487473951, 53.807405999789296 ], [ -0.056311955401774, 53.807136516793371 ], [ -0.05585666532232, 53.807129136312355 ], [ -0.055881606402156, 53.806590170422766 ], [ -0.055426322358228, 53.806582788359087 ], [ -0.055438795510104, 53.806313305465444 ], [ -0.054983514585337, 53.806305921746748 ], [ -0.054995990450511, 53.806036438911349 ], [ -0.054540712644898, 53.806029053537642 ], [ -0.054565669598658, 53.805490087969233 ], [ -0.054110397828288, 53.805482701013048 ], [ -0.054122878916737, 53.805213218280009 ], [ -0.053667610265451, 53.805205829668921 ], [ -0.053692577665216, 53.804666864305275 ], [ -0.053237315048954, 53.804659474111823 ], [ -0.053249801360132, 53.804389991481223 ], [ -0.052794541862883, 53.804382599632952 ], [ -0.0528070308868, 53.804113117060659 ], [ -0.052351774508556, 53.804105723557626 ], [ -0.052364266245116, 53.803836241043662 ], [ -0.051909012985868, 53.803828845885867 ], [ -0.051934001680845, 53.803289880960506 ], [ -0.051478754456278, 53.803282484220553 ], [ -0.051491251414557, 53.803013001809155 ], [ -0.051036007308918, 53.803005603414526 ], [ -0.051061006446786, 53.802466638694291 ], [ -0.050605768375608, 53.802459238717638 ], [ -0.05061827055506, 53.802189756408829 ], [ -0.050163035602737, 53.802182354777599 ], [ -0.050188045182406, 53.801643390262612 ], [ -0.049732816264325, 53.801635987049458 ], [ -0.049745323664405, 53.801366504843315 ], [ -0.049290097865111, 53.801359099975649 ], [ -0.04931511788549, 53.800820135666001 ], [ -0.048859898120214, 53.80081272921656 ], [ -0.048884923157015, 53.800273764995467 ], [ -0.048429709425601, 53.800266356964272 ], [ -0.048442224553816, 53.799996874905084 ], [ -0.047987013941058, 53.799989465219539 ], [ -0.047999531780756, 53.799719983218843 ], [ -0.047544324286646, 53.799712571878985 ], [ -0.047569365185169, 53.799173607980393 ], [ -0.047114163724639, 53.799166195058959 ], [ -0.047126686783327, 53.798896713161078 ], [ -0.046671488441373, 53.798889298585429 ], [ -0.046696539777333, 53.798350334892518 ], [ -0.046241347468738, 53.798342918735393 ], [ -0.046266403819238, 53.797803955131187 ], [ -0.045811217543842, 53.797796537392678 ], [ -0.045823748328089, 53.797527055642028 ], [ -0.04536856517114, 53.797519636249426 ], [ -0.045393631957358, 53.79698067285107 ], [ -0.044938454833388, 53.796973251877183 ], [ -0.044950990835221, 53.796703770229485 ], [ -0.044495816829628, 53.796696347601589 ], [ -0.044508355542015, 53.796426866012503 ], [ -0.044053184654791, 53.796419441730627 ], [ -0.044065726077638, 53.796149960200168 ], [ -0.043610558308774, 53.796142534264348 ], [ -0.043648190096367, 53.795334089806225 ], [ -0.043193031274376, 53.795326662362179 ], [ -0.043205577709746, 53.795057180920573 ], [ -0.042750422005994, 53.795049751822702 ], [ -0.042775520092821, 53.79451078904264 ], [ -0.042320370421386, 53.794503358363833 ], [ -0.042332922072706, 53.794233877025363 ], [ -0.041877775519439, 53.794226444692804 ], [ -0.041902884037621, 53.793687482119033 ], [ -0.04144774351645, 53.793680048205673 ], [ -0.041460300383175, 53.793410566970373 ], [ -0.041005162980104, 53.793403131403331 ], [ -0.04103028192855, 53.792864169036008 ], [ -0.040575150557354, 53.792856731888243 ], [ -0.040587712638938, 53.79258725075622 ], [ -0.040132584385772, 53.792579811954887 ], [ -0.040157713763392, 53.792040849794091 ], [ -0.03970259154188, 53.792033409412191 ], [ -0.039715158837779, 53.791763928383446 ], [ -0.039260039734226, 53.791756486348049 ], [ -0.039285179539931, 53.791217524393893 ], [ -0.038830066467813, 53.791210080778036 ], [ -0.038855211282694, 53.790671118913053 ], [ -0.038400104241851, 53.790663673716786 ], [ -0.038412679255951, 53.790394192835983 ], [ -0.037957575332936, 53.790386745986368 ], [ -0.037970153055829, 53.790117265164398 ], [ -0.037515052250636, 53.790109816661435 ], [ -0.037527632682225, 53.789840335898297 ], [ -0.037072534994844, 53.789832885742022 ], [ -0.037097701070607, 53.789293924319225 ], [ -0.036642609414158, 53.789286472582795 ], [ -0.036655195058195, 53.789016991923155 ], [ -0.036200106519487, 53.789009538533506 ], [ -0.036212694871895, 53.788740057932756 ], [ -0.03575760945092, 53.788732602889937 ], [ -0.035770200511604, 53.788463122348048 ], [ -0.035315118208354, 53.788455665652087 ], [ -0.035327711977221, 53.78818618516911 ], [ -0.034872632791684, 53.788178726820036 ], [ -0.034897825540761, 53.787639765957749 ], [ -0.034442752385755, 53.787632306028762 ], [ -0.034455351365827, 53.787362825649453 ], [ -0.034000281328467, 53.787355364067452 ], [ -0.034025484499411, 53.786816403412487 ], [ -0.033570420492358, 53.786808940250687 ], [ -0.033583024683093, 53.786539459975074 ], [ -0.033127963793616, 53.786531995160331 ], [ -0.03315317738534, 53.785993034712824 ], [ -0.032698122525951, 53.785985568318402 ], [ -0.032710731926803, 53.785716088146543 ], [ -0.03225568018492, 53.785708620099271 ], [ -0.032268292293163, 53.785439139986423 ], [ -0.031813243668778, 53.785431670286322 ], [ -0.031838473094741, 53.784892710164435 ], [ -0.031383430500163, 53.784885238884826 ], [ -0.031396047817747, 53.784615758875823 ], [ -0.030485969068646, 53.784600811285152 ], [ -0.03051121473713, 53.784061851517627 ], [ -0.030056181494805, 53.784054375279915 ], [ -0.030068806933301, 53.783784895448122 ], [ -0.029613776808376, 53.783777417557793 ], [ -0.029639032893605, 53.783238457998181 ], [ -0.029184008798086, 53.783230978528607 ], [ -0.029196639444681, 53.782961498800788 ], [ -0.028741618466492, 53.782954017678669 ], [ -0.028766884967376, 53.782415058327075 ], [ -0.028311870018371, 53.782407575625811 ], [ -0.028324505872522, 53.782138096002036 ], [ -0.027869494040777, 53.782130611648341 ], [ -0.027894770956228, 53.781591652504879 ], [ -0.027439765153446, 53.781584166572166 ], [ -0.027452406214608, 53.781314687052493 ], [ -0.026997403529017, 53.781307199467399 ], [ -0.027010047296266, 53.781037720006914 ], [ -0.026555047727857, 53.781030230769481 ], [ -0.026567694201098, 53.780760751368206 ], [ -0.026112697749861, 53.78075326047847 ], [ -0.026125346928999, 53.780483781136397 ], [ -0.025670353594926, 53.780476288594414 ], [ -0.025695657159111, 53.779937330014505 ], [ -0.025240669853598, 53.779929835893761 ], [ -0.025253324238508, 53.779660356655945 ], [ -0.024798340050088, 53.779652860883026 ], [ -0.02481099714057, 53.779383381704463 ], [ -0.024356016069236, 53.779375884279375 ], [ -0.024368675865193, 53.7791064051601 ], [ -0.023913697910936, 53.779098906082901 ], [ -0.023926360412275, 53.778829427022927 ], [ -0.023471385575085, 53.778821926293638 ], [ -0.023484050781712, 53.778552447292967 ], [ -0.023029079061579, 53.778544944911637 ], [ -0.0230417469734, 53.778275465970282 ], [ -0.022586778370315, 53.778267961936947 ], [ -0.022612119398163, 53.777729004158658 ], [ -0.022157156823115, 53.777721498546953 ], [ -0.022169829939004, 53.77745201971004 ], [ -0.021259911228943, 53.777437003457237 ], [ -0.021285268486121, 53.776898046035178 ], [ -0.020830315261983, 53.776890535467786 ], [ -0.02084299649219, 53.776621056809027 ], [ -0.020388046385004, 53.776613544589814 ], [ -0.020400730319796, 53.776344065990457 ], [ -0.019945783329552, 53.776336552119453 ], [ -0.019971156401868, 53.775797595025359 ], [ -0.019516215439198, 53.775790079576311 ], [ -0.019528904576586, 53.775520601081581 ], [ -0.019073966730788, 53.775513083980826 ], [ -0.019086658572435, 53.775243605545526 ], [ -0.018631723843502, 53.775236086793107 ], [ -0.018644418389311, 53.774966608417309 ], [ -0.018189486777232, 53.774959088013226 ], [ -0.018214881070578, 53.774420131366355 ], [ -0.01775995548573, 53.774412609384449 ], [ -0.017772655233129, 53.774143131113384 ], [ -0.017317732765066, 53.77413560747992 ], [ -0.017330435216303, 53.773866129268363 ], [ -0.016875515865016, 53.773858603983406 ], [ -0.016888221019996, 53.773589125831371 ], [ -0.016433304785476, 53.773581598894935 ], [ -0.016446012644104, 53.773312120802444 ], [ -0.015991099526342, 53.773304592214565 ], [ -0.016003810088524, 53.773035114181646 ], [ -0.015548900087511, 53.773027583942351 ], [ -0.015561613353152, 53.772758105968997 ], [ -0.015106706468878, 53.772750574078323 ], [ -0.015119422437884, 53.772481096164562 ], [ -0.014664518670343, 53.772473562622551 ], [ -0.014689955808148, 53.771934606899997 ], [ -0.014235058067251, 53.771927071780567 ], [ -0.014260500197792, 53.771388116148714 ], [ -0.01380560848338, 53.771380579451922 ], [ -0.013818332148254, 53.771111101688497 ], [ -0.013363443550442, 53.771103563340503 ], [ -0.013376169918219, 53.770834085636722 ], [ -0.012921284436997, 53.770826545637554 ], [ -0.012946742371256, 53.770287590335059 ], [ -0.01249186291624, 53.770280048758714 ], [ -0.012517325841984, 53.769741093547033 ], [ -0.012062452413011, 53.769733550393553 ], [ -0.012075186474943, 53.769464072840272 ], [ -0.011620316162431, 53.769456528035761 ], [ -0.011633052926801, 53.769187050542186 ], [ -0.011178185730741, 53.769179504086665 ], [ -0.011190925197456, 53.768910026652833 ], [ -0.010736061117838, 53.768902478546323 ], [ -0.010748803286803, 53.768633001172233 ], [ -0.010293942323617, 53.768625451414827 ], [ -0.010319431858705, 53.768086496771829 ], [ -0.009864576921161, 53.768078945437566 ], [ -0.009877324287145, 53.7678094681687 ], [ -0.009422472465964, 53.76780191518359 ], [ -0.009435222533872, 53.767532437974502 ], [ -0.008980373829046, 53.767524883338567 ], [ -0.009005879161245, 53.766985929025715 ], [ -0.008551036481778, 53.766978372813114 ], [ -0.00856379174593, 53.766708895709343 ], [ -0.008108952182746, 53.766701337846015 ], [ -0.008134467906889, 53.766162383743875 ], [ -0.007679634368846, 53.76615482430396 ], [ -0.007692394828699, 53.765885347305584 ], [ -0.00723756440687, 53.765877786215029 ], [ -0.00726309052187, 53.765338832323707 ], [ -0.006808266124959, 53.765331269656706 ], [ -0.006821031779968, 53.765061792763781 ], [ -0.006366210499203, 53.765054228446211 ], [ -0.006391747003972, 53.764515274765841 ], [ -0.005936931747904, 53.764507708871953 ], [ -0.005949702597527, 53.764238232084502 ], [ -0.005494890457534, 53.764230664540115 ], [ -0.005520437350986, 53.763691711070791 ], [ -0.005065631235471, 53.763684141950215 ], [ -0.005078407279163, 53.76341466526835 ], [ -0.004623604279652, 53.763407094497346 ], [ -0.004636383024018, 53.763137617875415 ], [ -0.004181583140503, 53.763130045454062 ], [ -0.004194364585447, 53.762860568892101 ], [ -0.003739567817918, 53.762852994820435 ], [ -0.003765135901007, 53.762314041802142 ], [ -0.003310345157614, 53.762306466154463 ], [ -0.003323131795622, 53.762036989698146 ], [ -0.002413556748521, 53.762021833377872 ], [ -0.002439141033256, 53.761482880719583 ], [ -0.001984359637585, 53.761475300121319 ], [ -0.001997154376069, 53.761205823845053 ], [ -0.001542376096288, 53.761198241596666 ], [ -0.001555173534741, 53.760928765380463 ], [ -0.00110039837084, 53.76092118148199 ], [ -0.001125998439481, 53.760382229155383 ], [ -0.00067122929925, 53.76037464368121 ], [ -0.0006840319293, 53.760105167570849 ], [ -0.00022926590488, 53.760097580446669 ], [ -0.000254876356168, 53.759558628331803 ], [ 0.000199883644801, 53.759551039632058 ], [ 0.0001870758237, 53.759281563627596 ], [ 0.000641832708928, 53.759273973277914 ], [ 0.000616211876079, 53.75873502137491 ], [ 0.001070962738077, 53.758727429449756 ], [ 0.001058149726467, 53.75845795355125 ], [ 0.001512897472795, 53.758450359976287 ], [ 0.001500081762002, 53.758180884137907 ], [ 0.001954826392669, 53.758173288913142 ], [ 0.001942007982789, 53.757903813134931 ], [ 0.002396749497803, 53.757896216260384 ], [ 0.00238392838893, 53.757626740542349 ], [ 0.002838666788302, 53.757619142018065 ], [ 0.002800195990147, 53.756810715001656 ], [ 0.003254925459545, 53.756803114976691 ], [ 0.003242099369825, 53.756533639350444 ], [ 0.003696825723702, 53.756526037675854 ], [ 0.003683996935358, 53.75625656210984 ], [ 0.004138720173723, 53.756248958785662 ], [ 0.004125888686848, 53.755979483279859 ], [ 0.004580608809709, 53.75597187830612 ], [ 0.004554940647636, 53.75543292740074 ], [ 0.005009654748112, 53.755425320852034 ], [ 0.00499681807305, 53.75515584545245 ], [ 0.005451529058093, 53.755148237254268 ], [ 0.005425850520189, 53.754609286561369 ], [ 0.005880555483065, 53.75460167678834 ], [ 0.005867713620361, 53.754332201495039 ], [ 0.006322415467874, 53.754324590072585 ], [ 0.006309570907196, 53.754055114839616 ], [ 0.006764269639354, 53.754047501767815 ], [ 0.006751422380796, 53.753778026595157 ], [ 0.00720611799761, 53.753770411874029 ], [ 0.007180418293716, 53.753231461635046 ], [ 0.007635107888708, 53.753223845339321 ], [ 0.007622255443511, 53.752954370273024 ], [ 0.008076941923227, 53.752946752328036 ], [ 0.008064086780475, 53.752677277322114 ], [ 0.008518770144925, 53.752669657727949 ], [ 0.008505912304712, 53.752400182782388 ], [ 0.008960592553908, 53.752392561539033 ], [ 0.008934871687712, 53.75185361175442 ], [ 0.009389545915425, 53.751845988936665 ], [ 0.009376682889578, 53.751576514097614 ], [ 0.009831354002105, 53.751568889630775 ], [ 0.009805622765184, 53.751029940059198 ], [ 0.010260287856451, 53.751022314018059 ], [ 0.010247419645513, 53.75075283928556 ], [ 0.010702081621663, 53.750745211595401 ], [ 0.010689210713821, 53.75047573692337 ], [ 0.011143869574865, 53.750468107584254 ], [ 0.011130995970213, 53.75019863297269 ], [ 0.011585651716157, 53.750191001984646 ], [ 0.011572775414791, 53.749921527433564 ], [ 0.012027428045646, 53.749913894796613 ], [ 0.012014549047658, 53.749644420306041 ], [ 0.012469198563434, 53.74963678602024 ], [ 0.012443435383697, 53.749097837145769 ], [ 0.012898078878675, 53.749090201285995 ], [ 0.012885194697063, 53.748820726902132 ], [ 0.013339835077032, 53.748813089393572 ], [ 0.013326948199125, 53.748543615070268 ], [ 0.013781585464093, 53.748535975912965 ], [ 0.013768695889983, 53.7482665016502 ], [ 0.014223330039959, 53.748258860844196 ], [ 0.014210437769742, 53.747989386642018 ], [ 0.014665068804736, 53.747981744187321 ], [ 0.014652173838506, 53.747712270045739 ], [ 0.015106801758526, 53.747704625942411 ], [ 0.01508100664377, 53.747165677766105 ], [ 0.015535628543459, 53.747158032089132 ], [ 0.01552272839507, 53.74688855805443 ], [ 0.015977347179856, 53.746880910728891 ], [ 0.01596444433578, 53.746611436754826 ], [ 0.016419060005671, 53.746603787780778 ], [ 0.016406154466, 53.746334313867372 ], [ 0.016860767021007, 53.746326663244815 ], [ 0.016847858785837, 53.746057189392076 ], [ 0.017302468225969, 53.746049537121088 ], [ 0.017289557295393, 53.745780063329022 ], [ 0.017744163620658, 53.745772409409589 ], [ 0.017718336578677, 53.7452334619325 ], [ 0.018172936884074, 53.745225806439763 ], [ 0.018160020772807, 53.744956332754768 ], [ 0.018614617963407, 53.744948675613685 ], [ 0.018601699157059, 53.744679201989399 ], [ 0.019056293232872, 53.74467154320002 ], [ 0.019030450440121, 53.744132596058598 ], [ 0.019485038496347, 53.744124935696014 ], [ 0.019472114510081, 53.743855462178921 ], [ 0.019926699451589, 53.74384780016814 ], [ 0.019913772770567, 53.743578326711791 ], [ 0.020368354597368, 53.743570663052843 ], [ 0.020355425221685, 53.743301189657259 ], [ 0.020810003933787, 53.743293524350193 ], [ 0.020797071863538, 53.743024051015396 ], [ 0.021706222848234, 53.743008715381762 ], [ 0.02168034771986, 53.742469768969805 ], [ 0.022134917087922, 53.742462098718498 ], [ 0.022121976934536, 53.742192625566211 ], [ 0.022576543187936, 53.742184953666893 ], [ 0.022563600340361, 53.741915480575457 ], [ 0.023018163479107, 53.741907807028184 ], [ 0.022992272606059, 53.741368860952676 ], [ 0.023446829725866, 53.741361185832687 ], [ 0.02343388170053, 53.74109171284865 ], [ 0.023888435705753, 53.741084036080778 ], [ 0.023862534477727, 53.740545090220152 ], [ 0.024317082464232, 53.740537411879693 ], [ 0.024304129261677, 53.740267939003118 ], [ 0.024758674133669, 53.740260259014853 ], [ 0.02474571823748, 53.739990786199236 ], [ 0.025200259994969, 53.739983104563208 ], [ 0.02517434302601, 53.739444159039451 ], [ 0.02562887876506, 53.73943647583102 ], [ 0.025615917692426, 53.739167003122937 ], [ 0.026070450317042, 53.739159318266807 ], [ 0.026057486551099, 53.738889845619688 ], [ 0.026512016061292, 53.738882159115924 ], [ 0.026499049602134, 53.738612686529784 ], [ 0.026953575997912, 53.738604998378406 ], [ 0.026940606845632, 53.73833552585328 ], [ 0.027395130127005, 53.73832783605431 ], [ 0.027382158281698, 53.738058363590206 ], [ 0.027836678448675, 53.738050672143714 ], [ 0.027797755466196, 53.737242254891413 ], [ 0.028252266711659, 53.737234561948199 ], [ 0.028239289902158, 53.73696508957746 ], [ 0.028693798033345, 53.736957394986817 ], [ 0.028680818531184, 53.736687922677149 ], [ 0.029135323548108, 53.736680226439091 ], [ 0.02910935936952, 53.736141281927509 ], [ 0.029563858368849, 53.736133584117546 ], [ 0.02955087369256, 53.735864111915667 ], [ 0.030005369577694, 53.735856412458389 ], [ 0.02999238220907, 53.73558694031761 ], [ 0.030446874980019, 53.735579239213017 ], [ 0.030433884919154, 53.735309767133366 ], [ 0.030888374575926, 53.735302064381528 ], [ 0.030862389280935, 53.734763120330129 ], [ 0.031316872920456, 53.734755416006607 ], [ 0.031303877686467, 53.734485944034887 ], [ 0.031758358211881, 53.734478238064142 ], [ 0.031732362571181, 53.733939294228669 ], [ 0.032186837079565, 53.733931586686374 ], [ 0.032173836672991, 53.733662114822614 ], [ 0.032628308067338, 53.733654405633231 ], [ 0.032615304969081, 53.733384933830685 ], [ 0.0330697732494, 53.733377222994235 ], [ 0.033056767459551, 53.733107751252895 ], [ 0.033511232625852, 53.733100038769436 ], [ 0.033485215874437, 53.7325610953948 ], [ 0.033939675024051, 53.732553381340004 ], [ 0.033926664062621, 53.732283909706716 ], [ 0.034381120098286, 53.732276194004989 ], [ 0.034355093004251, 53.731737250846585 ], [ 0.034809543023449, 53.731729533573599 ], [ 0.03479652689098, 53.731460062048463 ], [ 0.035250973796301, 53.731452343128595 ], [ 0.035237954972797, 53.731182871664785 ], [ 0.035692398764248, 53.731175151098128 ], [ 0.035679377249802, 53.730905679695574 ], [ 0.036133817927395, 53.730897957482156 ], [ 0.036120793722102, 53.730628486140922 ], [ 0.036575231285846, 53.730620762280758 ], [ 0.036549177705316, 53.730081819706548 ], [ 0.037003609252994, 53.730074094275388 ], [ 0.036990579877894, 53.72980462304244 ], [ 0.037445008311794, 53.729796895964618 ], [ 0.037431976246172, 53.729527424793041 ], [ 0.0378864015663, 53.729519696068586 ], [ 0.037873366810249, 53.729250224958371 ], [ 0.038327789016617, 53.729242494587346 ], [ 0.038301714335574, 53.728703552475281 ], [ 0.03875613052622, 53.728695820533495 ], [ 0.038730050888278, 53.728156878515478 ], [ 0.039638871026634, 53.728141409768192 ], [ 0.039612780628548, 53.727602467995872 ], [ 0.040067184576381, 53.727594731190486 ], [ 0.04005413679339, 53.727325260358569 ], [ 0.040508537627612, 53.727317521906819 ], [ 0.040482436894003, 53.726778580351507 ], [ 0.040936831713004, 53.726770840329259 ], [ 0.040923778762523, 53.726501369605892 ], [ 0.041378170467984, 53.726493627937337 ], [ 0.041352059399935, 53.725954686599174 ], [ 0.041806445090396, 53.725946943360256 ], [ 0.041780329067584, 53.725408002116318 ], [ 0.042234708743206, 53.725400257307086 ], [ 0.042208587765979, 53.724861316157408 ], [ 0.04266296142692, 53.724853569777913 ], [ 0.042636835495628, 53.724314628722489 ], [ 0.043091203142048, 53.724306880772858 ], [ 0.043065072257038, 53.723767939811751 ], [ 0.043519433889098, 53.723760190291976 ], [ 0.043506365863808, 53.723490719865772 ], [ 0.043960724382639, 53.723482968700011 ], [ 0.043934583166755, 53.722944027956345 ], [ 0.044388935671446, 53.722936275220569 ], [ 0.044362789502815, 53.722397334571333 ], [ 0.044817135993526, 53.722389580265613 ], [ 0.04480406032685, 53.72212010999538 ], [ 0.045258403704465, 53.722112354043794 ], [ 0.045232247206663, 53.721573413612177 ], [ 0.045686584570517, 53.721565656090768 ], [ 0.045673503739526, 53.721296185929404 ], [ 0.046127837990355, 53.721288426762193 ], [ 0.046101671164464, 53.720749486548314 ], [ 0.046555999401753, 53.720741725811429 ], [ 0.046542913406988, 53.720472255758935 ], [ 0.046997238531322, 53.72046449337634 ], [ 0.046984149848612, 53.720195023385536 ], [ 0.047438471859998, 53.720187259357246 ], [ 0.047425380489437, 53.719917789428145 ], [ 0.048334018073727, 53.719902256358608 ], [ 0.048307824369108, 53.719363316761601 ], [ 0.048762137041712, 53.719355547796511 ], [ 0.04874903760816, 53.719086078052541 ], [ 0.049203347167855, 53.719078307441926 ], [ 0.049177143138533, 53.71853936806307 ], [ 0.049631446685213, 53.718531595883128 ], [ 0.049605237706717, 53.717992656598966 ], [ 0.050059535240542, 53.717984882849748 ], [ 0.050046428170476, 53.717715413262255 ], [ 0.050500722591524, 53.717707637867626 ], [ 0.050487612834349, 53.717438168341928 ], [ 0.050941904142629, 53.717430391301939 ], [ 0.050915679467143, 53.716891452359718 ], [ 0.051369964762848, 53.71688367375063 ], [ 0.051356849844673, 53.716614204334128 ], [ 0.051811132027681, 53.716606424079771 ], [ 0.051798014422722, 53.716336954725108 ], [ 0.05225229349304, 53.71632917282551 ], [ 0.052239173201389, 53.716059703532686 ], [ 0.052693449159029, 53.716051919987869 ], [ 0.052680326180781, 53.715782450756912 ], [ 0.05313459902575, 53.715774665566933 ], [ 0.053121473361, 53.715505196397828 ], [ 0.053575743093307, 53.715497409562701 ], [ 0.053562614742149, 53.715227940455541 ], [ 0.054016881361804, 53.715220151975288 ], [ 0.054003750324331, 53.714950682930002 ], [ 0.054458013831345, 53.7149428928047 ], [ 0.05444488010765, 53.714673423821353 ], [ 0.05489914050203, 53.714665632050995 ], [ 0.054872867895657, 53.714126694193737 ], [ 0.055327122278111, 53.714118900854764 ], [ 0.055300844726333, 53.713579963092577 ], [ 0.055755093097021, 53.713572168185017 ], [ 0.055741951741931, 53.713302699358692 ], [ 0.056196197000117, 53.713294902806226 ], [ 0.056183052959266, 53.71302543404186 ], [ 0.056637295104961, 53.713017635844565 ], [ 0.056624148378443, 53.712748167142209 ], [ 0.057078387411654, 53.71274036730005 ], [ 0.057065237999564, 53.712470898659696 ], [ 0.057519473920301, 53.712463097172751 ], [ 0.057506321822732, 53.712193628594406 ], [ 0.057960554631005, 53.712185825462704 ], [ 0.057947399848052, 53.711916356946418 ], [ 0.05840162954387, 53.71190855216998 ], [ 0.05837531482098, 53.711369615247065 ], [ 0.058829538505556, 53.711361808902431 ], [ 0.058816378565756, 53.711092340495838 ], [ 0.059270599137948, 53.71108453250654 ], [ 0.059257436513087, 53.710815064162041 ], [ 0.059711653972903, 53.710807254528156 ], [ 0.059685323566968, 53.710268317948881 ], [ 0.060593746250918, 53.710252693823954 ], [ 0.060567405105765, 53.709713757493162 ], [ 0.06102161033002, 53.709705943002241 ], [ 0.061008437179703, 53.70943647489176 ], [ 0.061462639291673, 53.70942865875638 ], [ 0.061449463456807, 53.709159190708064 ], [ 0.0619036624565, 53.70915137292824 ], [ 0.061890483937179, 53.70888190494211 ], [ 0.062344679824604, 53.708874085517913 ], [ 0.062331498620922, 53.70860461759397 ], [ 0.062785691396089, 53.708596796525399 ], [ 0.062772507508141, 53.708327328663671 ], [ 0.063226697171058, 53.708319505950776 ], [ 0.063200324240868, 53.707780570337277 ], [ 0.063654507893413, 53.707772746056783 ], [ 0.063641318851308, 53.707503278305069 ], [ 0.064095499391673, 53.707495452380336 ], [ 0.064082307665626, 53.707225984690844 ], [ 0.064536485093822, 53.707218157121908 ], [ 0.064510096488204, 53.706679221853022 ], [ 0.064964267906309, 53.706671392716636 ], [ 0.064951071026876, 53.706401925137257 ], [ 0.065405239332882, 53.706394094356767 ], [ 0.065378840421032, 53.705855159308115 ], [ 0.065833002717167, 53.705847326960289 ], [ 0.0658065988669, 53.705308392007339 ], [ 0.066260755153324, 53.705300558092269 ], [ 0.06623434636499, 53.704761623235086 ], [ 0.066688496641861, 53.704753787752779 ], [ 0.066675289671648, 53.704484320379315 ], [ 0.067129436836613, 53.704476483253075 ], [ 0.067103017744366, 53.703937548616381 ], [ 0.0675571589, 53.703929709923045 ], [ 0.0675439467781, 53.703660242659844 ], [ 0.067998084821897, 53.703652402322675 ], [ 0.067971655426816, 53.703113467906547 ], [ 0.068425787461503, 53.703105626002397 ], [ 0.068412570188456, 53.7028361588495 ], [ 0.068866699111378, 53.702828315301609 ], [ 0.068853479155674, 53.702558848211119 ], [ 0.069307604966839, 53.702551003019479 ], [ 0.069281159904919, 53.702012068948903 ], [ 0.069735279707255, 53.702004222190453 ], [ 0.069708829709745, 53.701465288215829 ], [ 0.070162943503411, 53.701457439890653 ], [ 0.07014971592969, 53.701187972958579 ], [ 0.07060382661173, 53.701180122989804 ], [ 0.070590596355811, 53.700910656120165 ], [ 0.071044703926237, 53.700902804507848 ], [ 0.071005005756486, 53.700094404043014 ], [ 0.071459104421787, 53.700086550941073 ], [ 0.071445869231381, 53.699817084167492 ], [ 0.071899964785189, 53.699809229422065 ], [ 0.071873489255562, 53.699270295985457 ], [ 0.072327578801301, 53.699262439673618 ], [ 0.072314338462216, 53.698992973010618 ], [ 0.072768424896531, 53.6989851150554 ], [ 0.072728696479249, 53.6981767152106 ], [ 0.073182774009329, 53.698168855766063 ], [ 0.073169528737069, 53.6978993891992 ], [ 0.073623603155847, 53.69789152811137 ], [ 0.073610355202259, 53.697622061607113 ], [ 0.074064426509744, 53.697614198876053 ], [ 0.07405117587492, 53.697344732434345 ], [ 0.074505244071124, 53.697336868060091 ], [ 0.074491990755158, 53.697067401680975 ], [ 0.074946055840089, 53.697059535663563 ], [ 0.074932799843075, 53.696790069347053 ], [ 0.075386861816742, 53.696782201686496 ], [ 0.075373603138774, 53.696512735432599 ], [ 0.075827662001188, 53.696504866128969 ], [ 0.075801139498745, 53.695965933731976 ], [ 0.076255192353933, 53.695958062862388 ], [ 0.076228664920506, 53.695419130561767 ], [ 0.07668271176863, 53.695411258126313 ], [ 0.076669445478954, 53.695141792031428 ], [ 0.077123489215954, 53.69513391795298 ], [ 0.077110220245784, 53.694864451920793 ], [ 0.077564260871671, 53.694856576199442 ], [ 0.077550989221099, 53.694587110229925 ], [ 0.078005026735883, 53.694579232865678 ], [ 0.077991752405004, 53.694309766958874 ], [ 0.078445786808694, 53.694301887951767 ], [ 0.078419233001968, 53.693762956249131 ], [ 0.078873261398995, 53.693755075676421 ], [ 0.078859981923284, 53.693485609880604 ], [ 0.079314007209287, 53.693477727665112 ], [ 0.079300725053592, 53.693208261932043 ], [ 0.079754747228582, 53.693200378073811 ], [ 0.079741462392997, 53.692930912403511 ], [ 0.08019548145698, 53.692923026902569 ], [ 0.0801821939416, 53.69265356129506 ], [ 0.080636209894589, 53.692645674151464 ], [ 0.080622919699507, 53.692376208606731 ], [ 0.081076932541507, 53.692368319820496 ], [ 0.081063639666817, 53.692098854338582 ], [ 0.081517649397841, 53.692090963909742 ], [ 0.081491058505179, 53.691552033057079 ], [ 0.081945062230068, 53.691544141062984 ], [ 0.081931764212232, 53.691274675692263 ], [ 0.082385764826214, 53.691266782055671 ], [ 0.082372464129093, 53.69099731674779 ], [ 0.082826461632178, 53.6909894214687 ], [ 0.082799855095425, 53.690450490964217 ], [ 0.083253846592656, 53.690442594120057 ], [ 0.083240540753159, 53.690173128923462 ], [ 0.084148517310014, 53.690157330230591 ], [ 0.084121894699365, 53.68961840010347 ], [ 0.084575876864145, 53.689610498332222 ], [ 0.084562562988045, 53.689341033324368 ], [ 0.085016542042026, 53.689333129910814 ], [ 0.085003225487245, 53.6890636649659 ], [ 0.085457201430438, 53.689055759910104 ], [ 0.085443882197072, 53.688786295028123 ], [ 0.085897855029484, 53.688778388330093 ], [ 0.085884533117624, 53.688508923511108 ], [ 0.086338502839268, 53.688501015170885 ], [ 0.08632517824901, 53.688231550414905 ], [ 0.086779144859893, 53.688223640432525 ], [ 0.08675249053901, 53.687684711032034 ], [ 0.087206451144686, 53.687676799485033 ], [ 0.087193121414197, 53.68740733484055 ], [ 0.087647078909184, 53.687399421651513 ], [ 0.08763374650062, 53.68712995707007 ], [ 0.088087700884925, 53.687122042238968 ], [ 0.088074365798379, 53.686852577720565 ], [ 0.088528317072013, 53.686844661247477 ], [ 0.088514979307579, 53.686575196792134 ], [ 0.088968927470553, 53.686567278677082 ], [ 0.088955587028325, 53.686297814284806 ], [ 0.089409532080646, 53.686289894527832 ], [ 0.089396188960717, 53.686020430198653 ], [ 0.089850130902394, 53.686012508799763 ], [ 0.089836785104859, 53.685743044533702 ], [ 0.090290723935903, 53.685735121492947 ], [ 0.090277375460855, 53.685465657289981 ], [ 0.090731311181275, 53.685457732607411 ], [ 0.090717960028807, 53.685188268467591 ], [ 0.091171892638613, 53.685180342143234 ], [ 0.091158538808819, 53.684910878066553 ], [ 0.091612468308021, 53.68490295010043 ], [ 0.091599111800994, 53.684633486086909 ], [ 0.0920530381896, 53.684625556479055 ], [ 0.092026320038016, 53.68408662856389 ], [ 0.092934160589691, 53.684070764500852 ], [ 0.092907431730199, 53.683531836838476 ], [ 0.09336134589339, 53.683523902383392 ], [ 0.093347978895244, 53.683254438608181 ], [ 0.093801889947929, 53.683246502511523 ], [ 0.093775150815102, 53.68270757507306 ], [ 0.094229055863754, 53.682699637412618 ], [ 0.094215683729209, 53.682430173749395 ], [ 0.094669585667425, 53.682422234447479 ], [ 0.094656210856389, 53.682152770847509 ], [ 0.095110109684179, 53.682144829904111 ], [ 0.095096732196744, 53.681875366367429 ], [ 0.095550627914119, 53.681867423782634 ], [ 0.095537247750379, 53.681597960309254 ], [ 0.095991140357346, 53.681590016083078 ], [ 0.095964374894559, 53.681051089248406 ], [ 0.096418261497898, 53.681043143458709 ], [ 0.096404876198986, 53.680773680097452 ], [ 0.096858759691988, 53.680765732666458 ], [ 0.096831983959396, 53.680226806056112 ], [ 0.09728586144899, 53.68021885706171 ], [ 0.097272471015445, 53.679949393812635 ], [ 0.097726345394773, 53.679941443177036 ], [ 0.097686166718697, 53.679133053576358 ], [ 0.098140032201952, 53.679125101455348 ], [ 0.098126636851623, 53.678855638304 ], [ 0.098580499224735, 53.678847684541886 ], [ 0.098567101198925, 53.678578221453932 ], [ 0.099020960461903, 53.678570266050741 ], [ 0.098994159276898, 53.678031339987129 ], [ 0.099448012537068, 53.678023383020843 ], [ 0.099434609378009, 53.677753920045191 ], [ 0.099888459528116, 53.677745961437907 ], [ 0.099861648077154, 53.677207035599004 ], [ 0.100315492224673, 53.67719907542871 ], [ 0.100288675858643, 53.676660149687685 ], [ 0.100742514003734, 53.676652187954467 ], [ 0.100729103254586, 53.676382725140158 ], [ 0.101182938289746, 53.676374761766105 ], [ 0.101156111659452, 53.675835836249924 ], [ 0.101609940692404, 53.675827871313054 ], [ 0.101596524811393, 53.675558408611209 ], [ 0.102050350734484, 53.675550442033554 ], [ 0.10203693217891, 53.675280979395211 ], [ 0.10249075499215, 53.675273011176827 ], [ 0.10246391274977, 53.67473408601267 ], [ 0.102917729561084, 53.674726116231639 ], [ 0.102904305874413, 53.674456653705832 ], [ 0.103358119575946, 53.674448682284144 ], [ 0.103344693215037, 53.674179219821916 ], [ 0.103798503806798, 53.674171246759592 ], [ 0.103771645954513, 53.673632321947721 ], [ 0.10422545054463, 53.673624347322942 ], [ 0.10421201905339, 53.673354884973307 ], [ 0.104665820533807, 53.673346908707991 ], [ 0.104652386368651, 53.673077446421971 ], [ 0.105106184739375, 53.673069468516132 ], [ 0.105079311279366, 53.672530544056798 ], [ 0.105533103648727, 53.672522564588661 ], [ 0.105519664354011, 53.672253102415368 ], [ 0.105973453613752, 53.672245121306808 ], [ 0.10596001164544, 53.671975659197138 ], [ 0.106413797795569, 53.671967676448197 ], [ 0.106386908730015, 53.67142875234164 ], [ 0.106840688879064, 53.671420768030558 ], [ 0.106827241781958, 53.671151306033693 ], [ 0.107281018821466, 53.671143320082322 ], [ 0.107254119498862, 53.670604396201405 ], [ 0.107707890537509, 53.670596408687985 ], [ 0.107694438312146, 53.670326946803975 ], [ 0.108148206241324, 53.670318957650352 ], [ 0.108134751342919, 53.670049495830028 ], [ 0.108588516162636, 53.670041505036238 ], [ 0.108561601238201, 53.669502581508539 ], [ 0.109015360057339, 53.669494589152876 ], [ 0.109001900031444, 53.669225127445493 ], [ 0.109455655741193, 53.669217133449742 ], [ 0.109442193042579, 53.668947671806116 ], [ 0.109895945642946, 53.668939676170297 ], [ 0.10986901511886, 53.668400752996043 ], [ 0.11032276171893, 53.668392755798529 ], [ 0.110309293893593, 53.668123294267922 ], [ 0.110763037384354, 53.668115295430447 ], [ 0.11073609660736, 53.667576372482308 ], [ 0.111189834098044, 53.667568372083231 ], [ 0.111176361146522, 53.6672989106657 ], [ 0.111630095527966, 53.667290908626732 ], [ 0.111616619904277, 53.667021447273029 ], [ 0.112070351176492, 53.667013443594215 ], [ 0.112043394803559, 53.666474520999934 ], [ 0.112497120075979, 53.666466515759708 ], [ 0.11248363932687, 53.666197054519152 ], [ 0.112937361490133, 53.666189047639165 ], [ 0.112923878069179, 53.665919586462486 ], [ 0.113377597123291, 53.665911577942758 ], [ 0.113350625156597, 53.665372655702619 ], [ 0.113804338211195, 53.665364645621615 ], [ 0.11379084966559, 53.66509518455819 ], [ 0.11424455961111, 53.665087172837538 ], [ 0.114231068393983, 53.66481771183804 ], [ 0.114684775230433, 53.664809698477768 ], [ 0.114671281341877, 53.664540237542177 ], [ 0.115124985069267, 53.664532222542341 ], [ 0.115084496046223, 53.663723839883765 ], [ 0.115538190884371, 53.663715823401404 ], [ 0.115511193516688, 53.663176901713271 ], [ 0.115964882355922, 53.663168883669933 ], [ 0.115951381110514, 53.662899422882568 ], [ 0.116405066840872, 53.662891403199808 ], [ 0.116391562924535, 53.662621942476441 ], [ 0.116845245546026, 53.662613921154282 ], [ 0.116831738958854, 53.662344460494893 ], [ 0.117285418471488, 53.662336437533376 ], [ 0.117258400174734, 53.661797516328114 ], [ 0.117712073688799, 53.661789491805848 ], [ 0.117685050489018, 53.661250570699529 ], [ 0.118138718004672, 53.661242544616584 ], [ 0.118098176179696, 53.660434163083721 ], [ 0.11855183480762, 53.660426135518776 ], [ 0.118524802241188, 53.659887214581325 ], [ 0.118978454871119, 53.659879185455857 ], [ 0.118937898997417, 53.659070804176359 ], [ 0.119391542740278, 53.659062773569055 ], [ 0.119364500808865, 53.658523852800542 ], [ 0.119818138554149, 53.658515820632857 ], [ 0.119791091721584, 53.657976899963444 ], [ 0.120244723469452, 53.657968866235429 ], [ 0.120217671736079, 53.6574299456651 ], [ 0.12067129748669, 53.657421910376819 ], [ 0.120644240852856, 53.656882989905625 ], [ 0.121097860606369, 53.656874953057169 ], [ 0.121070799072419, 53.656336032685118 ], [ 0.121524412828994, 53.656327994276531 ], [ 0.121497346395274, 53.655789074003657 ], [ 0.121950954155067, 53.655781034035002 ], [ 0.121923882821922, 53.655242113861341 ], [ 0.122377484585096, 53.655234072332682 ], [ 0.12235040835287, 53.654695152258256 ], [ 0.122804004119583, 53.654687109169672 ], [ 0.122776922988621, 53.65414818919448 ], [ 0.123230512759034, 53.654140144546041 ], [ 0.123216969634566, 53.65387068461537 ], [ 0.12367055629709, 53.653862638328334 ], [ 0.123643464930443, 53.653323718580864 ], [ 0.124097045596885, 53.653315670734052 ], [ 0.124069949332465, 53.652776751085952 ], [ 0.124523524002987, 53.65276870167947 ], [ 0.124509973312211, 53.652499241912359 ], [ 0.124963544874976, 53.652491190867423 ], [ 0.12493643837656, 53.651952271447193 ], [ 0.125390003943623, 53.651944218842672 ], [ 0.125362892548393, 53.651405299521848 ], [ 0.125816452119915, 53.651397245357835 ], [ 0.125789335828216, 53.650858326136444 ], [ 0.126242889404357, 53.650850270412981 ], [ 0.126202207952399, 53.650041891708213 ], [ 0.126655752645704, 53.650033834504278 ], [ 0.126628627001881, 53.649494915452699 ], [ 0.127082165700221, 53.649486856689457 ], [ 0.127055035161038, 53.64894793773739 ], [ 0.127508567864572, 53.648939877414911 ], [ 0.127481432430374, 53.64840095856237 ], [ 0.127934959139261, 53.648392896680754 ], [ 0.127907818810393, 53.64785397792776 ], [ 0.128361339524793, 53.647845914487021 ], [ 0.128320622020051, 53.647037536485087 ], [ 0.128774133853048, 53.647029471564267 ], [ 0.128746984176014, 53.646490552981334 ], [ 0.129200490014942, 53.646482486501569 ], [ 0.1291597584892, 53.645674108754761 ], [ 0.129613255447386, 53.645666040795099 ], [ 0.129586096423852, 53.645127122382327 ], [ 0.130039587388383, 53.645119052863834 ], [ 0.129985260436396, 53.644041216179318 ], [ 0.130438739634304, 53.644033145260124 ], [ 0.130411571706344, 53.64349422698843 ], [ 0.130865044911113, 53.643486154510583 ], [ 0.130769943895395, 53.641599940653421 ], [ 0.131223396676161, 53.641591867012245 ], [ 0.13118263374318, 53.640783489663235 ], [ 0.130729189620468, 53.640791563067282 ], [ 0.130715605302555, 53.64052210384272 ], [ 0.131169046539343, 53.640514030517735 ], [ 0.131101113823616, 53.639166734571404 ], [ 0.131554540411269, 53.639158659925208 ], [ 0.131513774767646, 53.638350282419552 ], [ 0.131967192478274, 53.638342206294112 ], [ 0.131912829828487, 53.637264369731959 ], [ 0.132366235777143, 53.637256292206501 ], [ 0.132339050003345, 53.636717373996042 ], [ 0.13279244996113, 53.636709294912507 ], [ 0.132765259298206, 53.636170376801871 ], [ 0.13321865326528, 53.636162296160272 ], [ 0.133191457713574, 53.635623378149511 ], [ 0.133644845690096, 53.635615295949925 ], [ 0.133604045360519, 53.634806919061752 ], [ 0.134057424461737, 53.6347988353834 ], [ 0.134003015568924, 53.633720999644758 ], [ 0.134456382910521, 53.633712914566864 ], [ 0.134429174017494, 53.633173996768278 ], [ 0.134882535369312, 53.633165910132654 ], [ 0.134868928368947, 53.632896451290662 ], [ 0.135322286615669, 53.632888363018175 ], [ 0.135281458284257, 53.632079986642118 ], [ 0.135734807656993, 53.632071896891226 ], [ 0.135707584103456, 53.631532979392595 ], [ 0.136160927486891, 53.631524888084151 ], [ 0.136133699047204, 53.630985970685572 ], [ 0.136587036441495, 53.630977877819632 ], [ 0.13654618678426, 53.630169501849942 ], [ 0.136999515305483, 53.630161407505845 ], [ 0.136972277535943, 53.629622490278209 ], [ 0.137425600068439, 53.629614394376759 ], [ 0.137398357413857, 53.629075477249231 ], [ 0.137851673957785, 53.629067379790541 ], [ 0.137810802980026, 53.62825900422753 ], [ 0.138264110651802, 53.628250905290912 ], [ 0.138223233009994, 53.627442529834362 ], [ 0.138676531810022, 53.6274344294199 ], [ 0.138649275385762, 53.626895512534439 ], [ 0.139102568197894, 53.626887410562958 ], [ 0.139075306890118, 53.626348493777705 ], [ 0.139528593714516, 53.626340390249212 ], [ 0.139487694759458, 53.625532015199767 ], [ 0.139940972713023, 53.625523910193714 ], [ 0.139913702081143, 53.624984993579751 ], [ 0.140366974047389, 53.624976887016857 ], [ 0.140339698533097, 53.624437970503173 ], [ 0.140792964512185, 53.624429862383529 ], [ 0.140765684115826, 53.623890945970153 ], [ 0.141218944107913, 53.623882836293788 ], [ 0.141205301358342, 53.623613378144562 ], [ 0.141658558246454, 53.623605266832165 ], [ 0.141617622675615, 53.622796892535064 ], [ 0.142070870694179, 53.622788779745477 ], [ 0.142043575653682, 53.622249863633172 ], [ 0.142496817685723, 53.622241749287078 ], [ 0.142387623308751, 53.62008608488884 ], [ 0.142840842059977, 53.62007796946294 ], [ 0.142799889170877, 53.619269595310833 ], [ 0.14325309905434, 53.619261478408099 ], [ 0.143198486770401, 53.618183646318471 ], [ 0.143651684904544, 53.618175528018448 ], [ 0.143583410117377, 53.616828237974936 ], [ 0.14403659362122, 53.616820118357218 ], [ 0.143968309956584, 53.615472828345681 ], [ 0.144421478831295, 53.615464707410439 ], [ 0.144366844356466, 53.614386875456049 ], [ 0.144820001484451, 53.614378753123908 ], [ 0.144792679812217, 53.613839837218038 ], [ 0.14524583095646, 53.613831713330065 ], [ 0.145191178743295, 53.612753881660936 ], [ 0.145644318141905, 53.612745756376306 ], [ 0.1456033226633, 53.611937382709542 ], [ 0.146056453197825, 53.611929255948795 ], [ 0.146015451069198, 53.611120882389081 ], [ 0.14646857274004, 53.61111275415233 ], [ 0.146413894812331, 53.610034922852883 ], [ 0.146867004739369, 53.610026793219781 ], [ 0.146812318832801, 53.608948962004668 ], [ 0.147265417016772, 53.608940830975307 ], [ 0.147210723132546, 53.607862999844563 ], [ 0.147663809574189, 53.607854867419114 ], [ 0.147595432802103, 53.606507578574593 ], [ 0.148048504622252, 53.60649944483275 ], [ 0.14799379567246, 53.605421613812304 ], [ 0.148446855751945, 53.605413478674627 ], [ 0.148296392741281, 53.602449443037571 ], [ 0.147843364335532, 53.602457577299518 ], [ 0.147829690088384, 53.602188119346977 ], [ 0.147376664340319, 53.602196251815258 ], [ 0.147280970963922, 53.600310045180812 ], [ 0.146827965147259, 53.60031817537805 ], [ 0.146786965657378, 53.599509800648093 ], [ 0.146333968255615, 53.59951792889273 ], [ 0.146279316882003, 53.598440095396569 ], [ 0.145826330773317, 53.598448221609189 ], [ 0.145799012170998, 53.597909304614333 ], [ 0.145346031598005, 53.597917428954098 ], [ 0.145318719637229, 53.597378511741752 ], [ 0.14486574459981, 53.597386634208732 ], [ 0.144824786952004, 53.596578258042101 ], [ 0.144371820328247, 53.596586378556893 ], [ 0.144358171099322, 53.596316919725979 ], [ 0.14390520713269, 53.596325038447596 ], [ 0.14387791509414, 53.595786120583021 ], [ 0.143424956662721, 53.595794237432045 ], [ 0.143397671264111, 53.595255319350144 ], [ 0.142944718367784, 53.595263434326668 ], [ 0.142917439608713, 53.594724516027483 ], [ 0.142464492247359, 53.594732629131556 ], [ 0.142450856076985, 53.594463169880669 ], [ 0.141997911372669, 53.59447128119173 ], [ 0.141970645449948, 53.593932362487344 ], [ 0.141517706280452, 53.593940471926103 ], [ 0.141490446996178, 53.593401553004547 ], [ 0.141037513361383, 53.593409660571041 ], [ 0.141023886927944, 53.593140201009021 ], [ 0.140570955950132, 53.593148306782652 ], [ 0.140557332614942, 53.592878847126684 ], [ 0.140104404294123, 53.592886951107509 ], [ 0.140077164040607, 53.592348031593133 ], [ 0.139624241254304, 53.59235613370187 ], [ 0.139597007637857, 53.591817213970501 ], [ 0.13914409038595, 53.59182531420722 ], [ 0.139130476785843, 53.591555854240376 ], [ 0.138677562190873, 53.591563952684389 ], [ 0.13866395168854, 53.591294492623668 ], [ 0.13821103975052, 53.591302589275031 ], [ 0.138183825161553, 53.590763668951332 ], [ 0.137730918757744, 53.590771763730842 ], [ 0.137717314670966, 53.590502303467886 ], [ 0.137264410924083, 53.590510396454818 ], [ 0.137237209165646, 53.589971475726692 ], [ 0.136784310952821, 53.58997956684189 ], [ 0.136770713281017, 53.589710106376749 ], [ 0.136317817725096, 53.589718195699447 ], [ 0.136304223150499, 53.589448735140572 ], [ 0.135851330251492, 53.589456822670805 ], [ 0.135837738774009, 53.589187362018166 ], [ 0.135384848531925, 53.589195447755969 ], [ 0.135371260151464, 53.58892598700961 ], [ 0.13491837256631, 53.588934070955005 ], [ 0.134904787282778, 53.588664610114968 ], [ 0.134451902354566, 53.588672692267991 ], [ 0.13443832016787, 53.588403231334247 ], [ 0.133985437896611, 53.588411311694941 ], [ 0.133958279936568, 53.587872389625566 ], [ 0.133505403199054, 53.587880468114882 ], [ 0.133491827425563, 53.587611006979266 ], [ 0.133038953344978, 53.587619083676344 ], [ 0.133025380667993, 53.587349622447093 ], [ 0.132572509244346, 53.587357697351948 ], [ 0.132558939663774, 53.587088236029089 ], [ 0.132106070897075, 53.587096309141756 ], [ 0.132078938148223, 53.586557386294274 ], [ 0.131626074915055, 53.586565457535812 ], [ 0.131612511746632, 53.586295996011195 ], [ 0.131159651170388, 53.586304065460631 ], [ 0.131146091098047, 53.586034603842471 ], [ 0.130693233178739, 53.586042671499825 ], [ 0.130679676202388, 53.585773209788137 ], [ 0.130226820940025, 53.585781275653474 ], [ 0.13021326705957, 53.585511813848278 ], [ 0.12976041445416, 53.585519877921577 ], [ 0.129733313104251, 53.584980954109596 ], [ 0.129280466032122, 53.584989016312058 ], [ 0.129266918562525, 53.584719554305309 ], [ 0.128814074147328, 53.584727614715824 ], [ 0.128800529773296, 53.584458152615632 ], [ 0.12834768801504, 53.584466211234258 ], [ 0.12832060567716, 53.583927286832392 ], [ 0.127867769451999, 53.583935343580336 ], [ 0.127854231488007, 53.583665881278705 ], [ 0.127401397919764, 53.583673936234838 ], [ 0.127387863051008, 53.583404473839813 ], [ 0.126482201009299, 53.583420578455552 ], [ 0.126468672111706, 53.583151115888349 ], [ 0.126015843638299, 53.583159165548018 ], [ 0.125988792252109, 53.58262024021235 ], [ 0.125083146152238, 53.58263633407789 ], [ 0.125069626539393, 53.582366871230725 ], [ 0.124616806037009, 53.582374915515388 ], [ 0.124589773219605, 53.581835989619918 ], [ 0.124136958250061, 53.581844032034283 ], [ 0.124123445045357, 53.581574568985999 ], [ 0.123670632732808, 53.58158260960883 ], [ 0.123657122622597, 53.581313146467302 ], [ 0.123204312967053, 53.581321185298606 ], [ 0.1231772991541, 53.580782258814516 ], [ 0.122724495031209, 53.580790295775714 ], [ 0.122710991328322, 53.58052083243318 ], [ 0.122258189862413, 53.580528867602922 ], [ 0.12224468925369, 53.580259404167201 ], [ 0.121791890444772, 53.580267437545558 ], [ 0.121764895633974, 53.579728510473196 ], [ 0.121312102357526, 53.579736541981596 ], [ 0.121298608155307, 53.579467078344983 ], [ 0.120845817535828, 53.57947510806207 ], [ 0.120832326427443, 53.579205644332319 ], [ 0.120379538464941, 53.579213672258128 ], [ 0.120366050450296, 53.57894420843526 ], [ 0.119913265144783, 53.578952234569812 ], [ 0.119899780223785, 53.578682770653842 ], [ 0.119446997575269, 53.578690794997179 ], [ 0.119433515747826, 53.578421330988135 ], [ 0.118980735756316, 53.578429353540287 ], [ 0.118967257022335, 53.57815988943819 ], [ 0.118514479687842, 53.578167910199198 ], [ 0.118487528624762, 53.577628981794348 ], [ 0.118034756822425, 53.577637000685776 ], [ 0.118021284493181, 53.577367536383051 ], [ 0.117568515347839, 53.5773755534834 ], [ 0.117555046111728, 53.577106089087678 ], [ 0.117102279623387, 53.577114104396976 ], [ 0.117088813480315, 53.57684463990828 ], [ 0.116636049648987, 53.576852653426585 ], [ 0.116622586598862, 53.576583188844928 ], [ 0.116169825424557, 53.576591200572246 ], [ 0.116142905727896, 53.576052271208489 ], [ 0.115690150085498, 53.576060281066511 ], [ 0.115676693438818, 53.57579081628441 ], [ 0.114771187250238, 53.575806830706128 ], [ 0.114757736570966, 53.575537365752801 ], [ 0.114304986024844, 53.575545370316568 ], [ 0.114291538438055, 53.575275905270367 ], [ 0.113838790549003, 53.575283908043325 ], [ 0.113811901777831, 53.574744977750676 ], [ 0.113359159420524, 53.574752978654566 ], [ 0.113332277269044, 53.574214048147162 ], [ 0.112879540443363, 53.574222047182054 ], [ 0.112852664911175, 53.573683116459932 ], [ 0.112399933616999, 53.573691113625912 ], [ 0.11238649905162, 53.573421648164775 ], [ 0.111933770414426, 53.573429643540123 ], [ 0.111906907684807, 53.572890712417788 ], [ 0.111454184578966, 53.572898705924331 ], [ 0.111440756414581, 53.572629240263126 ], [ 0.1109880359657, 53.572637231979137 ], [ 0.110974610892942, 53.572367766225184 ], [ 0.110521893101028, 53.572375756150706 ], [ 0.110508471119805, 53.572106290304035 ], [ 0.110055755984871, 53.572114278439066 ], [ 0.110042337095088, 53.571844812499712 ], [ 0.109136911922041, 53.571860783476531 ], [ 0.109123498997759, 53.571591317366412 ], [ 0.107312657543394, 53.571623238460184 ], [ 0.10732605897102, 53.571892704882643 ], [ 0.106873345190842, 53.571900680953384 ], [ 0.106886743961168, 53.572170147439344 ], [ 0.106434027089888, 53.572178121875808 ], [ 0.106460819532594, 53.572717054960123 ], [ 0.106008096695877, 53.572725027840285 ], [ 0.10606167268569, 53.573802894146539 ], [ 0.10651440702017, 53.573794920954334 ], [ 0.106554599912893, 53.574603320297371 ], [ 0.107007342654305, 53.574595345158691 ], [ 0.107034144749925, 53.575134277825313 ], [ 0.107486893023834, 53.575126300818077 ], [ 0.107527106418749, 53.575934699474836 ], [ 0.107979863100141, 53.575926720520897 ], [ 0.107993270874007, 53.576196186632671 ], [ 0.109351548240472, 53.576172239261176 ], [ 0.109364964856235, 53.576441705124132 ], [ 0.110270487764581, 53.576425731490687 ], [ 0.110297333147713, 53.576964662860377 ], [ 0.111655633130486, 53.576940689096752 ], [ 0.111669064773186, 53.577210154525226 ], [ 0.112121833874369, 53.577202159767253 ], [ 0.112135268609607, 53.577471625102945 ], [ 0.113946354339427, 53.577439628631801 ], [ 0.113959800792704, 53.577709093639896 ], [ 0.114412574556221, 53.577701090162236 ], [ 0.114426024102347, 53.577970555077449 ], [ 0.11487880052331, 53.577962549808802 ], [ 0.114892253162378, 53.578232014631133 ], [ 0.115797811101347, 53.578215998799188 ], [ 0.115824728533933, 53.578754928086802 ], [ 0.116277512927174, 53.578746917445066 ], [ 0.116290974845626, 53.579016381988659 ], [ 0.116743761896273, 53.579008369555794 ], [ 0.116770692137789, 53.57954729844252 ], [ 0.117223484721256, 53.579539284140147 ], [ 0.117236953044464, 53.579808748483252 ], [ 0.11768974828536, 53.579800732389671 ], [ 0.117716691336969, 53.580339660875346 ], [ 0.118169492110837, 53.580331642912114 ], [ 0.118182966839382, 53.580601107054655 ], [ 0.118635770270705, 53.580593087300144 ], [ 0.118662726133567, 53.581132015384618 ], [ 0.119568343844212, 53.581115970423191 ], [ 0.119581827854399, 53.581385434286581 ], [ 0.120034639258021, 53.581377409158065 ], [ 0.120048126362274, 53.581646872928388 ], [ 0.12050094042331, 53.581638846008495 ], [ 0.120514430621723, 53.581908309685709 ], [ 0.120967247340163, 53.581900280974367 ], [ 0.121007727873526, 53.582708671682937 ], [ 0.121460553001191, 53.582700641022988 ], [ 0.121474049825217, 53.582970104484801 ], [ 0.12192687761035, 53.582962072033318 ], [ 0.121940377528917, 53.583231535401993 ], [ 0.122393207971511, 53.583223501158933 ], [ 0.122406710984711, 53.583492964434406 ], [ 0.122859544084755, 53.58348492839977 ], [ 0.122900063064545, 53.584293317902855 ], [ 0.123805745865484, 53.584277240222697 ], [ 0.123819258381914, 53.584546703203927 ], [ 0.124724946060233, 53.584530618514293 ], [ 0.124738464547995, 53.584800081323579 ], [ 0.125191310935146, 53.58479203633047 ], [ 0.125218354319978, 53.585330961747857 ], [ 0.12567120624088, 53.585322914884223 ], [ 0.125725307143636, 53.586400765229122 ], [ 0.126178170351446, 53.586392716337372 ], [ 0.126191699001198, 53.586662178808403 ], [ 0.126644564866549, 53.586654128124735 ], [ 0.126658096611976, 53.586923590502415 ], [ 0.127110965134857, 53.586915538026773 ], [ 0.127124499976052, 53.587185000311067 ], [ 0.127577371156455, 53.587176946043463 ], [ 0.127604447249766, 53.587715870410676 ], [ 0.128057323964435, 53.5877078142722 ], [ 0.128070865216696, 53.587977276355119 ], [ 0.128523744588908, 53.587969218424561 ], [ 0.128537288937267, 53.588238680414037 ], [ 0.128990170967015, 53.588230620691384 ], [ 0.129003718411564, 53.588500082587416 ], [ 0.129456603098837, 53.588492021072625 ], [ 0.12947015363967, 53.588761482875164 ], [ 0.129923040984458, 53.588753419568192 ], [ 0.129936594621668, 53.58902288127728 ], [ 0.130389484623963, 53.589014816178093 ], [ 0.130416598310835, 53.589553739394653 ], [ 0.130869493847676, 53.5895456724243 ], [ 0.130883053897482, 53.589815133931758 ], [ 0.131788850066606, 53.589798994693133 ], [ 0.131815982333567, 53.590337917348414 ], [ 0.132721789132645, 53.590321770940413 ], [ 0.132708217134985, 53.590052309778059 ], [ 0.133161117327734, 53.59004423408301 ], [ 0.133174692202561, 53.590313695166337 ], [ 0.133627595052666, 53.590305617678879 ], [ 0.133614017300678, 53.590036156674607 ], [ 0.13406691705377, 53.590028077552844 ], [ 0.134080497682914, 53.590297538478076 ], [ 0.134533400093259, 53.590289457563877 ], [ 0.134546983819503, 53.590558918395445 ], [ 0.134999888887091, 53.590550835688781 ], [ 0.135013475710531, 53.590820296426671 ], [ 0.135466383435353, 53.590812211927499 ], [ 0.13547997335608, 53.591081672571676 ], [ 0.135932883738126, 53.591073586280011 ], [ 0.135946476756233, 53.591343046830445 ], [ 0.136399389795494, 53.591334958746216 ], [ 0.136412985911074, 53.591604419202895 ], [ 0.13686590160754, 53.591596329326073 ], [ 0.136893100254046, 53.59213525003733 ], [ 0.137798942496001, 53.592119064826591 ], [ 0.137826153533432, 53.592657985162688 ], [ 0.138279080078988, 53.592649889828678 ], [ 0.138306297752895, 53.593188809947911 ], [ 0.138759229833278, 53.593180712741933 ], [ 0.138772841878458, 53.593450172700415 ], [ 0.139225776616081, 53.593442073701624 ], [ 0.139239391759395, 53.593711533566243 ], [ 0.139692329154248, 53.593703432774646 ], [ 0.139719565857858, 53.594242352301514 ], [ 0.140172508787724, 53.594234249637758 ], [ 0.140186130348164, 53.594503709299978 ], [ 0.140639075935284, 53.594495604843345 ], [ 0.140666325473728, 53.59503452396536 ], [ 0.141119276596012, 53.595026417636433 ], [ 0.141132904574161, 53.595295877096213 ], [ 0.141585858353721, 53.595287768974295 ], [ 0.141613120728165, 53.595826687691307 ], [ 0.142066080043043, 53.595818577697045 ], [ 0.142093349056722, 53.596357496196866 ], [ 0.142546313907036, 53.596349384330125 ], [ 0.14257358956035, 53.596888302612747 ], [ 0.143026559946222, 53.596880188873492 ], [ 0.143053842239573, 53.59741910693883 ], [ 0.143506818161123, 53.597410991326988 ], [ 0.14354775189326, 53.598219368077146 ], [ 0.14400073622906, 53.598211250513181 ], [ 0.144028032245738, 53.598750168114677 ], [ 0.144481022117545, 53.59874204867797 ], [ 0.144535628317963, 53.599819883387688 ], [ 0.144988629483289, 53.599811761919206 ], [ 0.145015939667655, 53.600350679027407 ], [ 0.145468946369406, 53.600342555686005 ], [ 0.1455645591343, 53.602228764547647 ], [ 0.146017585767776, 53.602220638935677 ], [ 0.146058574623124, 53.603029013704223 ], [ 0.146511609672968, 53.603020886139561 ], [ 0.146525275946648, 53.603290344286947 ], [ 0.146072238017494, 53.603298471931183 ], [ 0.146099565470143, 53.603837388341198 ], [ 0.146552609158059, 53.6038292605379 ], [ 0.1465799432549, 53.604368176730354 ], [ 0.146126893808039, 53.604376304692735 ], [ 0.146154223031218, 53.604915220985788 ], [ 0.146607278237211, 53.604907092864281 ], [ 0.14662094606043, 53.605176550909334 ], [ 0.146167887974801, 53.605184679110394 ], [ 0.146249882284512, 53.606801427550927 ], [ 0.145796806698723, 53.606809554514918 ], [ 0.145837798201893, 53.607617928776406 ], [ 0.145384713754734, 53.607626054264635 ], [ 0.145398375151671, 53.607895512402088 ], [ 0.145851462478942, 53.607887386834349 ], [ 0.145865126977328, 53.608156844877655 ], [ 0.145412036769898, 53.608164970524918 ], [ 0.145425698609422, 53.608434428633132 ], [ 0.144972605300489, 53.608442552645457 ], [ 0.144999923882882, 53.608981468977049 ], [ 0.144546824592127, 53.608989591433897 ], [ 0.14457413829882, 53.60952850786601 ], [ 0.144121033026086, 53.609536628767323 ], [ 0.144148341856735, 53.610075545299935 ], [ 0.143695230601861, 53.610083664645643 ], [ 0.143708882468418, 53.610353122969478 ], [ 0.143255768111847, 53.610361240680071 ], [ 0.143283066747162, 53.610900157442821 ], [ 0.142829946408232, 53.61090827359768 ], [ 0.142857240166545, 53.611447190460844 ], [ 0.142404113845096, 53.611455305059927 ], [ 0.142417758175065, 53.61172476354902 ], [ 0.141964628751787, 53.611732876512839 ], [ 0.14197827042194, 53.612002335066727 ], [ 0.141525137896824, 53.612010446395239 ], [ 0.141538776907068, 53.612279905013907 ], [ 0.141085641280103, 53.612288014707104 ], [ 0.141112914201493, 53.612826932059349 ], [ 0.140659772591668, 53.612835040196543 ], [ 0.140687040634562, 53.613373957649067 ], [ 0.139327597193592, 53.613398272248098 ], [ 0.139341222902893, 53.613667731190425 ], [ 0.138888071766542, 53.613675832706477 ], [ 0.138915318084909, 53.614214750705933 ], [ 0.138462160965393, 53.614222850665733 ], [ 0.138475781574322, 53.614492309722841 ], [ 0.13802262135284, 53.614500408047057 ], [ 0.138036239301073, 53.614769867168818 ], [ 0.137583075977614, 53.614777963857414 ], [ 0.137596691265058, 53.615047423043833 ], [ 0.136690358193635, 53.615063611434827 ], [ 0.136703967938733, 53.615333070765097 ], [ 0.135797628222427, 53.615349252454841 ], [ 0.135811232424977, 53.615618711928903 ], [ 0.135358059354681, 53.615626800280566 ], [ 0.135371660896059, 53.615896259819181 ], [ 0.134465308331292, 53.615912431535953 ], [ 0.134478904329778, 53.616181891218268 ], [ 0.134025724835337, 53.616189974583328 ], [ 0.134039318172413, 53.616459434330153 ], [ 0.133586135576064, 53.616467516059338 ], [ 0.133599726251639, 53.616736975870694 ], [ 0.133146540553372, 53.616745055963975 ], [ 0.133160128567351, 53.61701451583982 ], [ 0.132706939767155, 53.617022594297133 ], [ 0.132720525119445, 53.617292054237481 ], [ 0.132267333217311, 53.617300131058805 ], [ 0.132280915907821, 53.617569591063621 ], [ 0.13182772090374, 53.617577666248941 ], [ 0.131854881181027, 53.618116586372857 ], [ 0.131401680193001, 53.618124660001158 ], [ 0.131415257779645, 53.61839412012025 ], [ 0.130962053689601, 53.618402192112448 ], [ 0.130975628614142, 53.618671652295987 ], [ 0.130069214010103, 53.618687791292949 ], [ 0.130096352990361, 53.619226711932214 ], [ 0.129643139594206, 53.619234779015898 ], [ 0.129656706531879, 53.619504239392619 ], [ 0.129203490033666, 53.619512304840072 ], [ 0.129217054308863, 53.619781765281139 ], [ 0.128763834708585, 53.619789829092319 ], [ 0.128777396321213, 53.620059289597741 ], [ 0.128324173618859, 53.620067351772605 ], [ 0.128351291738481, 53.620606272897568 ], [ 0.127898063051596, 53.620614333514979 ], [ 0.127911619558455, 53.6208837941345 ], [ 0.127458387769424, 53.620891853115523 ], [ 0.127471941613394, 53.621161313799348 ], [ 0.127018706722207, 53.621169371143949 ], [ 0.127032257903193, 53.621438831892071 ], [ 0.126579019909841, 53.621446887600207 ], [ 0.126619666122155, 53.622255269993651 ], [ 0.126166419261185, 53.622263324222963 ], [ 0.126179965554901, 53.622532785070455 ], [ 0.125726715591645, 53.62254083766323 ], [ 0.125740259222013, 53.62281029857499 ], [ 0.124833752871499, 53.622826398771892 ], [ 0.124847290955528, 53.623095859826662 ], [ 0.122581006826676, 53.623136080692724 ], [ 0.122594530715272, 53.623405542126648 ], [ 0.12123474895906, 53.623429654296906 ], [ 0.121248264417717, 53.623699115952306 ], [ 0.12079500051122, 53.623707149990082 ], [ 0.120808513305798, 53.623976611709566 ], [ 0.120355246297259, 53.623984644110472 ], [ 0.120368756427663, 53.624254105894011 ], [ 0.11946221598761, 53.62427016570652 ], [ 0.119475720570559, 53.624539627632721 ], [ 0.119022447139078, 53.624547655044282 ], [ 0.119035949057616, 53.624817117034475 ], [ 0.118582672524105, 53.624825142809037 ], [ 0.11859617177814, 53.62509460486325 ], [ 0.118142892142591, 53.625102629000779 ], [ 0.118156388732028, 53.625372091118997 ], [ 0.11770310599443, 53.625380113619471 ], [ 0.117716599919178, 53.625649575801667 ], [ 0.116810028021252, 53.625665615812842 ], [ 0.116850493806516, 53.626474002743095 ], [ 0.116397198879169, 53.626482020410705 ], [ 0.116410685027823, 53.626751482770182 ], [ 0.115504088750356, 53.626767513115269 ], [ 0.115517569350252, 53.627036975617102 ], [ 0.114610966431673, 53.627052999256264 ], [ 0.114637916751916, 53.627591924530016 ], [ 0.113731301424942, 53.627607941619893 ], [ 0.113744771144998, 53.627877404391732 ], [ 0.112838149177282, 53.627893414775329 ], [ 0.112851613347891, 53.62816287768937 ], [ 0.113304927324733, 53.628154873277104 ], [ 0.113318394597448, 53.628424336098234 ], [ 0.11241176065774, 53.628440343363678 ], [ 0.112425222380773, 53.628709806326953 ], [ 0.111971902199699, 53.628717807464298 ], [ 0.111985361256872, 53.628987270491351 ], [ 0.111532037973669, 53.628995269991172 ], [ 0.111545494364887, 53.629264733082003 ], [ 0.110638841376175, 53.629280727090659 ], [ 0.110652292217222, 53.629550190323513 ], [ 0.110198962511747, 53.629558184832305 ], [ 0.110212410686602, 53.629827648128881 ], [ 0.109305744853522, 53.629843632155257 ], [ 0.109319187477861, 53.630113095593799 ], [ 0.108865851350289, 53.630121085111327 ], [ 0.108879291308198, 53.630390548613533 ], [ 0.107519272965955, 53.630414507105137 ], [ 0.107532704488657, 53.630683970827342 ], [ 0.10707936172149, 53.630691953637474 ], [ 0.107106219651089, 53.631230881194597 ], [ 0.106652870897447, 53.631238862445024 ], [ 0.106666297304209, 53.631508326279928 ], [ 0.106212945448476, 53.63151630589244 ], [ 0.106226369188291, 53.631785769790945 ], [ 0.105319659055118, 53.631801724024129 ], [ 0.105333077243291, 53.632071188064273 ], [ 0.103973001758856, 53.632095106777889 ], [ 0.103986411510524, 53.63236457103767 ], [ 0.103533049696331, 53.632372540588101 ], [ 0.103546456780617, 53.632642004911389 ], [ 0.102639726730984, 53.632657939019971 ], [ 0.102653128263027, 53.632927403484743 ], [ 0.101746391575058, 53.632943330884842 ], [ 0.101759787554654, 53.633212795491012 ], [ 0.100853044228591, 53.633228716182479 ], [ 0.100866434655542, 53.63349818092999 ], [ 0.099959684691627, 53.633514094912691 ], [ 0.099973069565731, 53.633783559801472 ], [ 0.099519691373413, 53.633791514296455 ], [ 0.099533073579463, 53.634060979248595 ], [ 0.09817292904637, 53.634084832669934 ], [ 0.098186302814178, 53.634354297841107 ], [ 0.097732917984525, 53.634362245626946 ], [ 0.097746289083988, 53.63463171086142 ], [ 0.097292901152517, 53.634639657008826 ], [ 0.097306269583545, 53.634909122306567 ], [ 0.095492704150781, 53.634940890044781 ], [ 0.095506061257638, 53.635210355639039 ], [ 0.094599271471695, 53.635226229365955 ], [ 0.0946126230245, 53.635495695101099 ], [ 0.094159224921629, 53.635503629467799 ], [ 0.094172573805512, 53.635773095266131 ], [ 0.09326577118008, 53.635788959005936 ], [ 0.093279114509566, 53.63605842494507 ], [ 0.092372305248284, 53.636074281974807 ], [ 0.092385643023172, 53.636343748054692 ], [ 0.091478827126283, 53.636359598374213 ], [ 0.091492159346372, 53.636629064594786 ], [ 0.090585336814118, 53.636644908203948 ], [ 0.090598663479207, 53.636914374565144 ], [ 0.090145249003498, 53.636922293872679 ], [ 0.090158572998992, 53.637191760296901 ], [ 0.089705155421717, 53.637199677965548 ], [ 0.089718476747524, 53.637469144452787 ], [ 0.089265056068673, 53.637477060482517 ], [ 0.089278374724699, 53.637746527032775 ], [ 0.087464678308136, 53.637778174297054 ], [ 0.087477985636992, 53.638047641142656 ], [ 0.086571130362804, 53.638063454630817 ], [ 0.086584432135712, 53.638332921616765 ], [ 0.085677570227437, 53.638348728393723 ], [ 0.085690866444196, 53.638618195519939 ], [ 0.085237432280873, 53.638626096411009 ], [ 0.08525072582722, 53.638895563600109 ], [ 0.084797288562484, 53.638903462851999 ], [ 0.084810579438326, 53.639172930103925 ], [ 0.084357139072169, 53.639180827716579 ], [ 0.084370427277412, 53.639450295031374 ], [ 0.083010096228641, 53.639473977801828 ], [ 0.083023375991005, 53.639743445334005 ], [ 0.082569928991406, 53.639751336234902 ], [ 0.082583206082881, 53.640020803829863 ], [ 0.080769404388176, 53.640052350576262 ], [ 0.080782670150044, 53.640321818465637 ], [ 0.079875762239872, 53.640337581693387 ], [ 0.079889022444241, 53.640607049722604 ], [ 0.078528650308193, 53.640630681920754 ], [ 0.078541902068532, 53.6409001501669 ], [ 0.077634980464375, 53.64091589653647 ], [ 0.077648226666758, 53.641185364922279 ], [ 0.076287833991059, 53.64120897183259 ], [ 0.076301071748839, 53.641478440435087 ], [ 0.075394136452469, 53.641494169945723 ], [ 0.075407368651835, 53.641763638687777 ], [ 0.074046955439147, 53.64178722030907 ], [ 0.074060179193334, 53.642056689267569 ], [ 0.072699755391691, 53.642080255668773 ], [ 0.072712970700381, 53.642349724843541 ], [ 0.072259492784695, 53.642357576953948 ], [ 0.072246280362633, 53.642088107702307 ], [ 0.071792805119398, 53.642095958019048 ], [ 0.071806014654825, 53.642365427347542 ], [ 0.071352536310821, 53.642373276024337 ], [ 0.071339329662032, 53.642103806618991 ], [ 0.070432378105095, 53.642119498668521 ], [ 0.070445578980592, 53.642388968227536 ], [ 0.069992099994462, 53.642396811753919 ], [ 0.070005298197254, 53.642666281375263 ], [ 0.06819136856687, 53.642697638619737 ], [ 0.068204555436583, 53.642967108533668 ], [ 0.066844097308762, 53.642990608670381 ], [ 0.066857275731783, 53.643260078799948 ], [ 0.065496807020778, 53.643283563714903 ], [ 0.06550997699679, 53.643553034060005 ], [ 0.06460299101478, 53.643568682238822 ], [ 0.064616155430412, 53.64383815272268 ], [ 0.064162659232326, 53.643845974313336 ], [ 0.06414949770364, 53.64357650375289 ], [ 0.06369600417914, 53.643584323550058 ], [ 0.063709162820875, 53.643853794187073 ], [ 0.063255666196106, 53.643861612343883 ], [ 0.063268822164155, 53.644131083043007 ], [ 0.06236182250083, 53.644146714358946 ], [ 0.0623486723068, 53.643877243506758 ], [ 0.061441677564783, 53.643892867801945 ], [ 0.061454821984775, 53.644162338807106 ], [ 0.060547820616363, 53.644177956387509 ], [ 0.060534681970429, 53.643908485229424 ], [ 0.059627685524109, 53.643924095789174 ], [ 0.059640818395967, 53.644193567100118 ], [ 0.057373309120008, 53.644232563834969 ], [ 0.057386427769264, 53.644502035513312 ], [ 0.055572404971691, 53.644533202301105 ], [ 0.055585512284947, 53.644802674270203 ], [ 0.054224984293941, 53.644826031561422 ], [ 0.054238083157994, 53.645095503744813 ], [ 0.052877544594093, 53.645118845811545 ], [ 0.052890635008625, 53.645388318209065 ], [ 0.052437118842197, 53.645396095540086 ], [ 0.052450206581602, 53.645665567999337 ], [ 0.051543167837562, 53.645681117662484 ], [ 0.051530085872866, 53.64541164505097 ], [ 0.051076569070058, 53.645419417230841 ], [ 0.051089648147391, 53.645688889918461 ], [ 0.049275567266795, 53.645719961771619 ], [ 0.049288635006487, 53.64598943474909 ], [ 0.047474539186519, 53.646020479433034 ], [ 0.047487595588124, 53.64628995270008 ], [ 0.044312899543152, 53.646344215319907 ], [ 0.044325935943529, 53.646613689103866 ], [ 0.043418872252705, 53.646629177407057 ], [ 0.043405841627485, 53.646359703471433 ], [ 0.042952312352748, 53.646367444971517 ], [ 0.042965340090382, 53.646636918982928 ], [ 0.0388835411306, 53.646706515893754 ], [ 0.038870539381439, 53.646437041200834 ], [ 0.038417007996741, 53.646444765529488 ], [ 0.038430006858271, 53.646714240298024 ], [ 0.036615867661985, 53.646745120743432 ], [ 0.036602880351026, 53.646475645672503 ], [ 0.036149347913101, 53.64648336141537 ], [ 0.036162332336406, 53.646752836561852 ], [ 0.035708796800315, 53.646760550663089 ], [ 0.035721778546425, 53.647030025870713 ], [ 0.034361162012417, 53.647053158097847 ], [ 0.03437413530571, 53.647322633517618 ], [ 0.033920593152553, 53.647330340901057 ], [ 0.03394653459446, 53.647869291848416 ], [ 0.033039438105943, 53.647884701765442 ], [ 0.033026473055587, 53.647615226148055 ], [ 0.032572927383881, 53.647622928455249 ], [ 0.032559965431552, 53.647353452748064 ], [ 0.033013508215427, 53.647345750516287 ], [ 0.033000543585459, 53.647076274870166 ], [ 0.031639923266813, 53.647099376187619 ], [ 0.031652879233413, 53.647368852059948 ], [ 0.031199335819243, 53.647376549140041 ], [ 0.03118638274044, 53.647107073192338 ], [ 0.029372218535409, 53.647137844039086 ], [ 0.029385160062973, 53.64740732028811 ], [ 0.028478070925741, 53.647422695558717 ], [ 0.028465135173824, 53.647153219159144 ], [ 0.025743880057274, 53.647199303305833 ], [ 0.025730961841845, 53.64692982644064 ], [ 0.025277421476919, 53.646937501046288 ], [ 0.02526450635869, 53.646668024091582 ], [ 0.024810968672144, 53.646675696904865 ], [ 0.024798056651021, 53.646406219860673 ], [ 0.024344521642863, 53.646413890881639 ], [ 0.024318704003924, 53.645874936599967 ], [ 0.023865174561803, 53.645882605753556 ], [ 0.023852268943842, 53.645613128516082 ], [ 0.022945215207151, 53.645628461521653 ], [ 0.022932315573517, 53.645358984119682 ], [ 0.022025266775417, 53.645374310106597 ], [ 0.022012373125939, 53.645104832540227 ], [ 0.019744761911055, 53.645143117082746 ], [ 0.019757641122886, 53.645412595024013 ], [ 0.018850589399942, 53.645427896971007 ], [ 0.018837715963202, 53.645158418879895 ], [ 0.017477145476269, 53.645181358697172 ], [ 0.017464280910762, 53.644911880367104 ], [ 0.017010759885449, 53.644919523463749 ], [ 0.016997898415972, 53.644650045044514 ], [ 0.016090861514819, 53.64466532593682 ], [ 0.016078006028714, 53.644395847353607 ], [ 0.015624490152933, 53.644403485149333 ], [ 0.015611637762629, 53.644134006476975 ], [ 0.015158124565884, 53.644141642480839 ], [ 0.015170974068791, 53.644411121227961 ], [ 0.014263941275607, 53.644426388233917 ], [ 0.014251097547508, 53.644156909337319 ], [ 0.012890555458432, 53.644179796743941 ], [ 0.012877720600657, 53.643910317608899 ], [ 0.009703135324036, 53.643963660937338 ], [ 0.009690320885745, 53.64369418126563 ], [ 0.007422768177431, 53.64373223175815 ], [ 0.007409968383508, 53.643462751699566 ], [ 0.005142424924248, 53.643500758893147 ], [ 0.005129639774333, 53.643231278448056 ], [ 0.002862105569958, 53.643269242343322 ], [ 0.002849335063693, 53.642999761512186 ], [ 0.001488820718206, 53.643022519021855 ], [ 0.001476059080712, 53.642753037953568 ], [ -0.00033795139374, 53.642783356964287 ], [ -0.000350701275482, 53.642513875584818 ], [ -0.001257701978604, 53.642529024639664 ], [ -0.001270445879287, 53.642259543097559 ], [ -0.002630939821746, 53.642282253579758 ], [ -0.00264367485439, 53.642012771800978 ], [ -0.004004161993435, 53.642035466607879 ], [ -0.004016888158284, 53.641765984592602 ], [ -0.004923874841677, 53.641781105730821 ], [ -0.004936595026062, 53.64151162355315 ], [ -0.005843576760118, 53.641526737675449 ], [ -0.005856290964212, 53.641257255335518 ], [ -0.006763267748613, 53.641272362441995 ], [ -0.00677597597259, 53.641002879939826 ], [ -0.008136434033132, 53.641025527500616 ], [ -0.008149133390193, 53.640756044762405 ], [ -0.008602616935196, 53.640763590441559 ], [ -0.008615313199459, 53.640494107615204 ], [ -0.010429237889418, 53.640524272867083 ], [ -0.010441922400284, 53.640254789731074 ], [ -0.012709318454408, 53.640292457296368 ], [ -0.012721988325304, 53.640022973777242 ], [ -0.013628942411233, 53.640038028637569 ], [ -0.013641606303067, 53.639768544956759 ], [ -0.014095080767146, 53.639776069737906 ], [ -0.014107741566896, 53.63950658596913 ], [ -0.016375102530893, 53.639544183753337 ], [ -0.016387748691581, 53.639274699602161 ], [ -0.016841218612795, 53.639282213934806 ], [ -0.016853861681753, 53.639012729695793 ], [ -0.01730732892118, 53.639020242238018 ], [ -0.017319968898503, 53.638750757911161 ], [ -0.018680363185899, 53.638773285016164 ], [ -0.018692994298371, 53.638503800454473 ], [ -0.020053381768565, 53.638526311887524 ], [ -0.02006600401643, 53.638256827091148 ], [ -0.020972924246429, 53.638271825982216 ], [ -0.020985540516522, 53.63800234102473 ], [ -0.022345913735464, 53.638024826265053 ], [ -0.022358521141406, 53.637755341073145 ], [ -0.023265431869501, 53.637770322502703 ], [ -0.023278033298056, 53.637500837149823 ], [ -0.024184939070187, 53.637515811565621 ], [ -0.024197534521528, 53.637246326051887 ], [ -0.024650984827395, 53.637253810611334 ], [ -0.024638392262535, 53.63752329619836 ], [ -0.025091845659008, 53.637530779114329 ], [ -0.025104435337382, 53.637261293454046 ], [ -0.025557886051444, 53.637268774579972 ], [ -0.025570472639302, 53.636999288832179 ], [ -0.02693081734611, 53.637021721689777 ], [ -0.026943395070728, 53.63675223570808 ], [ -0.027850286788594, 53.636767182216389 ], [ -0.027862858536594, 53.636497696074102 ], [ -0.030130076964754, 53.636535031936397 ], [ -0.030155190986264, 53.63599605887795 ], [ -0.03196894630224, 53.636025896082401 ], [ -0.031981491462624, 53.635756409239683 ], [ -0.032888364568351, 53.635771317395736 ], [ -0.032900903752924, 53.635501830392812 ], [ -0.033354337724454, 53.635509281822834 ], [ -0.033366873819586, 53.635239794732719 ], [ -0.033820305108122, 53.635247244373147 ], [ -0.033832838113907, 53.634977757195834 ], [ -0.034739695528072, 53.634992651180895 ], [ -0.034752222558491, 53.634723163843525 ], [ -0.036112501544164, 53.634745491727656 ], [ -0.036125019713312, 53.634476004157442 ], [ -0.036578443561667, 53.634483443279393 ], [ -0.036590958641875, 53.634213955622101 ], [ -0.037951222745767, 53.634236262469805 ], [ -0.037963728965126, 53.633966774579889 ], [ -0.038417147852573, 53.633974206689821 ], [ -0.038429650983263, 53.633704718712906 ], [ -0.039789900203481, 53.633727004524921 ], [ -0.039802394473745, 53.633457516315588 ], [ -0.040709222528025, 53.633472364795324 ], [ -0.040721710824003, 53.633202876426374 ], [ -0.041628533916171, 53.633217717894546 ], [ -0.041641016238034, 53.63294822936605 ], [ -0.042547834367776, 53.632963063822771 ], [ -0.0425603107157, 53.632693575134837 ], [ -0.0434671238827, 53.632708402580199 ], [ -0.043479594256857, 53.632438913732862 ], [ -0.04393299825779, 53.632446324808207 ], [ -0.043920530769414, 53.632715813728097 ], [ -0.045280752641847, 53.632738036872631 ], [ -0.045293211472857, 53.632468547735151 ], [ -0.047560237536059, 53.632505551616404 ], [ -0.047572681736336, 53.632236062102407 ], [ -0.048026084668496, 53.632243457656699 ], [ -0.048038525781349, 53.63197396805608 ], [ -0.049398727130345, 53.631996144202702 ], [ -0.049411159384487, 53.631726654370766 ], [ -0.050317955520029, 53.631741429741375 ], [ -0.050330381801364, 53.631471939750568 ], [ -0.050783777285613, 53.631479324788842 ], [ -0.05079620047993, 53.63120983471152 ], [ -0.051702986281216, 53.631224599494089 ], [ -0.051715403503035, 53.630955109258025 ], [ -0.052168793820013, 53.630962489002371 ], [ -0.052193621888872, 53.630423508343114 ], [ -0.052647006636031, 53.630430886226549 ], [ -0.052659417483215, 53.630161395803398 ], [ -0.053112799546079, 53.630168771898219 ], [ -0.053125207306713, 53.629899281388646 ], [ -0.053578586685275, 53.629906655694839 ], [ -0.053615800104671, 53.629098183864357 ], [ -0.059056264443803, 53.629186539065742 ], [ -0.059043894795242, 53.629456030555147 ], [ -0.065391180067141, 53.629558800253911 ], [ -0.065378850613661, 53.629828292735347 ], [ -0.069459294947823, 53.62989418196937 ], [ -0.069446991263959, 53.630163675081754 ], [ -0.073980866100036, 53.630236722996919 ], [ -0.073968591072578, 53.630506216810332 ], [ -0.076235550382256, 53.630542676757933 ], [ -0.076223289584151, 53.630812170914183 ], [ -0.077583476212025, 53.630834026498974 ], [ -0.077571223872372, 53.631103520855056 ], [ -0.078024622697964, 53.631110802688283 ], [ -0.078036872151884, 53.630841308260912 ], [ -0.078490268290282, 53.630848588306336 ], [ -0.078478021722101, 53.631118082804981 ], [ -0.082105221057152, 53.631176261943715 ], [ -0.082092997376912, 53.631445756997849 ], [ -0.083906613344211, 53.63147480565484 ], [ -0.083894401009353, 53.631744300979264 ], [ -0.085254623721046, 53.631766069661261 ], [ -0.085242419846061, 53.632035565184701 ], [ -0.087509476084143, 53.632071812344634 ], [ -0.087497286441364, 53.632341308208836 ], [ -0.089764362048965, 53.632377512808112 ], [ -0.089752186638964, 53.632647009012665 ], [ -0.092472701196582, 53.63269039830778 ], [ -0.09246054290608, 53.632959894923054 ], [ -0.094727658221463, 53.632996005814491 ], [ -0.094715514164947, 53.633265502769213 ], [ -0.096529221505607, 53.633294360864625 ], [ -0.096517088797359, 53.63356385808779 ], [ -0.097877380026817, 53.633585483845671 ], [ -0.097865255780925, 53.633854981266509 ], [ -0.09877212335596, 53.633869389995873 ], [ -0.098760004686335, 53.634138887543671 ], [ -0.10012031618125, 53.634160487973588 ], [ -0.100108205974551, 53.634429985718789 ], [ -0.101921968928275, 53.634458762538991 ], [ -0.10190987007134, 53.63472826055186 ], [ -0.103270203005605, 53.634749825351832 ], [ -0.103258112612285, 53.635019323561743 ], [ -0.104165007988283, 53.635033691651678 ], [ -0.104152923172249, 53.635303189988171 ], [ -0.105059825105099, 53.635317551351378 ], [ -0.105047745866552, 53.635587049814418 ], [ -0.106408108894327, 53.635608579193615 ], [ -0.10638396715044, 53.636147576499006 ], [ -0.107290888361159, 53.636161921115011 ], [ -0.107278822969411, 53.636431419887025 ], [ -0.107732286755024, 53.636438589689867 ], [ -0.107744349259913, 53.636169090847631 ], [ -0.108197810354201, 53.636176258863351 ], [ -0.108161630913644, 53.636984755558331 ], [ -0.109068571010132, 53.636999086859973 ], [ -0.109044461953732, 53.63753808486684 ], [ -0.109951414380013, 53.637552409581147 ], [ -0.109927316090491, 53.638091407812233 ], [ -0.110380798370921, 53.638098567734097 ], [ -0.11039284472618, 53.637829068555476 ], [ -0.110846324314724, 53.63783622669019 ], [ -0.110822237183307, 53.638375225173512 ], [ -0.11172920849484, 53.638389536572127 ], [ -0.11171717041081, 53.638659035932804 ], [ -0.112624148277489, 53.638673340603233 ], [ -0.112612115772954, 53.638942840089889 ], [ -0.113065607886236, 53.638949989919475 ], [ -0.113053578074015, 53.639219489462072 ], [ -0.113960568660346, 53.639233784109933 ], [ -0.113948544427966, 53.639503283778438 ], [ -0.114855541568882, 53.639517571697709 ], [ -0.114843522916541, 53.639787071492023 ], [ -0.114390021361154, 53.639779928321019 ], [ -0.114377999626438, 53.64004942803134 ], [ -0.114831504069359, 53.640056571272289 ], [ -0.114807465790452, 53.640595570790609 ], [ -0.115260976203438, 53.640602712454225 ], [ -0.115248959659383, 53.640872212262202 ], [ -0.11570247315486, 53.640879352278553 ], [ -0.115678445257816, 53.641418351992122 ], [ -0.116585484384056, 53.641432627152689 ], [ -0.116573475919036, 53.641702127128148 ], [ -0.117026998662035, 53.641709262202404 ], [ -0.117014992890212, 53.641978762233663 ], [ -0.117468518715737, 53.641985895660476 ], [ -0.117456515637206, 53.642255395747547 ], [ -0.117910044545265, 53.642262527526889 ], [ -0.117898044160118, 53.642532027669688 ], [ -0.118351576150718, 53.642539157801544 ], [ -0.11833957845905, 53.642808658000114 ], [ -0.120153719918276, 53.642837161633175 ], [ -0.120141733584465, 53.643106662096805 ], [ -0.120595272323312, 53.643113783781409 ], [ -0.120571304849037, 53.643652784805951 ], [ -0.121931939560194, 53.643674139973683 ], [ -0.121919964196376, 53.643943640673989 ], [ -0.122373512376725, 53.643950755698057 ], [ -0.122349566843271, 53.644489757195835 ], [ -0.122803120994403, 53.644496870641788 ], [ -0.122815090969828, 53.644227369830261 ], [ -0.123268642426669, 53.644234481489086 ], [ -0.123256675339606, 53.644503982370253 ], [ -0.123710229878835, 53.644511092381265 ], [ -0.12369826548616, 53.644780593317996 ], [ -0.124151823107787, 53.644787701681132 ], [ -0.124139861409594, 53.645057202673428 ], [ -0.124593422113626, 53.645064309388651 ], [ -0.124581463110007, 53.645333810436469 ], [ -0.125488590876753, 53.64534801885349 ], [ -0.125476637456373, 53.645617520026434 ], [ -0.125023070587504, 53.645610416607113 ], [ -0.125011114084698, 53.645879917696426 ], [ -0.125464683842184, 53.645887021185295 ], [ -0.125428821836723, 53.646695524577581 ], [ -0.126789558270355, 53.64671682536455 ], [ -0.126777612547327, 53.646986326675801 ], [ -0.127231194634794, 53.64699342357239 ], [ -0.127219251606944, 53.647262924939099 ], [ -0.127672836776927, 53.64727002018752 ], [ -0.12766089644435, 53.647539521609644 ], [ -0.128114484696856, 53.647546615209862 ], [ -0.128102547059644, 53.647816116687437 ], [ -0.128556138394684, 53.647823208639437 ], [ -0.128544203452931, 53.648092710172399 ], [ -0.129451392481566, 53.648106889062156 ], [ -0.129439463124443, 53.648376390719918 ], [ -0.130800256785231, 53.648397646379792 ], [ -0.13077641482562, 53.648936650069565 ], [ -0.131683623122671, 53.648950812198137 ], [ -0.131659791946903, 53.649489816109131 ], [ -0.131206181923228, 53.649482735765041 ], [ -0.131182344195895, 53.650021739481176 ], [ -0.13163595999828, 53.650028819963943 ], [ -0.131624043734137, 53.650298321870281 ], [ -0.132077662619172, 53.650305400704546 ], [ -0.13206574905128, 53.650574902666179 ], [ -0.131612127276768, 53.650567823762607 ], [ -0.131588293782336, 53.65110682750511 ], [ -0.13113466642197, 53.651099746744954 ], [ -0.131086985555475, 53.652177753784095 ], [ -0.13154062447457, 53.652184834821639 ], [ -0.131564459514947, 53.651645831191452 ], [ -0.132471726373916, 53.651659987835274 ], [ -0.132519371018976, 53.650581979851864 ], [ -0.133880238080697, 53.650603201101653 ], [ -0.133868335877754, 53.650872703326407 ], [ -0.134321961507261, 53.650879773709796 ], [ -0.134310062000908, 53.651149275989745 ], [ -0.134763690712964, 53.651156344724484 ], [ -0.134739896900711, 53.651695349380709 ], [ -0.135647166462195, 53.651709481973207 ], [ -0.135635275046174, 53.651978984418683 ], [ -0.136088913005927, 53.651986048207178 ], [ -0.136065135375025, 53.652525053194381 ], [ -0.136518779307207, 53.652532115403226 ], [ -0.136506893092462, 53.652801617944952 ], [ -0.136960540107285, 53.652808678504925 ], [ -0.136948656589734, 53.653078181101769 ], [ -0.137855956977343, 53.653092297205845 ], [ -0.137832200924196, 53.653631302633968 ], [ -0.138739513642373, 53.653645412142197 ], [ -0.138715768379226, 53.654184417790567 ], [ -0.139623093428037, 53.654198520702693 ], [ -0.13959935895564, 53.654737526571211 ], [ -0.140053027549194, 53.654744575588147 ], [ -0.14004116291462, 53.655014078570403 ], [ -0.140494834590883, 53.655021125938227 ], [ -0.140482972654252, 53.655290628975486 ], [ -0.140936647413234, 53.655297674694097 ], [ -0.14091292874372, 53.655836680864581 ], [ -0.141820290400323, 53.655850767423154 ], [ -0.141796582523602, 53.656389773813466 ], [ -0.142250269421342, 53.656396814653313 ], [ -0.1422265665569, 53.656935821125472 ], [ -0.142680259428095, 53.656942860384945 ], [ -0.14266841059827, 53.657212363668933 ], [ -0.143122106552328, 53.657219401279036 ], [ -0.143110260421092, 53.657488904617907 ], [ -0.143563959458021, 53.657495940578613 ], [ -0.143552116025468, 53.65776544397238 ], [ -0.144005818145274, 53.657772478283619 ], [ -0.143993977411497, 53.658041981732303 ], [ -0.144447682614191, 53.658049014394052 ], [ -0.144435844579284, 53.658318517897577 ], [ -0.144889552864873, 53.658325548909822 ], [ -0.14487771752893, 53.658595052468208 ], [ -0.145331428897423, 53.6586020818309 ], [ -0.145319596260538, 53.658871585444111 ], [ -0.146227025355206, 53.658885639151876 ], [ -0.146203371070043, 53.659424646611569 ], [ -0.147110812496325, 53.659438693720759 ], [ -0.147098990848337, 53.659708197567191 ], [ -0.147552714740259, 53.659715218612824 ], [ -0.147529076651559, 53.660254226401186 ], [ -0.14798280651765, 53.660261245865847 ], [ -0.147970990077074, 53.660530749807769 ], [ -0.148424723026128, 53.660537767622614 ], [ -0.148412909285266, 53.660807271619248 ], [ -0.148866645317289, 53.660814287784305 ], [ -0.148854834276233, 53.661083791835658 ], [ -0.149308573391237, 53.661090806350849 ], [ -0.14929676505008, 53.661360310456907 ], [ -0.149750507248071, 53.661367323322189 ], [ -0.149738701606909, 53.661636827482923 ], [ -0.150192446887894, 53.661643838698282 ], [ -0.150180643946819, 53.661913342913714 ], [ -0.15063439231081, 53.661920352479086 ], [ -0.150610791637628, 53.662459361005212 ], [ -0.151064545976299, 53.662466368989257 ], [ -0.151052748244328, 53.662735873299965 ], [ -0.151960263279125, 53.662749884249259 ], [ -0.151948471139335, 53.663019388683189 ], [ -0.151494710634511, 53.663012383999273 ], [ -0.151482915411637, 53.663281888350603 ], [ -0.151936678808279, 53.663288893103122 ], [ -0.151913093572351, 53.663827901901008 ], [ -0.152366862944048, 53.663834905071987 ], [ -0.15235507293113, 53.664104409518536 ], [ -0.152808845386026, 53.664111411039322 ], [ -0.152797058073885, 53.664380915540434 ], [ -0.153250833611989, 53.664387915411019 ], [ -0.153239049000719, 53.664657419966716 ], [ -0.153692827622038, 53.66466441818703 ], [ -0.153681045711732, 53.664933922797253 ], [ -0.154134827416276, 53.664940919367304 ], [ -0.154123048207029, 53.665210424032061 ], [ -0.154576832994805, 53.665217418951798 ], [ -0.15455327978759, 53.665756428376369 ], [ -0.15546086150514, 53.665770413333242 ], [ -0.15544909039963, 53.666039918161509 ], [ -0.156356678665566, 53.666053896379729 ], [ -0.156321381557907, 53.666862411191396 ], [ -0.156775184654442, 53.666869397927442 ], [ -0.156763421462701, 53.667138902905108 ], [ -0.15721722764257, 53.667145887990628 ], [ -0.157205467152585, 53.667415393022736 ], [ -0.157659276415795, 53.667422376457658 ], [ -0.15764751862766, 53.667691881544172 ], [ -0.158101330974221, 53.667698863328489 ], [ -0.158089575888031, 53.66796836846941 ], [ -0.15854339131795, 53.667975348603093 ], [ -0.158519886359001, 53.668514358979728 ], [ -0.159427529361723, 53.668528314363357 ], [ -0.159404035211572, 53.669067324957432 ], [ -0.159857862784493, 53.669074300207278 ], [ -0.1598461183165, 53.669343805551676 ], [ -0.160299948972864, 53.669350779150754 ], [ -0.160276465251312, 53.669889789934189 ], [ -0.161184138707425, 53.669903732248066 ], [ -0.161160665796342, 53.670442743248749 ], [ -0.161614508596211, 53.670449711963457 ], [ -0.161602774748252, 53.670719217511085 ], [ -0.162056620631648, 53.670726184574853 ], [ -0.162044889486562, 53.67099569017676 ], [ -0.162498738453494, 53.67100265558954 ], [ -0.162487010011374, 53.671272161245696 ], [ -0.16294086206185, 53.671279125007445 ], [ -0.16292913632279, 53.671548630717822 ], [ -0.163382991456817, 53.671555592828518 ], [ -0.163359545194824, 53.672094604343755 ], [ -0.164721129098246, 53.672115480769214 ], [ -0.164697699436532, 53.672654492637541 ], [ -0.16515156690485, 53.672661448143685 ], [ -0.165139854682497, 53.672930954125043 ], [ -0.165593725234409, 53.672937907979929 ], [ -0.165582015715678, 53.673207414015423 ], [ -0.166035889351192, 53.673214366219064 ], [ -0.166024182536177, 53.67348387230868 ], [ -0.166931936164304, 53.673497771693995 ], [ -0.166920234946839, 53.673767277905782 ], [ -0.167374114939417, 53.673774225087399 ], [ -0.167362416425907, 53.674043731353279 ], [ -0.168270182767978, 53.674057620694271 ], [ -0.168223409967275, 53.67513564616241 ], [ -0.168677304998565, 53.675142588525773 ], [ -0.168653923248055, 53.675681601312057 ], [ -0.169107824257144, 53.675688542091883 ], [ -0.169084447536242, 53.676227554958309 ], [ -0.169538354523288, 53.676234494154535 ], [ -0.169526668772613, 53.676504000634786 ], [ -0.170434489103914, 53.676517874004432 ], [ -0.170411128611012, 53.67705688719483 ], [ -0.170865044849571, 53.677063821436121 ], [ -0.170853367213242, 53.677333328078298 ], [ -0.171307286535656, 53.677340260667854 ], [ -0.171283936483513, 53.677879274046163 ], [ -0.171737861784277, 53.677886205051877 ], [ -0.171714516763534, 53.678425218510135 ], [ -0.172168448042808, 53.678432147931922 ], [ -0.172156778142985, 53.678701654707979 ], [ -0.172610712506239, 53.678708582477917 ], [ -0.172587377927961, 53.679247596123936 ], [ -0.17304131826994, 53.679254522309797 ], [ -0.173029653591622, 53.679524029179717 ], [ -0.17348359701765, 53.679530953713673 ], [ -0.173471935044898, 53.679800460637473 ], [ -0.173925881554983, 53.679807383519424 ], [ -0.173914222287891, 53.680076890497084 ], [ -0.174368171882041, 53.680083811727052 ], [ -0.174356515320703, 53.68035331875857 ], [ -0.174810467998928, 53.680360238336476 ], [ -0.174798814143439, 53.68062974542184 ], [ -0.175252769905745, 53.680636663347656 ], [ -0.175241118756197, 53.680906170486836 ], [ -0.175695077602593, 53.68091308676054 ], [ -0.17568342915908, 53.681182593953508 ], [ -0.176137391089575, 53.681189508575081 ], [ -0.176125745352193, 53.681459015821858 ], [ -0.176579710366793, 53.681465928791241 ], [ -0.176556424115549, 53.682004943378359 ], [ -0.177010395109507, 53.682011854763239 ], [ -0.176998754595783, 53.682281362103588 ], [ -0.177452728673915, 53.682288271836185 ], [ -0.177441090866644, 53.682557779230287 ], [ -0.177895068028958, 53.682564687310588 ], [ -0.177883432928235, 53.682834194758414 ], [ -0.179245374233964, 53.682854908882277 ], [ -0.179233747630776, 53.683124416519099 ], [ -0.178779764111362, 53.683117513463529 ], [ -0.178768134424015, 53.683387021018753 ], [ -0.179676107442505, 53.6834008255451 ], [ -0.179664483357534, 53.683670333221635 ], [ -0.180572462921616, 53.683684131002913 ], [ -0.180560844439221, 53.683953638800695 ], [ -0.181468830548647, 53.683967429836798 ], [ -0.181457217669028, 53.684236937755742 ], [ -0.181911213902089, 53.684243830761169 ], [ -0.181899603729734, 53.684513338733716 ], [ -0.181445604600965, 53.684506445660737 ], [ -0.181433991344451, 53.684775953551792 ], [ -0.181887993368977, 53.6847828466923 ], [ -0.181876382819812, 53.685052354636937 ], [ -0.182784393225655, 53.685066135892541 ], [ -0.182761183145606, 53.685605152010048 ], [ -0.183669205888268, 53.685618926654875 ], [ -0.183657606357674, 53.685888434827675 ], [ -0.18411162090734, 53.68589531963724 ], [ -0.184088427073508, 53.686434336075955 ], [ -0.184542447603441, 53.686441219300164 ], [ -0.184530853300341, 53.686710727566059 ], [ -0.184984876914536, 53.686717609137439 ], [ -0.184973285319443, 53.686987117456802 ], [ -0.185881338904441, 53.687000875573538 ], [ -0.185869752913662, 53.687270384013758 ], [ -0.18632378288443, 53.687277260559036 ], [ -0.186312199601895, 53.687546769052723 ], [ -0.187220265899855, 53.687560517117042 ], [ -0.187208688221981, 53.687830025731472 ], [ -0.187662724549137, 53.687836897250463 ], [ -0.187651149579745, 53.688106405918298 ], [ -0.188105188991121, 53.688113275784239 ], [ -0.188093616730306, 53.688382784505464 ], [ -0.188547659225908, 53.688389652718314 ], [ -0.188536089673764, 53.6886591614929 ], [ -0.189444181021152, 53.688672892891987 ], [ -0.189432617074303, 53.68894240178718 ], [ -0.190340714965431, 53.688956126439088 ], [ -0.190329156624076, 53.689225635454818 ], [ -0.190783208747618, 53.689232495267326 ], [ -0.190771653115318, 53.689502004336369 ], [ -0.191225708323033, 53.689508862495629 ], [ -0.191214155399882, 53.689778371617933 ], [ -0.191668213691781, 53.68978522812391 ], [ -0.191679763718241, 53.68951571893443 ], [ -0.192133819300893, 53.689522573652773 ], [ -0.192122272171127, 53.689792082909413 ], [ -0.192576330837875, 53.689798935974402 ], [ -0.192564786417455, 53.690068445284275 ], [ -0.193018848168308, 53.690075296695923 ], [ -0.193007306457326, 53.690344806058974 ], [ -0.193915436314526, 53.690358503854959 ], [ -0.193892363918105, 53.690897522807767 ], [ -0.194800506111721, 53.690911213989935 ], [ -0.194788975426572, 53.691180723579599 ], [ -0.195243049701067, 53.691187566656879 ], [ -0.195231521725782, 53.691457076299692 ], [ -0.19568559908438, 53.691463917723418 ], [ -0.195674073819054, 53.691733427419337 ], [ -0.196128154261763, 53.691740267189488 ], [ -0.19611663170649, 53.692009776938519 ], [ -0.196570715233318, 53.692016615055046 ], [ -0.196559195388192, 53.692286124857169 ], [ -0.197013281999147, 53.692292961320042 ], [ -0.197001764864261, 53.692562471175229 ], [ -0.197455854559352, 53.692569305984406 ], [ -0.1974443401348, 53.692838815892664 ], [ -0.197898432914035, 53.692845649048124 ], [ -0.197886921199912, 53.693115159009409 ], [ -0.198341017063299, 53.693121990511123 ], [ -0.198329508059698, 53.693391500525436 ], [ -0.198783607007244, 53.693398330373348 ], [ -0.19877210071426, 53.693667840440675 ], [ -0.199226202745975, 53.693674668634777 ], [ -0.199214699163701, 53.693944178755103 ], [ -0.199668804279592, 53.693951005295332 ], [ -0.19964580234998, 53.694490025628035 ], [ -0.200099913447624, 53.694496850581238 ], [ -0.200088415100425, 53.694766360793608 ], [ -0.200542529282312, 53.694773184092874 ], [ -0.200531033646148, 53.695042694358186 ], [ -0.201439268364966, 53.695056335927916 ], [ -0.20140479772352, 53.695864867041443 ], [ -0.201858924056006, 53.695871685445503 ], [ -0.201835948491632, 53.69641070625196 ], [ -0.20229008080636, 53.696417523068696 ], [ -0.202278595642438, 53.696687033517861 ], [ -0.202732731041553, 53.696693848680447 ], [ -0.202721248589221, 53.696963359182504 ], [ -0.203175387072731, 53.696970172690904 ], [ -0.203152427405096, 53.69750919378685 ], [ -0.203606571871124, 53.697516005707783 ], [ -0.203583617254493, 53.698055026881597 ], [ -0.204037767703199, 53.698061837214993 ], [ -0.204014818137924, 53.698600858466705 ], [ -0.204468974569463, 53.698607667212492 ], [ -0.204457502405789, 53.698877177884221 ], [ -0.204911661921909, 53.69888398497563 ], [ -0.204900192470423, 53.699153495700173 ], [ -0.205354355071131, 53.699160301137184 ], [ -0.205342888331929, 53.699429811914499 ], [ -0.205797054017233, 53.699436615697095 ], [ -0.205785589990407, 53.69970612652719 ], [ -0.206239758760316, 53.699712928655295 ], [ -0.20622829744596, 53.699982439538154 ], [ -0.206682469300483, 53.699989240011753 ], [ -0.206671010698691, 53.700258750947356 ], [ -0.207125185637835, 53.700265549766428 ], [ -0.207113729748701, 53.700535060754753 ], [ -0.207567907772475, 53.700541857919248 ], [ -0.207556454596093, 53.700811368960274 ], [ -0.208010635704504, 53.700818164470164 ], [ -0.207999185240968, 53.701087675563905 ], [ -0.208453369434024, 53.701094469419132 ], [ -0.208441921683429, 53.701363980565581 ], [ -0.20889610896114, 53.701370772766126 ], [ -0.208884663923578, 53.701640283965226 ], [ -0.20933885428595, 53.701647074511058 ], [ -0.209327411961516, 53.701916585762824 ], [ -0.209781605408558, 53.701923374653916 ], [ -0.209770165797347, 53.702192885958311 ], [ -0.210224362329068, 53.70219967319462 ], [ -0.210212925431173, 53.702469184551617 ], [ -0.210667125047579, 53.702475970133129 ], [ -0.210655690863093, 53.702745481542742 ], [ -0.211109893564194, 53.7027522654694 ], [ -0.211098462093213, 53.703021776931614 ], [ -0.21200687385035, 53.703035339753775 ], [ -0.211995447992146, 53.703304851335012 ], [ -0.212449657048148, 53.703311630230473 ], [ -0.212438233903687, 53.703581141864248 ], [ -0.212892446044364, 53.703587919104734 ], [ -0.21288102561374, 53.703857430791054 ], [ -0.213335240839101, 53.703864206376551 ], [ -0.213323823122409, 53.704133718115365 ], [ -0.214686478608458, 53.704154034742366 ], [ -0.21467506940457, 53.704423546666412 ], [ -0.215129291169815, 53.704430315498868 ], [ -0.215117884680148, 53.704699827475352 ], [ -0.2164805597851, 53.704720123842833 ], [ -0.216469161808748, 53.704989636004342 ], [ -0.217377618603002, 53.705003158441095 ], [ -0.217366226240718, 53.705272670721236 ], [ -0.217820457814853, 53.705279429423598 ], [ -0.217809068167225, 53.705548941756113 ], [ -0.218717537669392, 53.70556245412866 ], [ -0.218706153636178, 53.705831966579723 ], [ -0.220977345123419, 53.70586571771485 ], [ -0.22095460549999, 53.706404743236867 ], [ -0.222317340006297, 53.70642497365565 ], [ -0.222305978617194, 53.706694486594117 ], [ -0.222760226721436, 53.706701226689887 ], [ -0.222748868047766, 53.706970739680571 ], [ -0.223657370609216, 53.706984214839274 ], [ -0.223646017551015, 53.707253727948128 ], [ -0.224554526649637, 53.707267196352277 ], [ -0.224543179207105, 53.707536709579266 ], [ -0.225451694842649, 53.707550171228675 ], [ -0.225440353015987, 53.707819684573714 ], [ -0.226348875188204, 53.707833139468271 ], [ -0.226337538977611, 53.708102652931316 ], [ -0.22770033231653, 53.708122822558003 ], [ -0.227689004622375, 53.708392336204859 ], [ -0.227234737091927, 53.708385614651803 ], [ -0.227223406313642, 53.708655128218936 ], [ -0.227677676744304, 53.708661849837846 ], [ -0.227666348682313, 53.708931363457012 ], [ -0.22812062219716, 53.708938083420016 ], [ -0.228097971322077, 53.709477110748473 ], [ -0.22855225082148, 53.709483829121389 ], [ -0.228529605011726, 53.710022856526123 ], [ -0.228983890495842, 53.71002957330888 ], [ -0.22896124975177, 53.710568600789848 ], [ -0.229415541220756, 53.710575315982368 ], [ -0.229404223473619, 53.7108448297679 ], [ -0.229858518026976, 53.710851543304344 ], [ -0.229835887782769, 53.711390570965413 ], [ -0.230290188321211, 53.711397282911541 ], [ -0.230256250279364, 53.712205824496614 ], [ -0.230710559703905, 53.712212534918088 ], [ -0.23068793922608, 53.712751562703779 ], [ -0.23114225463612, 53.712758271534746 ], [ -0.231108331245131, 53.71356681330667 ], [ -0.231562655541924, 53.713573520612833 ], [ -0.231551350278846, 53.713843034574843 ], [ -0.232005677660356, 53.713849740224632 ], [ -0.231960466377339, 53.714927796197138 ], [ -0.232414805547452, 53.714934500387656 ], [ -0.232392204607531, 53.715473528422258 ], [ -0.232846549763967, 53.715480231021992 ], [ -0.232823953893054, 53.716019259132601 ], [ -0.233278305035972, 53.716025960141479 ], [ -0.233244418558506, 53.716834502400609 ], [ -0.233698778589744, 53.716841201884229 ], [ -0.233664899166747, 53.717649744215755 ], [ -0.234119268086705, 53.717656442174025 ], [ -0.234096686691541, 53.71819547045714 ], [ -0.234551061598648, 53.718202166824334 ], [ -0.234528485274056, 53.718741195183348 ], [ -0.234982866168468, 53.718747889959403 ], [ -0.234960294914802, 53.719286918394282 ], [ -0.235414681796678, 53.719293611579147 ], [ -0.235392115614288, 53.719832640089876 ], [ -0.236300901536472, 53.719846021554559 ], [ -0.236289623974959, 53.720115535920328 ], [ -0.235835228020002, 53.720108845983646 ], [ -0.235823947373025, 53.720378360270011 ], [ -0.236278346230299, 53.720385050272256 ], [ -0.236255790191521, 53.720924078934601 ], [ -0.235801385529471, 53.720917388801205 ], [ -0.235790104332887, 53.721186903046053 ], [ -0.234881289753548, 53.721173517480445 ], [ -0.234870002568755, 53.72144303158025 ], [ -0.235324412669293, 53.721449725289943 ], [ -0.235279273707454, 53.722527781813234 ], [ -0.234824851996455, 53.722521087841095 ], [ -0.234779698490962, 53.72359914388052 ], [ -0.235234131813174, 53.723605838115105 ], [ -0.235200273467897, 53.724414380196215 ], [ -0.235654715682318, 53.724421072904875 ], [ -0.235632148341792, 53.724960101020962 ], [ -0.23608659654566, 53.724966792138034 ], [ -0.236064034278443, 53.725505820329914 ], [ -0.236518488471915, 53.725512509855335 ], [ -0.236495931278361, 53.726051538123031 ], [ -0.236950391461594, 53.726058226056722 ], [ -0.236905286489919, 53.727136282688313 ], [ -0.23645081469296, 53.727129594492396 ], [ -0.236439535088609, 53.727399108550145 ], [ -0.234167164335141, 53.727365641398521 ], [ -0.23415587002966, 53.727635155114385 ], [ -0.233701393525537, 53.72762845644953 ], [ -0.233690096132989, 53.727897970085898 ], [ -0.233235616908747, 53.72789126963243 ], [ -0.233213015765778, 53.728430296732284 ], [ -0.233667500797392, 53.728436997317118 ], [ -0.233678798556942, 53.728167483708447 ], [ -0.235042246041487, 53.728187574927915 ], [ -0.23503095699309, 53.728457088733535 ], [ -0.23548544275845, 53.728463782426317 ], [ -0.235496728903122, 53.728194268555072 ], [ -0.236405695176288, 53.7282076506404 ], [ -0.236394414839079, 53.728477164642804 ], [ -0.237303387652607, 53.728490539967211 ], [ -0.237292112939746, 53.728760054086898 ], [ -0.240473543879862, 53.728806813905294 ], [ -0.24046228931083, 53.729076328469496 ], [ -0.241825771168365, 53.729096342742103 ], [ -0.24181452512828, 53.729365857488681 ], [ -0.242723519754577, 53.729379191852409 ], [ -0.242701038742389, 53.729918221565484 ], [ -0.243610045715024, 53.729931549298129 ], [ -0.243576340252094, 53.730740094155983 ], [ -0.244030852724566, 53.730746755633511 ], [ -0.243985921169452, 53.731824815511686 ], [ -0.244440445441579, 53.731831475527173 ], [ -0.244384291414602, 53.733179050390326 ], [ -0.244838830391736, 53.733185709008929 ], [ -0.244805144500359, 53.733994253956801 ], [ -0.245259692374016, 53.734000911047815 ], [ -0.245214786917923, 53.73507897104588 ], [ -0.245669346593451, 53.735085626674483 ], [ -0.245646898581188, 53.735624656721093 ], [ -0.246101464249093, 53.735631310756695 ], [ -0.246112685441346, 53.735361795675061 ], [ -0.246567248386493, 53.73536844792195 ], [ -0.246600902154671, 53.734559902398544 ], [ -0.247055456567179, 53.734566552726356 ], [ -0.247066671220576, 53.734297037459065 ], [ -0.247521222910397, 53.734303685998285 ], [ -0.247532434476793, 53.734034170651988 ], [ -0.247986983443917, 53.734040817402636 ], [ -0.248009400220821, 53.733501786538312 ], [ -0.248918487082214, 53.733515074608881 ], [ -0.248929689388174, 53.73324555902574 ], [ -0.250293312330874, 53.733265478011056 ], [ -0.250282118739019, 53.733534993789462 ], [ -0.251191207419481, 53.733548264626307 ], [ -0.251180019455306, 53.733817780521029 ], [ -0.251634566972938, 53.733824413419399 ], [ -0.251623381731828, 53.734093929365315 ], [ -0.252077932335974, 53.734100560605313 ], [ -0.252066749818025, 53.734370076602431 ], [ -0.252975857380975, 53.734383334042136 ], [ -0.252964680491196, 53.734652850155399 ], [ -0.253419237449965, 53.734659476355063 ], [ -0.253408063283586, 53.734928992519478 ], [ -0.253862623328849, 53.734935617060621 ], [ -0.253851451885964, 53.735205133276196 ], [ -0.25430601501773, 53.735211756158797 ], [ -0.254294846298432, 53.735481272425481 ], [ -0.25520397891638, 53.735494513150016 ], [ -0.255192815825891, 53.735764029532696 ], [ -0.255647385312036, 53.735770647374586 ], [ -0.255636224945374, 53.736040163808333 ], [ -0.257454516323259, 53.736066618199914 ], [ -0.257443367396227, 53.736336134879217 ], [ -0.259261673293, 53.736362561953065 ], [ -0.259272810599032, 53.736093045014705 ], [ -0.260181958822685, 53.736106248080787 ], [ -0.260148563793639, 53.736914799242768 ], [ -0.259239398138132, 53.736901595788403 ], [ -0.259228260289288, 53.737171112685381 ], [ -0.260592017760058, 53.737190915475651 ], [ -0.260580888446626, 53.737460432552979 ], [ -0.260126299536713, 53.737453833281798 ], [ -0.260092901794902, 53.738262384236911 ], [ -0.257819916376025, 53.738229361055296 ], [ -0.257797621253925, 53.738768394308927 ], [ -0.25734301890198, 53.738761784371938 ], [ -0.257309566143204, 53.739570333954511 ], [ -0.257764177212436, 53.739576944085904 ], [ -0.257753028836367, 53.739846460650632 ], [ -0.258662257329879, 53.739859675871656 ], [ -0.258651114584503, 53.740129192552168 ], [ -0.259560349613978, 53.74014240100751 ], [ -0.259549212499496, 53.740411917803705 ], [ -0.260003833191641, 53.740418519510385 ], [ -0.260014967400152, 53.740149002649481 ], [ -0.260924203515136, 53.740162200761972 ], [ -0.260913075118579, 53.740431717752266 ], [ -0.261367696353278, 53.740438314287452 ], [ -0.261345444829854, 53.740977348356033 ], [ -0.261800072057424, 53.740983943296705 ], [ -0.261811195003436, 53.740714426204647 ], [ -0.262720444188511, 53.740727610785115 ], [ -0.262698209740212, 53.741266645213933 ], [ -0.264516733526401, 53.741292994205224 ], [ -0.264494521605325, 53.741832029095548 ], [ -0.264039884575556, 53.74182544430446 ], [ -0.264028775438056, 53.742094961664392 ], [ -0.26221021749926, 53.742068605002366 ], [ -0.262221338261894, 53.74179908790083 ], [ -0.260402794839154, 53.741772703914471 ], [ -0.260413927045986, 53.741503187057802 ], [ -0.257231503364942, 53.741456949164295 ], [ -0.257242655733968, 53.741187432747139 ], [ -0.255424143526052, 53.74116097342754 ], [ -0.255412979532508, 53.741430489585305 ], [ -0.254958349027746, 53.741423870380856 ], [ -0.254947181946649, 53.7416933864599 ], [ -0.254037915669149, 53.74168014274953 ], [ -0.254026742594198, 53.741949658684938 ], [ -0.254936014684114, 53.741962902525167 ], [ -0.254913679614718, 53.742501934614268 ], [ -0.255822964055545, 53.742515171818376 ], [ -0.255834125868344, 53.742245655650954 ], [ -0.255379486463542, 53.742239037975743 ], [ -0.255390651001256, 53.741969521859403 ], [ -0.256754561040859, 53.741989369518642 ], [ -0.256732249221789, 53.742528402126709 ], [ -0.257186892076826, 53.742535014694937 ], [ -0.257153431708016, 53.743343563698033 ], [ -0.257608083463533, 53.743350174736747 ], [ -0.2576303847444, 53.742811141952203 ], [ -0.259903617174134, 53.74284417063798 ], [ -0.25989248115646, 53.743113687360989 ], [ -0.26125643150524, 53.743133484078776 ], [ -0.261245304026121, 53.743403000982063 ], [ -0.262154610975718, 53.743416190303236 ], [ -0.262132367101383, 53.743955224327074 ], [ -0.261677707723048, 53.743948630399196 ], [ -0.261666582608161, 53.744218147325789 ], [ -0.263939895839803, 53.744251100047613 ], [ -0.263951006421397, 53.743981582797943 ], [ -0.264405666702832, 53.74398816810551 ], [ -0.264416774197277, 53.743718650777524 ], [ -0.264871431752564, 53.74372523429647 ], [ -0.264860327164747, 53.743994751689023 ], [ -0.266224309632888, 53.744014492095147 ], [ -0.266213213584686, 53.744284009667432 ], [ -0.266667877674733, 53.744290586419154 ], [ -0.266656784352976, 53.744560104042144 ], [ -0.268020786424644, 53.744579824146101 ], [ -0.268009701643014, 53.744849341948658 ], [ -0.268919043071688, 53.744862480192872 ], [ -0.268907963923643, 53.745131998110487 ], [ -0.269362637814888, 53.745138564710764 ], [ -0.269351561393724, 53.745408082678971 ], [ -0.270260915529909, 53.745421210835822 ], [ -0.270271986137256, 53.745151692738922 ], [ -0.271181335179149, 53.745164813870474 ], [ -0.271170270385635, 53.745434332096018 ], [ -0.2729889822542, 53.745460553926307 ], [ -0.272977928908796, 53.745730072395183 ], [ -0.273432610232046, 53.745736623606554 ], [ -0.273421559614068, 53.7460061421259 ], [ -0.274330928613274, 53.746019239504449 ], [ -0.274341973417175, 53.745749720856701 ], [ -0.27479665527896, 53.745756266895469 ], [ -0.274840821072252, 53.744678191910126 ], [ -0.275295491485733, 53.74468473596805 ], [ -0.27530652957873, 53.744415217123148 ], [ -0.275761197264751, 53.744421759392793 ], [ -0.27575016207857, 53.744691278301843 ], [ -0.276659503802116, 53.744704357797026 ], [ -0.276703620217025, 53.743626281565319 ], [ -0.277158279720613, 53.743632818470353 ], [ -0.277147253792378, 53.743902337613001 ], [ -0.278056579150342, 53.74391540637896 ], [ -0.278067599265192, 53.74364588710818 ], [ -0.278976919525994, 53.743658948849706 ], [ -0.278921846229053, 53.745006545706339 ], [ -0.279831196273726, 53.74501960119153 ], [ -0.279842205477267, 53.744750081719701 ], [ -0.279387533272362, 53.744743554903195 ], [ -0.279453602177609, 53.74312643816738 ], [ -0.279908256942112, 53.743132964599987 ], [ -0.279952287674772, 53.742054886245029 ], [ -0.280406930992127, 53.742061410697723 ], [ -0.280428939472659, 53.741522371309784 ], [ -0.282702129676722, 53.741554967074258 ], [ -0.282691140057595, 53.741824487094675 ], [ -0.28541899163242, 53.741863545504422 ], [ -0.285408019273238, 53.742133065893995 ], [ -0.286317310371073, 53.74214607169958 ], [ -0.286306343646573, 53.742415592202924 ], [ -0.286760992369275, 53.742422092583446 ], [ -0.28677195618729, 53.742152572016359 ], [ -0.295864909857544, 53.74228221630942 ], [ -0.295854004170062, 53.742551738147554 ], [ -0.296763309254701, 53.742564664775045 ], [ -0.296741508974701, 53.743103708663604 ], [ -0.296286850530522, 53.743097246085149 ], [ -0.296297753665741, 53.742827724211089 ], [ -0.295843098305382, 53.742821259971947 ], [ -0.295832192263501, 53.743090781782605 ], [ -0.294013560967935, 53.743064907331679 ], [ -0.294002643122053, 53.743334428874938 ], [ -0.293547982834838, 53.743327955888539 ], [ -0.29355890358741, 53.743058434408738 ], [ -0.292649589358728, 53.743045483390645 ], [ -0.292638662792789, 53.743315004743458 ], [ -0.291729343460897, 53.743302046702048 ], [ -0.291740275840187, 53.743032525476259 ], [ -0.290830963032163, 53.743019560665587 ], [ -0.290809086469182, 53.743558602849198 ], [ -0.291263748597735, 53.743565086243692 ], [ -0.291230941140692, 53.744373649606779 ], [ -0.290776270291716, 53.744367166021583 ], [ -0.290787209195276, 53.744097644977863 ], [ -0.290332541430894, 53.7440911597321 ], [ -0.290343483063518, 53.743821638738218 ], [ -0.288070161443307, 53.743789186965586 ], [ -0.288026335708821, 53.744867269586024 ], [ -0.28757166029124, 53.744860773804433 ], [ -0.287560700505575, 53.745130294361509 ], [ -0.288015378830124, 53.745136790206793 ], [ -0.287982507125793, 53.74594535198662 ], [ -0.288891881751373, 53.745958338886588 ], [ -0.288902833349961, 53.745688818179737 ], [ -0.289812202873114, 53.745701798055457 ], [ -0.289823148479597, 53.745432277207584 ], [ -0.290277830600899, 53.745438764495489 ], [ -0.290288773122494, 53.745169243570281 ], [ -0.290743452514563, 53.745175729070397 ], [ -0.290710633137618, 53.745984291995548 ], [ -0.291165321428713, 53.745990775962149 ], [ -0.291154384188055, 53.746260296973318 ], [ -0.290699692989775, 53.746253812943124 ], [ -0.29066687147961, 53.747062375703457 ], [ -0.291121571399728, 53.747068859924354 ], [ -0.291132509173566, 53.746799338954403 ], [ -0.291587206364089, 53.746805821387433 ], [ -0.291576271497581, 53.747075342420928 ], [ -0.292030971773122, 53.747081823193199 ], [ -0.292052835513833, 53.746542780985372 ], [ -0.292507530152385, 53.746549259906232 ], [ -0.292518458849046, 53.746279738718215 ], [ -0.292973150757936, 53.746286215851292 ], [ -0.292984076369815, 53.746016694586032 ], [ -0.293438765549035, 53.746023169931341 ], [ -0.293427842844361, 53.746292691260095 ], [ -0.294791920168369, 53.746312107140852 ], [ -0.294770091670252, 53.746851150137914 ], [ -0.295224790280924, 53.746857618776424 ], [ -0.295213878673198, 53.747127140317787 ], [ -0.29612328224115, 53.747140072548667 ], [ -0.29613418803414, 53.746870550880509 ], [ -0.295679489068903, 53.746864085690639 ], [ -0.295690397592004, 53.746594564072133 ], [ -0.295235701711343, 53.746588097221341 ], [ -0.295257524040278, 53.746049054069992 ], [ -0.296166904349856, 53.746061985793702 ], [ -0.296155999088489, 53.746331507503037 ], [ -0.297065385921337, 53.746344432456397 ], [ -0.297076285368237, 53.746074910620344 ], [ -0.298895049529891, 53.74610073958231 ], [ -0.298884161711973, 53.746370261671601 ], [ -0.299793550669007, 53.74638316593343 ], [ -0.299804432672412, 53.746113643717614 ], [ -0.30025912450893, 53.746120093198833 ], [ -0.300248245412787, 53.746389615477888 ], [ -0.300702940333349, 53.746396063298043 ], [ -0.300713816522224, 53.746126540955807 ], [ -0.301623201078951, 53.746139431296811 ], [ -0.301710157715098, 53.743983251053834 ], [ -0.301255488604889, 53.743976807250903 ], [ -0.301288103149791, 53.743168239623003 ], [ -0.299014803851312, 53.74313599569448 ], [ -0.299025689546479, 53.742866473440522 ], [ -0.298116376878246, 53.742853563927 ], [ -0.298105485369713, 53.74312308605441 ], [ -0.297650826394344, 53.743116628648224 ], [ -0.297694402993129, 53.742038540309579 ], [ -0.298603697867969, 53.742051452891459 ], [ -0.298592809796859, 53.742320975123292 ], [ -0.299047460406206, 53.742327428891464 ], [ -0.299036575064776, 53.742596951172857 ], [ -0.299491228757581, 53.742603403280235 ], [ -0.299502111192416, 53.74233388093559 ], [ -0.301775367774762, 53.742366115295503 ], [ -0.301786235499987, 53.742096592621117 ], [ -0.304968781784244, 53.742141647873026 ], [ -0.304979628987147, 53.741872124743182 ], [ -0.305434276255138, 53.74187855424853 ], [ -0.305423431958785, 53.742148077441406 ], [ -0.305878082309526, 53.742154505285733 ], [ -0.305888923699325, 53.741884982029845 ], [ -0.307252867088583, 53.741904255029603 ], [ -0.30724203441847, 53.742173778474445 ], [ -0.308151336704563, 53.742186618646649 ], [ -0.308162163561533, 53.741917095075912 ], [ -0.309980758618002, 53.741942754480057 ], [ -0.309991573672915, 53.741673230644054 ], [ -0.310900866442585, 53.741686049876179 ], [ -0.310911675508778, 53.741416525900789 ], [ -0.313184895973001, 53.741448543496617 ], [ -0.313195690331239, 53.741179019193616 ], [ -0.315014258233909, 53.741204601987043 ], [ -0.315025040791018, 53.740935077419543 ], [ -0.315934319980805, 53.740947858346921 ], [ -0.315945096549921, 53.740678333640425 ], [ -0.317763645404607, 53.740703874556729 ], [ -0.317752880461141, 53.740973399513621 ], [ -0.31820752101861, 53.740979780495287 ], [ -0.318196758806707, 53.741249305501064 ], [ -0.318651402445508, 53.741255684821269 ], [ -0.318640642965262, 53.741525209875896 ], [ -0.318185996419941, 53.741518830493135 ], [ -0.318164471121803, 53.742057880436242 ], [ -0.318619123480307, 53.742064259944065 ], [ -0.318608363475591, 53.742333784957644 ], [ -0.319063018915587, 53.74234016280392 ], [ -0.319052261642753, 53.742609687866349 ], [ -0.319506920164251, 53.742616064051042 ], [ -0.319517674530369, 53.742346538926149 ], [ -0.319972330319887, 53.742352913324247 ], [ -0.320004583649957, 53.741544337679912 ], [ -0.319549936580317, 53.741537963469277 ], [ -0.319582197057737, 53.740729387889246 ], [ -0.320036835407922, 53.740735761912411 ], [ -0.320047585644572, 53.740466236629203 ], [ -0.319592950200777, 53.740459862668544 ], [ -0.319603703169107, 53.740190337434143 ], [ -0.320058335706559, 53.74019671133231 ], [ -0.320069085593886, 53.739927186021745 ], [ -0.321887605864591, 53.739952664125035 ], [ -0.321898343952229, 53.739683138550994 ], [ -0.322807599322032, 53.739695867134131 ], [ -0.322818331422762, 53.739426341421634 ], [ -0.323727581677578, 53.739439062984317 ], [ -0.323738307791577, 53.739169537133414 ], [ -0.325556798767298, 53.739194959322489 ], [ -0.32556751308244, 53.738925433208671 ], [ -0.32647675380264, 53.738938133835234 ], [ -0.326487462131484, 53.738668607583243 ], [ -0.328760552445184, 53.738700328670433 ], [ -0.328771246069661, 53.738430802093774 ], [ -0.330135093624864, 53.738449813873082 ], [ -0.330145778357467, 53.738180287096341 ], [ -0.331055005116878, 53.738192952872339 ], [ -0.331022967834898, 53.739001533534051 ], [ -0.330568345650106, 53.738995201321742 ], [ -0.330525615219919, 53.740073308431036 ], [ -0.330070981583619, 53.740066974246425 ], [ -0.330049609514301, 53.740606027594879 ], [ -0.329594970238813, 53.740599691562046 ], [ -0.329584281037244, 53.740869218153655 ], [ -0.328674997194393, 53.740856540791711 ], [ -0.328664302006116, 53.741126067245354 ], [ -0.330028236750483, 53.741145080888657 ], [ -0.330017550108125, 53.74141460751504 ], [ -0.329562902113072, 53.741408271295874 ], [ -0.329530832424174, 53.742216850906672 ], [ -0.328621519515223, 53.742204172923252 ], [ -0.328610823458035, 53.742473699308555 ], [ -0.328156164357475, 53.742467357668502 ], [ -0.3281454652197, 53.742736883977955 ], [ -0.328600127227053, 53.742743225680186 ], [ -0.328568037491308, 53.743551804713064 ], [ -0.328113366763293, 53.743545462824287 ], [ -0.328102666930117, 53.74381498907907 ], [ -0.32764799346898, 53.743808645403938 ], [ -0.327626587466947, 53.744347697748076 ], [ -0.327171908365628, 53.744341352224303 ], [ -0.327161202196626, 53.744610878313658 ], [ -0.326706520362157, 53.744604531003418 ], [ -0.32669581111203, 53.744874057016858 ], [ -0.327150495853659, 53.744880404389349 ], [ -0.327129082645812, 53.745419456499668 ], [ -0.326674392089724, 53.745413109002733 ], [ -0.326663682317536, 53.745682634975168 ], [ -0.326208989028176, 53.745676285691673 ], [ -0.32621970170766, 53.745406759781496 ], [ -0.325765011499669, 53.745400408835962 ], [ -0.325743580151992, 53.745939460518095 ], [ -0.327107668742057, 53.745958508555326 ], [ -0.327096961529205, 53.746228034562634 ], [ -0.327551660981325, 53.746234380521933 ], [ -0.327540956501929, 53.746503906577793 ], [ -0.328450361742848, 53.746516593447687 ], [ -0.328428963892309, 53.747055645767198 ], [ -0.328883672588624, 53.747061986739915 ], [ -0.328872976310168, 53.747331512941322 ], [ -0.329327688087897, 53.747337852251796 ], [ -0.329306300824884, 53.747876904737929 ], [ -0.329761018591735, 53.747883242448246 ], [ -0.329739636449162, 53.748422295003998 ], [ -0.330194360205292, 53.748428631114095 ], [ -0.33018367178125, 53.748698157433608 ], [ -0.33063839861892, 53.748704491881298 ], [ -0.330627712929082, 53.748974018249257 ], [ -0.331082442848298, 53.748980351034518 ], [ -0.331071759892759, 53.749249877450914 ], [ -0.330162294412085, 53.749237210031609 ], [ -0.330151605466954, 53.749506736310131 ], [ -0.329696870079156, 53.749500399951515 ], [ -0.329686178052287, 53.749769926154215 ], [ -0.33014091634812, 53.749776262574954 ], [ -0.330119537589324, 53.750315315063631 ], [ -0.331938515774185, 53.75034064399739 ], [ -0.331927837766961, 53.750610170469585 ], [ -0.332382585655305, 53.750616498453489 ], [ -0.332350559317305, 53.751425077974254 ], [ -0.332805316104015, 53.751431404419613 ], [ -0.332794643219419, 53.751700930961228 ], [ -0.332339883524322, 53.751694604453824 ], [ -0.332318531417855, 53.752233657372017 ], [ -0.330954235923034, 53.752214667129131 ], [ -0.330964920788443, 53.751945140863079 ], [ -0.330055397143651, 53.751932472201659 ], [ -0.330044706461312, 53.752201998343502 ], [ -0.329135177694557, 53.752189322658936 ], [ -0.329103087153758, 53.752997900629587 ], [ -0.328193541631082, 53.752985217673 ], [ -0.328182838619181, 53.753254743511505 ], [ -0.328637614202208, 53.753261085914374 ], [ -0.328573409930616, 53.754878241031619 ], [ -0.328118616894774, 53.754871898255573 ], [ -0.328097208261597, 53.755410949727576 ], [ -0.329006806143175, 53.755423633803481 ], [ -0.328996107383751, 53.755693159643364 ], [ -0.329450909494456, 53.755699499156066 ], [ -0.329515081989137, 53.754082343538855 ], [ -0.329060297332141, 53.754076004399103 ], [ -0.329092389959135, 53.753267426592458 ], [ -0.329547165889913, 53.753273765545742 ], [ -0.329557860175892, 53.753004239520699 ], [ -0.330467406741513, 53.753016912128587 ], [ -0.330456718272835, 53.753286438277875 ], [ -0.330001941994496, 53.753280102774198 ], [ -0.329991250443408, 53.753549628847715 ], [ -0.330900808991201, 53.753562298254472 ], [ -0.33089012308385, 53.753831824438549 ], [ -0.331344905527024, 53.753838156616787 ], [ -0.331334222354805, 53.754107682849288 ], [ -0.33224379357959, 53.754120342155332 ], [ -0.332254470934195, 53.7538508157987 ], [ -0.331799688143822, 53.753844487070154 ], [ -0.331821048149926, 53.753305434440023 ], [ -0.332275825122822, 53.753311763044458 ], [ -0.332286501956853, 53.753042236646834 ], [ -0.333196050605815, 53.753054888557202 ], [ -0.333228062615345, 53.752246308910223 ], [ -0.33368282847423, 53.752252632092201 ], [ -0.333693495888755, 53.751983105453881 ], [ -0.33323873293836, 53.751976782333898 ], [ -0.333249403087968, 53.751707255743923 ], [ -0.33370416312992, 53.751713578801919 ], [ -0.333714830197728, 53.751444052136286 ], [ -0.334624344984854, 53.751456692954136 ], [ -0.3346350060626, 53.751187166150899 ], [ -0.335544515726036, 53.751199799946093 ], [ -0.335555170813899, 53.750930273005338 ], [ -0.334190915303542, 53.750911319911353 ], [ -0.334201578943045, 53.750641793142741 ], [ -0.33374683036105, 53.750635472057404 ], [ -0.33375749673547, 53.750365945337123 ], [ -0.333302751235024, 53.750359622589151 ], [ -0.333292081952398, 53.750629149247416 ], [ -0.332837333717133, 53.750622824712785 ], [ -0.332869349769331, 53.749814244882991 ], [ -0.332414610431959, 53.749807918809793 ], [ -0.332435959415696, 53.749268865645689 ], [ -0.331981226067857, 53.749262537971987 ], [ -0.331991903207487, 53.748993011431466 ], [ -0.331537172941115, 53.748986682095264 ], [ -0.331547852815147, 53.74871715560316 ], [ -0.331093125630234, 53.748710824604487 ], [ -0.331114490673316, 53.748171771703419 ], [ -0.331569212042561, 53.748178102577938 ], [ -0.331579891395951, 53.747908576044829 ], [ -0.330670454646576, 53.747895912695469 ], [ -0.330681139641855, 53.747626386272884 ], [ -0.330226424435302, 53.747620052073593 ], [ -0.330247799720249, 53.747080999311606 ], [ -0.330702509111527, 53.747087333386673 ], [ -0.330713193585928, 53.746817806923069 ], [ -0.330258487102217, 53.746811472910103 ], [ -0.330279861345159, 53.746272420066099 ], [ -0.329370460528745, 53.746259747115488 ], [ -0.329391845706638, 53.745720694465327 ], [ -0.328937151373816, 53.745714355527781 ], [ -0.328958541671322, 53.745175302947246 ], [ -0.329867918881518, 53.745187978849458 ], [ -0.329878607955138, 53.744918452414389 ], [ -0.330333293913561, 53.744924787716954 ], [ -0.330311921407144, 53.74546384069761 ], [ -0.330766613353729, 53.745470174400062 ], [ -0.330798663131184, 53.744661594722288 ], [ -0.331253346529646, 53.744667926514154 ], [ -0.331242666351281, 53.744937453149163 ], [ -0.332606726309328, 53.744956438365392 ], [ -0.332585382875588, 53.745495491966707 ], [ -0.333040075689699, 53.745501817047561 ], [ -0.33306141330888, 53.744962763322221 ], [ -0.334425475347484, 53.744981727846969 ], [ -0.334436135175391, 53.744712200777876 ], [ -0.334890819960861, 53.744718518775592 ], [ -0.33490147670838, 53.744448991630883 ], [ -0.336265523382032, 53.744467935092615 ], [ -0.336276171234981, 53.744198407748534 ], [ -0.336730850898487, 53.744204718725364 ], [ -0.336741495671324, 53.743935191305752 ], [ -0.337196172600696, 53.743941500496476 ], [ -0.337206814293516, 53.743671973001341 ], [ -0.339025512111445, 53.743697192274624 ], [ -0.339036142003288, 53.74342766451857 ], [ -0.339490813982673, 53.743433964964552 ], [ -0.339501440794816, 53.743164437133082 ], [ -0.339956110039892, 53.743170735793115 ], [ -0.339966733772432, 53.742901207886241 ], [ -0.34042140028319, 53.742907504760332 ], [ -0.34043202093622, 53.74263797677807 ], [ -0.340886684712655, 53.742644271866268 ], [ -0.340865449047861, 53.743183327940578 ], [ -0.341320118810661, 53.743189621428016 ], [ -0.341298888269792, 53.743728677571141 ], [ -0.339934862056942, 53.743709791565912 ], [ -0.339902988787787, 53.74451837512273 ], [ -0.340812356866579, 53.744530967887513 ], [ -0.340822975647913, 53.744261439925417 ], [ -0.34127765703897, 53.744267733659683 ], [ -0.341267041164818, 53.744537261683476 ], [ -0.342176410278748, 53.744549844102558 ], [ -0.342165800046567, 53.744819372236066 ], [ -0.342620487769403, 53.744825660920846 ], [ -0.342609880272101, 53.745095189102372 ], [ -0.343519262049401, 53.745107761422254 ], [ -0.343508660194414, 53.745377289713417 ], [ -0.34396335424884, 53.745383573348484 ], [ -0.343995150575092, 53.744574988249283 ], [ -0.343540465242563, 53.744568704799029 ], [ -0.343551066580748, 53.744299176466946 ], [ -0.343096384327684, 53.744292891354043 ], [ -0.343106988400763, 53.744023363069942 ], [ -0.3453803868524, 53.744054771083817 ], [ -0.34534861772437, 53.744863356819025 ], [ -0.345803306652748, 53.74486963343363 ], [ -0.345771544698095, 53.745678219230697 ], [ -0.345316847047632, 53.745671942431457 ], [ -0.345306256477878, 53.745941470941659 ], [ -0.344851556092053, 53.745935192356519 ], [ -0.344840962442707, 53.746204720791518 ], [ -0.345750369201453, 53.746217276360547 ], [ -0.345739781195058, 53.746486804905025 ], [ -0.345285074822086, 53.74648052792115 ], [ -0.34527448373604, 53.746750056390439 ], [ -0.346183902469237, 53.746762608756811 ], [ -0.346205072838924, 53.746223551558472 ], [ -0.348023889108371, 53.746248635106127 ], [ -0.348013315639784, 53.746518163958065 ], [ -0.348468023044372, 53.746524430595422 ], [ -0.348457452311587, 53.746793959495164 ], [ -0.349366873451281, 53.746806487719404 ], [ -0.349388003114671, 53.746267429660627 ], [ -0.348478593605386, 53.74625490168205 ], [ -0.348489163994633, 53.74598537275503 ], [ -0.349853269793494, 53.746004161952072 ], [ -0.34986383128852, 53.745734632827208 ], [ -0.350318530657287, 53.74574089238272 ], [ -0.350286854379962, 53.746549479900544 ], [ -0.349832146288573, 53.746543220160902 ], [ -0.349821584278671, 53.746812749244867 ], [ -0.350276295277695, 53.7468190090459 ], [ -0.35019181628215, 53.748975241717893 ], [ -0.349737082020348, 53.748968981425847 ], [ -0.349747645403419, 53.748699452450929 ], [ -0.349292914221288, 53.7486931904957 ], [ -0.349303480340662, 53.748423661568552 ], [ -0.34839402430748, 53.748411132607245 ], [ -0.348404596070969, 53.748141603789321 ], [ -0.347949871219952, 53.748135336783292 ], [ -0.347928721705324, 53.748674394282631 ], [ -0.348383452372193, 53.748680661411541 ], [ -0.348372880265106, 53.748950190202208 ], [ -0.347463413287224, 53.748937654096906 ], [ -0.347452835192247, 53.749207182751007 ], [ -0.346998099053094, 53.74920091205 ], [ -0.346987517878129, 53.749470440628997 ], [ -0.346532779002846, 53.749464168141913 ], [ -0.3465221947478, 53.749733696645777 ], [ -0.346976936531211, 53.749739969194358 ], [ -0.346966355012334, 53.750009497746071 ], [ -0.347421099875883, 53.750015768631535 ], [ -0.347410521093271, 53.750285297231088 ], [ -0.347865269036963, 53.75029156645337 ], [ -0.347875844911344, 53.75002203779232 ], [ -0.348785335497822, 53.750034570940038 ], [ -0.348795905383961, 53.749765042142478 ], [ -0.349250648026689, 53.749771306067949 ], [ -0.349261214832911, 53.74950177719532 ], [ -0.34971595473921, 53.749508039334764 ], [ -0.349726518465612, 53.749238510387116 ], [ -0.350181255635475, 53.749244770740546 ], [ -0.350022825338881, 53.753287704444631 ], [ -0.350477606306981, 53.753293963994047 ], [ -0.350266364008055, 53.758684538722846 ], [ -0.349811524854608, 53.758678277945712 ], [ -0.349822091510209, 53.758408749400154 ], [ -0.349367255438226, 53.758402486959241 ], [ -0.349356685872913, 53.758672015443381 ], [ -0.348901847063017, 53.758665751215872 ], [ -0.348891274416149, 53.758935279624957 ], [ -0.348436432868346, 53.758929013610803 ], [ -0.348425857139831, 53.759198541944812 ], [ -0.34797101285413, 53.759192274143999 ], [ -0.347960434043871, 53.75946180240291 ], [ -0.348415281239414, 53.759468070265186 ], [ -0.348404705167093, 53.759737598571931 ], [ -0.348859555444436, 53.759743864770414 ], [ -0.348848982110148, 53.760013393124957 ], [ -0.349303835469295, 53.760019657659626 ], [ -0.349335546226888, 53.759211072370782 ], [ -0.349790391028149, 53.759217334995924 ], [ -0.349800958027256, 53.758947806477636 ], [ -0.350255800090467, 53.758954067316154 ], [ -0.350160717104865, 53.761379824042656 ], [ -0.34970584885166, 53.761373562651535 ], [ -0.349695280306588, 53.761643091047148 ], [ -0.350150151470028, 53.761649352499653 ], [ -0.350076187217092, 53.763536051317089 ], [ -0.34962129568068, 53.763529789434742 ], [ -0.349610725761161, 53.763799317721308 ], [ -0.350065620208187, 53.763805579665053 ], [ -0.350044485675047, 53.764344636320097 ], [ -0.349589585406652, 53.764338374253519 ], [ -0.349579014971653, 53.764607902499179 ], [ -0.350033918150804, 53.764614164627169 ], [ -0.350012782586954, 53.765153221200421 ], [ -0.350467691759551, 53.765159481725647 ], [ -0.350023808432859, 53.77647965974888 ], [ -0.350478840075901, 53.776485921127083 ], [ -0.350024199236415, 53.78807560493204 ], [ -0.35047935634849, 53.788081867224626 ], [ -0.350024522828662, 53.799671528472651 ], [ -0.350479805497589, 53.799677791679649 ], [ -0.350024779172768, 53.811267430373384 ], [ -0.350480187486449, 53.811273694494737 ], [ -0.350024968231847, 53.822863310636819 ], [ -0.350480502278266, 53.822869575672541 ], [ -0.350025089968957, 53.83445916926555 ], [ -0.350480749836182, 53.834465435215655 ], [ -0.3500251443471, 53.846055006262212 ], [ -0.350480930123283, 53.846061273126672 ], [ -0.350025131329228, 53.857650821629434 ], [ -0.350481043102602, 53.857657089408228 ], [ -0.350025050878232, 53.869246615369811 ], [ -0.350481088737117, 53.869252884062995 ], [ -0.350024902956954, 53.880842387486005 ], [ -0.35048106698975, 53.880848657093516 ], [ -0.350024687528176, 53.892438137980641 ], [ -0.350480977823368, 53.892444408502485 ], [ -0.350024404554627, 53.904033866856331 ], [ -0.350480821200785, 53.904040138292522 ], [ -0.350024053998982, 53.915629574115719 ], [ -0.350480597084758, 53.915635846466252 ], [ -0.350023635823859, 53.92722525976145 ], [ -0.350480305437988, 53.927231533026315 ], [ -0.350023149991821, 53.938820923796193 ], [ -0.350479946223125, 53.938827197975385 ], [ -0.350022596465375, 53.950416566222579 ], [ -0.35047951940276, 53.95042284131609 ], [ -0.350021975206973, 53.962012187043264 ], [ -0.350479024939427, 53.962018463051109 ], [ -0.350021286179012, 53.973607786260885 ], [ -0.350478462795611, 53.973614063183057 ], [ -0.350020529343833, 53.985203363878149 ], [ -0.350477832933732, 53.985209641714633 ], [ -0.350019704663719, 53.996798919897664 ], [ -0.350477135316164, 53.996805198648467 ], [ -0.350018812100902, 54.008394454322151 ], [ -0.350476369905219, 54.008400733987258 ], [ -0.350017851617553, 54.019989967154231 ], [ -0.350475536663154, 54.019996247733651 ], [ -0.350016823175788, 54.031585458396641 ], [ -0.350474635552173, 54.031591739890352 ], [ -0.35001572673767, 54.043180928051981 ], [ -0.35047366653442, 54.043187210460054 ], [ -0.350014562265203, 54.054776376122994 ], [ -0.350472629571985, 54.054782659445372 ], [ -0.350013329720334, 54.06637180261238 ], [ -0.350471524626903, 54.066378086849042 ], [ -0.350161667766739, 54.074194008204273 ], [ -0.349703386871724, 54.074187722174038 ], [ -0.349692696563988, 54.074457236437631 ], [ -0.349234412878056, 54.074450948600337 ], [ -0.349223719429503, 54.074720462788449 ], [ -0.348307146650843, 54.074707881754563 ], [ -0.348285747364968, 54.075246909842363 ], [ -0.348744039598695, 54.075253201355707 ], [ -0.348754736363193, 54.074983687256719 ], [ -0.349671315423734, 54.074996264923996 ], [ -0.349660624591207, 54.075265779146768 ], [ -0.350118917349894, 54.075272065424471 ], [ -0.350012029064956, 54.077967207522768 ], [ -0.350470351661149, 54.077973492673749 ], [ -0.350010660260904, 54.089562590856893 ], [ -0.350469110636645, 54.089568876922172 ], [ -0.350009223269955, 54.101157952617434 ], [ -0.350467801515255, 54.101164239597026 ], [ -0.350007718053835, 54.11275329280712 ], [ -0.350466424258787, 54.112759580701024 ], [ -0.350006144574205, 54.124348611428609 ], [ -0.350464978828992, 54.12435490023681 ], [ -0.350004502792676, 54.135943908484641 ], [ -0.350463465187565, 54.135950198207155 ], [ -0.350002792670799, 54.147539183977941 ], [ -0.350461883296143, 54.147545474614759 ], [ -0.350001014170067, 54.159134437911192 ], [ -0.350460233116307, 54.159140729462329 ], [ -0.34999916725192, 54.170729670287123 ], [ -0.350458514609579, 54.17073596275258 ], [ -0.350083092829843, 54.180168805177836 ], [ -0.337677956092498, 54.179998235094807 ], [ -0.33766714599548, 54.18026774295312 ], [ -0.319748727159239, 54.180019106827558 ], [ -0.319737800474659, 54.180288612222512 ], [ -0.301819537787474, 54.180037309068467 ], [ -0.301808494517562, 54.180306811973765 ], [ -0.283890390889255, 54.18005284182906 ], [ -0.283879231036303, 54.180322342218432 ], [ -0.268717877550871, 54.180105361174057 ], [ -0.268729135892946, 54.179835862922438 ] ] } }
]
}
