{
"type": "FeatureCollection",
"name": "Holderness_Shoreline_2015",
"crs": { "type": "name", "properties": { "name": "urn:ogc:def:crs:OGC:1.3:CRS84" } },
"features": [
{ "type": "Feature", "properties": { "Year": 2015, "Sensor": "Landsat 8 OLI" }, "geometry": { "type": "LineString", "coordinates": [ [ -0.298826401250935, 53.714008166430588 ], [ -0.295191645000273, 53.713956499841288 ], [ -0.295180746290462, 53.714226022867457 ], [ -0.293817706910459, 53.714206619289016 ], [ -0.293828614325064, 53.713937096453044 ], [ -0.292919928093759, 53.713924152249604 ], [ -0.292930841134331, 53.713654629526737 ], [ -0.291113482404736, 53.713628720706836 ], [ -0.291124406874032, 53.713359198224182 ], [ -0.289307062588614, 53.713333262102879 ], [ -0.289317998486201, 53.713063739860658 ], [ -0.288409333211592, 53.713050761594005 ], [ -0.288420274734327, 53.712781239465244 ], [ -0.2875116159731, 53.712768254437115 ], [ -0.287522563120784, 53.712498732421885 ], [ -0.286613910873191, 53.712485740632417 ], [ -0.286624863645624, 53.712216218730767 ], [ -0.285716217911916, 53.712203220180129 ], [ -0.285727176308896, 53.711933698392137 ], [ -0.285272856610119, 53.711927196597351 ], [ -0.285283817730308, 53.711657674859332 ], [ -0.284375184669025, 53.711644666230939 ], [ -0.284386151413418, 53.71137514460667 ], [ -0.283931838050948, 53.711368637773127 ], [ -0.28394280751831, 53.711099116198866 ], [ -0.283034187129828, 53.711086097493165 ], [ -0.28304516222105, 53.710816576032748 ], [ -0.282590855195074, 53.710810064160654 ], [ -0.282601833009027, 53.710540542750302 ], [ -0.282147529062229, 53.710534029220014 ], [ -0.282158509598817, 53.710264507859748 ], [ -0.281249908041897, 53.710251475760856 ], [ -0.281260894201855, 53.709981954514546 ], [ -0.280806596591768, 53.709975435945999 ], [ -0.280817585474123, 53.709705914749819 ], [ -0.280363290943233, 53.709699394523213 ], [ -0.280374282547891, 53.709429873377204 ], [ -0.279919991096192, 53.709423351492525 ], [ -0.27993098542306, 53.709153830396673 ], [ -0.279476697050542, 53.709147306854028 ], [ -0.279487694099525, 53.708877785808333 ], [ -0.27903340880618, 53.708871260607701 ], [ -0.279044408577185, 53.708601739612199 ], [ -0.278590126363008, 53.708595212753657 ], [ -0.278601128855939, 53.708325691808341 ], [ -0.278146849720919, 53.708319163291911 ], [ -0.278157854935684, 53.708049642396816 ], [ -0.277703578879815, 53.708043112222512 ], [ -0.277714586816319, 53.707773591377681 ], [ -0.277260313839593, 53.707767059545525 ], [ -0.277271324497741, 53.707497538750935 ], [ -0.276817054600151, 53.707491005260998 ], [ -0.276839081180739, 53.70695196375857 ], [ -0.276384817262542, 53.706945428674928 ], [ -0.276395833184845, 53.706675907967124 ], [ -0.275941572345717, 53.706669371225765 ], [ -0.27595259098934, 53.706399850568246 ], [ -0.275498333229272, 53.706393312169205 ], [ -0.275520375780034, 53.705854270941025 ], [ -0.275066123999086, 53.705847730948435 ], [ -0.275077147906088, 53.705578210377787 ], [ -0.274622899204134, 53.705571668727622 ], [ -0.274644952281109, 53.705032627673248 ], [ -0.274190709558058, 53.70502608442964 ], [ -0.274212767718674, 53.704487043448431 ], [ -0.273758530974372, 53.70448049861146 ], [ -0.273780594218276, 53.703941457703422 ], [ -0.273326363452564, 53.703934911273159 ], [ -0.273337397705551, 53.703665390862668 ], [ -0.272883170018649, 53.703658842774978 ], [ -0.272905243786424, 53.703119802040987 ], [ -0.272451022077897, 53.703113252360147 ], [ -0.272462061592548, 53.702843732036662 ], [ -0.272007842962764, 53.702837180698481 ], [ -0.272018885197673, 53.702567660425437 ], [ -0.272473100927981, 53.702574211699414 ], [ -0.272484140084201, 53.702304691348431 ], [ -0.272029927253321, 53.702298140138623 ], [ -0.272052010826852, 53.701759099523699 ], [ -0.271597803973936, 53.701752546720876 ], [ -0.271619892628993, 53.701213506179279 ], [ -0.271165691753884, 53.701206951783483 ], [ -0.271187785490113, 53.700667911315236 ], [ -0.270733590592655, 53.700661355326531 ], [ -0.270744640090865, 53.700391835135989 ], [ -0.270290448271865, 53.700385277490192 ], [ -0.270312552528205, 53.69984623719629 ], [ -0.26985836668664, 53.699839677957705 ], [ -0.269880476023174, 53.699300637737281 ], [ -0.269426296158887, 53.69929407690595 ], [ -0.269448410575263, 53.698755036758989 ], [ -0.268994236688098, 53.698748474334998 ], [ -0.269016356183964, 53.69820943426155 ], [ -0.268562188273764, 53.698202870244955 ], [ -0.268584312848766, 53.697663830245027 ], [ -0.268130150915375, 53.697657264635922 ], [ -0.268163345126647, 53.696848704725667 ], [ -0.267709192068357, 53.696842137588455 ], [ -0.267720259344643, 53.696572617655171 ], [ -0.267266109364398, 53.696566048861193 ], [ -0.267277179359392, 53.6962965289785 ], [ -0.266823032457185, 53.696289958527807 ], [ -0.266845177704669, 53.695750918849832 ], [ -0.266391036778743, 53.695744346806869 ], [ -0.26641318710368, 53.695205307202521 ], [ -0.265959052153876, 53.695198733567345 ], [ -0.265981207555917, 53.694659694036709 ], [ -0.265527078582079, 53.694653118809391 ], [ -0.265560319030496, 53.693844559603335 ], [ -0.265106198930378, 53.693837982848365 ], [ -0.265139446453684, 53.693029423711565 ], [ -0.264685335226885, 53.693022845429049 ], [ -0.264707505138431, 53.692483806064502 ], [ -0.264253399886933, 53.692477226190078 ], [ -0.264275574874015, 53.691938186899314 ], [ -0.263821475597661, 53.691931605433034 ], [ -0.263832565718793, 53.691662085831467 ], [ -0.264286662097625, 53.691668667233266 ], [ -0.264308836005003, 53.69112962785978 ], [ -0.264762926768875, 53.691136207411866 ], [ -0.264774010555265, 53.690866687639968 ], [ -0.265228098601644, 53.690873265406843 ], [ -0.265239179310803, 53.690603745556707 ], [ -0.266601435836761, 53.690623468339666 ], [ -0.266612507674175, 53.690353948282493 ], [ -0.266158424883067, 53.690347375806631 ], [ -0.266169499438046, 53.690077855800062 ], [ -0.265715419723936, 53.69007128166794 ], [ -0.265704342271702, 53.690340801610084 ], [ -0.264342095516522, 53.690321068696157 ], [ -0.264331009192617, 53.690590588431157 ], [ -0.263876924403399, 53.690584007287292 ], [ -0.263865835002227, 53.690853526944025 ], [ -0.263411747495662, 53.690846944014929 ], [ -0.263422839794163, 53.690577424422713 ], [ -0.262968755364953, 53.69057083983742 ], [ -0.262979850380707, 53.690301320295923 ], [ -0.262525769028845, 53.690294734054433 ], [ -0.262547964314554, 53.689755695059162 ], [ -0.262093888937211, 53.689749107226085 ], [ -0.262116089296696, 53.689210068304718 ], [ -0.261662019893714, 53.689203478880124 ], [ -0.261684225326624, 53.688664440032717 ], [ -0.261230161897846, 53.688657849016657 ], [ -0.261241267240952, 53.688388329636844 ], [ -0.26078720688934, 53.688381736964793 ], [ -0.260809422828585, 53.687842698292989 ], [ -0.260355368450962, 53.687836104029579 ], [ -0.260377589462654, 53.687297065431807 ], [ -0.259923541058863, 53.687290469577142 ], [ -0.259956879914021, 53.686481911770855 ], [ -0.259502840380496, 53.686475314389597 ], [ -0.259513955868066, 53.686205795157903 ], [ -0.25905991941147, 53.68619919612086 ], [ -0.259082155638392, 53.685660157745374 ], [ -0.258628125155159, 53.685653557117249 ], [ -0.258661486831402, 53.684844999644532 ], [ -0.258207465217673, 53.684838397490061 ], [ -0.25822971122531, 53.684299359235304 ], [ -0.257775695584532, 53.684292755489899 ], [ -0.257797946662427, 53.683753717309344 ], [ -0.257343936994445, 53.683747111973069 ], [ -0.257388448567737, 53.68266903570521 ], [ -0.256934450664257, 53.682662428907584 ], [ -0.256945581002008, 53.682392909870835 ], [ -0.256491586175004, 53.682386301417758 ], [ -0.256513852100247, 53.68184726343236 ], [ -0.256059863245471, 53.681840653388633 ], [ -0.256070998832827, 53.681571134439992 ], [ -0.255617013054459, 53.681564522740864 ], [ -0.255628151356783, 53.681295003843189 ], [ -0.255174168654815, 53.681288390488753 ], [ -0.255185309672012, 53.681018871642067 ], [ -0.254731330046438, 53.681012256632307 ], [ -0.25475361732957, 53.680473219027149 ], [ -0.25429964367589, 53.680466602426939 ], [ -0.254333081930698, 53.679658046110141 ], [ -0.253879117144123, 53.679651427984389 ], [ -0.253901414200304, 53.679112390500485 ], [ -0.253447455385212, 53.679105770784446 ], [ -0.253469757508212, 53.678566733375035 ], [ -0.253015804664448, 53.678560112068745 ], [ -0.253038111853916, 53.678021074733834 ], [ -0.252584164981324, 53.678014451837377 ], [ -0.252606477236908, 53.677475414576982 ], [ -0.252152536335329, 53.67746879009043 ], [ -0.252163695086531, 53.677199271504435 ], [ -0.251709757260933, 53.677192645362929 ], [ -0.251732080009885, 53.676653608279302 ], [ -0.251278148155088, 53.676646980547829 ], [ -0.251289312152701, 53.676377462050219 ], [ -0.250835383373817, 53.676370832663871 ], [ -0.250846550085023, 53.676101314217398 ], [ -0.250392624382046, 53.676094683176238 ], [ -0.250414963050233, 53.67555564637177 ], [ -0.249961043317782, 53.675549013740756 ], [ -0.249972215274627, 53.675279495382796 ], [ -0.249518298618014, 53.675272861097049 ], [ -0.249529473288127, 53.675003342790241 ], [ -0.249075559707348, 53.67499670684979 ], [ -0.249097914292575, 53.674457670324763 ], [ -0.248644006682047, 53.67445103279465 ], [ -0.248655186597024, 53.674181514576425 ], [ -0.248201282062261, 53.674174875391678 ], [ -0.248212464690182, 53.673905357224712 ], [ -0.247758563231177, 53.673898716385374 ], [ -0.247780933731248, 53.673359680140059 ], [ -0.247327038242219, 53.673353037711237 ], [ -0.247338226114232, 53.673083519632918 ], [ -0.246884333700894, 53.673076875549576 ], [ -0.246906714688606, 53.67253783948167 ], [ -0.24645282824503, 53.67253119380895 ], [ -0.246464021360593, 53.672261675819371 ], [ -0.24601013799264, 53.672255028492245 ], [ -0.246021333820592, 53.671985510553931 ], [ -0.245567453528256, 53.671978861572406 ], [ -0.245589850427071, 53.671439825784645 ], [ -0.245135976104223, 53.671433175213906 ], [ -0.245147177174949, 53.671163657364445 ], [ -0.24469330592765, 53.671157005139406 ], [ -0.244704509710442, 53.670887487341254 ], [ -0.244250641538685, 53.670880833461986 ], [ -0.244261848033448, 53.670611315715178 ], [ -0.243807982937223, 53.670604660181652 ], [ -0.243819192143864, 53.670335142486252 ], [ -0.243365330123165, 53.670328485298519 ], [ -0.243387753778124, 53.669789449996649 ], [ -0.242933897726521, 53.66978279121998 ], [ -0.242945112174704, 53.669513273613525 ], [ -0.24249125919856, 53.669506613182726 ], [ -0.242502476358295, 53.669237095627707 ], [ -0.241594776738926, 53.669223769738622 ], [ -0.241605999503547, 53.668954252300296 ], [ -0.241152152860356, 53.668947586842059 ], [ -0.241163378336291, 53.668678069455197 ], [ -0.240709534768579, 53.668671402342966 ], [ -0.240731990960746, 53.66813236765838 ], [ -0.240278153361778, 53.66812569895751 ], [ -0.240289384077873, 53.667856181659786 ], [ -0.239835549554314, 53.667849511305008 ], [ -0.239846782981401, 53.667579994058791 ], [ -0.238939120267365, 53.667566648322286 ], [ -0.238950359298469, 53.66729713119296 ], [ -0.238496531108026, 53.667290455811248 ], [ -0.238507772849882, 53.667020938733494 ], [ -0.23805394773487, 53.667014261697993 ], [ -0.238065192187385, 53.666744744671824 ], [ -0.237611370147794, 53.666738065982571 ], [ -0.237622617310875, 53.666468549007966 ], [ -0.236714979565015, 53.666455186602896 ], [ -0.236726232331479, 53.666185669745346 ], [ -0.235818601101593, 53.666172300594688 ], [ -0.23585237566267, 53.665363750331842 ], [ -0.23539856900007, 53.66535706337433 ], [ -0.235421090246409, 53.664818029927567 ], [ -0.235874891123628, 53.664824716754055 ], [ -0.235897405854147, 53.664285683120951 ], [ -0.236351201128774, 53.664292368097428 ], [ -0.2363624553276, 53.664022851194638 ], [ -0.236816247892247, 53.664029534386671 ], [ -0.236827499016034, 53.663760017404556 ], [ -0.236373709343874, 53.663753334277978 ], [ -0.236384963177602, 53.663483817347483 ], [ -0.235931176580426, 53.663477132567422 ], [ -0.235919919854262, 53.663746649432426 ], [ -0.235012341422864, 53.663733274584438 ], [ -0.23500107872915, 53.664002791304604 ], [ -0.233639703774923, 53.663982715943739 ], [ -0.233662246334328, 53.663443682882857 ], [ -0.233208460833393, 53.663436987789126 ], [ -0.233219734731224, 53.663167471303488 ], [ -0.232765952305521, 53.66316077455641 ], [ -0.232799781578636, 53.662352225213226 ], [ -0.232346008012639, 53.662345526944051 ], [ -0.232368565731162, 53.661806494110571 ], [ -0.231914798132401, 53.66179979425376 ], [ -0.231926079609324, 53.661530277881887 ], [ -0.231472315085618, 53.661523576371906 ], [ -0.231494883274514, 53.660984543717873 ], [ -0.231041124717828, 53.660977840620362 ], [ -0.231063697958439, 53.660438808042251 ], [ -0.230609945368617, 53.660432103357302 ], [ -0.230621234606155, 53.660162587113142 ], [ -0.230167485091262, 53.660155880775143 ], [ -0.230201360380461, 53.659347332156592 ], [ -0.229747619723894, 53.659340624296981 ], [ -0.22975891401231, 53.659071108128785 ], [ -0.229305176430556, 53.659064398616216 ], [ -0.229316473427371, 53.658794882499905 ], [ -0.228862738920421, 53.6587881713344 ], [ -0.228885338147395, 53.658249139191661 ], [ -0.228431609606722, 53.658242426439024 ], [ -0.228454213883461, 53.657703394372369 ], [ -0.228000491308907, 53.657696680032657 ], [ -0.228023100635062, 53.657157648042094 ], [ -0.228476817426994, 53.657164362250292 ], [ -0.228499420237351, 53.656625330072778 ], [ -0.228045709227855, 53.656618615996095 ], [ -0.228057013249249, 53.656349099952337 ], [ -0.227603305314228, 53.656342384222945 ], [ -0.227580691305772, 53.656881416165078 ], [ -0.227126977771801, 53.656874698585618 ], [ -0.227149597562583, 53.656335666775071 ], [ -0.226695889994359, 53.656328947608706 ], [ -0.226718514833582, 53.655789915874344 ], [ -0.226264813230949, 53.655783195121153 ], [ -0.226276128266359, 53.655513679299006 ], [ -0.225822429738221, 53.65550695689322 ], [ -0.225845065040363, 53.654967925339037 ], [ -0.225391372477601, 53.654961201346524 ], [ -0.225414012827211, 53.65442216986861 ], [ -0.224960326229669, 53.654415444289448 ], [ -0.224971649019845, 53.654145928595568 ], [ -0.224517965496671, 53.65413920136394 ], [ -0.224529290993916, 53.653869685722086 ], [ -0.224075610545103, 53.653862956838026 ], [ -0.224098266769835, 53.653323925644536 ], [ -0.223644592285968, 53.65331719517399 ], [ -0.223655923013319, 53.653047679622347 ], [ -0.223202251603746, 53.653040947499463 ], [ -0.223213585037843, 53.652771431999916 ], [ -0.222759916702555, 53.652764698224708 ], [ -0.222782588800219, 53.652225667315896 ], [ -0.222328926429603, 53.652218931954373 ], [ -0.222340265093035, 53.651949416545122 ], [ -0.221886605796637, 53.651942679531373 ], [ -0.221909288352429, 53.651403648803253 ], [ -0.221455635020487, 53.651396910203296 ], [ -0.221466978912711, 53.65112739488444 ], [ -0.221013328654921, 53.651120654632344 ], [ -0.221024675253338, 53.650851139365621 ], [ -0.220571028069693, 53.650844397461405 ], [ -0.220582377374208, 53.650574882246836 ], [ -0.220128733264699, 53.650568138690559 ], [ -0.220140085275219, 53.650298623528172 ], [ -0.219686444239839, 53.650291878319827 ], [ -0.219697798956271, 53.650022363209629 ], [ -0.21924416099501, 53.650015616349286 ], [ -0.21925551841726, 53.649746101291278 ], [ -0.218801883530112, 53.649739352778958 ], [ -0.218870041534875, 53.648122262536198 ], [ -0.219323659083367, 53.648129010651971 ], [ -0.219335015216524, 53.647859495496846 ], [ -0.218881400557643, 53.64785274744716 ], [ -0.218892759396224, 53.647583232344275 ], [ -0.219346371165539, 53.647589980327872 ], [ -0.219357726930419, 53.647320465145029 ], [ -0.21981133599435, 53.647327211344638 ], [ -0.219822688685622, 53.647057696081845 ], [ -0.218915476520842, 53.647044202096851 ], [ -0.21893819290876, 53.646505171793955 ], [ -0.218484592881405, 53.646498422356842 ], [ -0.218495953688439, 53.646228907250666 ], [ -0.21758875996506, 53.646215403355136 ], [ -0.217600126366433, 53.645945888367351 ], [ -0.218507314311264, 53.645959392130614 ], [ -0.2185300350043, 53.645420361848899 ], [ -0.218983623474627, 53.645427111021625 ], [ -0.219006337652639, 53.644888080552228 ], [ -0.218552754960546, 53.644881331511684 ], [ -0.21854139507452, 53.645150846687223 ], [ -0.217634224464776, 53.645137343320698 ], [ -0.217622858616288, 53.645406858350114 ], [ -0.21671568296544, 53.645393347980225 ], [ -0.21673842603454, 53.644854318172115 ], [ -0.217192007989594, 53.644861074083636 ], [ -0.217203376358547, 53.644591559092589 ], [ -0.217656955608895, 53.644598313220207 ], [ -0.217668320904535, 53.644328798149147 ], [ -0.218575474180035, 53.644342301118968 ], [ -0.218586833513504, 53.644072785901805 ], [ -0.217226112543479, 53.644052529068887 ], [ -0.21724884799114, 53.643513498989677 ], [ -0.216795280480772, 53.643506743408956 ], [ -0.216783909960255, 53.643776258389344 ], [ -0.216330339745405, 53.643769501024821 ], [ -0.216353086379715, 53.643230471182527 ], [ -0.216806650816933, 53.643237228414698 ], [ -0.216829390936201, 53.642698198384522 ], [ -0.217282949780319, 53.642704953766767 ], [ -0.217294316674778, 53.642435438664705 ], [ -0.216840760719317, 53.642428683348626 ], [ -0.216863499732531, 53.641889653235189 ], [ -0.217317049910819, 53.641896408418972 ], [ -0.217328416252409, 53.641626893275273 ], [ -0.217781963726462, 53.641633646675359 ], [ -0.217804690079902, 53.641094616214069 ], [ -0.217351148382749, 53.641087862946257 ], [ -0.217362514171506, 53.64081834776092 ], [ -0.216908975547003, 53.640811592841764 ], [ -0.21692034403982, 53.640542077708709 ], [ -0.216466808487958, 53.640535321138231 ], [ -0.216478179684741, 53.640265806057457 ], [ -0.216024647205513, 53.64025904783567 ], [ -0.216036021106168, 53.639989532807213 ], [ -0.21648955069717, 53.63999629096282 ], [ -0.216512292168978, 53.639457260731881 ], [ -0.216965816168006, 53.63946401703771 ], [ -0.216977183739303, 53.639194501835277 ], [ -0.217884226514008, 53.639208009162452 ], [ -0.217895588124911, 53.638938493813853 ], [ -0.218349106900527, 53.638945244835249 ], [ -0.218360465439226, 53.638675729406664 ], [ -0.219267497766825, 53.638689226165155 ], [ -0.219278850345441, 53.638419710590533 ], [ -0.219732363897364, 53.638426456327686 ], [ -0.219743713404004, 53.638156940673127 ], [ -0.220197224251995, 53.638163684626882 ], [ -0.220208570686755, 53.637894168892409 ], [ -0.220662078830804, 53.637900911062808 ], [ -0.220684765372854, 53.637361879420212 ], [ -0.220231263004444, 53.637355137381846 ], [ -0.220310680322557, 53.635468526657903 ], [ -0.218496753541534, 53.635441543181351 ], [ -0.218485397212297, 53.635711058776444 ], [ -0.218031913089715, 53.635704308548291 ], [ -0.218020553688882, 53.63597382406342 ], [ -0.217113580221224, 53.635960318323384 ], [ -0.217102214861168, 53.636229833692369 ], [ -0.216648725516151, 53.636223078180414 ], [ -0.216671461827034, 53.635684047560865 ], [ -0.217578429151279, 53.635697556602992 ], [ -0.217589791255411, 53.635428041140116 ], [ -0.218043272306401, 53.635434793019307 ], [ -0.218054631338946, 53.635165277476432 ], [ -0.218508109686676, 53.635172027572374 ], [ -0.218519465647726, 53.63490251194952 ], [ -0.219426417120693, 53.634916006857829 ], [ -0.219449116941369, 53.634376975306211 ], [ -0.218542177017568, 53.634363480662195 ], [ -0.218530821424689, 53.63463299631281 ], [ -0.218077348851623, 53.634626246349065 ], [ -0.218088707331765, 53.634356730764559 ], [ -0.217181768512582, 53.634343225817993 ], [ -0.217159039819051, 53.634882256708636 ], [ -0.216705564911219, 53.634875501527432 ], [ -0.216751033110309, 53.63379743995521 ], [ -0.217204496469233, 53.633804194871836 ], [ -0.21721586017124, 53.633534679377924 ], [ -0.217669320827263, 53.633541432511386 ], [ -0.217680681457995, 53.633271916937467 ], [ -0.217227223689039, 53.633265163870149 ], [ -0.217249950172029, 53.632726132812977 ], [ -0.216796498361264, 53.632719378160942 ], [ -0.216785132324899, 53.632988893630319 ], [ -0.21633167781141, 53.632982137195135 ], [ -0.216343046734741, 53.632712621791896 ], [ -0.214982692961093, 53.632692342382931 ], [ -0.215005447576217, 53.632153311931972 ], [ -0.215458892875966, 53.632160073319533 ], [ -0.215470267020081, 53.631890558007022 ], [ -0.216377152399015, 53.63190407549893 ], [ -0.21639988858714, 53.631365044567545 ], [ -0.216853325779536, 53.631371800605791 ], [ -0.21687605545726, 53.630832769486567 ], [ -0.217329487060546, 53.63083952367564 ], [ -0.217340848736489, 53.630570008029082 ], [ -0.219154565444417, 53.630597007352343 ], [ -0.219131865001399, 53.631136039160324 ], [ -0.219585300411718, 53.631142784831113 ], [ -0.219596647838555, 53.630873268867987 ], [ -0.220050080546145, 53.630880012755846 ], [ -0.220038736005975, 53.631149528784995 ], [ -0.220492171784124, 53.631156271021979 ], [ -0.220526196193105, 53.630347722694871 ], [ -0.220072769074828, 53.630340980655944 ], [ -0.220061424902428, 53.630610496712826 ], [ -0.219607995081458, 53.630603752891012 ], [ -0.219619342140431, 53.630334236900147 ], [ -0.21916591538996, 53.630327491427536 ], [ -0.21917726515153, 53.630057975488846 ], [ -0.220537537295095, 53.630078206558089 ], [ -0.220548878213257, 53.629808690407437 ], [ -0.220095456867995, 53.629801948500514 ], [ -0.220118143925677, 53.629262916289633 ], [ -0.219211313332444, 53.629249427589542 ], [ -0.219222662358165, 53.628979911595358 ], [ -0.218769250223791, 53.628973164736223 ], [ -0.218780601951844, 53.628703648794229 ], [ -0.218327192887752, 53.628696900284403 ], [ -0.218338547318043, 53.628427384394605 ], [ -0.217885141324223, 53.628420634234139 ], [ -0.21789649845666, 53.628151118396566 ], [ -0.216989692793675, 53.628137613057731 ], [ -0.217001055514294, 53.627868097338521 ], [ -0.216547655845163, 53.627861342160188 ], [ -0.21655902126769, 53.627591826493237 ], [ -0.216105624668851, 53.627585069664391 ], [ -0.216116992793192, 53.627315554049709 ], [ -0.215210205920382, 53.627302035374406 ], [ -0.215232953160107, 53.626763004368129 ], [ -0.214326178568465, 53.626749479091146 ], [ -0.214337557683562, 53.626479963699595 ], [ -0.213430789601387, 53.626466431688655 ], [ -0.213453558821473, 53.625927401128955 ], [ -0.214360315360467, 53.625940932874883 ], [ -0.214371693922284, 53.625671417441694 ], [ -0.21346494315474, 53.625657885828261 ], [ -0.213476327303496, 53.625388370513683 ], [ -0.213929699709359, 53.625395137112399 ], [ -0.213941080787978, 53.6251256217177 ], [ -0.213487711267745, 53.625118855185207 ], [ -0.21349909504749, 53.624849339842861 ], [ -0.214405828501244, 53.624862871058838 ], [ -0.214439961420551, 53.624054324551004 ], [ -0.213986603257928, 53.624047559999958 ], [ -0.213997983414304, 53.623778044535818 ], [ -0.214451338691527, 53.623784809020648 ], [ -0.214519598445335, 53.622167715546794 ], [ -0.214972936595504, 53.622174477917923 ], [ -0.214984309690757, 53.62190496222415 ], [ -0.216344316591734, 53.621925238841072 ], [ -0.216367044919208, 53.621386207014822 ], [ -0.217727036167595, 53.621406467788233 ], [ -0.217738391400207, 53.621136951655927 ], [ -0.218645047382744, 53.621150450124624 ], [ -0.218622348273455, 53.621689482639695 ], [ -0.217715680750955, 53.621675983906655 ], [ -0.217704325150285, 53.621945500011215 ], [ -0.217250988780004, 53.621938748004141 ], [ -0.217239630110198, 53.622208264028721 ], [ -0.2167862910389, 53.622201510239208 ], [ -0.216718117842556, 53.623818605698368 ], [ -0.217171474225419, 53.62382535988467 ], [ -0.217160114266929, 53.624094875812069 ], [ -0.218066833355796, 53.624108379167545 ], [ -0.218044124428472, 53.624647411245149 ], [ -0.218497490019973, 53.624654160480389 ], [ -0.218486138165846, 53.624923676564457 ], [ -0.219392875671911, 53.62493717001756 ], [ -0.219404221754872, 53.624667653801382 ], [ -0.218950855795455, 53.624660907999107 ], [ -0.218962204580066, 53.624391391835104 ], [ -0.21986893091171, 53.624404881591047 ], [ -0.219880273741404, 53.624135365281084 ], [ -0.222600439833892, 53.624175792957679 ], [ -0.222657064663868, 53.622828209220636 ], [ -0.223110411895076, 53.622834940829563 ], [ -0.223121733425213, 53.622565423974635 ], [ -0.222668389079246, 53.622558692431618 ], [ -0.222691037359419, 53.622019658811972 ], [ -0.222237698967321, 53.622012925684437 ], [ -0.222249025717223, 53.621743408919741 ], [ -0.22406236884614, 53.621770330868308 ], [ -0.224073683872245, 53.621500813826138 ], [ -0.225433684489343, 53.621520987068742 ], [ -0.225444990676998, 53.621251469815192 ], [ -0.224991659839699, 53.621244747183141 ], [ -0.225014277435245, 53.620705712766096 ], [ -0.2236543033329, 53.620685534967272 ], [ -0.223665620510414, 53.620416017935518 ], [ -0.223212299061259, 53.620409288635962 ], [ -0.223223618940195, 53.620139771656213 ], [ -0.223676937504523, 53.620146500889895 ], [ -0.223688254315232, 53.619876983830395 ], [ -0.225501518866913, 53.619903883339546 ], [ -0.225512823955253, 53.619634366002813 ], [ -0.226419451561026, 53.619647805328576 ], [ -0.22638555305519, 53.620456357691907 ], [ -0.226838875787192, 53.620463074977806 ], [ -0.226884061889605, 53.619385004869244 ], [ -0.226430750696743, 53.619378287846409 ], [ -0.226442049649351, 53.619108770350394 ], [ -0.225535433582319, 53.619095331287788 ], [ -0.225569346648949, 53.61828677911123 ], [ -0.225116047543895, 53.61828005720313 ], [ -0.225104740487026, 53.618549574543358 ], [ -0.224651438680691, 53.618542850853331 ], [ -0.224674058380174, 53.618003816290653 ], [ -0.224220762526091, 53.617997091016186 ], [ -0.224209449883528, 53.618266608238613 ], [ -0.22375615132831, 53.618259881182205 ], [ -0.223778782198984, 53.617720846855207 ], [ -0.224232074985334, 53.617727573779881 ], [ -0.22424338726126, 53.617458056529721 ], [ -0.223790097359273, 53.617451329670899 ], [ -0.223801412336202, 53.61718181247273 ], [ -0.223348125501889, 53.617175083963723 ], [ -0.223336807640647, 53.617444601096011 ], [ -0.222883518105427, 53.617437870805084 ], [ -0.222917479791739, 53.616629319564261 ], [ -0.222010918577248, 53.616615854229785 ], [ -0.22202224454079, 53.616346337253596 ], [ -0.221568967092981, 53.616339602078291 ], [ -0.221580295757104, 53.616070085154178 ], [ -0.221127021376978, 53.616063348328865 ], [ -0.221161014919963, 53.615254797671142 ], [ -0.220707749375485, 53.615248059327797 ], [ -0.220741749917607, 53.614439508743125 ], [ -0.22028849320838, 53.614432768881805 ], [ -0.220299829238902, 53.614163252058503 ], [ -0.219393322139096, 53.614149767320356 ], [ -0.219381980341042, 53.61441928401166 ], [ -0.218022212418522, 53.614399043837551 ], [ -0.218056263214737, 53.613590494316448 ], [ -0.217149769488123, 53.613576992684372 ], [ -0.217161125152913, 53.613307476281783 ], [ -0.217614369040639, 53.613314227889596 ], [ -0.217637074051157, 53.61277519491054 ], [ -0.2171838359305, 53.612768443434895 ], [ -0.217195191043303, 53.612498926990646 ], [ -0.216741955990099, 53.612492173865384 ], [ -0.216730597993835, 53.612761690243524 ], [ -0.215370885288258, 53.612741420374967 ], [ -0.215393618397324, 53.612202388001684 ], [ -0.214940386963934, 53.612195628079704 ], [ -0.214997230929973, 53.610848047234391 ], [ -0.214544014097067, 53.610841285927684 ], [ -0.214521271296904, 53.611380318175087 ], [ -0.214068048881884, 53.61137355502035 ], [ -0.214090797448406, 53.610834522905392 ], [ -0.213184364704, 53.610820991713915 ], [ -0.213218503469958, 53.610012443834684 ], [ -0.213671711100828, 53.610019210089511 ], [ -0.213717215342692, 53.608941145791164 ], [ -0.214170411626304, 53.608947910065538 ], [ -0.21418178434321, 53.608678393890017 ], [ -0.215088171697604, 53.608691917159909 ], [ -0.215099538464775, 53.608422400838109 ], [ -0.214646347578212, 53.608415640127092 ], [ -0.214657717043915, 53.608146123857573 ], [ -0.21420452922425, 53.608139361497315 ], [ -0.214215901388393, 53.607869845280128 ], [ -0.213762716635617, 53.607863081270601 ], [ -0.213785466176307, 53.607324048927026 ], [ -0.212879108753931, 53.607310516026715 ], [ -0.212844966870941, 53.608119064123812 ], [ -0.211485406177141, 53.608098751311367 ], [ -0.211462626703713, 53.608637782908971 ], [ -0.210103050374598, 53.608617454259615 ], [ -0.210068853835235, 53.609426000954812 ], [ -0.209162453242412, 53.609412439546311 ], [ -0.209151048260822, 53.60968195495083 ], [ -0.209604251347744, 53.609688736579216 ], [ -0.209592849064292, 53.609958252036236 ], [ -0.209139643094445, 53.609951470341457 ], [ -0.209128237743277, 53.610220985718179 ], [ -0.208675029075253, 53.610214202241444 ], [ -0.208686437309389, 53.609944686931129 ], [ -0.20823323170917, 53.609937901805267 ], [ -0.208244642641386, 53.609668386547483 ], [ -0.207791440108967, 53.609661599772494 ], [ -0.207802853739168, 53.609392084567254 ], [ -0.207349654274537, 53.609385296143209 ], [ -0.207303987112422, 53.610463356615007 ], [ -0.205944355233442, 53.61044298025201 ], [ -0.205955780950423, 53.610173465354386 ], [ -0.205502573577273, 53.610166669868775 ], [ -0.205525430221705, 53.609627640164874 ], [ -0.203712625644501, 53.609600441599483 ], [ -0.20372406522032, 53.609330926992932 ], [ -0.203270867422096, 53.609324123129433 ], [ -0.203259424963451, 53.60959363766937 ], [ -0.202353024157578, 53.609580024662613 ], [ -0.202364472381863, 53.609310510255938 ], [ -0.201911275139948, 53.609303701245942 ], [ -0.201922726061518, 53.609034186892025 ], [ -0.201469531887895, 53.609027376233229 ], [ -0.201480985506657, 53.608757861932048 ], [ -0.201027794401318, 53.60875104962448 ], [ -0.200981967281693, 53.609829106478962 ], [ -0.200528764830855, 53.609822292189115 ], [ -0.200540224772046, 53.609552778063069 ], [ -0.200087025389729, 53.609545962124429 ], [ -0.20004117297923, 53.610624018278259 ], [ -0.199134751708537, 53.610610380720495 ], [ -0.199169158592591, 53.60980183902651 ], [ -0.198715956884743, 53.609795017874632 ], [ -0.198738899643971, 53.609255990142607 ], [ -0.198285703887596, 53.609249167408791 ], [ -0.198297177871159, 53.608979653588712 ], [ -0.199656757049588, 53.609000116443411 ], [ -0.199679687163011, 53.608461088360862 ], [ -0.200132874828712, 53.608467905748036 ], [ -0.200155798433965, 53.607928877476368 ], [ -0.199702616533432, 53.607922060222656 ], [ -0.199714080940027, 53.60765254613267 ], [ -0.199260902107747, 53.607645727230334 ], [ -0.199272369211067, 53.607376213193191 ], [ -0.197459667270072, 53.607348920697277 ], [ -0.197448188636938, 53.607618434467241 ], [ -0.196541833017177, 53.607604777793483 ], [ -0.196553317415192, 53.607335264157193 ], [ -0.196100142766819, 53.607328433314137 ], [ -0.196088655486369, 53.607597946883544 ], [ -0.195635478141672, 53.607591114258241 ], [ -0.195623987792634, 53.607860627746845 ], [ -0.193358089450126, 53.607826438555264 ], [ -0.193381098786467, 53.607287412233504 ], [ -0.192927925441823, 53.60728056938305 ], [ -0.192893402510362, 53.608089108643853 ], [ -0.192440220704805, 53.608082263877044 ], [ -0.192428709805557, 53.608351776869121 ], [ -0.192881894493656, 53.608358621702934 ], [ -0.192858877900891, 53.608897647779308 ], [ -0.193312068540672, 53.608904491031716 ], [ -0.193289056967495, 53.609443517186364 ], [ -0.192835860562294, 53.609436673799983 ], [ -0.192824351613298, 53.609706186789438 ], [ -0.192371152511787, 53.609699341620605 ], [ -0.1923596404935, 53.609968854529122 ], [ -0.191906438695689, 53.609962007577742 ], [ -0.191871892872951, 53.610770546018635 ], [ -0.192325103319496, 53.610777393171084 ], [ -0.192313590555101, 53.611046906023887 ], [ -0.193220017773767, 53.611060595316147 ], [ -0.19320851058895, 53.611330108289046 ], [ -0.194114944319522, 53.611343790852935 ], [ -0.194103442714481, 53.611613303945852 ], [ -0.19455666274244, 53.611620142721371 ], [ -0.194522165458784, 53.612428682117439 ], [ -0.194975394322702, 53.612435519378138 ], [ -0.194952400968649, 53.612974545706436 ], [ -0.195405635785517, 53.612981381385318 ], [ -0.19539414171247, 53.613250894595495 ], [ -0.195847379598987, 53.613257728625577 ], [ -0.195835888223154, 53.61352724188874 ], [ -0.19356968623622, 53.613493054246504 ], [ -0.193581192029297, 53.613223541318021 ], [ -0.193127955074462, 53.613216698709394 ], [ -0.193173987915795, 53.612138647124162 ], [ -0.1927207626807, 53.612131803067818 ], [ -0.192743783748942, 53.611592777325662 ], [ -0.191837345370997, 53.611579084334174 ], [ -0.191848861391569, 53.611309571576243 ], [ -0.190942429526175, 53.611295871856484 ], [ -0.19093090773942, 53.611565384480279 ], [ -0.190024470854585, 53.611551677763998 ], [ -0.190035998407507, 53.611282165274368 ], [ -0.18958278312831, 53.611275309409955 ], [ -0.189594313377489, 53.611005796973501 ], [ -0.188234677310083, 53.610985219288231 ], [ -0.18825775454571, 53.610446194776451 ], [ -0.187351342967249, 53.610432468010572 ], [ -0.187362887070382, 53.610162955868162 ], [ -0.187816089883244, 53.610169820041669 ], [ -0.187862252894427, 53.609091771063838 ], [ -0.187409061612581, 53.609084907159108 ], [ -0.187420604780566, 53.608815394947008 ], [ -0.186967416568376, 53.608808529394061 ], [ -0.187025144015592, 53.607460968460558 ], [ -0.186571970402912, 53.60745410152829 ], [ -0.186583518213558, 53.607184589367002 ], [ -0.186130347670313, 53.607177720786673 ], [ -0.186118796977322, 53.607447232880723 ], [ -0.185212450687601, 53.60743349043959 ], [ -0.185189337210567, 53.607972514316813 ], [ -0.184736158581722, 53.607965640388713 ], [ -0.184724598679876, 53.608235152239118 ], [ -0.184271417355848, 53.608228276528315 ], [ -0.184259854384198, 53.60849778829747 ], [ -0.184713038590742, 53.608504664075582 ], [ -0.184701478314314, 53.608774175898134 ], [ -0.185154665590719, 53.608781050028128 ], [ -0.185143108009607, 53.609050561904027 ], [ -0.183783538094506, 53.609029934165854 ], [ -0.183806670364992, 53.608490910803987 ], [ -0.183353486533174, 53.608484031595097 ], [ -0.183365055269843, 53.608214519960576 ], [ -0.182911874507962, 53.608207639103668 ], [ -0.182923445939658, 53.60793812752258 ], [ -0.183376623819084, 53.60794500831215 ], [ -0.183399760355294, 53.607405984973411 ], [ -0.183852932657361, 53.607412863912934 ], [ -0.183864497762019, 53.607143352155333 ], [ -0.184317667369132, 53.607150229312204 ], [ -0.184340791251842, 53.60661120562051 ], [ -0.184793955281756, 53.606618080927475 ], [ -0.184828631054569, 53.60580954508346 ], [ -0.185281786625309, 53.605816418473296 ], [ -0.185293341959684, 53.605546906430121 ], [ -0.184840189270998, 53.605540033107566 ], [ -0.184886420264269, 53.604461985064596 ], [ -0.183073857493305, 53.604434475699435 ], [ -0.183131699656547, 53.603086916678436 ], [ -0.182678573840769, 53.603080035386107 ], [ -0.182690144592774, 53.602810523607438 ], [ -0.182237021846004, 53.602803640667432 ], [ -0.182225448212436, 53.603073152378748 ], [ -0.181772322771593, 53.603066267656317 ], [ -0.18173759210097, 53.603874802504386 ], [ -0.18083132449207, 53.603861027509886 ], [ -0.180808158246862, 53.604400050402532 ], [ -0.179901879861519, 53.604386268277857 ], [ -0.179890290693792, 53.60465577956834 ], [ -0.179437148900896, 53.604648885865842 ], [ -0.179448740950442, 53.604379374642839 ], [ -0.178542463691706, 53.604365582227452 ], [ -0.178554061316991, 53.604096071125518 ], [ -0.178100925851186, 53.604089172412671 ], [ -0.178089325344142, 53.604358683447082 ], [ -0.177183049212854, 53.604344880740989 ], [ -0.177159836107678, 53.604883902497718 ], [ -0.176706692560414, 53.604876998436829 ], [ -0.176695082843893, 53.605146509226685 ], [ -0.177148229273044, 53.605153413355133 ], [ -0.177113407640905, 53.605961945843696 ], [ -0.176660252565814, 53.605955041512466 ], [ -0.176637031439958, 53.606494062966576 ], [ -0.176183870788779, 53.606487156784937 ], [ -0.176172257061535, 53.606756667423433 ], [ -0.175719093716348, 53.606749759458928 ], [ -0.175707476918746, 53.607019270015854 ], [ -0.175254310879559, 53.60701236026847 ], [ -0.175242691011505, 53.607281870743783 ], [ -0.174789522278326, 53.607274959213449 ], [ -0.174777899339725, 53.607544469607156 ], [ -0.174324727912565, 53.60753755629387 ], [ -0.174313101903325, 53.60780706660595 ], [ -0.173859927782189, 53.607800151509664 ], [ -0.173848298702217, 53.608069661740075 ], [ -0.172941945260467, 53.608055826266117 ], [ -0.172930310227257, 53.608325336347136 ], [ -0.172477130906701, 53.608318415969393 ], [ -0.17246549280253, 53.608587925968706 ], [ -0.172012310788075, 53.608581003807871 ], [ -0.172000669612851, 53.608850513725457 ], [ -0.171094300384812, 53.608836664122116 ], [ -0.171082653255902, 53.60910617389014 ], [ -0.170629466042377, 53.609099246447585 ], [ -0.170617815842185, 53.609368756133847 ], [ -0.169258246686589, 53.609347963310299 ], [ -0.169269905534495, 53.609078453827578 ], [ -0.168816719076253, 53.609071519523475 ], [ -0.168793395426375, 53.609610538339183 ], [ -0.168340203391908, 53.609603602183874 ], [ -0.168316873220898, 53.610142620807892 ], [ -0.168770071020715, 53.610149557099 ], [ -0.16874674585924, 53.610688575802911 ], [ -0.168293542293886, 53.610681639375997 ], [ -0.168281876546868, 53.61095114863911 ], [ -0.167375464217568, 53.610937270503008 ], [ -0.167363792515781, 53.611206779616268 ], [ -0.166910583751894, 53.611199837907016 ], [ -0.1668872340151, 53.611738855955714 ], [ -0.167340448544871, 53.611745797800907 ], [ -0.16732877627574, 53.612015306872259 ], [ -0.167781993877648, 53.61202224706981 ], [ -0.167770324302458, 53.612291756195134 ], [ -0.168676765839592, 53.612305631579403 ], [ -0.168653437654525, 53.612844650059806 ], [ -0.165934080714884, 53.612803002504606 ], [ -0.165957443497524, 53.612263984839629 ], [ -0.165051004230472, 53.612250088868386 ], [ -0.165062691103979, 53.61198058015097 ], [ -0.16415625836044, 53.61196667745353 ], [ -0.164167950810571, 53.611697168858221 ], [ -0.162355099129163, 53.611669343149138 ], [ -0.162343395147123, 53.611938851472033 ], [ -0.163249826374697, 53.611952767893897 ], [ -0.16323812796906, 53.612222276339047 ], [ -0.16414456572086, 53.612236186034856 ], [ -0.164132872891826, 53.612505694602199 ], [ -0.163679651038099, 53.612498740544005 ], [ -0.163667955136485, 53.612768249029294 ], [ -0.163214730589144, 53.612761293187397 ], [ -0.163191332451008, 53.613300309979849 ], [ -0.162738102326851, 53.613293352286135 ], [ -0.162726400090185, 53.613562860593277 ], [ -0.162273167272387, 53.613555901115802 ], [ -0.162284872392303, 53.613286392876795 ], [ -0.161831642647412, 53.613279431751835 ], [ -0.161843350460872, 53.613009923566992 ], [ -0.16139012378888, 53.613002960794546 ], [ -0.161378413092223, 53.613272468911227 ], [ -0.160925183726785, 53.613265504355006 ], [ -0.160936897306633, 53.612995996306502 ], [ -0.160483671014179, 53.612989030102845 ], [ -0.160495387287376, 53.612719522108556 ], [ -0.157776050819656, 53.612677689268395 ], [ -0.157764317247699, 53.612947196853142 ], [ -0.1554981943368, 53.612912288632742 ], [ -0.155509942324277, 53.612642781389717 ], [ -0.155056721196057, 53.612635794667263 ], [ -0.155044970325489, 53.612905301841906 ], [ -0.154591746504577, 53.612898313335435 ], [ -0.154579992560476, 53.61316782042767 ], [ -0.155486446158972, 53.613181795861784 ], [ -0.155462949232243, 53.613720810277869 ], [ -0.155009716571377, 53.613713823281799 ], [ -0.154974461103569, 53.614522344595727 ], [ -0.154521219983154, 53.614515355678783 ], [ -0.154556484100923, 53.613706834570102 ], [ -0.154103251820928, 53.613699844142779 ], [ -0.154162035957099, 53.612352309023827 ], [ -0.153708818283235, 53.612345317223117 ], [ -0.153720577421988, 53.612075810225761 ], [ -0.152814148411856, 53.612061821614596 ], [ -0.152825913125949, 53.6117923147402 ], [ -0.151919490644142, 53.611778319403903 ], [ -0.151860636337265, 53.613125852950851 ], [ -0.149594511395877, 53.613090832874647 ], [ -0.149606297054177, 53.612821326536078 ], [ -0.149153075521684, 53.612814317442691 ], [ -0.149164863872062, 53.612544811158742 ], [ -0.148711645413606, 53.612537800418409 ], [ -0.148723436455971, 53.612268294189086 ], [ -0.148270221071546, 53.61226128180185 ], [ -0.148282014805803, 53.61199177562716 ], [ -0.147828802495398, 53.611984761593064 ], [ -0.147840598921455, 53.61171525547303 ], [ -0.147387389685064, 53.611708239792087 ], [ -0.147399188802827, 53.611438733726715 ], [ -0.14694598264044, 53.611431716398997 ], [ -0.146957784449817, 53.611162210388294 ], [ -0.146504581361426, 53.6111551914138 ], [ -0.146516385862322, 53.610885685457816 ], [ -0.145609986024819, 53.610871642499909 ], [ -0.145633605983474, 53.610332630820842 ], [ -0.145180412117023, 53.610325606906251 ], [ -0.145192224691917, 53.610056101114445 ], [ -0.144285843298369, 53.610042048276625 ], [ -0.144297661446938, 53.609772542608347 ], [ -0.143844473919874, 53.609765513685183 ], [ -0.143868115407502, 53.609226502444216 ], [ -0.143414933836851, 53.609219471943327 ], [ -0.143426757175775, 53.608949966370638 ], [ -0.142067222260455, 53.608928864782548 ], [ -0.142079054054793, 53.608659359402402 ], [ -0.141625879015322, 53.608652322177988 ], [ -0.141661381894883, 53.607843806160076 ], [ -0.140755049684478, 53.607829726978807 ], [ -0.140766889358457, 53.607560221749296 ], [ -0.139407401127914, 53.607539090319996 ], [ -0.139419249256273, 53.607269585283298 ], [ -0.137606612497947, 53.607241386307273 ], [ -0.137618471962369, 53.606971881532566 ], [ -0.137165316134997, 53.606964827569627 ], [ -0.137189040251303, 53.606425818116243 ], [ -0.136282740700796, 53.606411705321158 ], [ -0.136294608234387, 53.60614220071156 ], [ -0.135841461629341, 53.606135141810419 ], [ -0.13585333185247, 53.605865637255874 ], [ -0.135400188321515, 53.605858576708719 ], [ -0.135423933954318, 53.60531956769578 ], [ -0.134970796379139, 53.605312505571789 ], [ -0.134994547005837, 53.604773496640938 ], [ -0.134541415386276, 53.604766432940174 ], [ -0.134553293292608, 53.604496928522835 ], [ -0.133647036393882, 53.604482796114546 ], [ -0.133682686247074, 53.603674283193321 ], [ -0.133229566730779, 53.603667214624245 ], [ -0.133241452511523, 53.603397710358301 ], [ -0.132788336069118, 53.603390640143445 ], [ -0.132812112815537, 53.602851631707836 ], [ -0.132359002328259, 53.602844559916505 ], [ -0.132382784066717, 53.602305551563155 ], [ -0.13192967953441, 53.602298478195401 ], [ -0.131953466264559, 53.601759469924346 ], [ -0.131500367687066, 53.601752394980217 ], [ -0.131524159408559, 53.6012133867915 ], [ -0.131071066785725, 53.601206310271074 ], [ -0.131082965238337, 53.600936806224929 ], [ -0.130629875689146, 53.600929728058993 ], [ -0.13064177682988, 53.600660224068065 ], [ -0.127923260869857, 53.600617719478194 ], [ -0.127935179102589, 53.600348215889262 ], [ -0.127482096665464, 53.600341125858712 ], [ -0.127494017585877, 53.600071622325117 ], [ -0.127040938222583, 53.600064530649234 ], [ -0.127052861830584, 53.599795027171005 ], [ -0.126146709444825, 53.599780838813984 ], [ -0.12615863862095, 53.599511335460583 ], [ -0.125705565598519, 53.599504238779488 ], [ -0.125729429132201, 53.598965232169434 ], [ -0.125276362064146, 53.598958133912603 ], [ -0.125288296421568, 53.598688630656 ], [ -0.124835232427301, 53.598681530754035 ], [ -0.124847169471845, 53.598412027552847 ], [ -0.124394108551358, 53.598404926005756 ], [ -0.124406048282931, 53.598135422860025 ], [ -0.123952990436216, 53.598128319667865 ], [ -0.123964932854725, 53.597858816577599 ], [ -0.123511878081774, 53.59785171174039 ], [ -0.123523823187126, 53.597582208705596 ], [ -0.123070771487929, 53.597575102223367 ], [ -0.123082719280031, 53.597305599244066 ], [ -0.12262967065458, 53.597298491116874 ], [ -0.122641621133338, 53.597028988193109 ], [ -0.122188575581626, 53.597021878420954 ], [ -0.122200528746948, 53.596752375552704 ], [ -0.121747486268965, 53.596745264135649 ], [ -0.121759442120757, 53.596475761322942 ], [ -0.121306402716495, 53.596468648261016 ], [ -0.121318361254664, 53.59619914550386 ], [ -0.120865324924115, 53.596192030797084 ], [ -0.120877286148568, 53.595922528095493 ], [ -0.120424252891724, 53.595915411743931 ], [ -0.120436216802367, 53.595645909097932 ], [ -0.11953015662989, 53.595631671390819 ], [ -0.119542126106498, 53.595362168870103 ], [ -0.1190890991909, 53.59535504751463 ], [ -0.119101071353462, 53.595085545049542 ], [ -0.118648047511584, 53.595078422049362 ], [ -0.118671997014484, 53.594539417216438 ], [ -0.118218979126033, 53.594532292641354 ], [ -0.118230956466234, 53.594262790273497 ], [ -0.117324927030672, 53.594248536119792 ], [ -0.117348892647492, 53.593709531620924 ], [ -0.116895883979976, 53.593702402112129 ], [ -0.116907869376794, 53.593432899911356 ], [ -0.116454863782908, 53.593425768758067 ], [ -0.116466851865079, 53.593156266613015 ], [ -0.115560847018746, 53.593141999303278 ], [ -0.115572840665586, 53.5928724972838 ], [ -0.115119841413174, 53.592865361127387 ], [ -0.1151438338828, 53.592326357185875 ], [ -0.114690840583341, 53.592319219454929 ], [ -0.114702839405992, 53.592049717532902 ], [ -0.114249849180119, 53.592042578157667 ], [ -0.114261850687657, 53.591773076291453 ], [ -0.113808863535361, 53.591765935271901 ], [ -0.113820867727693, 53.591496433461508 ], [ -0.112914899764695, 53.591482146419729 ], [ -0.112926909520833, 53.591212644735073 ], [ -0.112473928710164, 53.591205498712917 ], [ -0.112497953397015, 53.590666495441226 ], [ -0.112044978538944, 53.590659347844863 ], [ -0.112056993469521, 53.590389846257864 ], [ -0.111604021684986, 53.590382697017354 ], [ -0.111616039299892, 53.590113195486246 ], [ -0.111163070588882, 53.590106044601647 ], [ -0.111175090888024, 53.589836543126424 ], [ -0.110722125250532, 53.589829390597785 ], [ -0.110734148233816, 53.589559889178489 ], [ -0.110281185669835, 53.589552735005832 ], [ -0.110293211337168, 53.589283233642441 ], [ -0.109387292551, 53.589268920295176 ], [ -0.109399323780988, 53.588999419057799 ], [ -0.108946367558836, 53.588992259883241 ], [ -0.108958401472638, 53.588722758701834 ], [ -0.108505448324011, 53.588715597883365 ], [ -0.108517484921532, 53.588446096757949 ], [ -0.107611584966282, 53.588431770119357 ], [ -0.107623627125972, 53.588162269120062 ], [ -0.106717733707848, 53.588147935765974 ], [ -0.106729781429507, 53.587878434892865 ], [ -0.106276837891559, 53.587871265715115 ], [ -0.106288888296556, 53.587601764898082 ], [ -0.105835947832185, 53.587594594076599 ], [ -0.105848000920428, 53.587325093315656 ], [ -0.105395063529625, 53.587317920850481 ], [ -0.10540711930102, 53.587048420145628 ], [ -0.104954184983777, 53.587041246036819 ], [ -0.104966243438232, 53.586771745388056 ], [ -0.104060381146163, 53.586757392169325 ], [ -0.104072445161814, 53.586487891646961 ], [ -0.10361951718702, 53.586480712537117 ], [ -0.103631583885494, 53.586211212070921 ], [ -0.103178658984277, 53.58620403131755 ], [ -0.10319072836548, 53.585934530907515 ], [ -0.102737806537831, 53.585927348510637 ], [ -0.102749878601671, 53.585657848156792 ], [ -0.102296959847582, 53.585650664116443 ], [ -0.102309034593964, 53.585381163818809 ], [ -0.101403203428461, 53.585366790737531 ], [ -0.101415283735265, 53.585097290566459 ], [ -0.099150723635428, 53.585061328224931 ], [ -0.099162818136176, 53.584791828391673 ], [ -0.098709909581461, 53.584784630852667 ], [ -0.098722006764219, 53.58451513107574 ], [ -0.097816195998194, 53.584500730997618 ], [ -0.097828298740667, 53.584231231347495 ], [ -0.09737539652939, 53.584224028808421 ], [ -0.097387501953637, 53.583954529214679 ], [ -0.096934602816122, 53.58394732503244 ], [ -0.096946710922049, 53.583677825495101 ], [ -0.096493814858287, 53.583670619669746 ], [ -0.096505925645801, 53.583401120188817 ], [ -0.096053032655785, 53.583393912720382 ], [ -0.096065146124793, 53.583124413295856 ], [ -0.095612256208513, 53.58311720418439 ], [ -0.095624372358923, 53.582847704816281 ], [ -0.09517148551637, 53.582840494061799 ], [ -0.095183604348089, 53.582570994750157 ], [ -0.094730720579255, 53.5825637823527 ], [ -0.094742842092189, 53.582294283097525 ], [ -0.094289961397066, 53.582287069057102 ], [ -0.094314209588868, 53.581748070645588 ], [ -0.09340846029706, 53.581733637706705 ], [ -0.093432719212708, 53.581194639521193 ], [ -0.092979850615904, 53.581187420622818 ], [ -0.092967718379039, 53.581456919651963 ], [ -0.092061976020327, 53.581442476573514 ], [ -0.092049837832463, 53.58171197544722 ], [ -0.091144090505351, 53.581697525373507 ], [ -0.091156234447756, 53.581428026641198 ], [ -0.089797623563725, 53.581406338891789 ], [ -0.089785470989542, 53.581675837411858 ], [ -0.089332598211088, 53.581668604664365 ], [ -0.089344753662521, 53.581399106215066 ], [ -0.087080407109645, 53.581362917129738 ], [ -0.087092576750222, 53.581093419020469 ], [ -0.084828249509362, 53.581057187453567 ], [ -0.084840433338515, 53.580787689684691 ], [ -0.083481847992244, 53.580765930396439 ], [ -0.083494040255306, 53.580496432826372 ], [ -0.082588323432196, 53.580481918209244 ], [ -0.082600521251858, 53.580212420767069 ], [ -0.082147666013525, 53.580205160959487 ], [ -0.082159866512641, 53.579935663574197 ], [ -0.081707014348793, 53.579928402124317 ], [ -0.081719217527273, 53.579658904795963 ], [ -0.080813519546159, 53.579644376898337 ], [ -0.080825728280751, 53.579374879697994 ], [ -0.080372882463518, 53.579367613250305 ], [ -0.080385093877235, 53.579098116106913 ], [ -0.079932251134505, 53.579090848017046 ], [ -0.079956679122255, 53.578551853830099 ], [ -0.079503842330709, 53.578544584169208 ], [ -0.079516058904606, 53.578275087125654 ], [ -0.079063225187495, 53.578267815822691 ], [ -0.079087663495064, 53.577728821835422 ], [ -0.078634835728923, 53.577721548961563 ], [ -0.078622613797511, 53.577991045891082 ], [ -0.078169783352705, 53.577983771232844 ], [ -0.078182008160656, 53.577714274374515 ], [ -0.077729180790309, 53.577706998074255 ], [ -0.077741408276828, 53.577437501272939 ], [ -0.077288583980932, 53.57743022333073 ], [ -0.077300814145926, 53.577160726586492 ], [ -0.077753635565384, 53.577168004457505 ], [ -0.077765862655981, 53.576898507627909 ], [ -0.078218681397003, 53.576905783714551 ], [ -0.0782064571828, 53.577175280615357 ], [ -0.078659278998129, 53.577182555060041 ], [ -0.078683721475874, 53.576643561101946 ], [ -0.079136537736307, 53.576650833691154 ], [ -0.079124319472722, 53.57692033074845 ], [ -0.080029958339701, 53.576934870929733 ], [ -0.080005532724819, 53.577473865286429 ], [ -0.080458358207793, 53.577481132949593 ], [ -0.080446147980268, 53.577750630177846 ], [ -0.081351805292256, 53.577765160506772 ], [ -0.081364009766749, 53.577495663136339 ], [ -0.082269662116068, 53.577510186470334 ], [ -0.082294058966465, 53.576971191402798 ], [ -0.083199700599921, 53.576985707599931 ], [ -0.083211892976095, 53.576716209902933 ], [ -0.083664711212541, 53.57672346536075 ], [ -0.083652521712767, 53.576992963128767 ], [ -0.084105343022962, 53.577000216944427 ], [ -0.084129716072403, 53.576461221252295 ], [ -0.084582531827131, 53.576468473212863 ], [ -0.084570348277422, 53.576737971136971 ], [ -0.085023167105765, 53.576745221455347 ], [ -0.085010986235218, 53.577014719436249 ], [ -0.085463808137183, 53.577021968112426 ], [ -0.085451629945889, 53.577291466150122 ], [ -0.087262931030827, 53.577320444006617 ], [ -0.087275097716223, 53.577050945685343 ], [ -0.087727920603543, 53.57705818579565 ], [ -0.087740084215521, 53.57678868738941 ], [ -0.08819290442333, 53.576795925715714 ], [ -0.088180743687796, 53.577065424192767 ], [ -0.088633566968933, 53.577072660876695 ], [ -0.08864572482802, 53.576803162328822 ], [ -0.089098545429543, 53.576810397228776 ], [ -0.089110700215391, 53.576540898595972 ], [ -0.092733249096637, 53.576598715555761 ], [ -0.092721117322187, 53.576868214754327 ], [ -0.093173939693128, 53.576875434235731 ], [ -0.093186068591134, 53.576605934966508 ], [ -0.094091708169173, 53.576620368648527 ], [ -0.094079585024068, 53.57688986805897 ], [ -0.093626762260437, 53.576882652003945 ], [ -0.093614636042555, 53.57715215132967 ], [ -0.094973113551743, 53.577173794567003 ], [ -0.095057932550642, 53.575287297508005 ], [ -0.095510738644869, 53.575294508000127 ], [ -0.095534965126745, 53.574755508572252 ], [ -0.094629364639093, 53.574741086157168 ], [ -0.094641483338058, 53.574471586563185 ], [ -0.094188686264587, 53.574464372856653 ], [ -0.094176564689537, 53.574733872380058 ], [ -0.093270965379199, 53.57471943968666 ], [ -0.093283092706406, 53.57444994030449 ], [ -0.092830296221788, 53.574442721458851 ], [ -0.092781774230367, 53.575520718620275 ], [ -0.094140198786919, 53.575542370865541 ], [ -0.094128076426875, 53.575811870332473 ], [ -0.093675265168775, 53.57580465455986 ], [ -0.093663139736159, 53.576074153942074 ], [ -0.093210325798055, 53.576066936385729 ], [ -0.09322245410698, 53.575797437074158 ], [ -0.092769643241536, 53.57579021787533 ], [ -0.092757512056308, 53.576059717116266 ], [ -0.092304698510963, 53.57605249613367 ], [ -0.092292564252985, 53.57632199528981 ], [ -0.091839748027748, 53.576314772523418 ], [ -0.091876158841227, 53.575506275224619 ], [ -0.090064930421167, 53.575477367876204 ], [ -0.090077078470783, 53.575207869031225 ], [ -0.08781306175207, 53.575171696655225 ], [ -0.08780089932159, 53.575441195146261 ], [ -0.086442483024342, 53.575419470951317 ], [ -0.086454654083289, 53.575149972672889 ], [ -0.08690745644257, 53.575157215713375 ], [ -0.086931792217184, 53.57461821897234 ], [ -0.087837386022331, 53.574632699630797 ], [ -0.087825223985649, 53.57490219815007 ], [ -0.088278024059657, 53.574909435980572 ], [ -0.088314500950953, 53.57410094016786 ], [ -0.08786170950502, 53.574093702549824 ], [ -0.08784954786212, 53.57436320109737 ], [ -0.086038372543826, 53.574334233211829 ], [ -0.08602619919998, 53.574603731461792 ], [ -0.085573402986973, 53.574596485136993 ], [ -0.085585579206822, 53.574326986957921 ], [ -0.084227200378723, 53.574305237918232 ], [ -0.084215015530889, 53.574574735884461 ], [ -0.083309424879746, 53.574560227817713 ], [ -0.083333805881998, 53.574021232155026 ], [ -0.082428227524094, 53.57400671752027 ], [ -0.08244042348096, 53.573737219809736 ], [ -0.082893209685333, 53.57374447791257 ], [ -0.082917595255134, 53.573205482307046 ], [ -0.083370375905269, 53.573212738554915 ], [ -0.083504450796602, 53.570248260932466 ], [ -0.083051701777111, 53.570241005465554 ], [ -0.083100461864745, 53.569163013462621 ], [ -0.083553199383579, 53.569170268645557 ], [ -0.08360194481421, 53.568092276132433 ], [ -0.083149218795291, 53.568085021233436 ], [ -0.083173596076742, 53.567546025033977 ], [ -0.082720876004794, 53.567538768564368 ], [ -0.082684301162094, 53.568347262629324 ], [ -0.082231572662923, 53.568340004234081 ], [ -0.082207182697766, 53.568879000064648 ], [ -0.082659916946877, 53.568886258601914 ], [ -0.08264772454323, 53.569155756566992 ], [ -0.08219498741908, 53.569148497958686 ], [ -0.082146204330181, 53.570226489393519 ], [ -0.082598952954955, 53.570233748285908 ], [ -0.082586759564443, 53.570503246180273 ], [ -0.082134008064397, 53.570495987216873 ], [ -0.082085221026892, 53.571573978368832 ], [ -0.081179695616089, 53.571559454735308 ], [ -0.081167492612104, 53.571828952345861 ], [ -0.081620258094253, 53.571836215090073 ], [ -0.081608057768263, 53.572105712757534 ], [ -0.082060826323459, 53.572112973859959 ], [ -0.082048628675557, 53.572382471584319 ], [ -0.080690314975763, 53.572360682925229 ], [ -0.080665901833617, 53.572899677905092 ], [ -0.081571455605247, 53.572914205674991 ], [ -0.081522649955959, 53.573992196033629 ], [ -0.081975438641282, 53.573999457633434 ], [ -0.08195104038333, 53.574538452870016 ], [ -0.081498245946124, 53.574531191128081 ], [ -0.081486043644893, 53.574800688654094 ], [ -0.081033246529223, 53.574793425128107 ], [ -0.081021041154391, 53.575062922568911 ], [ -0.080568241360265, 53.575055657258801 ], [ -0.08055603291174, 53.575325154614355 ], [ -0.080103230439169, 53.5753178875201 ], [ -0.080078807196842, 53.575856882046573 ], [ -0.079625999169653, 53.575849613097006 ], [ -0.079613784375709, 53.576119110267904 ], [ -0.079160973670049, 53.576111839534121 ], [ -0.079148755802081, 53.576381336619697 ], [ -0.07688469086046, 53.576344956898403 ], [ -0.076872458413174, 53.576614453613864 ], [ -0.076419643142491, 53.576607172459042 ], [ -0.076407407620828, 53.576876669089096 ], [ -0.075954589671901, 53.576869386149887 ], [ -0.075966828069896, 53.576599889591101 ], [ -0.074155569761341, 53.576570740988153 ], [ -0.074131069756459, 53.577109733521127 ], [ -0.073678249922343, 53.577102441944902 ], [ -0.073653743371288, 53.577641434278547 ], [ -0.07229526780088, 53.577619548842726 ], [ -0.072270743197222, 53.578158540691412 ], [ -0.072723573941907, 53.578165837692652 ], [ -0.072699054297313, 53.578704829627505 ], [ -0.07224621779943, 53.578697532483453 ], [ -0.072221691607469, 53.579236524218842 ], [ -0.071768849554752, 53.57922922521869 ], [ -0.071744316815027, 53.57976821675458 ], [ -0.071291469207356, 53.579760915898291 ], [ -0.071266929919468, 53.580299907234632 ], [ -0.070814076756719, 53.580292604522128 ], [ -0.07078953092027, 53.5808315956589 ], [ -0.070336672202321, 53.580824291090082 ], [ -0.070312119816915, 53.581363282027247 ], [ -0.069859255543644, 53.581355975602072 ], [ -0.069846976175674, 53.581625470977912 ], [ -0.070299843326057, 53.581632777474582 ], [ -0.070275289748009, 53.582171768326745 ], [ -0.069369544137347, 53.582157153333966 ], [ -0.06935726129565, 53.582426648595771 ], [ -0.068904385911369, 53.582419338457647 ], [ -0.068879813876699, 53.58295832879574 ], [ -0.069332695015605, 53.582965639076903 ], [ -0.06932041157725, 53.583235134296217 ], [ -0.068414643743614, 53.583220511877293 ], [ -0.068402354351511, 53.583490006939314 ], [ -0.066590809562809, 53.583460741252971 ], [ -0.066627711670569, 53.582652256883449 ], [ -0.065721957735228, 53.582637614189025 ], [ -0.065709651477197, 53.582907108849746 ], [ -0.064351013436847, 53.582885131742053 ], [ -0.064375643017294, 53.582346142836542 ], [ -0.063922769823782, 53.582338813850484 ], [ -0.063947404360999, 53.581799825031723 ], [ -0.064400271800166, 53.581807153874344 ], [ -0.064387957508424, 53.582076648362552 ], [ -0.065746569653521, 53.582098624825065 ], [ -0.065734263794001, 53.582368119514143 ], [ -0.066187137784807, 53.582375441646434 ], [ -0.066199440767114, 53.582105946885719 ], [ -0.067105183591863, 53.582120585866676 ], [ -0.067117480620622, 53.581851090948547 ], [ -0.067570349454505, 53.581858407797277 ], [ -0.067582643407025, 53.581588912793357 ], [ -0.068035509562831, 53.581596227857098 ], [ -0.068047800439207, 53.581326732767415 ], [ -0.068500663916927, 53.58133404604618 ], [ -0.06852523931862, 53.580795055681193 ], [ -0.06807238159495, 53.58078774254556 ], [ -0.068084671874327, 53.58051824741338 ], [ -0.067631817226604, 53.580510932635974 ], [ -0.067619524070276, 53.580780427696581 ], [ -0.067166666744644, 53.580773111134249 ], [ -0.06720355424722, 53.57996462612472 ], [ -0.066750705751362, 53.579957308063847 ], [ -0.066775302177921, 53.579418318129889 ], [ -0.066322459634736, 53.579410998498979 ], [ -0.066347061018208, 53.578872008651544 ], [ -0.065894224427539, 53.578864687450661 ], [ -0.065881920958726, 53.579134182309822 ], [ -0.065429081690604, 53.579126859324049 ], [ -0.065416775145893, 53.579396354097383 ], [ -0.06451109145406, 53.579381702842724 ], [ -0.064486466259836, 53.579920692060085 ], [ -0.064033618959408, 53.579913363719442 ], [ -0.064132137965062, 53.57775740708334 ], [ -0.063679313876912, 53.577750077603213 ], [ -0.063691630731828, 53.577480583031608 ], [ -0.063238809719486, 53.577473251910064 ], [ -0.063251129251342, 53.57720375739602 ], [ -0.061892676040255, 53.577181753967864 ], [ -0.061880347879375, 53.57745124826657 ], [ -0.060521887835611, 53.577429229204888 ], [ -0.060534224625474, 53.577159735121633 ], [ -0.059175775008257, 53.577137700857406 ], [ -0.059163429589449, 53.577407194725069 ], [ -0.058710610573747, 53.577399846472211 ], [ -0.058698262078713, 53.57766934025377 ], [ -0.058245440386581, 53.577661990215873 ], [ -0.058233088815229, 53.577931483911335 ], [ -0.057780264446678, 53.577924132088356 ], [ -0.057743199903307, 53.578732612873758 ], [ -0.058196032901309, 53.578739964912536 ], [ -0.058183680530033, 53.579009458551234 ], [ -0.057730844655454, 53.579002106440498 ], [ -0.057718489207563, 53.579271599993056 ], [ -0.057265650656405, 53.579264246097132 ], [ -0.057253292131807, 53.579533739563537 ], [ -0.056800450904077, 53.579526383882417 ], [ -0.056812812305336, 53.579256890487997 ], [ -0.055907136203653, 53.579242174130002 ], [ -0.055931869912106, 53.578703187586562 ], [ -0.055026206117641, 53.578688464663792 ], [ -0.055050950531145, 53.578149478351726 ], [ -0.05459812468731, 53.578142114464669 ], [ -0.054610499470011, 53.577872621359397 ], [ -0.054157676702929, 53.577865255831277 ], [ -0.054170054161637, 53.577595762783865 ], [ -0.053264414981399, 53.577581026732389 ], [ -0.053289180802771, 53.577042040883384 ], [ -0.052383553929542, 53.57702729826795 ], [ -0.052395942291919, 53.5767578054664 ], [ -0.051943132032323, 53.576750431661225 ], [ -0.051955523070286, 53.576480938917634 ], [ -0.052408330453734, 53.576488312650675 ], [ -0.052420718414991, 53.57621881982071 ], [ -0.052873523122889, 53.576226191768562 ], [ -0.052885908007536, 53.575956698852288 ], [ -0.053338710039877, 53.575964069014979 ], [ -0.053351091848004, 53.575694576012381 ], [ -0.052445493735853, 53.575679834118226 ], [ -0.052433106175697, 53.57594932697657 ], [ -0.051980304544405, 53.57594195338784 ], [ -0.05199269498057, 53.575672460601666 ], [ -0.051539896425878, 53.57566508537208 ], [ -0.051552289537411, 53.575395592643837 ], [ -0.050646698781884, 53.575380837190117 ], [ -0.050634299918451, 53.575650329773964 ], [ -0.050181501965809, 53.57564294940542 ], [ -0.050193903705187, 53.575373456893772 ], [ -0.049741108829261, 53.575366074884485 ], [ -0.049753513243761, 53.575096582430874 ], [ -0.049300721444544, 53.575089198780844 ], [ -0.049313128534073, 53.574819706385256 ], [ -0.049765917457448, 53.574827089963044 ], [ -0.049790725282396, 53.574288104984788 ], [ -0.048885159139584, 53.574273336405334 ], [ -0.048872749576018, 53.574542828757068 ], [ -0.047967178485305, 53.57452805318141 ], [ -0.047979593800349, 53.574258560974265 ], [ -0.047526811432188, 53.574251170689401 ], [ -0.047539229421931, 53.573981678540349 ], [ -0.047086450130485, 53.573974286614906 ], [ -0.047098870794833, 53.573704794523984 ], [ -0.046646094580095, 53.57369740095799 ], [ -0.046658517918956, 53.573427908925204 ], [ -0.046205744780914, 53.57342051371873 ], [ -0.046218170794196, 53.573151021744081 ], [ -0.045765400732841, 53.573143624897149 ], [ -0.045790257906863, 53.572604641049963 ], [ -0.04533749379762, 53.572597242634991 ], [ -0.045349924958225, 53.572327750762476 ], [ -0.044897163925602, 53.572320350707123 ], [ -0.044909597760305, 53.57205085889278 ], [ -0.044456839804294, 53.572043457197083 ], [ -0.044469276313004, 53.571773965440954 ], [ -0.044016521433595, 53.571766562104955 ], [ -0.044028960616218, 53.571497070407048 ], [ -0.043576208813403, 53.571489665430761 ], [ -0.043588650669846, 53.571220173791097 ], [ -0.043135901943617, 53.571212767174572 ], [ -0.043148346473788, 53.570943275593145 ], [ -0.042695600824134, 53.570935867336402 ], [ -0.042708048027941, 53.570666375813246 ], [ -0.042255305454854, 53.570658965916351 ], [ -0.042267755332202, 53.570389474451467 ], [ -0.041362276540722, 53.570374649664764 ], [ -0.041374731966494, 53.570105158330705 ], [ -0.040921995748133, 53.57009774344094 ], [ -0.04093445384721, 53.569828252165202 ], [ -0.040481720705433, 53.569820835635397 ], [ -0.040494181477721, 53.569551344417995 ], [ -0.039588721549065, 53.569536506365758 ], [ -0.03960118786929, 53.569267015279337 ], [ -0.039148461082444, 53.569259593756946 ], [ -0.039160930075645, 53.568990102728904 ], [ -0.038708206365397, 53.568982679566595 ], [ -0.03872067803148, 53.568713188596931 ], [ -0.038267957397823, 53.568705763794732 ], [ -0.038280431736696, 53.56843627288351 ], [ -0.03782771417962, 53.568428846441428 ], [ -0.03784019119119, 53.568159355588634 ], [ -0.037387476710686, 53.568151927506747 ], [ -0.03739995639486, 53.567882436712374 ], [ -0.036947244990921, 53.567875006990704 ], [ -0.036959727347606, 53.567605516254787 ], [ -0.034243480415566, 53.567560902399407 ], [ -0.034268479015935, 53.567021921757906 ], [ -0.033815777650606, 53.567014480267403 ], [ -0.033828279521661, 53.566744989998107 ], [ -0.034280978012648, 53.566752431415786 ], [ -0.034293476807054, 53.566482941059434 ], [ -0.033840781190361, 53.566475499714564 ], [ -0.033865783920715, 53.565936519104746 ], [ -0.033413094254817, 53.565929076193136 ], [ -0.033425598190632, 53.565659585939699 ], [ -0.032972911601268, 53.565652141388568 ], [ -0.0329854182088, 53.565382651193715 ], [ -0.032532734695962, 53.565375205003122 ], [ -0.032507715530229, 53.56591418523287 ], [ -0.032960404791306, 53.565921631569182 ], [ -0.03294789777891, 53.56619112173555 ], [ -0.033400590116615, 53.566198566432327 ], [ -0.03338808577602, 53.566468056657293 ], [ -0.032482695554573, 53.566453165405662 ], [ -0.032495205643644, 53.566183675326393 ], [ -0.032042513710864, 53.566176227204906 ], [ -0.032055026471634, 53.565906737184257 ], [ -0.031602337615565, 53.565899287423292 ], [ -0.031614853047942, 53.565629797461312 ], [ -0.031162167268578, 53.565622346060913 ], [ -0.031187203273748, 53.565083366239989 ], [ -0.030734523445111, 53.56507591327312 ], [ -0.03074704401777, 53.564806423414218 ], [ -0.030294367265766, 53.56479896880802 ], [ -0.030306890509711, 53.564529479007795 ], [ -0.029854216834334, 53.564522022762283 ], [ -0.029879268461878, 53.563983043264997 ], [ -0.029426600736951, 53.563975585453178 ], [ -0.029439129120415, 53.563706095756118 ], [ -0.028986464472046, 53.563698636305084 ], [ -0.029024057026902, 53.562890167347341 ], [ -0.028571401202406, 53.562882706403116 ], [ -0.028583934522004, 53.562613216795029 ], [ -0.02767862922878, 53.562598289916174 ], [ -0.027703706753508, 53.562059310949351 ], [ -0.027251060158301, 53.562051845087829 ], [ -0.027276142618144, 53.561512866210037 ], [ -0.026370861530342, 53.561497929643046 ], [ -0.026421047000623, 53.56041997230097 ], [ -0.025968418254347, 53.560412501741773 ], [ -0.025993515517465, 53.559873523131358 ], [ -0.025540892720519, 53.559866051006367 ], [ -0.025553443920507, 53.559596561752883 ], [ -0.025100824199733, 53.559589087989096 ], [ -0.025125931736301, 53.55905010958557 ], [ -0.024673317964642, 53.559042634256116 ], [ -0.024685874301087, 53.558773145106116 ], [ -0.023780653113223, 53.558758189457855 ], [ -0.023805776667821, 53.558219211407682 ], [ -0.023353172124448, 53.558211731162103 ], [ -0.023378300611358, 53.557672753201253 ], [ -0.022925702016762, 53.557665271390235 ], [ -0.022938268827883, 53.557395782461619 ], [ -0.022485673309306, 53.557388299012025 ], [ -0.022498242789665, 53.557118810142342 ], [ -0.022045650347097, 53.557111325054194 ], [ -0.022083366185264, 53.556302858579244 ], [ -0.021630782563651, 53.556295371999063 ], [ -0.021655931183325, 53.555756394424243 ], [ -0.02120335350996, 53.555748906278893 ], [ -0.021215930386888, 53.555479417543317 ], [ -0.020763355789353, 53.555471927759555 ], [ -0.020775935335022, 53.555202439083011 ], [ -0.020323363813308, 53.555194947660866 ], [ -0.020335946027624, 53.554925459043339 ], [ -0.019430809339472, 53.554910471210782 ], [ -0.019443397094497, 53.554640982725608 ], [ -0.018990831928092, 53.554633486315218 ], [ -0.01901601257123, 53.554094509448731 ], [ -0.018563453352714, 53.55408701147347 ], [ -0.018576046240693, 53.553817523092157 ], [ -0.018123490097952, 53.553810023478725 ], [ -0.018136085654115, 53.5535405351565 ], [ -0.017683532587144, 53.553533033904884 ], [ -0.017696130811397, 53.553263545641776 ], [ -0.017243580820185, 53.553256042752039 ], [ -0.017256181712437, 53.552986554548056 ], [ -0.016803634796974, 53.55297905002022 ], [ -0.016816238357132, 53.552709561875382 ], [ -0.016363694517411, 53.552702055709496 ], [ -0.016376300745381, 53.552432567623796 ], [ -0.015923759981393, 53.552425059819882 ], [ -0.015936368877082, 53.55215557179335 ], [ -0.015483831188819, 53.552148062351442 ], [ -0.015471219421433, 53.552417550304511 ], [ -0.015018679065547, 53.552410039077706 ], [ -0.014993449175028, 53.552949014794038 ], [ -0.014540903279748, 53.552941501708801 ], [ -0.01445257212887, 53.554827915751737 ], [ -0.015357704331111, 53.554842941239613 ], [ -0.015332476510346, 53.555381916845896 ], [ -0.014879904562788, 53.555374404810792 ], [ -0.014867287473976, 53.555643892519029 ], [ -0.013962138446929, 53.555628863166866 ], [ -0.013987383909259, 53.555089888030167 ], [ -0.013534815446537, 53.555082370933697 ], [ -0.013547440743456, 53.554812883417476 ], [ -0.013094875357175, 53.554805364682942 ], [ -0.013120131082257, 53.554266389754709 ], [ -0.013572690724402, 53.554273908342118 ], [ -0.013623188234843, 53.55319595802009 ], [ -0.014075736593543, 53.553203474601823 ], [ -0.014113598966182, 53.55239501148975 ], [ -0.013661059222797, 53.552387495128606 ], [ -0.013673682476923, 53.552118007469559 ], [ -0.01322114580947, 53.552110489470515 ], [ -0.01320851968367, 53.552379977056027 ], [ -0.012755980348849, 53.552372457272 ], [ -0.012743351147027, 53.552641944769675 ], [ -0.012290809144846, 53.552634423200644 ], [ -0.01230344121838, 53.552364935776538 ], [ -0.01185090229231, 53.552357412569656 ], [ -0.011863537033106, 53.552087925204859 ], [ -0.011411001183137, 53.552080400360147 ], [ -0.011436275794587, 53.551541425734932 ], [ -0.010531216194476, 53.551526371205803 ], [ -0.010543858936503, 53.551256884019033 ], [ -0.009638805897678, 53.551241822791695 ], [ -0.009626157412649, 53.551511309831135 ], [ -0.010078686701254, 53.551518841374161 ], [ -0.010066040883106, 53.551788328472973 ], [ -0.010518573247878, 53.55179585837827 ], [ -0.010505930096706, 53.552065345536462 ], [ -0.010053394860336, 53.552057815557511 ], [ -0.010040748632941, 53.552327302627738 ], [ -0.010493286740954, 53.552334832680366 ], [ -0.010480643180618, 53.55260431980998 ], [ -0.009575561425849, 53.552589257845987 ], [ -0.009537612286614, 53.553397718707053 ], [ -0.008632514119944, 53.553382649455045 ], [ -0.008607202182775, 53.553921622996157 ], [ -0.009059756907508, 53.553929158625337 ], [ -0.009009142063674, 53.555007105830903 ], [ -0.00946170848127, 53.555014640043389 ], [ -0.009373144726819, 53.556901047618865 ], [ -0.008467971884456, 53.556885976450332 ], [ -0.00850594624189, 53.556077516588871 ], [ -0.008053368745054, 53.556069978658279 ], [ -0.008091349875687, 53.555261518889424 ], [ -0.007638781200402, 53.555253979468439 ], [ -0.007651444039675, 53.554984492923992 ], [ -0.006746313048132, 53.554969409094767 ], [ -0.006784317568716, 53.554160949818311 ], [ -0.006331760996496, 53.554153405557727 ], [ -0.006344431631978, 53.553883919177444 ], [ -0.005891878136717, 53.553876373279181 ], [ -0.005917224536317, 53.553337400623363 ], [ -0.005464676989838, 53.553329853161223 ], [ -0.005502703666468, 53.55252139429178 ], [ -0.005050164940301, 53.552513845339718 ], [ -0.005088198385827, 53.551705386563107 ], [ -0.004635668479573, 53.551697836121186 ], [ -0.004648348755976, 53.551428349907582 ], [ -0.004195821926393, 53.551420797828165 ], [ -0.004208504869068, 53.551151311674147 ], [ -0.003755981116146, 53.55114375795727 ], [ -0.003781352128599, 53.550604785754089 ], [ -0.003328834323673, 53.550597230473699 ], [ -0.003341522393315, 53.550327744424564 ], [ -0.002889007664983, 53.550320187506784 ], [ -0.002901698400578, 53.550050701517264 ], [ -0.00380672232004, 53.550065813493674 ], [ -0.003819407107894, 53.549796327342015 ], [ -0.018752325278432, 53.550044684255333 ], [ -0.018764915110307, 53.549775195659961 ], [ -0.034150480332931, 53.550029126874428 ], [ -0.034162972335656, 53.549759635780816 ], [ -0.049548673587937, 53.550011586208825 ], [ -0.049561067759583, 53.549742092636336 ], [ -0.067662074570509, 53.550035969164036 ], [ -0.067674353679416, 53.549766472702558 ], [ -0.085323029424603, 53.550050363062311 ], [ -0.085335196339331, 53.549780863809531 ], [ -0.103436598394633, 53.55006932642906 ], [ -0.103448650240402, 53.549799824340298 ], [ -0.121097705680948, 53.550078436039499 ], [ -0.121109645326689, 53.549808931211068 ], [ -0.139211430999641, 53.550091979719113 ], [ -0.139223255570455, 53.549822472107643 ], [ -0.157325232500313, 53.550102779253073 ], [ -0.157336941993252, 53.549833268885379 ], [ -0.16276755985805, 53.549916826170339 ], [ -0.162755884832362, 53.550186337355463 ], [ -0.163208440422477, 53.550193289404618 ], [ -0.163220112575868, 53.549923778151495 ], [ -0.174986549397927, 53.550103928853453 ], [ -0.17499814668247, 53.549834415823923 ], [ -0.193100489714625, 53.550109308565673 ], [ -0.193111971915708, 53.549839792832906 ], [ -0.210761930601069, 53.550105173666829 ], [ -0.210773300588524, 53.549835655323896 ], [ -0.221182315874956, 53.549990939926971 ], [ -0.221171011958052, 53.550260459789115 ], [ -0.221623582911886, 53.550267190817486 ], [ -0.221612281684784, 53.550536710731578 ], [ -0.222064855694228, 53.550543440113927 ], [ -0.222087452220138, 53.550004400140182 ], [ -0.22887599809393, 53.550105133478162 ], [ -0.228887252992593, 53.549835612484976 ], [ -0.246537551619907, 53.55009571400938 ], [ -0.246548694299959, 53.549826190457679 ], [ -0.247453839490177, 53.549839458680012 ], [ -0.247442702555747, 53.550108982361515 ], [ -0.246990126997691, 53.550102349041389 ], [ -0.246978987010176, 53.550371872644185 ], [ -0.247431565441092, 53.550378506029183 ], [ -0.247420428146208, 53.550648029683025 ], [ -0.246967846842387, 53.550641396233104 ], [ -0.246945565965968, 53.55118044336951 ], [ -0.24739815301574, 53.551187076949226 ], [ -0.247387015180147, 53.551456600561572 ], [ -0.248292195566467, 53.551469862714789 ], [ -0.248281063296826, 53.55173938644306 ], [ -0.24873365663334, 53.551746015016519 ], [ -0.248722527056693, 53.552015538795821 ], [ -0.24917512344647, 53.5520221657221 ], [ -0.249163996562909, 53.552291689552405 ], [ -0.248711397299933, 53.552285062561289 ], [ -0.248666876471687, 53.553363157484881 ], [ -0.249119487227928, 53.553369784735366 ], [ -0.249108359443978, 53.553639308496514 ], [ -0.250013587243548, 53.553652557990716 ], [ -0.249980220052329, 53.554461129580176 ], [ -0.25088546581312, 53.5544743726145 ], [ -0.250918815763107, 53.553665800636338 ], [ -0.251371430292766, 53.553672419390928 ], [ -0.251382543709497, 53.553402895305823 ], [ -0.251835155545558, 53.553409512283523 ], [ -0.251857376092689, 53.552870463942355 ], [ -0.2514047700034, 53.552863847094116 ], [ -0.251415882880581, 53.552594322967522 ], [ -0.252321089492321, 53.552607554822451 ], [ -0.252309982361777, 53.552877079078506 ], [ -0.252762588810619, 53.552883692502533 ], [ -0.252751484373692, 53.55315321680947 ], [ -0.253204093875615, 53.553159828586097 ], [ -0.2531929921324, 53.55342935294388 ], [ -0.253645604687412, 53.553435963073078 ], [ -0.253612307000295, 53.554244536257578 ], [ -0.254064928355494, 53.554251144868594 ], [ -0.254042734746532, 53.554790193718489 ], [ -0.254495362028601, 53.554796800746594 ], [ -0.254450984150632, 53.555874898539152 ], [ -0.254903623107392, 53.555881504113557 ], [ -0.254914714972365, 53.55561197962151 ], [ -0.255819987676665, 53.555625185504233 ], [ -0.255808901559413, 53.555894710125486 ], [ -0.256714180729135, 53.555907909288244 ], [ -0.25672526109865, 53.555638384537851 ], [ -0.257177898078658, 53.555644981486239 ], [ -0.257188975395018, 53.555375456657487 ], [ -0.256736341288838, 53.555368859773644 ], [ -0.256758501131247, 53.554829810203792 ], [ -0.257663758027844, 53.554843002001085 ], [ -0.257674831932691, 53.554573477066377 ], [ -0.258127457776151, 53.554580070332158 ], [ -0.258138528628129, 53.554310545319133 ], [ -0.257685905658319, 53.554303952117863 ], [ -0.257696979204732, 53.554034427155543 ], [ -0.257244359287736, 53.554027832306573 ], [ -0.257255435528491, 53.553758307394951 ], [ -0.258160669794583, 53.553771495251645 ], [ -0.258171740109066, 53.553501970197196 ], [ -0.257719125759927, 53.553495377189435 ], [ -0.257730198768716, 53.55322585218569 ], [ -0.25727758747224, 53.553219257530301 ], [ -0.257299738699006, 53.552680207610393 ], [ -0.256394528137379, 53.552667013421399 ], [ -0.256405609228532, 53.55239748856981 ], [ -0.255953007090001, 53.552390888971736 ], [ -0.255975174480808, 53.55185183935626 ], [ -0.256880367444231, 53.551865036582079 ], [ -0.256869289584949, 53.552134561525847 ], [ -0.257774489011918, 53.552147752032539 ], [ -0.257785561124748, 53.551878226959722 ], [ -0.260048548460882, 53.551911172942901 ], [ -0.260070663417305, 53.551372122111175 ], [ -0.261428440727621, 53.551391868770033 ], [ -0.261417391958369, 53.551661394385981 ], [ -0.262322583472341, 53.551674550393791 ], [ -0.262300496890385, 53.552213601841721 ], [ -0.262753098661958, 53.55222017740622 ], [ -0.262742057976219, 53.552489703173826 ], [ -0.263647267801985, 53.552502849295188 ], [ -0.263636232684308, 53.552772375177589 ], [ -0.264088840738467, 53.552778945734403 ], [ -0.264110905048531, 53.552239893827213 ], [ -0.263658302741078, 53.552233323398973 ], [ -0.263691406486887, 53.551424745627529 ], [ -0.263238812977709, 53.551418173680077 ], [ -0.263260886994964, 53.550879121892031 ], [ -0.260545364169682, 53.550839655027048 ], [ -0.260556418148593, 53.550570129498432 ], [ -0.260103834509897, 53.550563545760042 ], [ -0.260081720627104, 53.551102596674603 ], [ -0.259629131421258, 53.55109601109536 ], [ -0.259618071338351, 53.5513655364675 ], [ -0.259165479438385, 53.551358949111822 ], [ -0.259198667769336, 53.550550373147324 ], [ -0.259651251050128, 53.55055696030967 ], [ -0.259662310596099, 53.550287434896092 ], [ -0.260567471948622, 53.550300603956025 ], [ -0.260578525569772, 53.550031078399826 ], [ -0.264651734648732, 53.550090253848488 ], [ -0.264662762234914, 53.549820727699533 ], [ -0.267378225749291, 53.549860100575543 ], [ -0.267367215400681, 53.550129627109698 ], [ -0.266462054436824, 53.550116509537141 ], [ -0.266451038164071, 53.550386035929158 ], [ -0.266903621429868, 53.5503925956356 ], [ -0.266892607851867, 53.550662122078009 ], [ -0.267345194168924, 53.550668680136631 ], [ -0.267356204873894, 53.550399153630046 ], [ -0.268713956274877, 53.550418817341537 ], [ -0.268691951925124, 53.550957870725647 ], [ -0.270049722166935, 53.550977519413735 ], [ -0.270071709278246, 53.550438465645151 ], [ -0.27052429396857, 53.550445011655718 ], [ -0.27054627462229, 53.549905957703899 ], [ -0.282765973194634, 53.550082049405688 ], [ -0.282776885684445, 53.549812520686324 ], [ -0.300427676388946, 53.550064669550004 ], [ -0.300438476653084, 53.549795138349928 ], [ -0.316279055709495, 53.550019206510399 ], [ -0.316268356007155, 53.550288739902683 ], [ -0.317173544125297, 53.55030148057606 ], [ -0.317162849996423, 53.550571014079296 ], [ -0.317615447188429, 53.550577381910138 ], [ -0.317636829526529, 53.550038314765366 ], [ -0.31854201293636, 53.550051045041606 ], [ -0.318552698099431, 53.549781511324106 ], [ -0.336203800323989, 53.550028380471431 ], [ -0.336214373257022, 53.54975884432492 ], [ -0.350244833272316, 53.549953214096988 ], [ -0.350003661607681, 53.556152585752649 ], [ -0.350456325915153, 53.556158829756107 ], [ -0.350005322499866, 53.567748942633756 ], [ -0.350458110623428, 53.567755187551747 ], [ -0.350006916870306, 53.579345277823542 ], [ -0.350459828896221, 53.579351523656065 ], [ -0.350008444683189, 53.590941591324537 ], [ -0.350461480697802, 53.590947838071571 ], [ -0.350009905902652, 53.60253788313927 ], [ -0.350463065992387, 53.60254413080083 ], [ -0.350011300492774, 53.614134153270307 ], [ -0.350464584744139, 53.61414040184637 ], [ -0.350012628417587, 53.625730401720212 ], [ -0.350466036917169, 53.625736651210751 ], [ -0.350013889641064, 53.637326628491493 ], [ -0.350467422475532, 53.637332878896508 ], [ -0.350015084127129, 53.648922833586724 ], [ -0.350468741383235, 53.648929084906221 ], [ -0.350016211839652, 53.66051901700844 ], [ -0.350469993604226, 53.66052526924242 ], [ -0.350112054406032, 53.669689385830821 ], [ -0.349658174266464, 53.669683131514105 ], [ -0.349668707602304, 53.669413598959572 ], [ -0.348760953624188, 53.669401085289884 ], [ -0.348739875204924, 53.6699401501401 ], [ -0.349193757896857, 53.669946407957354 ], [ -0.349130535901378, 53.671563602548495 ], [ -0.350038336530402, 53.6715761137595 ], [ -0.350017272742447, 53.672115178759249 ], [ -0.350471179102404, 53.672121431907669 ], [ -0.350018266799276, 53.683711318841667 ], [ -0.350472297841611, 53.683717572904555 ], [ -0.350019193973848, 53.695307437258322 ], [ -0.350473349785638, 53.695313692235636 ], [ -0.350020054229817, 53.70690353401173 ], [ -0.350474334898222, 53.706909789903463 ], [ -0.35043216338283, 53.707987913683347 ], [ -0.349069287082135, 53.707969140106307 ], [ -0.349058735072681, 53.708238670833204 ], [ -0.347695851611325, 53.708219881573939 ], [ -0.347685290727782, 53.708489412103027 ], [ -0.346322400106962, 53.708470607161296 ], [ -0.346311830349078, 53.708740137492455 ], [ -0.345403231657987, 53.708727592131488 ], [ -0.345392655926497, 53.708997122326068 ], [ -0.344029750474897, 53.708978291184728 ], [ -0.344019165868599, 53.70924782118108 ], [ -0.343110557291383, 53.709235258353431 ], [ -0.343099966711085, 53.70950478821301 ], [ -0.341737046431894, 53.709485930871168 ], [ -0.341726446976318, 53.709755460532307 ], [ -0.340363519542777, 53.709736587506711 ], [ -0.340352911211672, 53.710006116969211 ], [ -0.338989976624977, 53.709987228259607 ], [ -0.338979359418089, 53.710256757523346 ], [ -0.337616417679438, 53.710237853129435 ], [ -0.337605791596517, 53.710507382194244 ], [ -0.336697158830956, 53.710494770530751 ], [ -0.336686526772993, 53.710764299458276 ], [ -0.335777888895491, 53.710751680782572 ], [ -0.33576725086231, 53.711021209572763 ], [ -0.333949965575375, 53.710995951308 ], [ -0.333939315764157, 53.711265479836968 ], [ -0.333030668355428, 53.711252840247738 ], [ -0.333020012568559, 53.711522368639159 ], [ -0.329839731781322, 53.71147807539419 ], [ -0.329829055511688, 53.711747603337841 ], [ -0.326648762909386, 53.711703225270959 ], [ -0.326638066156512, 53.711972752765988 ], [ -0.323457761755326, 53.711928289876035 ], [ -0.323447044518736, 53.712197816921616 ], [ -0.322992713112866, 53.71219145812907 ], [ -0.323003433250873, 53.711921931145824 ], [ -0.322549104920489, 53.7119155706934 ], [ -0.32253838188107, 53.712185097614309 ], [ -0.320266728334846, 53.712153269207427 ], [ -0.320255990614063, 53.712422795802702 ], [ -0.317984326919599, 53.712390924028377 ], [ -0.317973574517075, 53.712660450297591 ], [ -0.315247566437149, 53.712622146959994 ], [ -0.315236796451011, 53.712891672840115 ], [ -0.31069343463195, 53.712827695539609 ], [ -0.310682635455739, 53.713097220778991 ], [ -0.308410946611659, 53.713065167231157 ], [ -0.308400132752402, 53.713334692142674 ], [ -0.30703711284815, 53.713315439158478 ], [ -0.307026290108588, 53.713584963867596 ], [ -0.306117605247923, 53.713572119807694 ], [ -0.306106776529405, 53.713841644377204 ], [ -0.305198086568893, 53.713828793302312 ], [ -0.305208921090608, 53.713559268858752 ], [ -0.304754579275826, 53.713552840800901 ], [ -0.304743741852517, 53.713822365181457 ], [ -0.303835052947761, 53.71380950377295 ], [ -0.303824209545203, 53.714079028013749 ], [ -0.3020068222425, 53.714053284277199 ], [ -0.301995967057182, 53.714322808251964 ], [ -0.30108726865994, 53.71430992592375 ], [ -0.30107640749494, 53.714579449758524 ], [ -0.299713352516861, 53.7145601131595 ], [ -0.299724222386947, 53.714290589514256 ], [ -0.29881552575408, 53.71427768996314 ], [ -0.298826401250935, 53.714008166430588 ] ] } },
{ "type": "Feature", "properties": { "Year": 2015, "Sensor": "Landsat 8 OLI" }, "geometry": { "type": "LineString", "coordinates": [ [ -0.268292229152181, 54.179290261610483 ], [ -0.267373383964157, 54.179277046820417 ], [ -0.26738465070526, 54.179007548722858 ], [ -0.266925231372662, 54.179000938765441 ], [ -0.266947770269024, 54.178461942659318 ], [ -0.26602894409515, 54.17844871775015 ], [ -0.266062768958223, 54.177640223878832 ], [ -0.265143961428433, 54.17762699235427 ], [ -0.26516652234854, 54.177087996632039 ], [ -0.264707124829003, 54.177081378372847 ], [ -0.264718407995468, 54.176811880556322 ], [ -0.263799619479265, 54.176798638913809 ], [ -0.263810908428358, 54.176529141213983 ], [ -0.263351517431729, 54.176522517830733 ], [ -0.263362809179475, 54.176253020182429 ], [ -0.262903421351776, 54.176246395112969 ], [ -0.262914715898079, 54.175976897516172 ], [ -0.262455331239299, 54.17597027076053 ], [ -0.26246662858406, 54.175700773215276 ], [ -0.262007247094194, 54.175694144773495 ], [ -0.262018547237317, 54.175424647279776 ], [ -0.261559168916355, 54.175418017151898 ], [ -0.26157047185774, 54.175148519709758 ], [ -0.261111096705674, 54.175141887895812 ], [ -0.261122402445225, 54.174872390505236 ], [ -0.260663030462047, 54.174865757005257 ], [ -0.260674338999666, 54.174596259666295 ], [ -0.258836864855531, 54.174569708414253 ], [ -0.258848185141291, 54.174300211323121 ], [ -0.259307550415625, 54.174306851697715 ], [ -0.259318867532428, 54.174037354527393 ], [ -0.258400143136049, 54.174024072157692 ], [ -0.258411466033858, 54.173754575104489 ], [ -0.257033389781724, 54.173734638611535 ], [ -0.257044721443554, 54.173465141740948 ], [ -0.25658536604761, 54.173458492806247 ], [ -0.256596700506808, 54.173188995987388 ], [ -0.257056052919582, 54.173195644856619 ], [ -0.25706738420981, 54.172926147958499 ], [ -0.256608034780158, 54.17291949915478 ], [ -0.256619368867665, 54.172650002308437 ], [ -0.256160022606923, 54.172643351818976 ], [ -0.25617135949161, 54.172373855024389 ], [ -0.255712016399773, 54.172367202849259 ], [ -0.255723356081543, 54.172097706106435 ], [ -0.2552640161586, 54.172091052245662 ], [ -0.255275358637356, 54.171821555554615 ], [ -0.254816021883299, 54.171814900008243 ], [ -0.254827367158942, 54.171545403368981 ], [ -0.254368033573765, 54.171538746137045 ], [ -0.254390729532567, 54.17099975294839 ], [ -0.252553420915197, 54.170973107034222 ], [ -0.252576139991166, 54.170434114315505 ], [ -0.252116819267667, 54.170427448590551 ], [ -0.252128181508872, 54.170157952276206 ], [ -0.251668863954254, 54.170151284865874 ], [ -0.251691593842828, 54.169612292327216 ], [ -0.25077297122269, 54.169598952516232 ], [ -0.250784341852348, 54.169329456357687 ], [ -0.251243650086794, 54.169336127072945 ], [ -0.251255017547644, 54.169066630834884 ], [ -0.249877102350767, 54.16904661363327 ], [ -0.249888478572239, 54.168777117578628 ], [ -0.249429176861907, 54.168770441741898 ], [ -0.249440555879139, 54.168500945739254 ], [ -0.248981257337639, 54.168494268217366 ], [ -0.248992639150533, 54.168224772266726 ], [ -0.248533343777857, 54.168218093059693 ], [ -0.248544728386316, 54.167948597161072 ], [ -0.247626144165293, 54.16793523362594 ], [ -0.24763753455133, 54.167665737845169 ], [ -0.24717824570302, 54.167659053517127 ], [ -0.247189638884374, 54.167389557788418 ], [ -0.245811782406527, 54.167369494496647 ], [ -0.245834586100739, 54.166830503393193 ], [ -0.24537530694586, 54.166823812259395 ], [ -0.245386711494472, 54.166554316752908 ], [ -0.244927435508456, 54.166547623934214 ], [ -0.244938842851942, 54.166278128479888 ], [ -0.243561024961697, 54.166258039716922 ], [ -0.243583856978195, 54.165719049162675 ], [ -0.24266532458075, 54.16570564816417 ], [ -0.242676746271624, 54.165436152998353 ], [ -0.242217483335422, 54.165429449939055 ], [ -0.242228907820672, 54.165159954825477 ], [ -0.241769648053381, 54.165153250081481 ], [ -0.241792502425106, 54.164614259945076 ], [ -0.240873995378742, 54.164600845469273 ], [ -0.240885428246536, 54.164331350512519 ], [ -0.240426177985931, 54.16432464071471 ], [ -0.240437613647712, 54.164055145810288 ], [ -0.239519119651775, 54.164041721094989 ], [ -0.239530561088798, 54.163772226308986 ], [ -0.238612073805818, 54.163758794723506 ], [ -0.238623521017874, 54.163489300056007 ], [ -0.237705040448111, 54.163475861600517 ], [ -0.237716493434994, 54.1632063670516 ], [ -0.236798019578707, 54.163192921726207 ], [ -0.236809478340208, 54.162923427295944 ], [ -0.235431777908267, 54.162903246377454 ], [ -0.235454712754347, 54.162364257873065 ], [ -0.234536258663939, 54.162350795439927 ], [ -0.234559204682067, 54.161811807145547 ], [ -0.234099983880927, 54.161805073435879 ], [ -0.234088507984938, 54.162074567523646 ], [ -0.233170060985151, 54.162061094720201 ], [ -0.23318154284305, 54.161791600765135 ], [ -0.23272232260641, 54.161784861804087 ], [ -0.232733807256993, 54.161515367901607 ], [ -0.231815373310346, 54.161501884860911 ], [ -0.231826863734358, 54.161232391077412 ], [ -0.231367650024385, 54.161225646997849 ], [ -0.231379143240834, 54.160956153266987 ], [ -0.229542302208576, 54.160929159710363 ], [ -0.229553807159549, 54.160659666231581 ], [ -0.230472221337233, 54.160673166377713 ], [ -0.230483720138261, 54.160403672752125 ], [ -0.228646904459945, 54.160376665724364 ], [ -0.228658414994985, 54.160107172350983 ], [ -0.228199214527604, 54.160100416284692 ], [ -0.228187701011951, 54.160369909591502 ], [ -0.226810091800553, 54.160349630690817 ], [ -0.226821614258025, 54.160080137583741 ], [ -0.227280814159077, 54.160086898901056 ], [ -0.227292333447122, 54.159817405713554 ], [ -0.225455546898541, 54.159790350208752 ], [ -0.225467077919758, 54.159520857273932 ], [ -0.223630306317357, 54.15949377403085 ], [ -0.223641849071291, 54.159224281348969 ], [ -0.222723470365976, 54.15921072935916 ], [ -0.22273501889145, 54.158941236796935 ], [ -0.223194205169113, 54.158948013600224 ], [ -0.22320575052497, 54.158678520957437 ], [ -0.224583301552261, 54.158698840665615 ], [ -0.224594837778036, 54.158429347808841 ], [ -0.22505401885177, 54.158436117477748 ], [ -0.225065551908213, 54.158166624540485 ], [ -0.222769663332112, 54.158132759027296 ], [ -0.222758115374513, 54.15840225163101 ], [ -0.222298935246729, 54.158395473211016 ], [ -0.222287384119577, 54.158664965734111 ], [ -0.220909835931663, 54.158644619772375 ], [ -0.220921395999592, 54.158375127449673 ], [ -0.220462216629446, 54.158368342028794 ], [ -0.220473779488095, 54.158098849759099 ], [ -0.220932955878039, 54.158105635113124 ], [ -0.220956075066502, 54.15756665039855 ], [ -0.21820105533214, 54.157525912823949 ], [ -0.218212632522432, 54.157256420847155 ], [ -0.215916802861934, 54.157222425073989 ], [ -0.215928394762333, 54.156952933418218 ], [ -0.214550908185541, 54.156932515153891 ], [ -0.214539307345273, 54.157202006608586 ], [ -0.212702649318702, 54.15717475748631 ], [ -0.212714262078734, 54.156905266300029 ], [ -0.2140917463735, 54.156925705565591 ], [ -0.214103350003521, 54.156656214164144 ], [ -0.212725874648427, 54.156635775099886 ], [ -0.212737487027784, 54.156366283885923 ], [ -0.212278331936525, 54.156359467431479 ], [ -0.212266716577334, 54.156628958578317 ], [ -0.210430086197292, 54.156601674991244 ], [ -0.210441713475774, 54.156332184113126 ], [ -0.209064251631076, 54.156311703248775 ], [ -0.209052615413172, 54.15658119392517 ], [ -0.208134302510637, 54.15656753113079 ], [ -0.208145944688137, 54.156298040588965 ], [ -0.204013572896068, 54.156236471992635 ], [ -0.204025241700276, 54.155966982043346 ], [ -0.202647796816235, 54.155946427879726 ], [ -0.202636119072927, 54.15621591762654 ], [ -0.201717817481105, 54.15620220596567 ], [ -0.201729501183791, 54.155932716353888 ], [ -0.200811206317336, 54.155918997828039 ], [ -0.200822895787789, 54.155649508337511 ], [ -0.199445463864053, 54.155628917626515 ], [ -0.199457162081633, 54.155359428324921 ], [ -0.198079740822207, 54.155338822067037 ], [ -0.198068033665947, 54.155608311165686 ], [ -0.197608890650279, 54.155601438845459 ], [ -0.197620600786091, 54.155331949814482 ], [ -0.195784042561389, 54.155304443304736 ], [ -0.195795764423241, 54.155034954530834 ], [ -0.1939592211904, 54.155007420293032 ], [ -0.193970954777838, 54.154737931776438 ], [ -0.193511822429705, 54.154731043909997 ], [ -0.19350008586285, 54.155000532358763 ], [ -0.193040950727664, 54.154993642674569 ], [ -0.19305269027393, 54.154724154293653 ], [ -0.191675294961237, 54.154703474945187 ], [ -0.191687043253158, 54.154433986754064 ], [ -0.191227914846646, 54.154427090206049 ], [ -0.191216163575379, 54.154696578329229 ], [ -0.189838770573613, 54.154675877981937 ], [ -0.189862290799425, 54.154136902129416 ], [ -0.189403166142875, 54.154129998649843 ], [ -0.189391403147061, 54.154399486515068 ], [ -0.188932275704023, 54.154392581217621 ], [ -0.188944041679112, 54.154123093420402 ], [ -0.188025793330148, 54.154109277711974 ], [ -0.188037565070841, 54.153839790036947 ], [ -0.186201082605341, 54.153812137894164 ], [ -0.186212866069739, 54.153542650477576 ], [ -0.18391728222924, 54.153508046268733 ], [ -0.18392908039597, 54.153238559179059 ], [ -0.181174404043337, 54.153196976794391 ], [ -0.181186219890817, 54.15292749010036 ], [ -0.180268001946643, 54.152913615443872 ], [ -0.180279823558379, 54.152644128872574 ], [ -0.179820717855832, 54.152637188988038 ], [ -0.179832542252724, 54.152367702471189 ], [ -0.177996133296474, 54.152339925709228 ], [ -0.178007969414931, 54.152070439452039 ], [ -0.174794282063335, 54.152021763234025 ], [ -0.174806138839173, 54.151752277442299 ], [ -0.173428856109943, 54.151731390166361 ], [ -0.173440721627553, 54.151461904566432 ], [ -0.172522540070984, 54.151447971104723 ], [ -0.172534411351409, 54.151178485628101 ], [ -0.171616236530308, 54.151164545305093 ], [ -0.171628113573341, 54.150895059951836 ], [ -0.170250861737357, 54.150874136551224 ], [ -0.170262747521305, 54.150604651390111 ], [ -0.169344586561524, 54.150590693845807 ], [ -0.169356478107606, 54.150321208808229 ], [ -0.168897400898466, 54.150314227480457 ], [ -0.168921189362764, 54.149775257501034 ], [ -0.168003047442801, 54.149761289871918 ], [ -0.168014947339173, 54.149491804998888 ], [ -0.166637744856825, 54.149470840640255 ], [ -0.166649653492909, 54.149201355959718 ], [ -0.165731525436836, 54.149187371110841 ], [ -0.16574343983413, 54.148917886554109 ], [ -0.165284379077117, 54.148910891574332 ], [ -0.165296296257292, 54.14864140707256 ], [ -0.164837238673695, 54.148634410412242 ], [ -0.164849158636654, 54.148364925965417 ], [ -0.163471995992278, 54.148343925694576 ], [ -0.163507781510867, 54.147535472890958 ], [ -0.163048736620844, 54.147528469508728 ], [ -0.163060667713961, 54.147258985281958 ], [ -0.162601625997309, 54.147251980219359 ], [ -0.162637427036888, 54.146443527662313 ], [ -0.161719362056828, 54.146429512703129 ], [ -0.161731301300897, 54.14616002862757 ], [ -0.160354214231194, 54.146138993276274 ], [ -0.160366162212409, 54.145869509393918 ], [ -0.159448111099961, 54.145855477218184 ], [ -0.159460064840465, 54.145585993460088 ], [ -0.158082998573583, 54.145564932284501 ], [ -0.158071035900504, 54.145834415835189 ], [ -0.157612011226004, 54.145827391875706 ], [ -0.1576239768766, 54.145557908394174 ], [ -0.157164955375687, 54.145550882754605 ], [ -0.157200860083315, 54.144742432433894 ], [ -0.156741847710751, 54.144735405252717 ], [ -0.156765789156545, 54.144196438440879 ], [ -0.154011754769379, 54.144154239452391 ], [ -0.154023743061256, 54.143884756441096 ], [ -0.151269733608894, 54.143842494900099 ], [ -0.15128173956709, 54.143573012291021 ], [ -0.150822741657062, 54.14356596264841 ], [ -0.150834750395597, 54.14329648009479 ], [ -0.150375755659395, 54.143289428772526 ], [ -0.150363743943803, 54.143558911256719 ], [ -0.149445749107793, 54.143544803226085 ], [ -0.149457766777485, 54.143275320880832 ], [ -0.14808078493158, 54.143254145925297 ], [ -0.148092811335333, 54.142984663774605 ], [ -0.14763382075773, 54.142977602027543 ], [ -0.147645849941364, 54.142708119932394 ], [ -0.147186862537793, 54.142701056505828 ], [ -0.147198894501209, 54.142431574466279 ], [ -0.146280926239301, 54.14241744250527 ], [ -0.146305001481915, 54.141878478662584 ], [ -0.145846023600384, 54.141871410197794 ], [ -0.145870104007468, 54.141332446438412 ], [ -0.144493189406877, 54.141311230968107 ], [ -0.144505238244356, 54.141041749276361 ], [ -0.1440462700822, 54.141034674024738 ], [ -0.144058321698824, 54.140765192388699 ], [ -0.143599356710683, 54.140758115457871 ], [ -0.143611411106356, 54.140488633877517 ], [ -0.142693487675633, 54.140474474908657 ], [ -0.142705547826703, 54.140204993453764 ], [ -0.142246589384158, 54.140197911415761 ], [ -0.142258652314028, 54.13992843001661 ], [ -0.140881787101599, 54.139907173618866 ], [ -0.140905930226302, 54.139368211197265 ], [ -0.139529084651728, 54.13934693947904 ], [ -0.139541164846091, 54.139077458456725 ], [ -0.139082219693229, 54.139070364456259 ], [ -0.139094302665844, 54.138800883489814 ], [ -0.138635360687112, 54.138793787810449 ], [ -0.138647446437881, 54.138524306899889 ], [ -0.137729569026714, 54.13851011043473 ], [ -0.137753751838384, 54.137971148851207 ], [ -0.136835887123738, 54.137956945670879 ], [ -0.136860081046749, 54.137417984311092 ], [ -0.135483303316854, 54.137396666845255 ], [ -0.135495408908621, 54.137127186354284 ], [ -0.135036486371086, 54.137120077105031 ], [ -0.135048594740317, 54.136850596670065 ], [ -0.134589675376939, 54.136843485742212 ], [ -0.134601786523537, 54.136574005363272 ], [ -0.134142870334307, 54.136566892756825 ], [ -0.134154984258173, 54.136297412433919 ], [ -0.133696071243084, 54.136290298148964 ], [ -0.13368395434354, 54.136559778401825 ], [ -0.132766122957586, 54.136545544446008 ], [ -0.132778245808472, 54.136276064333323 ], [ -0.131401509146203, 54.13625470049557 ], [ -0.131413640725321, 54.135985220579236 ], [ -0.130954731877601, 54.135978095873007 ], [ -0.130966866233529, 54.135708616012806 ], [ -0.130049055085614, 54.135694361495069 ], [ -0.13006119519375, 54.135424881761253 ], [ -0.129143390792361, 54.135410620389834 ], [ -0.129155536652498, 54.135141140782423 ], [ -0.127778840469175, 54.135119735822293 ], [ -0.127790995056482, 54.134850256411617 ], [ -0.126414309591356, 54.134828835926072 ], [ -0.126426472905505, 54.134559356712316 ], [ -0.125508689542271, 54.134545067787009 ], [ -0.125520858607682, 54.134275588699914 ], [ -0.125061970200328, 54.134268441684974 ], [ -0.125074142041593, 54.133998962654232 ], [ -0.124156371775528, 54.133984663519897 ], [ -0.124144193983867, 54.134254142409816 ], [ -0.122767531155526, 54.134232680383981 ], [ -0.122779717872749, 54.133963201705349 ], [ -0.122320833637702, 54.133956044270391 ], [ -0.122333023130417, 54.133686565648226 ], [ -0.121874142070182, 54.133679406535357 ], [ -0.121898526406671, 54.133140449389948 ], [ -0.120980776785628, 54.133126126201134 ], [ -0.120992974604232, 54.132856647748433 ], [ -0.120534103068382, 54.132849483602072 ], [ -0.120521902274812, 54.133118961984245 ], [ -0.119145279941771, 54.133097458843523 ], [ -0.119133070023316, 54.133366936999941 ], [ -0.11867419333727, 54.133359765719099 ], [ -0.118686406230723, 54.13309028763328 ], [ -0.118227532719737, 54.133083114674712 ], [ -0.118251963856297, 54.132544158602251 ], [ -0.117793096495253, 54.132536984036641 ], [ -0.117780878052136, 54.132806462009242 ], [ -0.117322007916358, 54.132799285624699 ], [ -0.11730978629815, 54.133068763512611 ], [ -0.116850913387646, 54.133061585309065 ], [ -0.116863137980785, 54.132792107491831 ], [ -0.116404268245465, 54.132784927610658 ], [ -0.1163920406774, 54.133054405357193 ], [ -0.115474295857876, 54.13304004020852 ], [ -0.115462062139568, 54.133309517799589 ], [ -0.114544312171743, 54.133295145516115 ], [ -0.114581030574922, 54.132486713125338 ], [ -0.114122164816455, 54.132479524573462 ], [ -0.114146648699005, 54.131940569717628 ], [ -0.113687789090634, 54.131933379559086 ], [ -0.113700033705814, 54.13166390218089 ], [ -0.113241177272724, 54.131656710344899 ], [ -0.113253424661979, 54.13138723302351 ], [ -0.112794571404162, 54.131380039510113 ], [ -0.112806821567396, 54.131110562245496 ], [ -0.112347971484842, 54.131103367054749 ], [ -0.112311211469201, 54.131911798593919 ], [ -0.111852352663444, 54.131904601442386 ], [ -0.111840095948714, 54.132174078523178 ], [ -0.110922372990119, 54.132159678833631 ], [ -0.110910110125053, 54.132429155758601 ], [ -0.108156928223311, 54.132385914306347 ], [ -0.108169208936936, 54.132116437807142 ], [ -0.107251489194707, 54.132102010145722 ], [ -0.107276061917133, 54.131563057389279 ], [ -0.106817208297218, 54.131555841078331 ], [ -0.106866363225086, 54.130477935681 ], [ -0.106407521704526, 54.1304707179061 ], [ -0.106432103909447, 54.129931765265255 ], [ -0.105973268538948, 54.1299245458844 ], [ -0.105985562313704, 54.129655069613975 ], [ -0.105067898125447, 54.129640625750199 ], [ -0.105043298477333, 54.130179577992571 ], [ -0.104584460736785, 54.130172353296302 ], [ -0.104535247125003, 54.131250257327849 ], [ -0.102241001957489, 54.131214106201313 ], [ -0.102253320535266, 54.130944630570447 ], [ -0.102712166190891, 54.130951864220869 ], [ -0.102724481592437, 54.130682388504724 ], [ -0.101806796431861, 54.13066791959821 ], [ -0.10181911758047, 54.130398444010453 ], [ -0.101360278277289, 54.130391207006262 ], [ -0.101372602198417, 54.130121731475676 ], [ -0.099996094423296, 54.130100010188293 ], [ -0.100020759505513, 54.12956105951271 ], [ -0.098644271393986, 54.12953932292055 ], [ -0.098656612554606, 54.129269847775682 ], [ -0.098197786562497, 54.129262598820233 ], [ -0.098210130495087, 54.128993123732641 ], [ -0.097751307679282, 54.12898587310054 ], [ -0.097763654383745, 54.128716398070289 ], [ -0.096846015307013, 54.128701891704921 ], [ -0.096858367757255, 54.128432416803406 ], [ -0.096399551496362, 54.128425161070169 ], [ -0.096411906718231, 54.128155686226009 ], [ -0.09595309363366, 54.12814842881626 ], [ -0.095990167006609, 54.127340004413703 ], [ -0.095531363045993, 54.127332745470412 ], [ -0.095519002483626, 54.127602220213873 ], [ -0.095060195751674, 54.127594959451187 ], [ -0.095047832013006, 54.127864434109085 ], [ -0.094589022509725, 54.12785717152699 ], [ -0.094576655594659, 54.12812664609929 ], [ -0.094117843320058, 54.128119381697758 ], [ -0.094105473228497, 54.128388856184472 ], [ -0.093646658182586, 54.128381589963453 ], [ -0.09365903124807, 54.128112115548277 ], [ -0.093200219378746, 54.128104847650825 ], [ -0.093224970849428, 54.127565898921368 ], [ -0.093683776771058, 54.127573166675674 ], [ -0.093708521483431, 54.127034217746768 ], [ -0.093249721509301, 54.127026950135551 ], [ -0.093262096535197, 54.126757475721512 ], [ -0.093720893535648, 54.126764743261198 ], [ -0.093745637032168, 54.126225794247802 ], [ -0.093286845978925, 54.126218526851233 ], [ -0.093299220396767, 54.125949052394958 ], [ -0.092840432519731, 54.125941783322148 ], [ -0.092852809708376, 54.125672308923363 ], [ -0.092394025007538, 54.125665038174326 ], [ -0.092406404966889, 54.125395563833038 ], [ -0.091030061001426, 54.125373741314085 ], [ -0.091054838151902, 54.124834793018948 ], [ -0.090137288416055, 54.124820236220799 ], [ -0.090149682633459, 54.124550762195419 ], [ -0.08693828576764, 54.12449975885086 ], [ -0.086950700594384, 54.124230285313509 ], [ -0.087409467992427, 54.124237576676897 ], [ -0.087421879642714, 54.123968103053691 ], [ -0.086963115217799, 54.123960811762075 ], [ -0.086975529637889, 54.123691338196551 ], [ -0.087434291089724, 54.123698629416403 ], [ -0.087446702333464, 54.123429155764974 ], [ -0.086529185579172, 54.123414571721263 ], [ -0.086516768389374, 54.123684045229105 ], [ -0.085599246502497, 54.123669454051239 ], [ -0.085611669638335, 54.123399980687054 ], [ -0.084694154511343, 54.123385382662363 ], [ -0.084706583389643, 54.123115909427824 ], [ -0.084247829104416, 54.123108607865916 ], [ -0.084260260752069, 54.122839134689151 ], [ -0.083342758738271, 54.122824526466424 ], [ -0.083355196128029, 54.122555053419369 ], [ -0.082896448399493, 54.122547746758542 ], [ -0.082971086296746, 54.120930908611648 ], [ -0.082053627122954, 54.120916290910834 ], [ -0.082066072004473, 54.120646817980898 ], [ -0.082524798516993, 54.120654127633074 ], [ -0.082587005005857, 54.119306762412059 ], [ -0.081669581908097, 54.119292142079942 ], [ -0.081694474966184, 54.118753196180663 ], [ -0.082153180468823, 54.118760507076445 ], [ -0.082178066767467, 54.118221560976821 ], [ -0.081719367208985, 54.118214250224959 ], [ -0.081756704044601, 54.117405831185629 ], [ -0.081298013605788, 54.117398518902469 ], [ -0.081285565225817, 54.117667991857687 ], [ -0.078533409044117, 54.117624081034741 ], [ -0.078545875255413, 54.117354608511768 ], [ -0.076711120437304, 54.117325299973665 ], [ -0.076748553507589, 54.116516883185639 ], [ -0.076289874229044, 54.116509551899611 ], [ -0.076352273450989, 54.115162190664769 ], [ -0.076810937871722, 54.115169521589948 ], [ -0.076835890187262, 54.114630576852889 ], [ -0.076377231709314, 54.114623246072007 ], [ -0.076427145773955, 54.113545356717118 ], [ -0.075968499385311, 54.113538024477947 ], [ -0.075980980361783, 54.113268552176095 ], [ -0.076898267401143, 54.113283214763179 ], [ -0.076910742231104, 54.113013742302897 ], [ -0.076452101580344, 54.113006411954984 ], [ -0.076477056569493, 54.112467467136383 ], [ -0.076935691278246, 54.112474797339978 ], [ -0.076948165495437, 54.11220532483734 ], [ -0.077406797437506, 54.112212653221903 ], [ -0.077431739317423, 54.111673708030004 ], [ -0.077890365521959, 54.111681034523464 ], [ -0.077902833184836, 54.111411561834231 ], [ -0.078361456622713, 54.111418886508716 ], [ -0.078373921110702, 54.111149413733287 ], [ -0.080208405019567, 54.111178694674621 ], [ -0.080233309617789, 54.110639748504965 ], [ -0.080691925163451, 54.110647064229212 ], [ -0.080704374186111, 54.110377591051211 ], [ -0.081162986964973, 54.110384904956661 ], [ -0.081175432813223, 54.11011543169257 ], [ -0.083009874083603, 54.110144669558856 ], [ -0.083022307845895, 54.109875195992856 ], [ -0.083939523761643, 54.109889804301609 ], [ -0.083951951379337, 54.109620330577698 ], [ -0.084869162167962, 54.109634931755721 ], [ -0.084894004911143, 54.109095983978165 ], [ -0.085811204631453, 54.109110577881928 ], [ -0.085823619757222, 54.108841103828354 ], [ -0.086740814349833, 54.108855690601686 ], [ -0.086753223331648, 54.108586216390442 ], [ -0.087670412796231, 54.108600796033514 ], [ -0.087682815634273, 54.108331321664643 ], [ -0.088141407700881, 54.108338608794419 ], [ -0.088153807365597, 54.108069134339736 ], [ -0.089988165780596, 54.108098265105454 ], [ -0.090000553361403, 54.107828790349949 ], [ -0.090459140502079, 54.107836068603092 ], [ -0.090471524909886, 54.107566593761852 ], [ -0.090930109283133, 54.107573870196738 ], [ -0.090942490518037, 54.107304395269793 ], [ -0.091401072123847, 54.107311669886457 ], [ -0.091425828045392, 54.106772719847072 ], [ -0.0918844039137, 54.106779992573962 ], [ -0.091872029024309, 54.107049467672255 ], [ -0.092330608065275, 54.10705673872414 ], [ -0.092342979984607, 54.10678726355426 ], [ -0.092801556258064, 54.106794532787994 ], [ -0.092813925004828, 54.106525057532465 ], [ -0.093731072219158, 54.106539590617146 ], [ -0.093743434823476, 54.106270115204474 ], [ -0.095119148252902, 54.106291901517807 ], [ -0.095131501745013, 54.106022425876617 ], [ -0.097424346655322, 54.106058701110655 ], [ -0.097436685095656, 54.105789225098363 ], [ -0.097895251714005, 54.105796474834179 ], [ -0.097919922048986, 54.105257522624612 ], [ -0.100671290359995, 54.105300983506801 ], [ -0.100683607405834, 54.105031506953139 ], [ -0.101142166527257, 54.105038744249512 ], [ -0.101154480401693, 54.104769267610536 ], [ -0.102530150066058, 54.104790968807109 ], [ -0.102554759391998, 54.104252015059757 ], [ -0.103013310410344, 54.104259245156662 ], [ -0.103025611801525, 54.103989768190722 ], [ -0.103942708503066, 54.104004223002924 ], [ -0.103955003753687, 54.103734745880658 ], [ -0.104413549436822, 54.103741970595998 ], [ -0.104425841516614, 54.103472493388566 ], [ -0.105801470864574, 54.103494156842849 ], [ -0.105789187693444, 54.103763634263508 ], [ -0.10624773418123, 54.10377085199319 ], [ -0.106260014382797, 54.103501374501477 ], [ -0.106718558102056, 54.103508590413689 ], [ -0.106706280870057, 54.103778067976428 ], [ -0.107623374850643, 54.103792494703633 ], [ -0.107635646143493, 54.103523016998906 ], [ -0.108094190465573, 54.103530227671889 ], [ -0.108106458588001, 54.103260749882125 ], [ -0.109482083850482, 54.103282371209829 ], [ -0.109494342863593, 54.103012893193181 ], [ -0.110411421436452, 54.103027298537867 ], [ -0.110399168362347, 54.103296776696276 ], [ -0.110857710919199, 54.103303976819895 ], [ -0.110882210927843, 54.102765020347285 ], [ -0.111340747746261, 54.102772218582786 ], [ -0.111328500811676, 54.103041696896987 ], [ -0.111787040800054, 54.103048893456965 ], [ -0.111799284765168, 54.102779415071957 ], [ -0.112716359404259, 54.102793802811114 ], [ -0.1127041213781, 54.103063281337754 ], [ -0.114996826328469, 54.103099220477759 ], [ -0.114984602949669, 54.103368699344109 ], [ -0.115443147509809, 54.10337588200359 ], [ -0.115430926900501, 54.103645360926578 ], [ -0.115889474630312, 54.10365254191035 ], [ -0.115877256790594, 54.103922020889975 ], [ -0.116335807690084, 54.103929200197953 ], [ -0.116311377350043, 54.104468158256459 ], [ -0.117228491627855, 54.104482511915585 ], [ -0.117240700958336, 54.104213032752078 ], [ -0.118616364964749, 54.104234549930268 ], [ -0.118628565186168, 54.103965070540916 ], [ -0.11954566958306, 54.103979406452858 ], [ -0.119557863665369, 54.103709926908373 ], [ -0.120016413193595, 54.103717092174108 ], [ -0.120028604106627, 54.103447612545089 ], [ -0.120487150864781, 54.103454775993846 ], [ -0.120499338608634, 54.103185296280273 ], [ -0.12141642678426, 54.103199617797522 ], [ -0.121404244979627, 54.103469097652052 ], [ -0.121862792336221, 54.10347625586148 ], [ -0.121874971171237, 54.103206775936506 ], [ -0.122333515757592, 54.103213932329055 ], [ -0.122321339892197, 54.103483412324472 ], [ -0.123696983755937, 54.103504871234747 ], [ -0.123709150712443, 54.103235391028122 ], [ -0.125543333440593, 54.103263978176763 ], [ -0.125531178362669, 54.103533458664778 ], [ -0.126448276860195, 54.103547741901053 ], [ -0.126460425998803, 54.103278261272443 ], [ -0.126918972576271, 54.103285400200626 ], [ -0.126906826407328, 54.103554880899488 ], [ -0.128741026583864, 54.103583419428588 ], [ -0.128728892094971, 54.103852900394372 ], [ -0.130563107328948, 54.103881411260559 ], [ -0.130550984520558, 54.104150892492946 ], [ -0.131468099268139, 54.10416513758728 ], [ -0.131480216136921, 54.103895656214696 ], [ -0.131021661633727, 54.103888534610881 ], [ -0.131033781273898, 54.103619053294366 ], [ -0.13332654092423, 54.103654643498167 ], [ -0.13331443613289, 54.103924125164987 ], [ -0.135607215586395, 54.103959672056483 ], [ -0.135595125446066, 54.104229154059183 ], [ -0.136053684900604, 54.104236258267868 ], [ -0.136065772071084, 54.103966776195236 ], [ -0.136982885634058, 54.103980979233199 ], [ -0.137007047502241, 54.103442014766365 ], [ -0.13746559864085, 54.103449113525819 ], [ -0.137453520775415, 54.103718595836114 ], [ -0.138370629585314, 54.103732788255293 ], [ -0.138358557461789, 54.104002270691289 ], [ -0.14202702436166, 54.104058971065697 ], [ -0.142039072726442, 54.103789488071598 ], [ -0.142956185485165, 54.103803645560518 ], [ -0.142968227713067, 54.103534162413084 ], [ -0.143426781418355, 54.10354123846809 ], [ -0.143438820479338, 54.103271755237017 ], [ -0.143897371411945, 54.103278829475904 ], [ -0.143909407306105, 54.103009346161215 ], [ -0.144367955466021, 54.103016418584012 ], [ -0.144379988193456, 54.102746935185728 ], [ -0.144838533580673, 54.102754005792441 ], [ -0.144850563141479, 54.102484522310576 ], [ -0.147143278182397, 54.102519848799474 ], [ -0.147155292698237, 54.102250364955921 ], [ -0.14990653941984, 54.102292698692956 ], [ -0.149930532226777, 54.101753730130582 ], [ -0.150847604160695, 54.101767827127205 ], [ -0.150859594330578, 54.101498342686284 ], [ -0.151776661110636, 54.101512432558579 ], [ -0.151788645145309, 54.101242947965027 ], [ -0.152705706771179, 54.101257030713114 ], [ -0.152717684670823, 54.100987545966966 ], [ -0.155927385749478, 54.101036780089373 ], [ -0.155939342667287, 54.100767294844673 ], [ -0.156397869206759, 54.100774321236074 ], [ -0.156409822959467, 54.100504835908268 ], [ -0.156868346725264, 54.100511860484147 ], [ -0.156880297312968, 54.100242375073222 ], [ -0.158714382454728, 54.100270455636888 ], [ -0.158726320969679, 54.100000969935628 ], [ -0.161018916947395, 54.100036031002432 ], [ -0.161030840420656, 54.099766544942156 ], [ -0.163323426431811, 54.099801562006043 ], [ -0.163335334863763, 54.099532075587149 ], [ -0.163793849681787, 54.099539073692085 ], [ -0.163805754949609, 54.099269587190371 ], [ -0.165181291665247, 54.09929057082082 ], [ -0.165193187830737, 54.099021084098624 ], [ -0.166110207343303, 54.099035064316546 ], [ -0.166122097375833, 54.098765577442776 ], [ -0.167039111728724, 54.098779550538033 ], [ -0.167050995628475, 54.098510063512826 ], [ -0.167509500127676, 54.098517047372312 ], [ -0.167521380863864, 54.098247560264419 ], [ -0.168438384507609, 54.098261522607245 ], [ -0.16846213352069, 54.097722548074792 ], [ -0.168920629696227, 54.097729526489466 ], [ -0.168932500942304, 54.097460039133651 ], [ -0.169390994343269, 54.097467015733471 ], [ -0.1694147303148, 54.096928040842727 ], [ -0.169873217972375, 54.096935015559062 ], [ -0.16988508269798, 54.096665528024126 ], [ -0.170343567581011, 54.096672500925663 ], [ -0.170355429143685, 54.096403013308176 ], [ -0.170813911252163, 54.096409984394981 ], [ -0.170825769652005, 54.096140496694957 ], [ -0.17128424898592, 54.096147465967022 ], [ -0.171296104223028, 54.09587797818449 ], [ -0.171754580782372, 54.095884945641856 ], [ -0.171766432856842, 54.095615457776809 ], [ -0.172224906641606, 54.095622423419542 ], [ -0.172236755553535, 54.095352935471986 ], [ -0.172695226563711, 54.095359899300128 ], [ -0.172718917868783, 54.094820923226187 ], [ -0.173177383135914, 54.094827885171199 ], [ -0.173189225529207, 54.094558397044828 ], [ -0.173647688021776, 54.094565357175291 ], [ -0.173659527252872, 54.094295868966498 ], [ -0.174117986970873, 54.094302827282462 ], [ -0.174141658915131, 54.093763850686116 ], [ -0.174600112890283, 54.093770807119149 ], [ -0.17462377812323, 54.09323183033019 ], [ -0.175082226355663, 54.093238784880377 ], [ -0.175094055713497, 54.092969296396568 ], [ -0.175552501171425, 54.092976249132384 ], [ -0.175564327367555, 54.092706760566209 ], [ -0.176022770050967, 54.092713711487704 ], [ -0.1760464159265, 54.092174734176794 ], [ -0.176504852867393, 54.092181683215621 ], [ -0.176516672546945, 54.091912194470872 ], [ -0.17697510671335, 54.091919141695442 ], [ -0.176998739556331, 54.091380164027477 ], [ -0.17745716798038, 54.091387109369485 ], [ -0.177468981143959, 54.091117620446255 ], [ -0.177927406793547, 54.091124563974105 ], [ -0.177951026605182, 54.090585585949242 ], [ -0.178409446512581, 54.090592527594644 ], [ -0.178421253160788, 54.090323038493025 ], [ -0.178879670293752, 54.090329978324355 ], [ -0.178915080176222, 54.089521510731103 ], [ -0.179373488599625, 54.08952844861183 ], [ -0.179385288539936, 54.089258959317974 ], [ -0.179843694188975, 54.089265895384713 ], [ -0.179867287555392, 54.088726916618754 ], [ -0.180325687462662, 54.088733850803322 ], [ -0.180337480888917, 54.088464361331219 ], [ -0.180795878021852, 54.088471293701915 ], [ -0.180807668287788, 54.088201804147658 ], [ -0.181266062646378, 54.088208734704494 ], [ -0.181277849752091, 54.087939245068149 ], [ -0.181736241336328, 54.087946173811162 ], [ -0.181771592594525, 54.087137704614072 ], [ -0.182229975470104, 54.087144631406964 ], [ -0.182241755870059, 54.086875141578624 ], [ -0.182700135971356, 54.086882066557791 ], [ -0.182735467113521, 54.086073596784829 ], [ -0.183193838506602, 54.086080519814082 ], [ -0.183217385703971, 54.085541539759632 ], [ -0.183675751355996, 54.085548460907155 ], [ -0.183687521698867, 54.085278970790959 ], [ -0.184145884576716, 54.085285890124908 ], [ -0.18416941875113, 54.084746909714617 ], [ -0.184627775888087, 54.084753827166978 ], [ -0.184639539719781, 54.084484336872883 ], [ -0.185097894082592, 54.084491252511775 ], [ -0.185133175522901, 54.083682781341942 ], [ -0.186049867026421, 54.083696606975316 ], [ -0.186061621188657, 54.083427116421504 ], [ -0.186519964262491, 54.083434026552162 ], [ -0.186555216695946, 54.082625554603325 ], [ -0.187013551062908, 54.082632462784687 ], [ -0.187060539750581, 54.081554499719701 ], [ -0.18751886244488, 54.081561405883917 ], [ -0.187530606170121, 54.081291915014958 ], [ -0.188447246202977, 54.081305721971873 ], [ -0.18845898380392, 54.081036230953146 ], [ -0.190292254309847, 54.081063823652961 ], [ -0.190280528573207, 54.081333314943208 ], [ -0.191197170909805, 54.081347100957622 ], [ -0.191208890714268, 54.081077609531697 ], [ -0.191667209204172, 54.081084499853269 ], [ -0.191678925850808, 54.080815008345645 ], [ -0.192137241566394, 54.080821896854225 ], [ -0.192125527885809, 54.081091388429641 ], [ -0.19258384675913, 54.0810982752608 ], [ -0.192595557473661, 54.080828783617605 ], [ -0.193053873572556, 54.080835668635821 ], [ -0.193065581129446, 54.080566176911006 ], [ -0.193523894453909, 54.080573060116286 ], [ -0.193535598853254, 54.080303568309837 ], [ -0.194452220144776, 54.080317329349469 ], [ -0.194463918420747, 54.080047837393714 ], [ -0.194922226387745, 54.080054715228094 ], [ -0.19493392150641, 54.079785223190775 ], [ -0.195392226698896, 54.079792099212376 ], [ -0.195403918660352, 54.079522607093502 ], [ -0.195862221078318, 54.079529481302323 ], [ -0.195850532082706, 54.079798973488842 ], [ -0.196308837657789, 54.07980584602015 ], [ -0.196320523687556, 54.079536353766017 ], [ -0.197237129479648, 54.079550093458067 ], [ -0.197283847960688, 54.078472123761856 ], [ -0.19682555683199, 54.078465255058759 ], [ -0.196837238940083, 54.07819576266759 ], [ -0.197295527103167, 54.0782026313031 ], [ -0.197307206054543, 54.077933138830467 ], [ -0.196848920857022, 54.077926270262545 ], [ -0.196860602582814, 54.077656777843622 ], [ -0.197318884814819, 54.07766364634395 ], [ -0.197330563384001, 54.077394153843557 ], [ -0.19778884284163, 54.077401020531319 ], [ -0.197812193475925, 54.076862035353734 ], [ -0.198270467193791, 54.076868900161401 ], [ -0.198293811133337, 54.076329914793206 ], [ -0.198752079111568, 54.076336777720876 ], [ -0.198775416356779, 54.075797792162064 ], [ -0.199233678595504, 54.075804653209779 ], [ -0.199245343966581, 54.075535160342071 ], [ -0.199703603431027, 54.075542019577405 ], [ -0.199738589503913, 54.074733540688491 ], [ -0.20019684026401, 54.074740397976505 ], [ -0.200255131745094, 54.073392932546781 ], [ -0.199796895809311, 54.073386075596119 ], [ -0.199808556498018, 54.073116582536024 ], [ -0.20072502263088, 54.073130294557679 ], [ -0.200701712921658, 54.073669280933863 ], [ -0.201159952203641, 54.073676134462502 ], [ -0.201183255983363, 54.073137147951428 ], [ -0.201641489526481, 54.073143999600475 ], [ -0.201664786614344, 54.072605012899075 ], [ -0.202123014418727, 54.072611862668587 ], [ -0.202146304815143, 54.072072875776911 ], [ -0.202604526880917, 54.072079723666995 ], [ -0.202627810586299, 54.07154073658505 ], [ -0.203086026913596, 54.071547582595727 ], [ -0.203120942150122, 54.070739101666717 ], [ -0.203579149774756, 54.070745945730721 ], [ -0.203590784841854, 54.070476451992647 ], [ -0.204048989692577, 54.070483294244767 ], [ -0.204083884859267, 54.069674812745319 ], [ -0.204542081007771, 54.069681653050957 ], [ -0.204553709385336, 54.06941215912277 ], [ -0.20501190276, 54.06941899761663 ], [ -0.205023527983294, 54.069149503607271 ], [ -0.205481718584111, 54.069156340289368 ], [ -0.205504962532216, 54.068617352094535 ], [ -0.205963147395232, 54.068624186897651 ], [ -0.20599800299989, 54.067815704299655 ], [ -0.206456179161429, 54.067822537156637 ], [ -0.206491024164357, 54.067014054232168 ], [ -0.206949191624782, 54.06702088514313 ], [ -0.206984026026952, 54.066212401892251 ], [ -0.207442184786624, 54.066219230857271 ], [ -0.20746540084477, 54.065680241819663 ], [ -0.207923553867433, 54.065687068906051 ], [ -0.207935158648289, 54.065417574299268 ], [ -0.207477008589008, 54.065410747280055 ], [ -0.207500223507833, 54.064871758159278 ], [ -0.207958367640498, 54.064878585044148 ], [ -0.207969971851859, 54.064609090395777 ], [ -0.208428113211113, 54.064615915469297 ], [ -0.208439714269458, 54.064346420739938 ], [ -0.208897852855291, 54.06435324400212 ], [ -0.208921048476427, 54.063814254367536 ], [ -0.209379181325728, 54.063821075751285 ], [ -0.209413964445566, 54.06301259099412 ], [ -0.209872088595503, 54.06301941043246 ], [ -0.209930041854804, 54.061671935224531 ], [ -0.21038815138024, 54.061678752583383 ], [ -0.210434498724731, 54.060600771899317 ], [ -0.210892596589272, 54.06060758724594 ], [ -0.210927346220363, 54.059799101386247 ], [ -0.210011168455416, 54.059785469351397 ], [ -0.210034345778107, 54.059246478977208 ], [ -0.210492428641202, 54.059253295732432 ], [ -0.210515599281275, 54.058714305168685 ], [ -0.210973676409427, 54.058721120045959 ], [ -0.210996840367296, 54.058182129292689 ], [ -0.211454911760632, 54.058188942292091 ], [ -0.211478069036706, 54.057649951349333 ], [ -0.211936134695357, 54.057656762470927 ], [ -0.211982435127466, 54.056578780151106 ], [ -0.212440489127867, 54.056585589260962 ], [ -0.212475203578994, 54.05577710217468 ], [ -0.212017158463768, 54.055770293265788 ], [ -0.212028732530599, 54.055500797609632 ], [ -0.212486774684196, 54.055507606451542 ], [ -0.212614044352127, 54.052543152582658 ], [ -0.213072054120203, 54.052549958944354 ], [ -0.213095185678009, 54.052010967017807 ], [ -0.212637181831989, 54.052004160790027 ], [ -0.212660318555085, 54.051465168942002 ], [ -0.213576314592533, 54.051478779386365 ], [ -0.213587876748583, 54.051209283307664 ], [ -0.212671886632856, 54.051195672997196 ], [ -0.212729724184113, 54.049848193065387 ], [ -0.213645684692679, 54.049861802706424 ], [ -0.213691927644826, 54.048783817976094 ], [ -0.214149896340707, 54.048790619914072 ], [ -0.214173010761777, 54.048251627331965 ], [ -0.213715047986615, 54.048244825527817 ], [ -0.213726607873953, 54.047975329282899 ], [ -0.214184567688827, 54.047982131020127 ], [ -0.214207680975982, 54.047443138354915 ], [ -0.213749727081536, 54.047436336751502 ], [ -0.21376128640179, 54.047166840465032 ], [ -0.214219237336093, 54.047173642001539 ], [ -0.214277016302166, 54.04582616002687 ], [ -0.214734952625433, 54.045832959485821 ], [ -0.214769608858213, 54.045024469934162 ], [ -0.21431168141437, 54.045017670675847 ], [ -0.214346344826135, 54.044209181200166 ], [ -0.214804263390988, 54.044215980257839 ], [ -0.21487356735697, 54.042599000531226 ], [ -0.215331468354001, 54.042605797444807 ], [ -0.215343015394711, 54.042336300708364 ], [ -0.21488511735696, 54.04232950386163 ], [ -0.214896667168103, 54.0420600071782 ], [ -0.215354562246621, 54.042066803958065 ], [ -0.215377655384059, 54.041527810415964 ], [ -0.214919766223861, 54.041521013769803 ], [ -0.214965962069387, 54.040443026786782 ], [ -0.214508084934069, 54.040436228665349 ], [ -0.214519636382284, 54.040166731951828 ], [ -0.214977510558712, 54.040173530006392 ], [ -0.215000606970922, 54.039634536404066 ], [ -0.215458475418521, 54.039641332582285 ], [ -0.215481565158056, 54.039102338790869 ], [ -0.215939427876955, 54.039109133092786 ], [ -0.216043295736066, 54.036683659744448 ], [ -0.215585459643342, 54.036676866043962 ], [ -0.215608545230799, 54.036137871947858 ], [ -0.216066375407128, 54.036144665514726 ], [ -0.2163663424725, 54.02913773548709 ], [ -0.215908589191753, 54.029130943657272 ], [ -0.215931664214839, 54.028591948785611 ], [ -0.216389411581893, 54.028598740481833 ], [ -0.216400945853779, 54.028329242958421 ], [ -0.215943201443499, 54.028322451329004 ], [ -0.215954738483577, 54.028052953858541 ], [ -0.216412479937131, 54.028059745421153 ], [ -0.216424013831952, 54.027790247870058 ], [ -0.215966275335076, 54.027783456374223 ], [ -0.21607009851321, 54.025357978392194 ], [ -0.215612386812799, 54.025351185755746 ], [ -0.215635462468481, 54.024812190629888 ], [ -0.216093168256559, 54.024818983132711 ], [ -0.216173906419842, 54.022932499288316 ], [ -0.215716221323413, 54.022925707253087 ], [ -0.215773900563275, 54.021578218711269 ], [ -0.215316230433676, 54.021571425268519 ], [ -0.215420067786441, 54.019145945621958 ], [ -0.214962424443248, 54.01913915103912 ], [ -0.215008581295652, 54.018061159992186 ], [ -0.214550949961032, 54.018054363935398 ], [ -0.214574033165505, 54.017515368462476 ], [ -0.2141164079292, 54.017508570798114 ], [ -0.214151040185534, 54.016700077685385 ], [ -0.214608656557657, 54.016706875149225 ], [ -0.214631737876099, 54.016167879537797 ], [ -0.215089348527597, 54.01617467512682 ], [ -0.215100885949395, 54.015905177233485 ], [ -0.214643278252436, 54.015898381711295 ], [ -0.214700977305439, 54.014550892371005 ], [ -0.214243384569016, 54.014544095441877 ], [ -0.214278010600615, 54.013735601871993 ], [ -0.213820426915383, 54.013728803402429 ], [ -0.213878147966121, 54.012381314176409 ], [ -0.213420579239518, 54.012374514300198 ], [ -0.213466764499922, 54.011296522937478 ], [ -0.213009207777094, 54.011289721587879 ], [ -0.213090045394197, 54.009403236637802 ], [ -0.213547581442454, 54.009410037519245 ], [ -0.213570670299739, 54.008871041560781 ], [ -0.213113140158069, 54.008864240813061 ], [ -0.213205511667139, 54.006708256959868 ], [ -0.212748005338524, 54.006701455006557 ], [ -0.212782650400174, 54.005892961033602 ], [ -0.212325153118582, 54.005886157540466 ], [ -0.212313602000643, 54.00615565547843 ], [ -0.211856101955042, 54.006148850177894 ], [ -0.211902317105112, 54.005070858610623 ], [ -0.211444829058885, 54.00506405183733 ], [ -0.211491052998706, 54.003986060315995 ], [ -0.211033576951096, 54.003979252070053 ], [ -0.211056693692889, 54.003440256360129 ], [ -0.21151416383588, 54.003447064472176 ], [ -0.211525718971298, 54.003177566529466 ], [ -0.211068251780544, 54.003170758484359 ], [ -0.211102924910591, 54.002362264773893 ], [ -0.210645466765069, 54.00235545518936 ], [ -0.210668587145077, 54.001816459446985 ], [ -0.210211135092436, 54.001809648256121 ], [ -0.210222697951103, 54.001540150431133 ], [ -0.210680147051804, 54.001546961555015 ], [ -0.210691706769687, 54.001277463649167 ], [ -0.210234260620877, 54.001270652592261 ], [ -0.210280509411122, 54.000192661098126 ], [ -0.20982307525827, 54.000185848568954 ], [ -0.20985776872257, 53.999377355003759 ], [ -0.209400343613421, 53.99937054093548 ], [ -0.209435044231898, 53.99856204744647 ], [ -0.208977628166044, 53.99855523183917 ], [ -0.208989197612324, 53.998285734048785 ], [ -0.208531784686807, 53.998278916768527 ], [ -0.208543356895398, 53.998009419031291 ], [ -0.209000766869618, 53.998016236244531 ], [ -0.209012335937927, 53.997746738426414 ], [ -0.208554928914956, 53.9977399212802 ], [ -0.208566500745487, 53.997470423515232 ], [ -0.20810909686274, 53.997463604696108 ], [ -0.208120671455396, 53.997194106984331 ], [ -0.208578072386995, 53.997200925736401 ], [ -0.208601215102956, 53.996661930137158 ], [ -0.20814382007351, 53.996655111519161 ], [ -0.208190115041061, 53.995577120422404 ], [ -0.207732732004386, 53.995570300332723 ], [ -0.207767460097367, 53.994761807065693 ], [ -0.206852712295856, 53.994748162069378 ], [ -0.206887456390786, 53.993939669080007 ], [ -0.206430091625576, 53.993932844173521 ], [ -0.206441675562731, 53.993663346549759 ], [ -0.206899037377434, 53.993670171389134 ], [ -0.206933779202448, 53.992861678233297 ], [ -0.206476426238974, 53.992854853595176 ], [ -0.206511175212479, 53.992046360515801 ], [ -0.206053831288983, 53.992039534339398 ], [ -0.206088587410213, 53.991231041336498 ], [ -0.205631252526286, 53.991224213621905 ], [ -0.205654428227669, 53.990685218351523 ], [ -0.205197099432983, 53.990678389031658 ], [ -0.205231870415253, 53.989869896223475 ], [ -0.204774550659463, 53.98986306536559 ], [ -0.204809328787268, 53.989054572633989 ], [ -0.204352018069966, 53.989047740238185 ], [ -0.204409992577435, 53.987700252410498 ], [ -0.203952696797103, 53.987693418611236 ], [ -0.203975891173282, 53.987154423517396 ], [ -0.203518601481046, 53.987147588113217 ], [ -0.203530201334316, 53.986878090612699 ], [ -0.203072914780793, 53.986871253536464 ], [ -0.203130925951288, 53.985523766161677 ], [ -0.20267365433286, 53.985516927682347 ], [ -0.202720071654476, 53.984438937801613 ], [ -0.202262812021168, 53.984432097852071 ], [ -0.20229763186885, 53.983623605497513 ], [ -0.201840381271272, 53.983616764010655 ], [ -0.201851990456729, 53.983347266598642 ], [ -0.201394742997361, 53.983340423440019 ], [ -0.2014411896375, 53.98226243392218 ], [ -0.200983954161773, 53.982255589293679 ], [ -0.201018795995993, 53.981447097211387 ], [ -0.200561569554916, 53.981440251045846 ], [ -0.200584802392598, 53.980901256389487 ], [ -0.200127582037626, 53.980894408619697 ], [ -0.200174057229083, 53.979816419409651 ], [ -0.199716848856078, 53.979809570170289 ], [ -0.199728470127586, 53.979540072900399 ], [ -0.199271264892278, 53.97953322198962 ], [ -0.199306136411785, 53.978724730298637 ], [ -0.198848940209787, 53.978717877851146 ], [ -0.198895444702706, 53.977639889004884 ], [ -0.198438260481196, 53.977633035088175 ], [ -0.198473145700193, 53.976824543509764 ], [ -0.198015970511025, 53.976817688056578 ], [ -0.198050862863316, 53.976009196555324 ], [ -0.19759369670608, 53.97600233956576 ], [ -0.197605330057625, 53.975732842438298 ], [ -0.197148167037575, 53.9757259837776 ], [ -0.197183074794024, 53.974917492514123 ], [ -0.196725920805383, 53.97491063231719 ], [ -0.196772473608908, 53.973832644041146 ], [ -0.196315331598164, 53.973825782375535 ], [ -0.19633861275352, 53.973286788289059 ], [ -0.195881476826471, 53.973279925019973 ], [ -0.195904763115091, 53.972740931012844 ], [ -0.195447633271574, 53.972734066140355 ], [ -0.195482570118672, 53.971925575227871 ], [ -0.195025449305077, 53.97191870881953 ], [ -0.195072040891907, 53.970840721011662 ], [ -0.194614932054174, 53.970833853135055 ], [ -0.194649882586448, 53.970025362335804 ], [ -0.194192782777668, 53.970018492923529 ], [ -0.194239392609088, 53.968940505266694 ], [ -0.193782304774859, 53.96893363438641 ], [ -0.193817268988842, 53.968125143700455 ], [ -0.192903111566659, 53.968111397130976 ], [ -0.192973070206125, 53.966494416194472 ], [ -0.192516009454628, 53.966487540708151 ], [ -0.19255099504131, 53.965679050254991 ], [ -0.192093943316571, 53.965672173233507 ], [ -0.192140599881623, 53.96459418603839 ], [ -0.191683560128452, 53.964587307549458 ], [ -0.191706893158901, 53.964048314003684 ], [ -0.191249859486452, 53.964041433912186 ], [ -0.191273197645266, 53.963502440446057 ], [ -0.190816170053378, 53.963495558752058 ], [ -0.190851184697838, 53.962687068651491 ], [ -0.190394166131222, 53.962680185422698 ], [ -0.190429187895442, 53.961871695399935 ], [ -0.189972178353686, 53.961864810636456 ], [ -0.190018883150147, 53.960786824015443 ], [ -0.189561885577368, 53.960779937785063 ], [ -0.189585242721048, 53.960240944526461 ], [ -0.189128251227788, 53.960234056693906 ], [ -0.189163294346708, 53.959425566904791 ], [ -0.188706311877081, 53.959418677537833 ], [ -0.188729678891522, 53.958879684410959 ], [ -0.188272702500993, 53.958872793441991 ], [ -0.188296074640891, 53.958333800394932 ], [ -0.187839104329298, 53.958326907824009 ], [ -0.187874169940642, 53.957518418352308 ], [ -0.187417208651751, 53.957511524247209 ], [ -0.187452281377727, 53.956703034853589 ], [ -0.18699532911113, 53.956696139214479 ], [ -0.187030408950976, 53.955887649898948 ], [ -0.186573465706264, 53.955880752725882 ], [ -0.186596857199107, 53.955341759914845 ], [ -0.186139920032387, 53.955334861140159 ], [ -0.186186712501279, 53.954256875622328 ], [ -0.185729787299111, 53.954249975381664 ], [ -0.18576488847599, 53.953441486300619 ], [ -0.185307972294481, 53.953434584526299 ], [ -0.185331378010594, 53.952895591871695 ], [ -0.184874467906294, 53.952888688495975 ], [ -0.184909583877107, 53.952080199613214 ], [ -0.184452682792797, 53.952073294704007 ], [ -0.184487805873011, 53.951264805899541 ], [ -0.18403091380828, 53.951257899456955 ], [ -0.184054334125274, 53.950718906986815 ], [ -0.183597448137071, 53.950711998943035 ], [ -0.183644298248306, 53.949634014107275 ], [ -0.18318742422151, 53.949627104598186 ], [ -0.183210854015236, 53.949088112232587 ], [ -0.182753986064444, 53.949081201122503 ], [ -0.182777420978178, 53.948542208837033 ], [ -0.182320559103233, 53.948535296125989 ], [ -0.182355718866447, 53.947726807797181 ], [ -0.181898866009333, 53.947719893553213 ], [ -0.18193403287759, 53.946911405302941 ], [ -0.1814771890379, 53.946904489526148 ], [ -0.181512363010436, 53.946096001354448 ], [ -0.181055528187762, 53.946089084044885 ], [ -0.181090709263817, 53.945280595951786 ], [ -0.180633883457748, 53.945273677109604 ], [ -0.180657342435006, 53.944734685113879 ], [ -0.180200522703578, 53.944727764671136 ], [ -0.180223986798378, 53.944188772755709 ], [ -0.179767173141433, 53.944181850712489 ], [ -0.179802376672219, 53.943373362938956 ], [ -0.179345572030949, 53.943366439363359 ], [ -0.179369045976759, 53.942827447580754 ], [ -0.17891224740955, 53.942820522404816 ], [ -0.178947465715546, 53.942012034830597 ], [ -0.178490676163344, 53.942005108122466 ], [ -0.178514159958424, 53.941466116472796 ], [ -0.178057376479861, 53.941459188164458 ], [ -0.178080865390535, 53.940920196595222 ], [ -0.177624087985451, 53.940913266686778 ], [ -0.177659328736845, 53.940104779432701 ], [ -0.177202560345837, 53.940097847992313 ], [ -0.177226059103249, 53.939558856556154 ], [ -0.176769296785298, 53.939551923515793 ], [ -0.176804552305493, 53.938743436461429 ], [ -0.176347799000951, 53.938736501889281 ], [ -0.176383061616927, 53.937928014913936 ], [ -0.175926317325383, 53.937921078810113 ], [ -0.175938074087511, 53.937651583191951 ], [ -0.17548133292808, 53.937644645420214 ], [ -0.175516610884344, 53.936836158686589 ], [ -0.175059878737392, 53.936829219383362 ], [ -0.17510692508695, 53.935751237149475 ], [ -0.174650204892033, 53.935744296383014 ], [ -0.174685496459236, 53.934935809765854 ], [ -0.174228785275835, 53.934928867468088 ], [ -0.174252317907299, 53.934389876456713 ], [ -0.17379561279533, 53.934382932559508 ], [ -0.173830919121873, 53.933574446142572 ], [ -0.173374223020748, 53.933567500714247 ], [ -0.17340953643796, 53.932759014376579 ], [ -0.172952849347272, 53.932752067417198 ], [ -0.172976396544068, 53.932213076592227 ], [ -0.172519715524132, 53.93220612803367 ], [ -0.172555043696662, 53.93139764189646 ], [ -0.172098371686493, 53.931390691807017 ], [ -0.172157262827603, 53.930043214974233 ], [ -0.171243948773966, 53.930029310271472 ], [ -0.17127929878629, 53.929220824414294 ], [ -0.17082265086424, 53.929213869664544 ], [ -0.17084622245557, 53.928674879160035 ], [ -0.170389580603171, 53.928667922811456 ], [ -0.170413157302788, 53.928128932387843 ], [ -0.169956521519877, 53.928121974440515 ], [ -0.169980103327426, 53.92758298409781 ], [ -0.169523473613844, 53.927576024551819 ], [ -0.169547060528967, 53.927037034290059 ], [ -0.169090436884553, 53.927030073145417 ], [ -0.16910223299192, 53.926760578062016 ], [ -0.168645612478232, 53.926753615250405 ], [ -0.168669209992302, 53.926214625178545 ], [ -0.168212595547562, 53.926207660768434 ], [ -0.168224396954126, 53.925938165780003 ], [ -0.167767785640044, 53.925931199703008 ], [ -0.167791393751954, 53.925392209821162 ], [ -0.167334788506597, 53.925385242145786 ], [ -0.167358401724453, 53.924846252345006 ], [ -0.166901802547662, 53.924839283071307 ], [ -0.166925420871105, 53.924300293351678 ], [ -0.166468827762719, 53.924293322479713 ], [ -0.166504262616776, 53.923484838001023 ], [ -0.166047678514363, 53.923477865599352 ], [ -0.166071306662558, 53.922938876014136 ], [ -0.16561472862813, 53.922931902014369 ], [ -0.165638361880762, 53.922392912510325 ], [ -0.165181789914157, 53.922385936912498 ], [ -0.165193609188889, 53.922116442208079 ], [ -0.164737040352519, 53.922109464943738 ], [ -0.164772505832363, 53.921300980952331 ], [ -0.164315946000924, 53.921294002158625 ], [ -0.164339594564725, 53.920755012898347 ], [ -0.163883040800629, 53.920748032506772 ], [ -0.163906694467437, 53.920209043327802 ], [ -0.163450146770523, 53.920202061338472 ], [ -0.163485634635354, 53.919393577671073 ], [ -0.163029095942443, 53.91938659415262 ], [ -0.163052759428304, 53.918847605108425 ], [ -0.162596226802154, 53.918840619992338 ], [ -0.162631729394262, 53.918032136527167 ], [ -0.162175205771448, 53.918025149882148 ], [ -0.162210715436691, 53.917216666497218 ], [ -0.161754200816803, 53.917209678323353 ], [ -0.161777878834936, 53.916670689467537 ], [ -0.161321370281129, 53.916663699696265 ], [ -0.161345053399891, 53.91612471092192 ], [ -0.160888550912005, 53.916117719553306 ], [ -0.16094777001114, 53.91477024771644 ], [ -0.160491282397587, 53.914763254956597 ], [ -0.160526820347788, 53.913954771892975 ], [ -0.160070341735532, 53.913947777604697 ], [ -0.160117734708548, 53.91286980026581 ], [ -0.159661268032979, 53.912862804517836 ], [ -0.159696819541434, 53.912054321573173 ], [ -0.159240361866197, 53.912047324296971 ], [ -0.159252214918181, 53.911777830022885 ], [ -0.159708669657813, 53.911784827230356 ], [ -0.159732369310939, 53.911245838502815 ], [ -0.159275920442374, 53.911238841432791 ], [ -0.159287772914591, 53.91096934711679 ], [ -0.158831327174737, 53.910962348381162 ], [ -0.158866892238005, 53.910153865555593 ], [ -0.15841045549752, 53.910146865291921 ], [ -0.158446027626889, 53.909338382546892 ], [ -0.157989599885364, 53.909331380755262 ], [ -0.158013319541864, 53.908792392326276 ], [ -0.157556897863879, 53.908785388938 ], [ -0.157592484703364, 53.907976906396073 ], [ -0.157136072023673, 53.90796990148003 ], [ -0.15717166592709, 53.907161419018777 ], [ -0.156715262245284, 53.907154412575053 ], [ -0.15673899641648, 53.906615424335293 ], [ -0.156282598797532, 53.906608416295171 ], [ -0.156294468527549, 53.906338922223171 ], [ -0.156750863211877, 53.906345930194455 ], [ -0.156774596222289, 53.9058069418709 ], [ -0.156318207407058, 53.905799934037248 ], [ -0.156365682844097, 53.904721957497706 ], [ -0.156822059921708, 53.90472896505608 ], [ -0.156833925362961, 53.904459470817436 ], [ -0.157290299699718, 53.904466476573106 ], [ -0.157314024133496, 53.903927487916292 ], [ -0.156857655665176, 53.903920482298254 ], [ -0.156881385193697, 53.90338149372316 ], [ -0.156425022787037, 53.903374486508895 ], [ -0.156472491259034, 53.902296509466339 ], [ -0.156016140781721, 53.902289500793565 ], [ -0.156051748905935, 53.901481018071422 ], [ -0.155595407423515, 53.901474007871442 ], [ -0.15561915107294, 53.900935019457805 ], [ -0.155162815651402, 53.90092800766184 ], [ -0.155186564393909, 53.900389019330042 ], [ -0.15473023503309, 53.900382005938148 ], [ -0.154753988868322, 53.899843017688198 ], [ -0.154297665568064, 53.89983600270044 ], [ -0.154309545128686, 53.899566508623387 ], [ -0.153853224955474, 53.899559491970955 ], [ -0.153888871275419, 53.89875100986265 ], [ -0.1534325600958, 53.898743991683396 ], [ -0.153456329207069, 53.898205003679152 ], [ -0.15300002408753, 53.89819798390424 ], [ -0.153023798290099, 53.897658995981928 ], [ -0.152567499230479, 53.897651974611435 ], [ -0.152603167880052, 53.89684349282998 ], [ -0.152146877813098, 53.896836469932936 ], [ -0.152170661809525, 53.896297482146664 ], [ -0.15171437780207, 53.896290457654153 ], [ -0.15173816688865, 53.895751469949907 ], [ -0.151281888940533, 53.895744443862043 ], [ -0.151293786125677, 53.895474950057945 ], [ -0.150837511304132, 53.895467922305762 ], [ -0.150861310957855, 53.894928934793619 ], [ -0.150405042195428, 53.894921905446196 ], [ -0.150428846938313, 53.894382918016177 ], [ -0.149972584234843, 53.894375887073537 ], [ -0.149996394066535, 53.89383689972567 ], [ -0.149540137421864, 53.893829867187897 ], [ -0.149563952342005, 53.893290879922198 ], [ -0.149107701755971, 53.893283845789369 ], [ -0.149131521764207, 53.892744858605866 ], [ -0.14867527723665, 53.892737822878061 ], [ -0.148711014589386, 53.891929342205145 ], [ -0.148254779052156, 53.891922304951514 ], [ -0.148266694046739, 53.891652811434987 ], [ -0.147810461635656, 53.891645772517364 ], [ -0.147834296906037, 53.891106785580618 ], [ -0.14737807055295, 53.891099745068232 ], [ -0.147401910910001, 53.890560758213773 ], [ -0.146945690614752, 53.890553716106638 ], [ -0.146969536058117, 53.890014729334524 ], [ -0.146513321820543, 53.890007685632725 ], [ -0.146525247182378, 53.889738192294821 ], [ -0.146069036070763, 53.889731146929265 ], [ -0.146092892074464, 53.889192160349872 ], [ -0.145636687020304, 53.88918511338975 ], [ -0.145648617662032, 53.888915620148268 ], [ -0.14519241573376, 53.88890857152446 ], [ -0.145216282296697, 53.888369585137909 ], [ -0.14476008642566, 53.888362534919672 ], [ -0.14477202234673, 53.888093041774631 ], [ -0.144315829601513, 53.888085989892787 ], [ -0.144339706722582, 53.887547003699211 ], [ -0.143883520034379, 53.887539950223044 ], [ -0.14389546123424, 53.887270457174523 ], [ -0.143439277671788, 53.887263402034847 ], [ -0.143463165349889, 53.88672441603434 ], [ -0.14300698784423, 53.886717359300469 ], [ -0.143030880605755, 53.886178373382528 ], [ -0.142574709156729, 53.886171315054533 ], [ -0.142586658176384, 53.885901822143872 ], [ -0.14213048985298, 53.885894762152489 ], [ -0.142154393169801, 53.88535577642778 ], [ -0.141698230902809, 53.885348714842394 ], [ -0.141710185199836, 53.885079222028381 ], [ -0.141254026058396, 53.885072158779693 ], [ -0.141277939929412, 53.884533173248343 ], [ -0.140821786844164, 53.884526108405758 ], [ -0.140833746418014, 53.884256615688464 ], [ -0.140377596458248, 53.884249549182655 ], [ -0.140401520882356, 53.883710563844815 ], [ -0.139945376978563, 53.88370349574523 ], [ -0.139957341828683, 53.883434003124691 ], [ -0.139501201050303, 53.883426933361974 ], [ -0.139525136026404, 53.882887948217707 ], [ -0.139069001303774, 53.882880876861343 ], [ -0.139092941360411, 53.882341891799896 ], [ -0.138636812693372, 53.882334818849927 ], [ -0.138648785359323, 53.882065326367652 ], [ -0.138192659817566, 53.8820582517547 ], [ -0.138216610424461, 53.881519266887011 ], [ -0.137760490938075, 53.881512190680567 ], [ -0.137784446624517, 53.880973205895799 ], [ -0.137328333193341, 53.880966128095942 ], [ -0.137340313673761, 53.880696635752052 ], [ -0.136884203367738, 53.880689556289354 ], [ -0.136896186582846, 53.880420064000937 ], [ -0.13644007940197, 53.88041298287542 ], [ -0.136452065351671, 53.88014349064251 ], [ -0.135995961295932, 53.880136407854209 ], [ -0.13601993846899, 53.87959742348545 ], [ -0.135563840468119, 53.879590339103935 ], [ -0.135575831691338, 53.879320846968092 ], [ -0.135119736815535, 53.879313760923893 ], [ -0.135143724535081, 53.878774776749275 ], [ -0.134687635713924, 53.878767689112003 ], [ -0.134699632210113, 53.878498197073256 ], [ -0.134243546513954, 53.878491107773385 ], [ -0.134267544778887, 53.877952123793037 ], [ -0.133811465137157, 53.877945032900186 ], [ -0.133823466905762, 53.877675540958613 ], [ -0.133367390388961, 53.877668448403234 ], [ -0.133415407225076, 53.876590480775249 ], [ -0.132959342620907, 53.876583386766328 ], [ -0.13304338505776, 53.874696943365116 ], [ -0.132587341152171, 53.874689848111743 ], [ -0.13261135737418, 53.874150864295949 ], [ -0.132155319521779, 53.874143767449979 ], [ -0.132179340818637, 53.873604783717447 ], [ -0.131723309019265, 53.873597685278931 ], [ -0.131759348282729, 53.872789209784017 ], [ -0.131303325464731, 53.872782109822744 ], [ -0.1313153410896, 53.872512618032765 ], [ -0.130859321395805, 53.872505516409383 ], [ -0.130883357915076, 53.871966532926784 ], [ -0.130427344273829, 53.871959429711055 ], [ -0.130439365168092, 53.871689938018442 ], [ -0.129983354650979, 53.871682833140682 ], [ -0.130007401708487, 53.871143849852906 ], [ -0.129551397243701, 53.871136743382912 ], [ -0.129575449374004, 53.870597760178548 ], [ -0.129119450961387, 53.87059065211642 ], [ -0.129131479660733, 53.870321160562966 ], [ -0.128675484372119, 53.870314050838935 ], [ -0.128699547038927, 53.869775067829558 ], [ -0.12824355780226, 53.869767956513499 ], [ -0.128255591769584, 53.869498465057553 ], [ -0.127799605656852, 53.869491352079677 ], [ -0.127811642355996, 53.869221860679545 ], [ -0.12735565936719, 53.869214746039916 ], [ -0.127379738032811, 53.868675763337272 ], [ -0.126923761095672, 53.868668647105743 ], [ -0.12693580306201, 53.868399155803218 ], [ -0.126479829248727, 53.868392037910027 ], [ -0.126503918448187, 53.86785305540262 ], [ -0.126047950686349, 53.867845935917678 ], [ -0.126059997919332, 53.867576444712817 ], [ -0.125604033281282, 53.867569323566265 ], [ -0.125628133013481, 53.867030341254257 ], [ -0.125172174426656, 53.86702321851606 ], [ -0.125184226925733, 53.86675372740892 ], [ -0.124728271462626, 53.866746603009219 ], [ -0.124752381726465, 53.866207620892702 ], [ -0.124296432314363, 53.866200494901477 ], [ -0.124320547647204, 53.865661512868712 ], [ -0.123864604285945, 53.865654385286042 ], [ -0.123876664584911, 53.865384894318552 ], [ -0.123420724347241, 53.865377765074506 ], [ -0.123432787376859, 53.865108274162971 ], [ -0.12297685026277, 53.865101143257576 ], [ -0.122988916022944, 53.864831652402003 ], [ -0.122532982032427, 53.864824519835288 ], [ -0.122569186914621, 53.864016047394394 ], [ -0.122113261901498, 53.864008913306478 ], [ -0.122125332729273, 53.863739422534792 ], [ -0.1216694108396, 53.86373228678567 ], [ -0.121693557758869, 53.863193305340253 ], [ -0.121237641919378, 53.86318616800002 ], [ -0.121249718010733, 53.862916677326318 ], [ -0.120793805294624, 53.862909538324971 ], [ -0.120817962740504, 53.862370557075572 ], [ -0.120362056074356, 53.862363416483227 ], [ -0.120386218586357, 53.861824435317828 ], [ -0.119930317970011, 53.861817293134564 ], [ -0.119942401857299, 53.861547802600924 ], [ -0.119486504364204, 53.86154065875666 ], [ -0.119498590981072, 53.861271168279075 ], [ -0.119042696611221, 53.861264022773881 ], [ -0.119054785957573, 53.860994532352386 ], [ -0.118598894710955, 53.86098738518627 ], [ -0.118623078665495, 53.860448404441456 ], [ -0.118167193468339, 53.860441255684641 ], [ -0.118179288076389, 53.860171765361343 ], [ -0.117723406002397, 53.860164614943692 ], [ -0.117747600479785, 53.859625634395279 ], [ -0.117291724455032, 53.859618482387035 ], [ -0.117303824324232, 53.859348992161955 ], [ -0.116847951422575, 53.859341838492966 ], [ -0.116860054020697, 53.859072348324069 ], [ -0.116404184242127, 53.859065192994365 ], [ -0.116428394698874, 53.85852621275486 ], [ -0.115972530969263, 53.858519055834755 ], [ -0.115984638827751, 53.858249565764154 ], [ -0.115528778221158, 53.858242407183418 ], [ -0.115552999198089, 53.857703427140606 ], [ -0.115097144640233, 53.857696266969583 ], [ -0.115109257758538, 53.857426776997372 ], [ -0.114653406323632, 53.857419615165796 ], [ -0.114665522170296, 53.857150125249824 ], [ -0.114209673858329, 53.857142961757745 ], [ -0.114221792433258, 53.856873471898034 ], [ -0.113765947244223, 53.856866306745481 ], [ -0.11379018965302, 53.856327327124532 ], [ -0.113334350512381, 53.856320160381912 ], [ -0.113346474346112, 53.856050670620661 ], [ -0.112890638328335, 53.856043502217659 ], [ -0.112914891254186, 53.85550452279373 ], [ -0.112459061284585, 53.855497352800768 ], [ -0.112471190376567, 53.855227863138104 ], [ -0.112015363529758, 53.855220691484817 ], [ -0.112027495349443, 53.854951201878464 ], [ -0.111571671625419, 53.854944028564937 ], [ -0.111583806172711, 53.854674539014937 ], [ -0.111127985571463, 53.854667364041163 ], [ -0.111140122846267, 53.854397874547516 ], [ -0.110684305367785, 53.854390697913558 ], [ -0.110720724781375, 53.853582229559578 ], [ -0.109809107967622, 53.8535678715226 ], [ -0.109833398287829, 53.85302889283146 ], [ -0.10937759602737, 53.853021711358103 ], [ -0.109389743815632, 53.852752222061909 ], [ -0.108933944677802, 53.852745038928532 ], [ -0.108946095193013, 53.852475549688776 ], [ -0.108490299177804, 53.852468364895408 ], [ -0.108514605464036, 53.851929386514726 ], [ -0.108058815496098, 53.851922200131952 ], [ -0.108070971266981, 53.851652710991033 ], [ -0.107615184421593, 53.851645522948353 ], [ -0.107639501218621, 53.851106544765415 ], [ -0.107183720420283, 53.851099355133414 ], [ -0.10719588144629, 53.850829866091395 ], [ -0.106740103770433, 53.850822674799609 ], [ -0.106752267522828, 53.850553185814093 ], [ -0.106296492969444, 53.850545992862507 ], [ -0.106308659448132, 53.850276503933529 ], [ -0.105852888017212, 53.850269309322201 ], [ -0.105877226228835, 53.849730331563215 ], [ -0.105421460844623, 53.849723135362815 ], [ -0.105433632577419, 53.849453646532844 ], [ -0.104977870315603, 53.849446448672765 ], [ -0.104990044774364, 53.849176959899353 ], [ -0.104534285634933, 53.849169760379681 ], [ -0.104546462819563, 53.848900271662835 ], [ -0.104090706802511, 53.848893070483555 ], [ -0.104115066425003, 53.848354093149013 ], [ -0.103659316454317, 53.848346890380867 ], [ -0.10367149889204, 53.848077401763177 ], [ -0.103215752043661, 53.848070197335524 ], [ -0.10324012217179, 53.847531220199286 ], [ -0.102784381369558, 53.847524014182881 ], [ -0.102796569059826, 53.847254525664368 ], [ -0.102340831379832, 53.847247317988547 ], [ -0.102353021795408, 53.846977829526679 ], [ -0.101897287237644, 53.846970620191463 ], [ -0.101921673320696, 53.846431643367026 ], [ -0.101465944808798, 53.846424432443214 ], [ -0.101478140476136, 53.846154944080645 ], [ -0.101022415086398, 53.846147731497545 ], [ -0.101034613478716, 53.845878243191684 ], [ -0.10057889121113, 53.845871028949304 ], [ -0.100591092328333, 53.845601540700144 ], [ -0.10013537318289, 53.845594324798562 ], [ -0.100159780668182, 53.845055348399598 ], [ -0.099704067568262, 53.845048130909646 ], [ -0.099716273936212, 53.844778642759856 ], [ -0.099260563958367, 53.844771423610752 ], [ -0.099284981944606, 53.844232447410647 ], [ -0.098829278012062, 53.844225226673288 ], [ -0.098841489630212, 53.843955738622959 ], [ -0.098385788819673, 53.843948516226561 ], [ -0.098410217305762, 53.84340954022538 ], [ -0.097954522540306, 53.843402316240841 ], [ -0.097978956077011, 53.842863340325096 ], [ -0.097523267356476, 53.842856114752493 ], [ -0.097535486749428, 53.842586626844387 ], [ -0.097079801150767, 53.842579399612859 ], [ -0.097092023267671, 53.842309911761589 ], [ -0.096636340790877, 53.842302682871178 ], [ -0.096660790273377, 53.841763707268228 ], [ -0.096205113841224, 53.841756476789932 ], [ -0.096217341206682, 53.841486989038266 ], [ -0.095761667896324, 53.841479756901151 ], [ -0.095773897985407, 53.841210269206378 ], [ -0.095318227796838, 53.841203035410501 ], [ -0.095342693222915, 53.840664060120631 ], [ -0.094887029078704, 53.840656824737025 ], [ -0.09489926441556, 53.840387337141927 ], [ -0.094443603393069, 53.840380100099644 ], [ -0.094455841453221, 53.840110612561489 ], [ -0.094000183552439, 53.840103373860551 ], [ -0.094024664919873, 53.839564398884001 ], [ -0.093569013063169, 53.839557158595483 ], [ -0.093581256370313, 53.83928767115713 ], [ -0.093125607635251, 53.839280429210056 ], [ -0.093137853665362, 53.839010941828661 ], [ -0.092682208051931, 53.839003698223074 ], [ -0.092706705358503, 53.838464723560136 ], [ -0.092251065788869, 53.83845747836714 ], [ -0.092263317065192, 53.838187991085611 ], [ -0.09180768061712, 53.838180744234165 ], [ -0.091819934616083, 53.837911257009651 ], [ -0.091364301289564, 53.837904008499805 ], [ -0.091388814533057, 53.837365034150736 ], [ -0.090933187250055, 53.837357784053651 ], [ -0.090945446494447, 53.837088296929096 ], [ -0.090489822332929, 53.837081045173697 ], [ -0.090502084299634, 53.836811558106213 ], [ -0.09004646325959, 53.836804304692528 ], [ -0.090070992437787, 53.836265330657547 ], [ -0.089159762643859, 53.836250818926644 ], [ -0.089184302710267, 53.835711845120073 ], [ -0.088728693956262, 53.835704586802947 ], [ -0.088740966611488, 53.835435099949713 ], [ -0.088285360978871, 53.835427839974464 ], [ -0.088297636355892, 53.835158353178365 ], [ -0.087842033844654, 53.835151091545008 ], [ -0.087866589842235, 53.834612118052981 ], [ -0.08741099337383, 53.834604854832833 ], [ -0.087435554414781, 53.834065881426902 ], [ -0.086979963989048, 53.834058616620034 ], [ -0.086992247130998, 53.83378912996718 ], [ -0.086536659826515, 53.833781863502317 ], [ -0.086561231353093, 53.833242890296916 ], [ -0.086105650091061, 53.833235622245461 ], [ -0.086117938475551, 53.832966135692892 ], [ -0.0856623603347, 53.832958865983557 ], [ -0.08568694234581, 53.832419892978734 ], [ -0.08523137024719, 53.832412621682927 ], [ -0.085255957300057, 53.831873648764343 ], [ -0.084800391243508, 53.831866375882079 ], [ -0.084812687390711, 53.831596889472991 ], [ -0.084357124455212, 53.831589614932987 ], [ -0.084369423323139, 53.831320128581147 ], [ -0.083913863508682, 53.831312852383441 ], [ -0.083938466485573, 53.83077387978021 ], [ -0.083482912712905, 53.830766601996245 ], [ -0.08349521682173, 53.830497115744848 ], [ -0.083039666170034, 53.830489836303265 ], [ -0.083051972999256, 53.830220350109187 ], [ -0.082596425468522, 53.830213069009993 ], [ -0.08262104436722, 53.829674096722357 ], [ -0.082165502877997, 53.82966681403709 ], [ -0.082177814947335, 53.829397327943539 ], [ -0.081722276579004, 53.829390043600768 ], [ -0.08174690595739, 53.828851071514244 ], [ -0.081291373630347, 53.828843785585505 ], [ -0.081303690939256, 53.828574299592532 ], [ -0.080848161733038, 53.828567012006381 ], [ -0.080872801590015, 53.828028040121083 ], [ -0.080417278424864, 53.828020750949065 ], [ -0.080429600972795, 53.827751265056754 ], [ -0.079974080928399, 53.827743974227396 ], [ -0.079998731262874, 53.827205002543465 ], [ -0.079543217259325, 53.827197710128374 ], [ -0.079555545045731, 53.826928224336761 ], [ -0.079100034162868, 53.826920930264407 ], [ -0.079124694973746, 53.826381958781923 ], [ -0.078669190131508, 53.826374663123978 ], [ -0.078693855979463, 53.825835691728145 ], [ -0.078238357177693, 53.825828394484617 ], [ -0.078250692720408, 53.825558908837095 ], [ -0.077795197039191, 53.825551609936468 ], [ -0.077819873361827, 53.825012638742258 ], [ -0.077364383720857, 53.82500533825619 ], [ -0.077376724500638, 53.824735852709523 ], [ -0.076921237980154, 53.824728550566412 ], [ -0.076945924776374, 53.824189579573975 ], [ -0.076490444295915, 53.824182275845516 ], [ -0.076502790312215, 53.823912790399774 ], [ -0.076047312952173, 53.823905485014407 ], [ -0.076059661687008, 53.823635999626184 ], [ -0.075604187447373, 53.823628692583888 ], [ -0.075628890152919, 53.823089721908424 ], [ -0.074717953954182, 53.823075102924989 ], [ -0.07474266753283, 53.822536132479811 ], [ -0.074287205573606, 53.822528820538786 ], [ -0.074311924186264, 53.821989850180536 ], [ -0.073856468266504, 53.821982536654509 ], [ -0.073868830190244, 53.821713051525926 ], [ -0.073413377390743, 53.821705736343198 ], [ -0.073425742032362, 53.82143625127226 ], [ -0.072970292353111, 53.821428934432838 ], [ -0.072995026870668, 53.820889964392101 ], [ -0.0725395832306, 53.82088264596787 ], [ -0.072551953106399, 53.820613160998079 ], [ -0.07209651258651, 53.820605840917274 ], [ -0.072121257571879, 53.820066871078893 ], [ -0.071665823090953, 53.820059549413394 ], [ -0.071678198200386, 53.819790064544826 ], [ -0.071222766839572, 53.819782741222795 ], [ -0.07124752229166, 53.819243771586926 ], [ -0.070792096969586, 53.819236446680321 ], [ -0.070804477312105, 53.818966961913013 ], [ -0.070349055110074, 53.818959635350012 ], [ -0.070373821027789, 53.818420665916747 ], [ -0.069462988902304, 53.818406007893508 ], [ -0.069487765687708, 53.817867038691269 ], [ -0.069032355764134, 53.817859707231165 ], [ -0.069057137579856, 53.817320738116145 ], [ -0.06860173369452, 53.817313405071729 ], [ -0.068614127218192, 53.817043920564963 ], [ -0.06815872645275, 53.817036585864336 ], [ -0.068171122692949, 53.816767101415365 ], [ -0.067715725047393, 53.816759765058578 ], [ -0.067740522758909, 53.816220796262115 ], [ -0.06728513115131, 53.81621345832118 ], [ -0.06729753262249, 53.815943973973702 ], [ -0.066842144134707, 53.815936634376669 ], [ -0.066866952307639, 53.815397665783273 ], [ -0.065956187609416, 53.815382981693162 ], [ -0.065981006646489, 53.814844013331239 ], [ -0.065525630435928, 53.81483666883824 ], [ -0.06553804256938, 53.814567184708089 ], [ -0.065082669478548, 53.814559838559155 ], [ -0.065107498975013, 53.814020870400519 ], [ -0.064652131921575, 53.814013522667793 ], [ -0.064676966445294, 53.813474554596702 ], [ -0.064221605429092, 53.813467205280205 ], [ -0.064234025305436, 53.813197721295545 ], [ -0.063778667408833, 53.813190370323248 ], [ -0.063803512390223, 53.812651402455629 ], [ -0.063348160530634, 53.812644049899703 ], [ -0.063360585635541, 53.812374566016786 ], [ -0.062905236895482, 53.812367211805167 ], [ -0.062917664715563, 53.812097727980216 ], [ -0.062462319095024, 53.812090372112948 ], [ -0.062474749630184, 53.811820888345991 ], [ -0.062019407129156, 53.811813530823066 ], [ -0.062056706272757, 53.811005079653754 ], [ -0.061601372725524, 53.810997720619618 ], [ -0.061626243643996, 53.810458753246969 ], [ -0.061170916133176, 53.810451392629481 ], [ -0.061183354205922, 53.810181908994132 ], [ -0.060728029814432, 53.810174546721171 ], [ -0.060752911186671, 53.809635579552371 ], [ -0.060297592831373, 53.809628215696215 ], [ -0.060310036130728, 53.809358732162806 ], [ -0.059854720894692, 53.809351366651242 ], [ -0.059867166908385, 53.809081883175907 ], [ -0.059411854791599, 53.809074516008963 ], [ -0.059424303519538, 53.808805032591742 ], [ -0.058968994521994, 53.808797663769461 ], [ -0.058993897203608, 53.808258697037076 ], [ -0.058538594241915, 53.808251326631797 ], [ -0.058551048195452, 53.807981843316654 ], [ -0.058095748352932, 53.807974471256124 ], [ -0.058108205020387, 53.807704987999131 ], [ -0.057652908297029, 53.807697614283406 ], [ -0.057677826856897, 53.807158647871525 ], [ -0.057222536169109, 53.80715127257298 ], [ -0.057234998061384, 53.806881789418135 ], [ -0.056779710492692, 53.806874412464438 ], [ -0.056792175098557, 53.806604929367779 ], [ -0.056336890648948, 53.806597550759015 ], [ -0.05634935796831, 53.806328067720536 ], [ -0.055894076637777, 53.806320687456711 ], [ -0.055906546670539, 53.806051204476496 ], [ -0.055451268459074, 53.806043822557626 ], [ -0.055476213748312, 53.805504856699436 ], [ -0.055020941572015, 53.805497473198024 ], [ -0.055045891881757, 53.804958507427969 ], [ -0.054590625740467, 53.80495112234405 ], [ -0.054603103506901, 53.804681639510193 ], [ -0.054147840484548, 53.804674252771413 ], [ -0.054172801240272, 53.804135287206051 ], [ -0.053262287468199, 53.804120508836412 ], [ -0.053274773373158, 53.803851026177448 ], [ -0.052819519707561, 53.803843634474205 ], [ -0.052832008325173, 53.803574151873541 ], [ -0.052376757778478, 53.803566758515537 ], [ -0.052414231159423, 53.802758310846031 ], [ -0.051958989562877, 53.802750915978386 ], [ -0.051971483199049, 53.802481433466063 ], [ -0.051516244721282, 53.802474036943757 ], [ -0.051541237214927, 53.801935072021642 ], [ -0.051086004771385, 53.801927673917319 ], [ -0.051098503628719, 53.801658191507528 ], [ -0.050643274303887, 53.801650791748628 ], [ -0.05066827723931, 53.801111827031676 ], [ -0.050213053948482, 53.801104425690838 ], [ -0.050225558026432, 53.80083494338367 ], [ -0.049770337854244, 53.80082754038839 ], [ -0.049795351230353, 53.800288575876706 ], [ -0.048884923157015, 53.800273764995467 ], [ -0.048909947379741, 53.799734800717566 ], [ -0.048454739478471, 53.799727392831699 ], [ -0.048479768717113, 53.799188428642381 ], [ -0.048024566849343, 53.799181019174853 ], [ -0.048037084078243, 53.798911537131559 ], [ -0.047581885328965, 53.798904126009788 ], [ -0.047606925005647, 53.79836516202603 ], [ -0.047151732289652, 53.798357749322733 ], [ -0.047176776981271, 53.797818785427587 ], [ -0.046721590298397, 53.797811371142849 ], [ -0.046734115253354, 53.797541889246688 ], [ -0.046278931688843, 53.797534473307792 ], [ -0.046316514075128, 53.796726027752378 ], [ -0.045861339458018, 53.796718610304893 ], [ -0.045873869427073, 53.796449128497436 ], [ -0.045418697928202, 53.796441709395921 ], [ -0.045431230607871, 53.796172227647041 ], [ -0.044976062227234, 53.796164806891518 ], [ -0.045013667786184, 53.795356361778026 ], [ -0.044558508352318, 53.795348939514135 ], [ -0.044571046045105, 53.795079457854037 ], [ -0.044115889729348, 53.79507203393625 ], [ -0.04414097033146, 53.794533070719076 ], [ -0.043685820047906, 53.794525645220268 ], [ -0.043698362957095, 53.794256163663192 ], [ -0.043243215791581, 53.794248736510553 ], [ -0.043255761410782, 53.793979255012133 ], [ -0.042800617363299, 53.79397182620572 ], [ -0.042825713817466, 53.793432863311985 ], [ -0.042370575801903, 53.793425432924721 ], [ -0.042383126636731, 53.793155951529407 ], [ -0.04192799173913, 53.79314851948844 ], [ -0.041953098624002, 53.792609556801004 ], [ -0.041042841096397, 53.792594687831006 ], [ -0.041055400059999, 53.792325206611814 ], [ -0.04060027451623, 53.792317769609966 ], [ -0.040625397657956, 53.79177880727481 ], [ -0.040170278145704, 53.791771368692388 ], [ -0.040195406297355, 53.791232406446305 ], [ -0.03974029281646, 53.791224966283316 ], [ -0.039752859499253, 53.790955485211946 ], [ -0.039297749136163, 53.79094804339551 ], [ -0.03932288771541, 53.790409081356081 ], [ -0.038867783383458, 53.790401637959235 ], [ -0.038880355279776, 53.790132156991206 ], [ -0.038425254065558, 53.790124711940976 ], [ -0.038437828670677, 53.789855231031751 ], [ -0.037982730574186, 53.789847784328195 ], [ -0.037995307888011, 53.789578303477782 ], [ -0.037540212909237, 53.789570855120928 ], [ -0.037552792931674, 53.789301374329348 ], [ -0.037097701070607, 53.789293924319225 ], [ -0.037122866327904, 53.788754962839562 ], [ -0.036212694871895, 53.788740057932756 ], [ -0.036237870962609, 53.788201096688546 ], [ -0.035782791367544, 53.788193641791956 ], [ -0.035795382018742, 53.787924161221646 ], [ -0.035340305541299, 53.787916704671929 ], [ -0.035352898900594, 53.787647224160516 ], [ -0.034897825540761, 53.787639765957749 ], [ -0.034923017470532, 53.78710080503857 ], [ -0.034467950141031, 53.787093345255904 ], [ -0.03448054871137, 53.786823864848145 ], [ -0.034025484499411, 53.786816403412487 ], [ -0.03403808577752, 53.786546923063675 ], [ -0.033583024683093, 53.786539459975074 ], [ -0.033620836025614, 53.785731019062851 ], [ -0.033165783873716, 53.785723554467737 ], [ -0.033178390157109, 53.785454074208424 ], [ -0.032723341122623, 53.785446607960452 ], [ -0.032735950113417, 53.785177127760136 ], [ -0.032280904196332, 53.785169659859328 ], [ -0.032293515894432, 53.784900179718022 ], [ -0.031838473094741, 53.784892710164435 ], [ -0.031851087500053, 53.784623230082154 ], [ -0.031396047817747, 53.784615758875823 ], [ -0.031421281837453, 53.784076798815107 ], [ -0.030966248184694, 53.784069326029346 ], [ -0.030978867798952, 53.783799846050925 ], [ -0.030523837263508, 53.783792371612499 ], [ -0.030536459584651, 53.78352289169316 ], [ -0.030081432166514, 53.783515415602089 ], [ -0.030106682017106, 53.782976455867335 ], [ -0.029651660628235, 53.782968978197012 ], [ -0.029664288157548, 53.782699498381611 ], [ -0.029209269885913, 53.782692019058743 ], [ -0.029234530152302, 53.782153059531929 ], [ -0.028779517909712, 53.782145578629915 ], [ -0.028792150646651, 53.781876098918538 ], [ -0.028337141521229, 53.781868616364022 ], [ -0.028349776964494, 53.781599136711776 ], [ -0.027894770956228, 53.781591652504879 ], [ -0.027920047049745, 53.78105269330446 ], [ -0.027010047296266, 53.781037720006914 ], [ -0.027035334214061, 53.780498761043219 ], [ -0.026580340468727, 53.780491271952684 ], [ -0.026605632387167, 53.779952313078923 ], [ -0.026150644670316, 53.779944822409561 ], [ -0.026163293232504, 53.779675343024792 ], [ -0.025708308632662, 53.779667850703213 ], [ -0.025720959900525, 53.779398371377653 ], [ -0.025265978417682, 53.779390877403884 ], [ -0.025291286158841, 53.778851918857015 ], [ -0.024836310704201, 53.778844423304598 ], [ -0.024861623444755, 53.778305464847776 ], [ -0.023951684797368, 53.778290468860199 ], [ -0.02396434668113, 53.778020989757486 ], [ -0.023509380577252, 53.778013489248863 ], [ -0.023534709549203, 53.777474531147774 ], [ -0.022624789603103, 53.77745952524814 ], [ -0.022650129395039, 53.776920567384366 ], [ -0.022195175552697, 53.776913061993461 ], [ -0.022207848050509, 53.776643583113803 ], [ -0.02175289732499, 53.776636076071028 ], [ -0.021778247524033, 53.776097118416168 ], [ -0.021323302826033, 53.776089609795164 ], [ -0.021335980527126, 53.775820131020012 ], [ -0.02088103894588, 53.775812620747217 ], [ -0.020906399550943, 53.775273663301412 ], [ -0.020451463996994, 53.775266151450523 ], [ -0.020464146900825, 53.774996672779892 ], [ -0.020009214463561, 53.774989159277311 ], [ -0.020021900071668, 53.774719680666109 ], [ -0.019566970751079, 53.774712165511843 ], [ -0.019579659063367, 53.774442686960079 ], [ -0.019124732859444, 53.774435170154163 ], [ -0.019137423875819, 53.77416569166185 ], [ -0.018682500788553, 53.774158173204334 ], [ -0.01869519450892, 53.7738886947715 ], [ -0.018240274538303, 53.773881174662414 ], [ -0.018252970962568, 53.773611696289066 ], [ -0.017343137461049, 53.773596651042553 ], [ -0.017368541331087, 53.773057694548122 ], [ -0.016913630710359, 53.773050169484534 ], [ -0.016926335245752, 53.772780691289718 ], [ -0.016471427741635, 53.772773164574687 ], [ -0.016484134980548, 53.772503686439428 ], [ -0.016029230593034, 53.772496158072997 ], [ -0.016041940535373, 53.772226679997296 ], [ -0.015587039264454, 53.772219149979527 ], [ -0.015612464349145, 53.771680193932973 ], [ -0.015157569104695, 53.771672662337721 ], [ -0.015182999182441, 53.771133706381825 ], [ -0.014728109964301, 53.771126173209154 ], [ -0.014740827602888, 53.77085669528369 ], [ -0.014285941501211, 53.770849160459782 ], [ -0.014311381977543, 53.770310204713795 ], [ -0.013856501901956, 53.77030266831261 ], [ -0.013869224739565, 53.7700331904921 ], [ -0.01341434778037, 53.770025652439784 ], [ -0.01342707332071, 53.769756174678932 ], [ -0.012972199477898, 53.7697486349755 ], [ -0.012984927720876, 53.76947915727429 ], [ -0.012530056994441, 53.769471615919777 ], [ -0.012555518678546, 53.76893266062249 ], [ -0.012100653977858, 53.768925117690884 ], [ -0.012113387418849, 53.768655640094806 ], [ -0.011658525834466, 53.768648095512212 ], [ -0.011683997914056, 53.768109140425182 ], [ -0.010774287003401, 53.768094046381201 ], [ -0.010787028551041, 53.767824568964244 ], [ -0.010332176315519, 53.767817019428925 ], [ -0.010357664607715, 53.767278064700292 ], [ -0.009902818397538, 53.767270513588137 ], [ -0.009915565141955, 53.767001036276433 ], [ -0.009460722047986, 53.766993483513495 ], [ -0.009486220733191, 53.766454528995382 ], [ -0.009031383664346, 53.76644697465575 ], [ -0.009056887338385, 53.765908020228665 ], [ -0.008147225457926, 53.765892906671368 ], [ -0.008159982801612, 53.765623429584608 ], [ -0.007705155081155, 53.765615870292933 ], [ -0.007730674963889, 53.765076916224793 ], [ -0.007275853268214, 53.765069355356644 ], [ -0.007301378138611, 53.764530401379638 ], [ -0.006846562467557, 53.764522838935079 ], [ -0.006859327500145, 53.764253361999295 ], [ -0.00640451494508, 53.764245797904231 ], [ -0.006417282678676, 53.763976321028331 ], [ -0.005962473239591, 53.763968755282782 ], [ -0.005975243674099, 53.763699278466788 ], [ -0.005520437350986, 53.763691711070791 ], [ -0.005545983414049, 53.76315275754434 ], [ -0.005091183115216, 53.763145188572175 ], [ -0.005103958743633, 53.762875711861717 ], [ -0.004649161560701, 53.762868141239196 ], [ -0.004661939889706, 53.762598664588673 ], [ -0.004207145822666, 53.762591092315837 ], [ -0.004219926852165, 53.76232161572527 ], [ -0.003765135901007, 53.762314041802142 ], [ -0.003777919630905, 53.762044565271552 ], [ -0.003323131795622, 53.762036989698146 ], [ -0.003335918225824, 53.761767513227554 ], [ -0.002881133506407, 53.761759936003962 ], [ -0.002906711559388, 53.761220983168478 ], [ -0.002451932863785, 53.761213404369002 ], [ -0.002477515901187, 53.760674451624951 ], [ -0.00202274322924, 53.760666871249661 ], [ -0.002035537343937, 53.760397394930536 ], [ -0.001580767787725, 53.760389812905153 ], [ -0.001593564602264, 53.760120336646061 ], [ -0.001138798161777, 53.760112752970642 ], [ -0.001164396982344, 53.759573800558272 ], [ -0.000709636565232, 53.759566215307217 ], [ -0.000735240368972, 53.7590272629864 ], [ -0.000280485975076, 53.75901967615976 ], [ -0.000293290472398, 53.758750200052297 ], [ 0.000161460805905, 53.758742611575727 ], [ 0.000148653609203, 53.758473135528362 ], [ 0.000603401771921, 53.758465545401947 ], [ 0.000590591875932, 53.758196069414687 ], [ 0.001045336923075, 53.758188477638427 ], [ 0.001032524327896, 53.757919001711308 ], [ 0.001487266259471, 53.757911408285239 ], [ 0.001474450965196, 53.75764193241826 ], [ 0.001929189781212, 53.757634337342409 ], [ 0.001916371787935, 53.757364861535613 ], [ 0.002371107488403, 53.757357264810018 ], [ 0.002345466312369, 53.756818313302446 ], [ 0.002800195990147, 53.756810715001656 ], [ 0.002774549833282, 53.756271763585843 ], [ 0.003229273488529, 53.756264163709915 ], [ 0.00321644781565, 53.755994688055061 ], [ 0.003671168355479, 53.755987086529508 ], [ 0.003645511821096, 53.755448135325956 ], [ 0.004100226338616, 53.755440532225379 ], [ 0.004087395477248, 53.755171056676687 ], [ 0.00454210687942, 53.755163451926592 ], [ 0.004516439968605, 53.754624500935385 ], [ 0.004971145348686, 53.754616894610386 ], [ 0.004958309299376, 53.754347419167892 ], [ 0.005413011564179, 53.754339811193454 ], [ 0.005400172816789, 53.754070335811242 ], [ 0.005854871966324, 53.754062726187414 ], [ 0.005842030520951, 53.753793250865485 ], [ 0.006296726555227, 53.753785639592301 ], [ 0.006283882411966, 53.753516164330676 ], [ 0.00673857533099, 53.75350855140816 ], [ 0.006712881857621, 53.752969600991264 ], [ 0.007167568754959, 53.752961986494093 ], [ 0.007141870303802, 53.75242303616924 ], [ 0.007596551179613, 53.752415420097506 ], [ 0.007583699360904, 53.752145944988264 ], [ 0.008038377121595, 53.752138327267325 ], [ 0.008025522605459, 53.75186885221845 ], [ 0.00848019725104, 53.751861232848356 ], [ 0.008467340037571, 53.75159175785987 ], [ 0.008922011568051, 53.751584136840641 ], [ 0.008909151657344, 53.751314661912559 ], [ 0.009363820072731, 53.751307039244239 ], [ 0.009338095066019, 53.750768089494564 ], [ 0.010247419645513, 53.75075283928556 ], [ 0.010234551643656, 53.750483364538738 ], [ 0.010689210713821, 53.75047573692337 ], [ 0.010676340015103, 53.750206262237008 ], [ 0.011130995970213, 53.75019863297269 ], [ 0.011105249388403, 53.749659683706589 ], [ 0.011559899322632, 53.749652052868157 ], [ 0.011547023439676, 53.749382578288426 ], [ 0.012001670258921, 53.749374945801137 ], [ 0.011975913309179, 53.748835996748348 ], [ 0.012430554107763, 53.748828362687057 ], [ 0.012417673041114, 53.748558888214021 ], [ 0.012872310724782, 53.748551252503951 ], [ 0.012859426961828, 53.748281778091439 ], [ 0.013314061530589, 53.748274140732612 ], [ 0.013301175071424, 53.748004666380652 ], [ 0.013755806525289, 53.747997027373131 ], [ 0.013730028424131, 53.747458078775978 ], [ 0.014184653857678, 53.747450438194662 ], [ 0.014171762215823, 53.747180963949496 ], [ 0.014626384534543, 53.747173321719572 ], [ 0.014613490196802, 53.746903847535009 ], [ 0.01552272839507, 53.74688855805443 ], [ 0.015509828456263, 53.746619084005403 ], [ 0.01596444433578, 53.746611436754826 ], [ 0.015938639276494, 53.746072488763716 ], [ 0.016393249135996, 53.746064839939635 ], [ 0.016380344015655, 53.745795365997544 ], [ 0.016834950760376, 53.745787715524997 ], [ 0.016809135338563, 53.745248767747832 ], [ 0.017263736063492, 53.745241115701866 ], [ 0.017250825762157, 53.74497164186679 ], [ 0.017705423372374, 53.744963988172472 ], [ 0.017692510375856, 53.744694514398084 ], [ 0.018147104871371, 53.74468685905542 ], [ 0.018121273697978, 53.74414791161373 ], [ 0.018575862173982, 53.744140254697825 ], [ 0.018562943997244, 53.743870781030516 ], [ 0.019017529358616, 53.743863122466379 ], [ 0.018991687825326, 53.743324175238918 ], [ 0.019446267167408, 53.743316515101625 ], [ 0.019433343810992, 53.743047041541466 ], [ 0.020342496056042, 53.743031716247323 ], [ 0.020329567100435, 53.742762242823083 ], [ 0.020784140003371, 53.742754577666275 ], [ 0.020771208353281, 53.742485104302801 ], [ 0.021225778141631, 53.742477437497904 ], [ 0.021212843797153, 53.742207964195252 ], [ 0.021667410470927, 53.742200295742336 ], [ 0.021654473432156, 53.7419308225005 ], [ 0.02210903699136, 53.741923152399558 ], [ 0.022096097258391, 53.741653679218565 ], [ 0.022550657703037, 53.741646007469654 ], [ 0.02252477305913, 53.741107061215033 ], [ 0.022979327484973, 53.741099387893399 ], [ 0.022966382574173, 53.740829914819777 ], [ 0.023420933885527, 53.740822239850253 ], [ 0.023407986280852, 53.740552766837531 ], [ 0.023862534477727, 53.740545090220152 ], [ 0.023836634091183, 53.740006144302129 ], [ 0.024291176269536, 53.739998466112205 ], [ 0.024278223487804, 53.739728993206946 ], [ 0.024732762551747, 53.73972131336923 ], [ 0.024719807076465, 53.739451840524879 ], [ 0.02517434302601, 53.739444159039451 ], [ 0.025161384857272, 53.73917468625605 ], [ 0.025615917692426, 53.739167003122937 ], [ 0.025602956830327, 53.738897530400465 ], [ 0.026057486551099, 53.738889845619688 ], [ 0.026044522995734, 53.738620372958209 ], [ 0.026499049602134, 53.738612686529784 ], [ 0.026473117315674, 53.73807374131448 ], [ 0.026927637904016, 53.738066053313801 ], [ 0.026914669173057, 53.737796580759969 ], [ 0.027369186647097, 53.737788891111748 ], [ 0.027356215223197, 53.737519418618938 ], [ 0.027810729582944, 53.737511727323188 ], [ 0.027784781560187, 53.736972782445264 ], [ 0.028239289902158, 53.73696508957746 ], [ 0.028226313303438, 53.736695617192368 ], [ 0.028680818531184, 53.736687922677149 ], [ 0.028654860159329, 53.736148978014704 ], [ 0.02910935936952, 53.736141281927509 ], [ 0.029096377596522, 53.735871809650178 ], [ 0.02955087369256, 53.735864111915667 ], [ 0.029537889227176, 53.735594639699443 ], [ 0.02999238220907, 53.73558694031761 ], [ 0.029979395051393, 53.735317468162471 ], [ 0.030433884919154, 53.735309767133366 ], [ 0.030420895069279, 53.735040295039354 ], [ 0.030875381822915, 53.735032592363012 ], [ 0.030849396949983, 53.734493648282907 ], [ 0.031303877686467, 53.734485944034887 ], [ 0.031290882663546, 53.734216472048765 ], [ 0.031745360285975, 53.7342087661536 ], [ 0.031732362571181, 53.733939294228669 ], [ 0.032186837079565, 53.733931586686374 ], [ 0.032160836477568, 53.733392642944501 ], [ 0.032615304969081, 53.733384933830685 ], [ 0.032589299406136, 53.73284599018244 ], [ 0.033043761880936, 53.732838279497166 ], [ 0.033030756513551, 53.73256880772707 ], [ 0.033485215874437, 53.7325610953948 ], [ 0.033459199968111, 53.732022151962695 ], [ 0.03436810644559, 53.732006722432978 ], [ 0.034355093004251, 53.731737250846585 ], [ 0.034809543023449, 53.731729533573599 ], [ 0.03479652689098, 53.731460062048463 ], [ 0.035250973796301, 53.731452343128595 ], [ 0.035237954972797, 53.731182871664785 ], [ 0.035692398764248, 53.731175151098128 ], [ 0.035679377249802, 53.730905679695574 ], [ 0.036133817927395, 53.730897957482156 ], [ 0.03610776972833, 53.7303590147853 ], [ 0.036562204389798, 53.730351291000829 ], [ 0.036536151232393, 53.7298123483979 ], [ 0.036990579877894, 53.72980462304244 ], [ 0.036977550714397, 53.729535151795126 ], [ 0.037431976246172, 53.729527424793041 ], [ 0.037418944392194, 53.729257953607068 ], [ 0.037873366810249, 53.729250224958371 ], [ 0.037847297933203, 53.72871128269481 ], [ 0.038301714335574, 53.728703552475281 ], [ 0.038275640501431, 53.728164610305726 ], [ 0.038730050888278, 53.728156878515478 ], [ 0.038717011386953, 53.7278874074849 ], [ 0.039171418660211, 53.727879674048189 ], [ 0.039158376468867, 53.727610203079024 ], [ 0.039612780628548, 53.727602467995872 ], [ 0.039599735747278, 53.727332997088133 ], [ 0.04005413679339, 53.727325260358569 ], [ 0.04004108922229, 53.727055789512285 ], [ 0.040495487154841, 53.727048051136357 ], [ 0.040469386845092, 53.726509109552282 ], [ 0.040923778762523, 53.726501369605892 ], [ 0.040897673497466, 53.725962428115977 ], [ 0.041352059399935, 53.725954686599174 ], [ 0.041339004183925, 53.725685215908513 ], [ 0.041793386972964, 53.725677472745481 ], [ 0.041767271374249, 53.725138531472751 ], [ 0.042221648148549, 53.725130786739442 ], [ 0.042195527595494, 53.724591845560958 ], [ 0.042649898355211, 53.724584099257406 ], [ 0.042610710412821, 53.723775687609532 ], [ 0.043519433889098, 53.723760190291976 ], [ 0.043493298050718, 53.723221249425194 ], [ 0.043947653668575, 53.723213498335362 ], [ 0.043908442799829, 53.722405087155174 ], [ 0.044362789502815, 53.722397334571333 ], [ 0.044323571841931, 53.721588923489492 ], [ 0.044777909630453, 53.721581169411756 ], [ 0.044751759783293, 53.721042228770543 ], [ 0.045206091558287, 53.721034473122991 ], [ 0.045179936759302, 53.720495532576216 ], [ 0.044725610785334, 53.720503288071761 ], [ 0.044699462636541, 53.719964347315411 ], [ 0.045608102770468, 53.71994883490656 ], [ 0.045595023213803, 53.719679364658823 ], [ 0.046049340061887, 53.719671605947831 ], [ 0.046023175785126, 53.719132665561204 ], [ 0.046477486620261, 53.719124905280616 ], [ 0.046464401900302, 53.718855435141727 ], [ 0.046918709622792, 53.718847673215528 ], [ 0.046905622215142, 53.718578203138321 ], [ 0.047359926824994, 53.718570439566562 ], [ 0.047333746847034, 53.718031499521103 ], [ 0.047788045444221, 53.718023734379884 ], [ 0.047774952874048, 53.717754264411653 ], [ 0.048229248358669, 53.717746497624937 ], [ 0.048216153101129, 53.717477027718424 ], [ 0.048670445473192, 53.717469259286247 ], [ 0.048657347528379, 53.717199789441459 ], [ 0.049111636787895, 53.717192019363864 ], [ 0.049098536155903, 53.716922549580808 ], [ 0.049552822302882, 53.716914777857838 ], [ 0.049526615877469, 53.71637583840085 ], [ 0.049980896012183, 53.716368065108661 ], [ 0.0499677902189, 53.716098595434744 ], [ 0.050422067241147, 53.716090820497257 ], [ 0.050408958761008, 53.715821350885115 ], [ 0.050863232670797, 53.715813574302366 ], [ 0.050850121503897, 53.715544104752034 ], [ 0.051304392301236, 53.715536326524052 ], [ 0.051291278447669, 53.715266857035523 ], [ 0.051745546132569, 53.715259077162344 ], [ 0.051732429592428, 53.714989607735625 ], [ 0.052186694164897, 53.714981826217304 ], [ 0.05216045592465, 53.714442887473133 ], [ 0.05261471448532, 53.714435104385956 ], [ 0.05260159278535, 53.714165635068525 ], [ 0.05305584823366, 53.714157850336257 ], [ 0.053029599674295, 53.713618911810734 ], [ 0.053938098334642, 53.713603337487392 ], [ 0.05391183903093, 53.713064399209443 ], [ 0.05436608224309, 53.713056609618477 ], [ 0.054352950011887, 53.712787140534196 ], [ 0.054807190111775, 53.712779349298316 ], [ 0.054794055194742, 53.712509880275967 ], [ 0.055248292182369, 53.712502087395187 ], [ 0.055235154579598, 53.712232618434804 ], [ 0.055689388454971, 53.712224823909146 ], [ 0.055663108091467, 53.711685886097882 ], [ 0.056117335955726, 53.711678090003787 ], [ 0.056104193195127, 53.711408621152913 ], [ 0.056558417947205, 53.71140082341406 ], [ 0.056545272501193, 53.711131354625188 ], [ 0.056999494141096, 53.711123555241599 ], [ 0.05697319809188, 53.710584617773399 ], [ 0.05742741372095, 53.71057681682155 ], [ 0.057414263117881, 53.710307348142273 ], [ 0.057868475634849, 53.710299545545752 ], [ 0.057855322346692, 53.710030076928504 ], [ 0.058309531751566, 53.710022272687382 ], [ 0.058283220018826, 53.709483335562552 ], [ 0.05873742341315, 53.709475529753334 ], [ 0.058724264968705, 53.709206061245759 ], [ 0.059178465251005, 53.709198253792017 ], [ 0.059152143206231, 53.708659316886632 ], [ 0.060060531536481, 53.70864369712217 ], [ 0.060047365038024, 53.708374228800878 ], [ 0.060501555984311, 53.708366416413739 ], [ 0.06048838680137, 53.708096948154555 ], [ 0.060942574635669, 53.708089134123021 ], [ 0.060916231114825, 53.707550197714511 ], [ 0.061370412939039, 53.707542382115193 ], [ 0.061357238601271, 53.707272913965873 ], [ 0.061811417313568, 53.707265096722253 ], [ 0.061798240291642, 53.706995628635099 ], [ 0.062252415892033, 53.70698780974719 ], [ 0.062226056693986, 53.70644887368281 ], [ 0.062680226284573, 53.706441053227294 ], [ 0.06266704410859, 53.706171585250068 ], [ 0.06312121058734, 53.706163763150371 ], [ 0.063094841081719, 53.705624827305925 ], [ 0.063549001550885, 53.705617003638721 ], [ 0.063535814221383, 53.705347535771502 ], [ 0.063989971578784, 53.705339710460187 ], [ 0.063963591766668, 53.704800774835796 ], [ 0.064871894248602, 53.704785119357688 ], [ 0.064845503702714, 53.704246183982313 ], [ 0.065299648827369, 53.704238353815626 ], [ 0.065286450978235, 53.703968886182999 ], [ 0.065740592991212, 53.70396105437235 ], [ 0.06571419214083, 53.703422119217251 ], [ 0.066168328144787, 53.703414285839436 ], [ 0.066155125143675, 53.703144818316979 ], [ 0.066609258036025, 53.703136983295302 ], [ 0.066596052351956, 53.702867515835173 ], [ 0.06705018213271, 53.702859679169642 ], [ 0.067036973765777, 53.702590211771856 ], [ 0.067491100434944, 53.702582373462548 ], [ 0.067477889385241, 53.702312906127112 ], [ 0.067932012942829, 53.70230506617402 ], [ 0.067918799210451, 53.702035598900949 ], [ 0.06837291965647, 53.70202775730413 ], [ 0.06834648704106, 53.701488822868335 ], [ 0.068800601478523, 53.701480979704669 ], [ 0.068774163927278, 53.700942045364776 ], [ 0.069682380570818, 53.700926354183402 ], [ 0.069669156323311, 53.700656887145499 ], [ 0.070123261426308, 53.700649039051029 ], [ 0.070110034496637, 53.700379572075576 ], [ 0.070564136488162, 53.700371722337529 ], [ 0.070537677479395, 53.699832788497112 ], [ 0.070991773462768, 53.699824937192489 ], [ 0.070978541383808, 53.699555470327525 ], [ 0.07143263425578, 53.699547617379451 ], [ 0.071406164948975, 53.699008683760049 ], [ 0.071860251813015, 53.699000829245492 ], [ 0.071847014585306, 53.69873136249106 ], [ 0.072301098338016, 53.698723506333145 ], [ 0.072274618734253, 53.698184572934863 ], [ 0.072728696479249, 53.6981767152106 ], [ 0.072715454103331, 53.69790724856675 ], [ 0.073169528737069, 53.6978993891992 ], [ 0.07315628367977, 53.697629922617914 ], [ 0.073610355202259, 53.697622061607113 ], [ 0.073597107463672, 53.697352595088361 ], [ 0.07405117587492, 53.697344732434345 ], [ 0.074037925455141, 53.697075265978192 ], [ 0.074946055840089, 53.697059535663563 ], [ 0.07491954406119, 53.696520603016076 ], [ 0.075373603138774, 53.696512735432599 ], [ 0.075360344675978, 53.696243269164249 ], [ 0.07581440064236, 53.696235399937699 ], [ 0.075787878570339, 53.695696467511787 ], [ 0.076241928529594, 53.695688596719314 ], [ 0.076228664920506, 53.695419130561767 ], [ 0.07668271176863, 53.695411258126313 ], [ 0.076656179404565, 53.694872325922091 ], [ 0.077110220245784, 53.694864451920793 ], [ 0.077096951490943, 53.694594985874126 ], [ 0.077550989221099, 53.694587110229925 ], [ 0.0775377177859, 53.694317644245956 ], [ 0.077991752405004, 53.694309766958874 ], [ 0.077978478289541, 53.694040301037596 ], [ 0.078432509797602, 53.694032422107682 ], [ 0.078392680057052, 53.693224024488636 ], [ 0.079754747228582, 53.693200378073811 ], [ 0.079741462392997, 53.692930912403511 ], [ 0.08019548145698, 53.692923026902569 ], [ 0.080168906641841, 53.692384095673063 ], [ 0.080622919699507, 53.692376208606731 ], [ 0.080609629720087, 53.692106743047525 ], [ 0.081063639666817, 53.692098854338582 ], [ 0.081050347007832, 53.691829388842187 ], [ 0.081504353843636, 53.691821498490633 ], [ 0.081491058505179, 53.691552033057079 ], [ 0.081945062230068, 53.691544141062984 ], [ 0.081918466410181, 53.691005210307075 ], [ 0.082372464129093, 53.69099731674779 ], [ 0.0823591636478, 53.69072785142545 ], [ 0.082813158255867, 53.690719956223717 ], [ 0.082786552150848, 53.690181025690279 ], [ 0.083240540753159, 53.690173128923462 ], [ 0.083227235129568, 53.689903663712379 ], [ 0.083681220621104, 53.689895765303199 ], [ 0.083667912318595, 53.689626300155012 ], [ 0.084121894699365, 53.68961840010347 ], [ 0.08410858371803, 53.689348935018195 ], [ 0.084562562988045, 53.689341033324368 ], [ 0.084549249327978, 53.689071568302019 ], [ 0.085003225487245, 53.6890636649659 ], [ 0.084976593025906, 53.688524735032594 ], [ 0.085430563179822, 53.68851683013169 ], [ 0.085417244378686, 53.688247365220754 ], [ 0.085871211421925, 53.688239458677636 ], [ 0.085857889942381, 53.687969993829668 ], [ 0.086311853874953, 53.687962085644394 ], [ 0.086298529717095, 53.68769262085943 ], [ 0.08675249053901, 53.687684711032034 ], [ 0.086725837083085, 53.687145781573577 ], [ 0.08717979189999, 53.687137870181587 ], [ 0.08716646260206, 53.686868405508136 ], [ 0.087620414308379, 53.686860492474125 ], [ 0.087607082332457, 53.686591027863692 ], [ 0.0880610309282, 53.68658311318768 ], [ 0.088034361836917, 53.686044184078426 ], [ 0.088488304427931, 53.686036267837984 ], [ 0.088474967312706, 53.685766803339163 ], [ 0.08938284605728, 53.685750965854986 ], [ 0.089369503370331, 53.68548150149681 ], [ 0.089823439523857, 53.685473580253124 ], [ 0.089796749011438, 53.684934651648504 ], [ 0.090250679160481, 53.684926728840594 ], [ 0.090237331335146, 53.684657264594144 ], [ 0.09069125837372, 53.684649340144446 ], [ 0.09066455758507, 53.684110411763342 ], [ 0.09111847861938, 53.684102485749534 ], [ 0.0911051256562, 53.683833021614873 ], [ 0.091559043580112, 53.683825093959385 ], [ 0.091545687939869, 53.683555629887884 ], [ 0.091999602753391, 53.683547700590744 ], [ 0.091986244436178, 53.68327823658241 ], [ 0.092894067625693, 53.683262372985538 ], [ 0.092880703738005, 53.682992909118106 ], [ 0.093334612113964, 53.682984974818467 ], [ 0.093307879201984, 53.682446047195526 ], [ 0.093761781574046, 53.682438111332075 ], [ 0.093748412549889, 53.682168647576603 ], [ 0.09420231181161, 53.68216071007167 ], [ 0.094188940110952, 53.681891246379429 ], [ 0.094642836262339, 53.681883307233029 ], [ 0.094629461885274, 53.681613843604062 ], [ 0.095083354926339, 53.681605902816251 ], [ 0.09506997787296, 53.681336439250558 ], [ 0.095523867803711, 53.681328496821358 ], [ 0.095497108561573, 53.680789569802052 ], [ 0.095950992488832, 53.68078162580931 ], [ 0.095924228328688, 53.680242698887611 ], [ 0.096378106252613, 53.680234753331412 ], [ 0.096351337174809, 53.679695826507341 ], [ 0.096805209095559, 53.679687879387721 ], [ 0.096791821989413, 53.679418416031773 ], [ 0.097245690800044, 53.679410467270948 ], [ 0.097218911453528, 53.678871540671231 ], [ 0.097672774261205, 53.678863590347106 ], [ 0.097645989997993, 53.67832466384511 ], [ 0.098099846802875, 53.67831671195777 ], [ 0.098086452104449, 53.678047248762894 ], [ 0.098994159276898, 53.678031339987129 ], [ 0.098980759010476, 53.677761876933573 ], [ 0.099434609378009, 53.677753920045191 ], [ 0.09940780371217, 53.677214994050388 ], [ 0.099861648077154, 53.677207035599004 ], [ 0.099848242677872, 53.676937572657771 ], [ 0.100302083932904, 53.676929612565459 ], [ 0.100275268001883, 53.676390686795393 ], [ 0.100729103254586, 53.676382725140158 ], [ 0.100715692722983, 53.67611326231134 ], [ 0.101169524865806, 53.676105299015269 ], [ 0.101142698670679, 53.675566373470055 ], [ 0.101596524811393, 53.675558408611209 ], [ 0.101569693702236, 53.675019483163943 ], [ 0.102023513841002, 53.675011516742344 ], [ 0.102010095720753, 53.674742054074983 ], [ 0.10246391274977, 53.67473408601267 ], [ 0.102437071378201, 53.674195160790433 ], [ 0.103344693215037, 53.674179219821916 ], [ 0.103317841146572, 53.67364029485384 ], [ 0.103771645954513, 53.673632321947721 ], [ 0.103758217355109, 53.673362859519997 ], [ 0.10421201905339, 53.673354884973307 ], [ 0.104185156724507, 53.672815960230508 ], [ 0.104638952421403, 53.67280798412142 ], [ 0.104612085180613, 53.672269059476761 ], [ 0.105065874876282, 53.672261081805338 ], [ 0.105052438691139, 53.671991619539341 ], [ 0.105506225277281, 53.671983640227523 ], [ 0.105492786418533, 53.671714178025148 ], [ 0.105946569895157, 53.671706197072929 ], [ 0.105919687048663, 53.671167272780941 ], [ 0.106373464524341, 53.671159290266559 ], [ 0.106360020536729, 53.670889828176961 ], [ 0.106813794902961, 53.670881844022261 ], [ 0.106800348242068, 53.670612381996349 ], [ 0.107254119498862, 53.670604396201405 ], [ 0.107240670164781, 53.670334934239143 ], [ 0.107694438312146, 53.670326946803975 ], [ 0.107680986304972, 53.670057484905399 ], [ 0.108134751342919, 53.670049495830028 ], [ 0.108107842200796, 53.669510572145803 ], [ 0.108561601238201, 53.669502581508539 ], [ 0.108548144103387, 53.669233119722875 ], [ 0.109001900031444, 53.669225127445493 ], [ 0.108974980634579, 53.6686862039871 ], [ 0.109428730562317, 53.668678210147952 ], [ 0.1094152683004, 53.668408748475251 ], [ 0.10986901511886, 53.668400752996043 ], [ 0.109842085468328, 53.667861829763673 ], [ 0.110295826286687, 53.667853832722791 ], [ 0.110282358898207, 53.667584371163116 ], [ 0.11073609660736, 53.667576372482308 ], [ 0.110709156704237, 53.667037449475991 ], [ 0.11116288841351, 53.667029449233631 ], [ 0.111149415899002, 53.666759987787003 ], [ 0.111603144499139, 53.666751985904781 ], [ 0.111589669312548, 53.666482524521989 ], [ 0.112497120075979, 53.666466515759708 ], [ 0.112470158796393, 53.665927593264058 ], [ 0.112923878069179, 53.665919586462486 ], [ 0.112910394866899, 53.665650125271263 ], [ 0.113364111030586, 53.66564211682995 ], [ 0.113337139501318, 53.665103194560736 ], [ 0.11379084966559, 53.66509518455819 ], [ 0.113777361338737, 53.664825723480213 ], [ 0.114231068393983, 53.66481771183804 ], [ 0.11421757739565, 53.664548250823962 ], [ 0.114671281341877, 53.664540237542177 ], [ 0.114644294221269, 53.664001315627367 ], [ 0.115097992168363, 53.663993300784512 ], [ 0.115071000142953, 53.663454378968474 ], [ 0.115524692091074, 53.663446362564613 ], [ 0.115511193516688, 53.663176901713271 ], [ 0.115964882355922, 53.663168883669933 ], [ 0.115951381110514, 53.662899422882568 ], [ 0.116405066840872, 53.662891403199808 ], [ 0.116391562924535, 53.662621942476441 ], [ 0.116845245546026, 53.662613921154282 ], [ 0.116818232590714, 53.662074999820973 ], [ 0.117271909213574, 53.662066976938014 ], [ 0.117244891354963, 53.661528055703627 ], [ 0.117698561979352, 53.661520031259954 ], [ 0.11767153921779, 53.660981110124517 ], [ 0.118125203843866, 53.660973084120187 ], [ 0.11811168990221, 53.66070362360923 ], [ 0.118565351419612, 53.660695595965677 ], [ 0.118538318414814, 53.660156675057337 ], [ 0.118991973934125, 53.660148645853241 ], [ 0.11895141740277, 53.659340264617406 ], [ 0.119405064034866, 53.65933223393148 ], [ 0.119378021664947, 53.658793313192092 ], [ 0.120285302714494, 53.658777246981714 ], [ 0.120244723469452, 53.657968866235429 ], [ 0.120698354997991, 53.657960830789776 ], [ 0.120657769060092, 53.657152450148523 ], [ 0.121111391702447, 53.657144413221367 ], [ 0.121070799072419, 53.656336032685118 ], [ 0.121524412828994, 53.656327994276531 ], [ 0.121483813507562, 53.655519613845371 ], [ 0.121937418378758, 53.655511573955465 ], [ 0.121910347484554, 53.654972653752658 ], [ 0.122817545014391, 53.654956569135422 ], [ 0.122790463444329, 53.654417649189377 ], [ 0.123244056103092, 53.654409604462131 ], [ 0.123203426729681, 53.65360122467014 ], [ 0.123657010503953, 53.653593178461882 ], [ 0.123643464930443, 53.653323718580864 ], [ 0.124097045596885, 53.653315670734052 ], [ 0.124056401529746, 53.652507291240028 ], [ 0.124509973312211, 53.652499241912359 ], [ 0.12446932255807, 53.651690862523637 ], [ 0.124922885456962, 53.651682811715212 ], [ 0.124909332757096, 53.651413351968642 ], [ 0.125362892548393, 53.651405299521848 ], [ 0.125349337180443, 53.651135839839561 ], [ 0.125802893864157, 53.651127785754412 ], [ 0.125775778012088, 53.650588866503881 ], [ 0.126229328700518, 53.650580810859296 ], [ 0.12618864790811, 53.649772432110815 ], [ 0.126642189713849, 53.649764374985772 ], [ 0.126615064509794, 53.649225455905039 ], [ 0.127068600320668, 53.64921739722071 ], [ 0.127041470221328, 53.648678478239489 ], [ 0.127495000037492, 53.64867041799593 ], [ 0.127454297876, 53.647862039651528 ], [ 0.127907818810393, 53.64785397792776 ], [ 0.127880679361497, 53.64731505911648 ], [ 0.1283341943016, 53.647306995833645 ], [ 0.128293478117025, 53.646498617744214 ], [ 0.128746984176014, 53.646490552981334 ], [ 0.128706261310919, 53.645682174997596 ], [ 0.1291597584892, 53.645674108754761 ], [ 0.129119028944312, 53.644865730876745 ], [ 0.129572517242285, 53.644857663154063 ], [ 0.129518202717241, 53.643779826095162 ], [ 0.129971679248809, 53.643771756971724 ], [ 0.129958098281377, 53.643502297749549 ], [ 0.130411571706344, 53.64349422698843 ], [ 0.130330073207024, 53.64187747182325 ], [ 0.130783529094116, 53.641869399819633 ], [ 0.13067485366994, 53.639713726081567 ], [ 0.131581718608306, 53.639697578189384 ], [ 0.131513774767646, 53.638350282419552 ], [ 0.131967192478274, 53.638342206294112 ], [ 0.131899239716735, 53.636994910554954 ], [ 0.132352642780086, 53.636986833108566 ], [ 0.132298272994957, 53.635908996570969 ], [ 0.133205055379233, 53.635892837162196 ], [ 0.133177860268301, 53.635353919122259 ], [ 0.133631245359813, 53.635345837001793 ], [ 0.133536049219477, 53.633459623956284 ], [ 0.133989413896841, 53.633451540673612 ], [ 0.133935009412846, 53.632373704643108 ], [ 0.134388362331546, 53.632365619960979 ], [ 0.134374758877168, 53.632096160996014 ], [ 0.134828108690966, 53.632088074677064 ], [ 0.13480089667486, 53.631549156861695 ], [ 0.135254240499431, 53.631541068985079 ], [ 0.135213415476265, 53.630732692390119 ], [ 0.135666750427574, 53.630724603035191 ], [ 0.135639529079879, 53.630185685390607 ], [ 0.136092858042377, 53.630177594478205 ], [ 0.136052019023077, 53.629369218139452 ], [ 0.136505339112972, 53.629361125748858 ], [ 0.136478108435353, 53.62882220827516 ], [ 0.136931422536853, 53.628814114327255 ], [ 0.136904186974217, 53.628275196953602 ], [ 0.137357495087482, 53.628267101448436 ], [ 0.137343874753471, 53.627997642818968 ], [ 0.137797179762313, 53.627989545677337 ], [ 0.137783556765361, 53.627720087112536 ], [ 0.138236858669791, 53.627711988334461 ], [ 0.138182357355378, 53.626634154246375 ], [ 0.138635647504888, 53.62662605406981 ], [ 0.138594765187237, 53.62581767858827 ], [ 0.139048046465833, 53.625809576934024 ], [ 0.139034416584988, 53.625540118490285 ], [ 0.139487694759458, 53.625532015199767 ], [ 0.139446797792547, 53.624723640018907 ], [ 0.139900067096618, 53.624715535250871 ], [ 0.139886432333031, 53.624446076907354 ], [ 0.140339698533097, 53.624437970503173 ], [ 0.140298786918991, 53.623629595623093 ], [ 0.140752044249173, 53.623621487741545 ], [ 0.140738404603532, 53.623352029498356 ], [ 0.14119165882983, 53.623343919980748 ], [ 0.141150732570593, 53.622535545401604 ], [ 0.141603977927521, 53.622527434406784 ], [ 0.141508470880985, 53.62064122709991 ], [ 0.141961695839086, 53.620633114945612 ], [ 0.141893468740499, 53.619285823970849 ], [ 0.142346679066248, 53.619277710498409 ], [ 0.142264796551368, 53.617660961323026 ], [ 0.142717989364062, 53.617652846612032 ], [ 0.142677042446085, 53.616844472065345 ], [ 0.143130226392317, 53.616836355877638 ], [ 0.14311657498023, 53.616566897745621 ], [ 0.143569755823613, 53.616558779922372 ], [ 0.143528794269578, 53.615750405677048 ], [ 0.143981966247013, 53.615742286377213 ], [ 0.143913687007212, 53.614394996073372 ], [ 0.144366844356466, 53.614386875456049 ], [ 0.144325870823662, 53.613578501336804 ], [ 0.144779019308057, 53.613570379243164 ], [ 0.144738039123353, 53.612762005230849 ], [ 0.145191178743295, 53.612753881660936 ], [ 0.145177516243343, 53.612484423707123 ], [ 0.145630652760999, 53.61247629850201 ], [ 0.145548665124219, 53.610859550949186 ], [ 0.146001784135785, 53.610851424506599 ], [ 0.14594711861599, 53.609773592830464 ], [ 0.146400225883972, 53.609765464991469 ], [ 0.14635922042738, 53.608957091319503 ], [ 0.146812318832801, 53.608948962004668 ], [ 0.14662094606043, 53.605176550909334 ], [ 0.147074003924678, 53.605168420994048 ], [ 0.146814298429297, 53.600048717149363 ], [ 0.146361295270086, 53.600056845553077 ], [ 0.146320305080303, 53.599248470540616 ], [ 0.145867310335918, 53.599256596991829 ], [ 0.145839990406296, 53.598717680084683 ], [ 0.14538700119787, 53.598725804662969 ], [ 0.145346031598005, 53.597917428954098 ], [ 0.144893050803853, 53.597925551580062 ], [ 0.144879397591278, 53.597656092901708 ], [ 0.144426419454409, 53.597664213734376 ], [ 0.144412769341289, 53.597394754961933 ], [ 0.14486574459981, 53.597386634208732 ], [ 0.144852091829445, 53.597117175501133 ], [ 0.144399119449225, 53.597125296174866 ], [ 0.144358171099322, 53.596316919725979 ], [ 0.14390520713269, 53.596325038447596 ], [ 0.143891561002922, 53.596055579522613 ], [ 0.143438599693425, 53.596063696451083 ], [ 0.143411313852951, 53.595524778398413 ], [ 0.142958358078634, 53.59553289345434 ], [ 0.142931078877812, 53.594993975184387 ], [ 0.142478128638556, 53.595002088367849 ], [ 0.142464492247359, 53.594732629131556 ], [ 0.142011544665183, 53.594740740522028 ], [ 0.141984278300926, 53.594201821846845 ], [ 0.141531336253657, 53.594209931364972 ], [ 0.141517706280452, 53.593940471926103 ], [ 0.141064766890242, 53.59394857965129 ], [ 0.141051140015481, 53.593679120118487 ], [ 0.14150407652796, 53.593671012472633 ], [ 0.141490446996178, 53.593401553004547 ], [ 0.141037513361383, 53.593409660571041 ], [ 0.141023886927944, 53.593140201009021 ], [ 0.140570955950132, 53.593148306782652 ], [ 0.140557332614942, 53.592878847126684 ], [ 0.140104404294123, 53.592886951107509 ], [ 0.140077164040607, 53.592348031593133 ], [ 0.139624241254304, 53.59235613370187 ], [ 0.139610624335833, 53.592086673843497 ], [ 0.139157704206502, 53.592094774159477 ], [ 0.139130476785843, 53.591555854240376 ], [ 0.138677562190873, 53.591563952684389 ], [ 0.13866395168854, 53.591294492623668 ], [ 0.13821103975052, 53.591302589275031 ], [ 0.13817021819757, 53.590494208767588 ], [ 0.137717314670966, 53.590502303467886 ], [ 0.137703710804469, 53.590232843190329 ], [ 0.13725080993475, 53.590240936098034 ], [ 0.137237209165646, 53.589971475726692 ], [ 0.136784310952821, 53.58997956684189 ], [ 0.136757115829386, 53.589440645897035 ], [ 0.136304223150499, 53.589448735140572 ], [ 0.136277034661665, 53.588909813978994 ], [ 0.135824147516597, 53.588917901350939 ], [ 0.13581055647925, 53.58864844066909 ], [ 0.135357671991021, 53.588656526248656 ], [ 0.135344084050594, 53.588387065473128 ], [ 0.134891202219213, 53.588395149260307 ], [ 0.134877617375611, 53.588125688391067 ], [ 0.13442473820109, 53.588133770385923 ], [ 0.134411156454221, 53.587864309422997 ], [ 0.133958279936568, 53.587872389625566 ], [ 0.133944701286339, 53.58760292856897 ], [ 0.133491827425563, 53.587611006979266 ], [ 0.133478251871881, 53.587341545829034 ], [ 0.133025380667993, 53.587349622447093 ], [ 0.133011808210765, 53.587080161203239 ], [ 0.132106070897075, 53.587096309141756 ], [ 0.132092504412822, 53.586826847725305 ], [ 0.131639638303082, 53.586834919045828 ], [ 0.131598948797808, 53.586026534471998 ], [ 0.131146091098047, 53.586034603842471 ], [ 0.131132531245255, 53.585765142209723 ], [ 0.130679676202388, 53.585773209788137 ], [ 0.130666119445533, 53.585503748061875 ], [ 0.13021326705957, 53.585511813848278 ], [ 0.130199713398561, 53.58524235202848 ], [ 0.129746863669509, 53.585250416022888 ], [ 0.129733313104251, 53.584980954109596 ], [ 0.129280466032122, 53.584989016312058 ], [ 0.129266918562525, 53.584719554305309 ], [ 0.128814074147328, 53.584727614715824 ], [ 0.128800529773296, 53.584458152615632 ], [ 0.12834768801504, 53.584466211234258 ], [ 0.128334146736482, 53.584196749040622 ], [ 0.127881307635177, 53.584204805867408 ], [ 0.127867769451999, 53.583935343580336 ], [ 0.127414933007654, 53.583943398615283 ], [ 0.127401397919764, 53.583673936234838 ], [ 0.126948564132389, 53.583681989477981 ], [ 0.126935032139695, 53.583412527004157 ], [ 0.126482201009299, 53.583420578455552 ], [ 0.126468672111706, 53.583151115888349 ], [ 0.126015843638299, 53.583159165548018 ], [ 0.126002317835715, 53.582889702887464 ], [ 0.125549492019306, 53.582897750755436 ], [ 0.125535969311637, 53.58262828800158 ], [ 0.125083146152238, 53.58263633407789 ], [ 0.125069626539393, 53.582366871230725 ], [ 0.124616806037009, 53.582374915515388 ], [ 0.124603289518895, 53.582105452574943 ], [ 0.125056107145424, 53.58209740836898 ], [ 0.125042587970327, 53.581827945492662 ], [ 0.124589773219605, 53.581835989619918 ], [ 0.124576257139136, 53.581566526650313 ], [ 0.123670632732808, 53.58158260960883 ], [ 0.123643612731106, 53.581043683311201 ], [ 0.123190805951243, 53.581051722063854 ], [ 0.1231772991541, 53.580782258814516 ], [ 0.122724495031209, 53.580790295775714 ], [ 0.122710991328322, 53.58052083243318 ], [ 0.122258189862413, 53.580528867602922 ], [ 0.12224468925369, 53.580259404167201 ], [ 0.121791890444772, 53.580267437545558 ], [ 0.121778392930119, 53.579997974016663 ], [ 0.121325596778203, 53.580006005603643 ], [ 0.121312102357526, 53.579736541981596 ], [ 0.12085930886262, 53.579744571777262 ], [ 0.120845817535828, 53.57947510806207 ], [ 0.120393026697942, 53.579483136066422 ], [ 0.120379538464941, 53.579213672258128 ], [ 0.119926750284085, 53.579221698471208 ], [ 0.119913265144783, 53.578952234569812 ], [ 0.119460479620965, 53.578960258991664 ], [ 0.119446997575269, 53.578690794997179 ], [ 0.1189942147085, 53.578698817627831 ], [ 0.11895377850655, 53.577890425321527 ], [ 0.118501004047229, 53.577898446004049 ], [ 0.118487528624762, 53.577628981794348 ], [ 0.118034756822425, 53.577637000685776 ], [ 0.118021284493181, 53.577367536383051 ], [ 0.117568515347839, 53.5773755534834 ], [ 0.117555046111728, 53.577106089087678 ], [ 0.117102279623387, 53.577114104396976 ], [ 0.117075347555231, 53.57657517540504 ], [ 0.116622586598862, 53.576583188844928 ], [ 0.116609123766672, 53.576313724248706 ], [ 0.116156365467284, 53.57632173589765 ], [ 0.116142905727896, 53.576052271208489 ], [ 0.115690150085498, 53.576060281066511 ], [ 0.115663237009969, 53.575521351487758 ], [ 0.114757736570966, 53.575537365752801 ], [ 0.114730835865615, 53.574998435802492 ], [ 0.114278091068946, 53.575006440209627 ], [ 0.11425119698375, 53.574467510044471 ], [ 0.113798457718684, 53.574475512582524 ], [ 0.113785013877157, 53.574206047399827 ], [ 0.113332277269044, 53.574214048147162 ], [ 0.11331883651966, 53.573944582871633 ], [ 0.11286610256851, 53.573952581828266 ], [ 0.112839227471352, 53.573413651077054 ], [ 0.11238649905162, 53.573421648164775 ], [ 0.112359630573243, 53.572882717198887 ], [ 0.111906907684807, 53.572890712417788 ], [ 0.111893476646108, 53.572621246834785 ], [ 0.111440756414581, 53.572629240263126 ], [ 0.111427328467551, 53.57235977458739 ], [ 0.110974610892942, 53.572367766225184 ], [ 0.110961186037487, 53.57209830045673 ], [ 0.110508471119805, 53.572106290304035 ], [ 0.110495049355833, 53.571836824442869 ], [ 0.110042337095088, 53.571844812499712 ], [ 0.110028918422507, 53.571575346545828 ], [ 0.109576208818708, 53.57158333281226 ], [ 0.109562793237424, 53.571313866765692 ], [ 0.107299256332685, 53.571353772023201 ], [ 0.107312657543394, 53.571623238460184 ], [ 0.106407235514519, 53.571639188733357 ], [ 0.106420631193788, 53.571908655311859 ], [ 0.105967916979905, 53.571916627958004 ], [ 0.106075067225172, 53.574072360686742 ], [ 0.106527804434208, 53.574064387416563 ], [ 0.106541202065114, 53.574333853864232 ], [ 0.106088461981475, 53.574341827212436 ], [ 0.106101856954604, 53.574611293723592 ], [ 0.106554599912893, 53.574603320297371 ], [ 0.106581396259084, 53.575142253120077 ], [ 0.107034144749925, 53.575134277825313 ], [ 0.107047546123132, 53.575403744136828 ], [ 0.10750029727182, 53.575395767051511 ], [ 0.10751370173679, 53.575665233270456 ], [ 0.107966455543315, 53.575657254394564 ], [ 0.107979863100141, 53.575926720520897 ], [ 0.108432619564494, 53.575918739854373 ], [ 0.108446030213269, 53.576188205888087 ], [ 0.108898789335439, 53.576180223430924 ], [ 0.108912203076256, 53.576449689371969 ], [ 0.109364964856235, 53.576441705124132 ], [ 0.109378381689187, 53.57671117097253 ], [ 0.109831146126965, 53.576703184933969 ], [ 0.109844566052145, 53.576972650689683 ], [ 0.110297333147713, 53.576964662860377 ], [ 0.110310756165213, 53.577234128523379 ], [ 0.112121833874369, 53.577202159767253 ], [ 0.112135268609607, 53.577471625102945 ], [ 0.112588040368408, 53.577463628554113 ], [ 0.112601478196277, 53.577733093797008 ], [ 0.113959800792704, 53.577709093639896 ], [ 0.113973247463657, 53.577978558633419 ], [ 0.11487880052331, 53.577962549808802 ], [ 0.114892253162378, 53.578232014631133 ], [ 0.115797811101347, 53.578215998799188 ], [ 0.115811269708702, 53.578485463450264 ], [ 0.116264051226649, 53.578477452886901 ], [ 0.116290974845626, 53.579016381988659 ], [ 0.116743761896273, 53.579008369555794 ], [ 0.116757226908039, 53.579277834006454 ], [ 0.117210016616082, 53.579269819782461 ], [ 0.117223484721256, 53.579539284140147 ], [ 0.117676277086688, 53.579531268124981 ], [ 0.11768974828536, 53.579800732389671 ], [ 0.11814254330817, 53.57979271458332 ], [ 0.118169492110837, 53.580331642912114 ], [ 0.118622292666565, 53.580323623236048 ], [ 0.118649248093037, 53.580862551349661 ], [ 0.119102054181801, 53.580854529803844 ], [ 0.119115535098014, 53.581123993760322 ], [ 0.119568343844212, 53.581115970423191 ], [ 0.119581827854399, 53.581385434286581 ], [ 0.120034639258021, 53.581377409158065 ], [ 0.120048126362274, 53.581646872928388 ], [ 0.12050094042331, 53.581638846008495 ], [ 0.120514430621723, 53.581908309685709 ], [ 0.120967247340163, 53.581900280974367 ], [ 0.120994234143948, 53.58243920812798 ], [ 0.121447056395675, 53.582431177546617 ], [ 0.121460553001191, 53.582700641022988 ], [ 0.121913377910345, 53.582692608650099 ], [ 0.121940377528917, 53.583231535401993 ], [ 0.122393207971511, 53.583223501158933 ], [ 0.122406710984711, 53.583492964434406 ], [ 0.122859544084755, 53.58348492839977 ], [ 0.122900063064545, 53.584293317902855 ], [ 0.123352904574377, 53.584285279919285 ], [ 0.123366414214567, 53.584554742979186 ], [ 0.123819258381914, 53.584546703203927 ], [ 0.123832771117119, 53.58481616617059 ], [ 0.124285617941971, 53.584808124603612 ], [ 0.124299133772284, 53.585077587477016 ], [ 0.125204832518099, 53.585061499046461 ], [ 0.125218354319978, 53.585330961747857 ], [ 0.12567120624088, 53.585322914884223 ], [ 0.125725307143636, 53.586400765229122 ], [ 0.126178170351446, 53.586392716337372 ], [ 0.126205227869996, 53.586931641264854 ], [ 0.126658096611976, 53.586923590502415 ], [ 0.1266716285765, 53.587193052865508 ], [ 0.127124499976052, 53.587185000311067 ], [ 0.127138035036395, 53.587454462580787 ], [ 0.12759090909351, 53.587446408234356 ], [ 0.127604447249766, 53.587715870410676 ], [ 0.128057323964435, 53.5877078142722 ], [ 0.128070865216696, 53.587977276355119 ], [ 0.128976623741819, 53.587961158780764 ], [ 0.128990170967015, 53.588230620691384 ], [ 0.129443052777408, 53.588222559255456 ], [ 0.129456603098837, 53.588492021072625 ], [ 0.129909487566704, 53.588483957844531 ], [ 0.129923040984458, 53.588753419568192 ], [ 0.13037592810979, 53.588745354547946 ], [ 0.130389484623963, 53.589014816178093 ], [ 0.130842374406749, 53.589006749365609 ], [ 0.130883053897482, 53.589815133931758 ], [ 0.131788850066606, 53.589798994693133 ], [ 0.131829548796552, 53.590607378654205 ], [ 0.132282455183172, 53.590599306227872 ], [ 0.1322960247431, 53.590868767440057 ], [ 0.133654751216215, 53.590844539643676 ], [ 0.13364117302451, 53.590575078668593 ], [ 0.134094078531961, 53.590566999388713 ], [ 0.134080497682914, 53.590297538478076 ], [ 0.134533400093259, 53.590289457563877 ], [ 0.134546983819503, 53.590558918395445 ], [ 0.134999888887091, 53.590550835688781 ], [ 0.135013475710531, 53.590820296426671 ], [ 0.135466383435353, 53.590812211927499 ], [ 0.13547997335608, 53.591081672571676 ], [ 0.135932883738126, 53.591073586280011 ], [ 0.135960069994449, 53.591612507366285 ], [ 0.13686590160754, 53.591596329326073 ], [ 0.136879500820688, 53.591865789689024 ], [ 0.137332419174348, 53.591857698019567 ], [ 0.137346021485155, 53.592127158288704 ], [ 0.137798942496001, 53.592119064826591 ], [ 0.137826153533432, 53.592657985162688 ], [ 0.138279080078988, 53.592649889828678 ], [ 0.138292688805757, 53.592919349895602 ], [ 0.13874561800852, 53.592911252768857 ], [ 0.138759229833278, 53.593180712741933 ], [ 0.139212161693239, 53.593172613822411 ], [ 0.139225776616081, 53.593442073701624 ], [ 0.139678711133231, 53.593433972989295 ], [ 0.139692329154248, 53.593703432774646 ], [ 0.139239391759395, 53.593711533566243 ], [ 0.139253007123185, 53.593980993416245 ], [ 0.139705947395789, 53.593972892545381 ], [ 0.139719565857858, 53.594242352301514 ], [ 0.140172508787724, 53.594234249637758 ], [ 0.140186130348164, 53.594503709299978 ], [ 0.140639075935284, 53.594495604843345 ], [ 0.140666325473728, 53.59503452396536 ], [ 0.141119276596012, 53.595026417636433 ], [ 0.141132904574161, 53.595295877096213 ], [ 0.141585858353721, 53.595287768974295 ], [ 0.141613120728165, 53.595826687691307 ], [ 0.142066080043043, 53.595818577697045 ], [ 0.142079714439483, 53.596088036954256 ], [ 0.142532676411658, 53.596079925166904 ], [ 0.142559951623265, 53.596618843478744 ], [ 0.14301291913091, 53.596610729818885 ], [ 0.143026559946222, 53.596880188873492 ], [ 0.143479530111189, 53.596872073420471 ], [ 0.143534107094911, 53.597949909175036 ], [ 0.143987088552259, 53.597941791690538 ], [ 0.144028032245738, 53.598750168114677 ], [ 0.144481022117545, 53.59874204867797 ], [ 0.144535628317963, 53.599819883387688 ], [ 0.144988629483289, 53.599811761919206 ], [ 0.145015939667655, 53.600350679027407 ], [ 0.145468946369406, 53.600342555686005 ], [ 0.145578218985619, 53.602498222897999 ], [ 0.14603124849827, 53.602490097206491 ], [ 0.146099565470143, 53.603837388341198 ], [ 0.145646521560918, 53.60384551443034 ], [ 0.145687505761235, 53.604653889174308 ], [ 0.146140558308966, 53.604645762846573 ], [ 0.146167887974801, 53.605184679110394 ], [ 0.145714829667836, 53.605192805597184 ], [ 0.145728491953066, 53.605462263786677 ], [ 0.14527543054512, 53.605470388638722 ], [ 0.145289090171906, 53.605739846893137 ], [ 0.145742154459591, 53.605731721961575 ], [ 0.145796806698723, 53.606809554514918 ], [ 0.145343730891618, 53.606817679764553 ], [ 0.145384713754734, 53.607626054264635 ], [ 0.144931629086288, 53.607634178038424 ], [ 0.144972605300489, 53.608442552645457 ], [ 0.144519511770301, 53.608450674943313 ], [ 0.144546824592127, 53.608989591433897 ], [ 0.143640625347013, 53.609005831204087 ], [ 0.143667927532171, 53.609544747954089 ], [ 0.143214821817122, 53.609552865426309 ], [ 0.143242119125844, 53.610091782276761 ], [ 0.14278900742873, 53.610099898193312 ], [ 0.142816299860673, 53.610638815144178 ], [ 0.142363182181334, 53.610646929504988 ], [ 0.142390469736155, 53.611185846556232 ], [ 0.141937346074434, 53.611193959361238 ], [ 0.141964628751787, 53.611732876512839 ], [ 0.141511499107524, 53.611740987761955 ], [ 0.141538776907068, 53.612279905013907 ], [ 0.141085641280103, 53.612288014707104 ], [ 0.141112914201493, 53.612826932059349 ], [ 0.140206630760979, 53.612843146618971 ], [ 0.140220261790936, 53.613112605431908 ], [ 0.139767116858369, 53.613120710218908 ], [ 0.139780745228046, 53.61339016909654 ], [ 0.139327597193592, 53.613398272248098 ], [ 0.139341222902893, 53.613667731190425 ], [ 0.138888071766542, 53.613675832706477 ], [ 0.138901694815376, 53.613945291713506 ], [ 0.13844854057712, 53.613953391594038 ], [ 0.138462160965393, 53.614222850665733 ], [ 0.137555846064438, 53.614239045440783 ], [ 0.137569460910742, 53.614508504656406 ], [ 0.137116300248076, 53.614516599550882 ], [ 0.137129912433581, 53.614786058831129 ], [ 0.136676748669022, 53.614794152089942 ], [ 0.136690358193635, 53.615063611434827 ], [ 0.136237191327173, 53.615071703057957 ], [ 0.136250798190801, 53.615341162467431 ], [ 0.135797628222427, 53.615349252454841 ], [ 0.135811232424977, 53.615618711928903 ], [ 0.134904886064031, 53.615634886917263 ], [ 0.134918484723832, 53.615904346535046 ], [ 0.134465308331292, 53.615912431535953 ], [ 0.134478904329778, 53.616181891218268 ], [ 0.134025724835337, 53.616189974583328 ], [ 0.134039318172413, 53.616459434330153 ], [ 0.133586135576064, 53.616467516059338 ], [ 0.133599726251639, 53.616736975870694 ], [ 0.133146540553372, 53.616745055963975 ], [ 0.133160128567351, 53.61701451583982 ], [ 0.132706939767155, 53.617022594297133 ], [ 0.132734110691839, 53.617561514163228 ], [ 0.132280915907821, 53.617569591063621 ], [ 0.132294498818391, 53.617839051053828 ], [ 0.131841300932373, 53.617847126318189 ], [ 0.131868461649707, 53.618386046412944 ], [ 0.13050884937962, 53.61841026238951 ], [ 0.130535993684415, 53.618949182900003 ], [ 0.130082783390306, 53.618957251619875 ], [ 0.130096352990361, 53.619226711932214 ], [ 0.129643139594206, 53.619234779015898 ], [ 0.129656706531879, 53.619504239392619 ], [ 0.129203490033666, 53.619512304840072 ], [ 0.129230618803834, 53.620051225707641 ], [ 0.128777396321213, 53.620059289597741 ], [ 0.128804520205671, 53.620598210564857 ], [ 0.127898063051596, 53.620614333514979 ], [ 0.127911619558455, 53.6208837941345 ], [ 0.127458387769424, 53.620891853115523 ], [ 0.127485495676974, 53.621430774468585 ], [ 0.127032257903193, 53.621438831892071 ], [ 0.127045809303748, 53.621708292625591 ], [ 0.126592568427749, 53.62171634841259 ], [ 0.126619666122155, 53.622255269993651 ], [ 0.126166419261185, 53.622263324222963 ], [ 0.126179965554901, 53.622532785070455 ], [ 0.125726715591645, 53.62254083766323 ], [ 0.125740259222013, 53.62281029857499 ], [ 0.125287006156459, 53.622818349531158 ], [ 0.125300547123388, 53.623087810507151 ], [ 0.123034264090898, 53.623128039950394 ], [ 0.123047790862464, 53.623397501305639 ], [ 0.12123474895906, 53.623429654296906 ], [ 0.121248264417717, 53.623699115952306 ], [ 0.12079500051122, 53.623707149990082 ], [ 0.120808513305798, 53.623976611709566 ], [ 0.120355246297259, 53.623984644110472 ], [ 0.120368756427663, 53.624254105894011 ], [ 0.11946221598761, 53.62427016570652 ], [ 0.119475720570559, 53.624539627632721 ], [ 0.119022447139078, 53.624547655044282 ], [ 0.119035949057616, 53.624817117034475 ], [ 0.118582672524105, 53.624825142809037 ], [ 0.11859617177814, 53.62509460486325 ], [ 0.118142892142591, 53.625102629000779 ], [ 0.118156388732028, 53.625372091118997 ], [ 0.11770310599443, 53.625380113619471 ], [ 0.117716599919178, 53.625649575801667 ], [ 0.117263314079523, 53.625657596665057 ], [ 0.117276805339487, 53.625927058911202 ], [ 0.116823516397764, 53.625935078137459 ], [ 0.116837004992851, 53.626204540447574 ], [ 0.116383712949052, 53.626212558036677 ], [ 0.116397198879169, 53.626482020410705 ], [ 0.115943903733283, 53.626490036362625 ], [ 0.115957386998337, 53.62675949880056 ], [ 0.115504088750356, 53.626767513115269 ], [ 0.115517569350252, 53.627036975617102 ], [ 0.115064268000166, 53.627044988294543 ], [ 0.115077745934813, 53.627314450860283 ], [ 0.114624441482612, 53.627322461900427 ], [ 0.114637916751916, 53.627591924530016 ], [ 0.11418460919759, 53.627599933932828 ], [ 0.114198081801457, 53.627869396626295 ], [ 0.113744771144998, 53.627877404391732 ], [ 0.113758241083336, 53.628146867149042 ], [ 0.112851613347891, 53.62816287768937 ], [ 0.112865077736692, 53.628432340588866 ], [ 0.11241176065774, 53.628440343363678 ], [ 0.112425222380773, 53.628709806326953 ], [ 0.111518581800517, 53.628725806885797 ], [ 0.111532037973669, 53.628995269991172 ], [ 0.110625390753106, 53.629011263843246 ], [ 0.110638841376175, 53.629280727090659 ], [ 0.110185514554828, 53.629288721521156 ], [ 0.110212410686602, 53.629827648128881 ], [ 0.109759077879009, 53.629835641000028 ], [ 0.109772523387579, 53.630105104360332 ], [ 0.109319187477861, 53.630113095593799 ], [ 0.109332630320052, 53.630382559017796 ], [ 0.108425952078532, 53.630398536493345 ], [ 0.108439389369917, 53.630668000059224 ], [ 0.107532704488657, 53.630683970827342 ], [ 0.107559568187094, 53.631222898228188 ], [ 0.107106219651089, 53.631230881194597 ], [ 0.107119648942344, 53.631500344951348 ], [ 0.106666297304209, 53.631508326279928 ], [ 0.106679723928568, 53.631777790100294 ], [ 0.105319659055118, 53.631801724024129 ], [ 0.105333077243291, 53.632071188064273 ], [ 0.103973001758856, 53.632095106777889 ], [ 0.103986411510524, 53.63236457103767 ], [ 0.103079687664853, 53.632380508422457 ], [ 0.103093091864422, 53.632649972823735 ], [ 0.102639726730984, 53.632657939019971 ], [ 0.102653128263027, 53.632927403484743 ], [ 0.102199760027618, 53.632935368042865 ], [ 0.102213158892041, 53.633204832571074 ], [ 0.101306416000156, 53.633220756694833 ], [ 0.101319809311988, 53.633490221364411 ], [ 0.100866434655542, 53.63349818092999 ], [ 0.100879825299516, 53.633767645662999 ], [ 0.099973069565731, 53.633783559801472 ], [ 0.09998645465677, 53.634053024675751 ], [ 0.099533073579463, 53.634060979248595 ], [ 0.099546456002406, 53.634330444186247 ], [ 0.099093071823165, 53.634338397120771 ], [ 0.099079692285262, 53.634068932105251 ], [ 0.098626310774216, 53.634076883245704 ], [ 0.098639687427074, 53.634346348339037 ], [ 0.098186302814178, 53.634354297841107 ], [ 0.098199676798743, 53.634623762997762 ], [ 0.097292901152517, 53.634639657008826 ], [ 0.097306269583545, 53.634909122306567 ], [ 0.095946095833819, 53.634932950684629 ], [ 0.095959455825895, 53.635202416201132 ], [ 0.095506061257638, 53.635210355639039 ], [ 0.095519418580987, 53.63547982121878 ], [ 0.0946126230245, 53.635495695101099 ], [ 0.094625974793709, 53.635765160821741 ], [ 0.093719172600953, 53.635781027994206 ], [ 0.093732518815821, 53.636050493855691 ], [ 0.092372305248284, 53.636074281974807 ], [ 0.092385643023172, 53.636343748054692 ], [ 0.091478827126283, 53.636359598374213 ], [ 0.091492159346372, 53.636629064594786 ], [ 0.091038748188269, 53.636636987257567 ], [ 0.091052077738908, 53.636906453541194 ], [ 0.090598663479207, 53.636914374565144 ], [ 0.090611990360302, 53.637183840911824 ], [ 0.090158572998992, 53.637191760296901 ], [ 0.090171897210452, 53.637461226706634 ], [ 0.089265056068673, 53.637477060482517 ], [ 0.089278374724699, 53.637746527032775 ], [ 0.088371526947993, 53.637762354097838 ], [ 0.088384840048383, 53.638031820788548 ], [ 0.087477985636992, 53.638047641142656 ], [ 0.087491293181546, 53.638317107973776 ], [ 0.086584432135712, 53.638332921616765 ], [ 0.08659773412423, 53.638602388588218 ], [ 0.086144300391998, 53.638610292912354 ], [ 0.086131001289356, 53.638340825863501 ], [ 0.085677570227437, 53.638348728393723 ], [ 0.085690866444196, 53.638618195519939 ], [ 0.085237432280873, 53.638626096411009 ], [ 0.08525072582722, 53.638895563600109 ], [ 0.084343851082315, 53.638911360387318 ], [ 0.084357139072169, 53.639180827716579 ], [ 0.083903698490618, 53.639188723612683 ], [ 0.083916983809822, 53.639458191004771 ], [ 0.083010096228641, 53.639473977801828 ], [ 0.083023375991005, 53.639743445334005 ], [ 0.082116481776593, 53.639759225419212 ], [ 0.082129755981916, 53.640028693091409 ], [ 0.081222855134516, 53.640044466464623 ], [ 0.081236123782598, 53.640313934276769 ], [ 0.080329216302453, 53.640329700937833 ], [ 0.080342479393091, 53.640599168889892 ], [ 0.079889022444241, 53.640607049722604 ], [ 0.079875762239872, 53.640337581693387 ], [ 0.079422307962349, 53.640345460732298 ], [ 0.079435565280445, 53.640614928838666 ], [ 0.078075192499832, 53.640638555886788 ], [ 0.078088441373836, 53.640908024210027 ], [ 0.077181519340195, 53.640923767146212 ], [ 0.077194762656187, 53.641193235609094 ], [ 0.076287833991059, 53.64120897183259 ], [ 0.076301071748839, 53.641478440435087 ], [ 0.075394136452469, 53.641494169945723 ], [ 0.075407368651835, 53.641763638687777 ], [ 0.074500426724465, 53.641779361485398 ], [ 0.074513653365216, 53.642048830366925 ], [ 0.073153230206526, 53.64207240191849 ], [ 0.073140012225481, 53.641802932806165 ], [ 0.071779595798102, 53.641826488676074 ], [ 0.071792805119398, 53.642095958019048 ], [ 0.069978902005618, 53.642127342118123 ], [ 0.069992099994462, 53.642396811753919 ], [ 0.069538620794384, 53.642404653563489 ], [ 0.069551816110471, 53.642674123261614 ], [ 0.068644851295231, 53.642689801883847 ], [ 0.068658041051711, 53.642959271721054 ], [ 0.067751069607684, 53.642974943629419 ], [ 0.067764253804353, 53.643244413605615 ], [ 0.06504331702339, 53.643291388586157 ], [ 0.065056484112512, 53.643560859007863 ], [ 0.06414949770364, 53.64357650375289 ], [ 0.064162659232326, 53.643845974313336 ], [ 0.061895175042357, 53.643885056512815 ], [ 0.06190832234937, 53.644154527441486 ], [ 0.060547820616363, 53.644177956387509 ], [ 0.060534681970429, 53.643908485229424 ], [ 0.059627685524109, 53.643924095789174 ], [ 0.059640818395967, 53.644193567100118 ], [ 0.057826811400724, 53.644224767921905 ], [ 0.05783993293709, 53.644494239523915 ], [ 0.056025910989931, 53.644525413179629 ], [ 0.056039021190363, 53.644794885072464 ], [ 0.054224984293941, 53.644826031561422 ], [ 0.054238083157994, 53.645095503744813 ], [ 0.053784570515654, 53.64510328615075 ], [ 0.053771474538841, 53.644833813891175 ], [ 0.052410943999904, 53.644857150578318 ], [ 0.052424031314966, 53.645126623066417 ], [ 0.050609976077235, 53.645157714915527 ], [ 0.050623052055215, 53.645427187693656 ], [ 0.04835546380214, 53.645466014251888 ], [ 0.048368525555205, 53.645735487395775 ], [ 0.045193872896721, 53.645789772992188 ], [ 0.04520691464936, 53.646059246653238 ], [ 0.044299863354122, 53.646074741521552 ], [ 0.044312899543152, 53.646344215319907 ], [ 0.042045253169702, 53.646382922820223 ], [ 0.042058275132152, 53.646652396983214 ], [ 0.041604742336337, 53.646660133407636 ], [ 0.041591723261486, 53.646390659168887 ], [ 0.041138193142204, 53.646398393800403 ], [ 0.041125177165976, 53.646128919471529 ], [ 0.038857537843063, 53.646167566493531 ], [ 0.038870539381439, 53.646437041200834 ], [ 0.0370564125784, 53.646467928212488 ], [ 0.03704342259039, 53.64619845320275 ], [ 0.035682833939481, 53.646221600204676 ], [ 0.035669852824747, 53.645952124953908 ], [ 0.035216325741044, 53.645959837111377 ], [ 0.035229303968208, 53.646229312437683 ], [ 0.034775773786527, 53.646237022953564 ], [ 0.034788749336477, 53.646506498340976 ], [ 0.034335216056809, 53.646514207215183 ], [ 0.034322243394485, 53.646244731752283 ], [ 0.033415181979506, 53.646260144198266 ], [ 0.033402215302668, 53.645990668570072 ], [ 0.032495158821997, 53.646006073996588 ], [ 0.032508119723645, 53.646275549775623 ], [ 0.027972795844186, 53.64635247463265 ], [ 0.027946932002999, 53.645813521553727 ], [ 0.027493404236402, 53.645821204444523 ], [ 0.027506333164568, 53.646090681066404 ], [ 0.026599271227391, 53.646106041846977 ], [ 0.026586348074442, 53.645836565074696 ], [ 0.026132819679173, 53.645844242814043 ], [ 0.026119899623303, 53.645574765952226 ], [ 0.022945215207151, 53.645628461521653 ], [ 0.022919416149012, 53.645089506703371 ], [ 0.022465894742014, 53.645097170480341 ], [ 0.022478791279008, 53.645366647971692 ], [ 0.021571742062793, 53.645381970524333 ], [ 0.021558851300834, 53.645112492882951 ], [ 0.021105329266747, 53.645120151508571 ], [ 0.021092441601251, 53.644850673777853 ], [ 0.019278362925965, 53.644881290809352 ], [ 0.01926548701917, 53.644611812764474 ], [ 0.016997898415972, 53.644650045044514 ], [ 0.016985037155001, 53.64438056661092 ], [ 0.015624490152933, 53.644403485149333 ], [ 0.015611637762629, 53.644134006476975 ], [ 0.014704611160828, 53.644149276767614 ], [ 0.014717457776333, 53.644418755589484 ], [ 0.01381042456666, 53.64443401916126 ], [ 0.013823265615522, 53.644703498118254 ], [ 0.013369745810937, 53.64471112740322 ], [ 0.013331231951116, 53.643902690265136 ], [ 0.009249622310305, 53.643971274544548 ], [ 0.009236810759377, 53.643701794798275 ], [ 0.008783300425316, 53.643709406613858 ], [ 0.008770491969404, 53.643439926778733 ], [ 0.006502951621985, 53.643477959728159 ], [ 0.006490157810153, 53.643208479506328 ], [ 0.006036652005556, 53.64321608087063 ], [ 0.006049442930087, 53.643485561166898 ], [ 0.004688915610401, 53.643508355180678 ], [ 0.004676133347801, 53.643238874661201 ], [ 0.002408598107804, 53.643276829971192 ], [ 0.002383063076834, 53.642737868146043 ], [ 0.000115551535032, 53.642775779787144 ], [ 0.000102798766066, 53.642506298481877 ], [ -0.001257701978604, 53.642529024639664 ], [ -0.001270445879287, 53.642259543097559 ], [ -0.002630939821746, 53.642282253579758 ], [ -0.00264367485439, 53.642012771800978 ], [ -0.004004161993435, 53.642035466607879 ], [ -0.004029614116829, 53.641496502562994 ], [ -0.00539008579001, 53.641519181472781 ], [ -0.00540280288115, 53.641249699206838 ], [ -0.006763267748613, 53.641272362441995 ], [ -0.00677597597259, 53.641002879939826 ], [ -0.008136434033132, 53.641025527500616 ], [ -0.008149133390193, 53.640756044762405 ], [ -0.009056100686018, 53.640771134403771 ], [ -0.009068794063345, 53.640501651503556 ], [ -0.010429237889418, 53.640524272867083 ], [ -0.010454606705528, 53.639985306580769 ], [ -0.011815035060913, 53.640007912049349 ], [ -0.011827710500085, 53.639738428663399 ], [ -0.013188132044275, 53.639761018458749 ], [ -0.013200798617617, 53.639491534837354 ], [ -0.014107741566896, 53.63950658596913 ], [ -0.01412040216141, 53.639237102186087 ], [ -0.014573871057169, 53.639244625103011 ], [ -0.014586528559743, 53.638975141232045 ], [ -0.016400394647271, 53.639005215436711 ], [ -0.01641304039797, 53.638735731256986 ], [ -0.016866504545765, 53.638743245442484 ], [ -0.016879147204837, 53.638473761174922 ], [ -0.018239532217744, 53.638496293209798 ], [ -0.018252166012076, 53.638226808707351 ], [ -0.019159084604854, 53.638241821332855 ], [ -0.019146456583747, 53.638511305982298 ], [ -0.019599919073828, 53.638518809793318 ], [ -0.019612544208316, 53.638249325070404 ], [ -0.02051946402915, 53.638264327395092 ], [ -0.020544702137953, 53.637725357612673 ], [ -0.021905066083881, 53.637747847783196 ], [ -0.021892455791386, 53.638017332901747 ], [ -0.023706288793716, 53.638047296054246 ], [ -0.023731486082012, 53.63750832521611 ], [ -0.02554529925956, 53.637538260313512 ], [ -0.025557886051444, 53.637268774579972 ], [ -0.026918239417609, 53.637291207657213 ], [ -0.02693081734611, 53.637021721689777 ], [ -0.027837714836808, 53.637036668344415 ], [ -0.027850286788594, 53.636767182216389 ], [ -0.0287571793216, 53.636782121857756 ], [ -0.028782311068398, 53.63624314926637 ], [ -0.029689192870715, 53.636258081748359 ], [ -0.029701752665999, 53.635988595285092 ], [ -0.030155190986264, 53.63599605887795 ], [ -0.03016774769171, 53.635726572327357 ], [ -0.031074619170286, 53.63574149421688 ], [ -0.031087169899769, 53.635472007505946 ], [ -0.031994036419662, 53.635486922382704 ], [ -0.032006581173356, 53.635217435511514 ], [ -0.033366873819586, 53.635239794732719 ], [ -0.033379409711521, 53.634970307628357 ], [ -0.034286266719439, 53.634985205046682 ], [ -0.03429879663597, 53.634715717782228 ], [ -0.036112501544164, 53.634745491727656 ], [ -0.036125019713312, 53.634476004157442 ], [ -0.036578443561667, 53.634483443279393 ], [ -0.036590958641875, 53.634213955622101 ], [ -0.037044379807048, 53.634221392954608 ], [ -0.037056891798408, 53.633951905210274 ], [ -0.038870566942681, 53.633981637083153 ], [ -0.038883067187406, 53.633712149033478 ], [ -0.040243317015319, 53.633734429695785 ], [ -0.040255808399652, 53.633464941413735 ], [ -0.040709222528025, 53.633472364795324 ], [ -0.040721710824003, 53.633202876426374 ], [ -0.042081945765762, 53.633225136053802 ], [ -0.04209442520177, 53.632955647452683 ], [ -0.043001243736007, 53.632970478476331 ], [ -0.043013717198113, 53.632700989715772 ], [ -0.044373937858206, 53.632723223159481 ], [ -0.044386402460799, 53.632453734167044 ], [ -0.047106831919827, 53.6324981542732 ], [ -0.047119279005873, 53.632228664831636 ], [ -0.048479487802308, 53.632250851494447 ], [ -0.04849192602943, 53.631981361821431 ], [ -0.049398727130345, 53.631996144202702 ], [ -0.049411159384487, 53.631726654370766 ], [ -0.049864557351531, 53.631734042914317 ], [ -0.04987698651852, 53.63146455299583 ], [ -0.050783777285613, 53.631479324788842 ], [ -0.050808623472894, 53.630940344620001 ], [ -0.050355233759824, 53.630932959726337 ], [ -0.050367659436959, 53.630663469692941 ], [ -0.049460886386077, 53.63064869490097 ], [ -0.049436023288268, 53.631187674664275 ], [ -0.048982631293973, 53.631180284548954 ], [ -0.048995065829174, 53.630910794746768 ], [ -0.048541676921966, 53.630903402987379 ], [ -0.048554114141134, 53.630633913243344 ], [ -0.04900750016284, 53.630641304930364 ], [ -0.049019934294974, 53.630371815099771 ], [ -0.049926701172011, 53.630386593179864 ], [ -0.049939129331789, 53.630117103190365 ], [ -0.052206035621499, 53.630154017992197 ], [ -0.052218449152931, 53.62988452762707 ], [ -0.053125207306713, 53.629899281388646 ], [ -0.053137614866249, 53.629629790864875 ], [ -0.054497744948952, 53.629651908417834 ], [ -0.054510143651445, 53.629382417663329 ], [ -0.055870266886742, 53.629404519552601 ], [ -0.055882656732437, 53.629135028567497 ], [ -0.0586028913118, 53.629179185572148 ], [ -0.058590518777921, 53.629448676989568 ], [ -0.059950647431284, 53.629470732537165 ], [ -0.059938283352982, 53.629740224156357 ], [ -0.061751802570898, 53.629769607811653 ], [ -0.061764155107661, 53.62950011590479 ], [ -0.064484422627364, 53.629544139464933 ], [ -0.064472087403038, 53.629813631802826 ], [ -0.068099145040037, 53.629872234339096 ], [ -0.068086832699651, 53.630141727236584 ], [ -0.068540218688259, 53.630149044901401 ], [ -0.068552528143141, 53.629879551932277 ], [ -0.070366062550156, 53.629908805140808 ], [ -0.070353764637328, 53.630178298396359 ], [ -0.072620701558108, 53.630214826645059 ], [ -0.072608417873857, 53.630484320244108 ], [ -0.07442198253679, 53.63051351223281 ], [ -0.07440971019603, 53.630783006103492 ], [ -0.074863104744808, 53.630790299880914 ], [ -0.074875374199911, 53.630520805938801 ], [ -0.076688942840542, 53.630549963598042 ], [ -0.076676684928112, 53.630819457825623 ], [ -0.078943664627172, 53.630855866635272 ], [ -0.078931420944734, 53.631125361205179 ], [ -0.080291619803146, 53.631147186106581 ], [ -0.080279384579653, 53.631416680876036 ], [ -0.081639593880289, 53.631438490542223 ], [ -0.081651820446349, 53.631168995559214 ], [ -0.082558621866078, 53.631183526611657 ], [ -0.082546401071662, 53.631453021736924 ], [ -0.084360017831004, 53.63148206352767 ], [ -0.084347808382034, 53.631751558923177 ], [ -0.085708031687283, 53.631773322455437 ], [ -0.085695830698246, 53.632042818049882 ], [ -0.087056064441188, 53.632064566345839 ], [ -0.087043871912398, 53.632334062139115 ], [ -0.087950701167911, 53.63234855256195 ], [ -0.087962887924673, 53.632079056626814 ], [ -0.088869712198275, 53.632093540041346 ], [ -0.088857531213558, 53.632363036118285 ], [ -0.090671193673759, 53.632391982631425 ], [ -0.09065902403593, 53.632661478977653 ], [ -0.091565862221927, 53.632675942076034 ], [ -0.091553698159125, 53.632945438549768 ], [ -0.094727658221463, 53.632996005814491 ], [ -0.094715514164947, 53.633265502769213 ], [ -0.096529221505607, 53.633294360864625 ], [ -0.096517088797359, 53.63356385808779 ], [ -0.097423949420413, 53.633578276976444 ], [ -0.097411822288177, 53.633847774326703 ], [ -0.09877212335596, 53.633869389995873 ], [ -0.098760004686335, 53.634138887543671 ], [ -0.099666878819918, 53.634153289547051 ], [ -0.09965476572676, 53.634422787221766 ], [ -0.100561646418645, 53.634437182499028 ], [ -0.100549538902154, 53.634706680300567 ], [ -0.101002982429018, 53.634713875434478 ], [ -0.101015087058995, 53.634444377562467 ], [ -0.101921968928275, 53.634458762538991 ], [ -0.10190987007134, 53.63472826055186 ], [ -0.102816758498141, 53.634742638801981 ], [ -0.102804665218238, 53.635012136941512 ], [ -0.103711560202315, 53.635026508465131 ], [ -0.103699472499644, 53.635296006731288 ], [ -0.104606374040751, 53.635310371528213 ], [ -0.10459429191551, 53.635579869920932 ], [ -0.105501200013401, 53.635594227991014 ], [ -0.105489123465791, 53.635863726510237 ], [ -0.106396038120218, 53.635878077853356 ], [ -0.10638396715044, 53.636147576499006 ], [ -0.106837427657986, 53.636154749665479 ], [ -0.106825359379384, 53.636424248367263 ], [ -0.107278822969411, 53.636431419887025 ], [ -0.107290888361159, 53.636161921115011 ], [ -0.107744349259913, 53.636169090847631 ], [ -0.107732286755024, 53.636438589689867 ], [ -0.108185750736175, 53.636445757775761 ], [ -0.108173690922658, 53.636715256674087 ], [ -0.108627157986214, 53.636722423113227 ], [ -0.108615100864162, 53.636991922067622 ], [ -0.10952204135151, 53.637006249935347 ], [ -0.109509989808032, 53.63727574901597 ], [ -0.109963463231789, 53.63728291044449 ], [ -0.109951414380013, 53.637552409581147 ], [ -0.11040489088616, 53.637559569362772 ], [ -0.11039284472618, 53.637829068555476 ], [ -0.110846324314724, 53.63783622669019 ], [ -0.110834280846634, 53.638105725938892 ], [ -0.111287763517583, 53.638112882426661 ], [ -0.111275722741476, 53.638382381731354 ], [ -0.112182694443353, 53.638396689695831 ], [ -0.112170659246597, 53.638666189126546 ], [ -0.112624148277489, 53.638673340603233 ], [ -0.112612115772954, 53.638942840089889 ], [ -0.113065607886236, 53.638949989919475 ], [ -0.113053578074015, 53.639219489462072 ], [ -0.114867560026385, 53.639248071889298 ], [ -0.114855541568882, 53.639517571697709 ], [ -0.11530904043162, 53.639524713081613 ], [ -0.115297024666772, 53.63979421294588 ], [ -0.115750526611796, 53.639801352682547 ], [ -0.115738513539696, 53.640070852602669 ], [ -0.116192018567016, 53.640077990692085 ], [ -0.116180008187756, 53.640347490668013 ], [ -0.11663351629738, 53.640354627110128 ], [ -0.116621508611055, 53.640624127141876 ], [ -0.117075019802993, 53.640631261936655 ], [ -0.117063014809695, 53.640900762024188 ], [ -0.11797004355279, 53.640915026601775 ], [ -0.117958044140365, 53.641184526814932 ], [ -0.118411561691488, 53.641191656597684 ], [ -0.118399564972329, 53.641461156866583 ], [ -0.118853085605749, 53.641468285001871 ], [ -0.118841091579949, 53.641737785326526 ], [ -0.119294615295673, 53.641744911814328 ], [ -0.119282623963327, 53.642014412194676 ], [ -0.119736150761362, 53.64202153703495 ], [ -0.119724162122562, 53.642291037471018 ], [ -0.120631222077595, 53.642305282139112 ], [ -0.120619239020445, 53.642574782700592 ], [ -0.121072772177408, 53.642581902528377 ], [ -0.121060791814042, 53.642851403145514 ], [ -0.121967864486747, 53.642865637788404 ], [ -0.121955889705376, 53.643135138530873 ], [ -0.122409429221083, 53.643142253345935 ], [ -0.122397457133734, 53.643411754144019 ], [ -0.122850999731711, 53.643418867311333 ], [ -0.122839030338478, 53.643688368165037 ], [ -0.123292576018733, 53.643695479684595 ], [ -0.12328060931971, 53.643964980593857 ], [ -0.123734158082252, 53.643972090465617 ], [ -0.123722194077531, 53.644241591430443 ], [ -0.124175745922369, 53.644248699654376 ], [ -0.124163784612045, 53.644518200674767 ], [ -0.124617339539186, 53.644525307250809 ], [ -0.124605380923351, 53.644794808326743 ], [ -0.125058938932805, 53.644801913254867 ], [ -0.125035026896455, 53.645340915503738 ], [ -0.125942155050856, 53.645355120485711 ], [ -0.125930204519052, 53.645624621728174 ], [ -0.126383771775494, 53.645631721712377 ], [ -0.126371823938553, 53.645901223010341 ], [ -0.12682539427734, 53.645908321346489 ], [ -0.126813449135356, 53.64617782269989 ], [ -0.127267022556498, 53.646184919387977 ], [ -0.127255080109567, 53.646454420796822 ], [ -0.127708656613071, 53.646461515836783 ], [ -0.127696716861283, 53.646731017301072 ], [ -0.128603876226581, 53.646745202367086 ], [ -0.128591942058865, 53.647014703956245 ], [ -0.129952691224464, 53.647035968881269 ], [ -0.129928839641998, 53.647574972433944 ], [ -0.130382428861828, 53.647582057445753 ], [ -0.130370505669532, 53.6478515592704 ], [ -0.12991691356071, 53.64784447418922 ], [ -0.129904987286047, 53.64811397593045 ], [ -0.130358582283907, 53.648121061081014 ], [ -0.130346658704949, 53.648390562877587 ], [ -0.130800256785231, 53.648397646379792 ], [ -0.13077641482562, 53.648936650069565 ], [ -0.13123001887752, 53.648943731992745 ], [ -0.131218100497002, 53.649213233885909 ], [ -0.131671707631392, 53.649220314160644 ], [ -0.131683623122671, 53.648950812198137 ], [ -0.132137227561028, 53.648957890685786 ], [ -0.132149139969907, 53.648688388639933 ], [ -0.132602741712224, 53.648695465340467 ], [ -0.132578922479752, 53.649234469556781 ], [ -0.13303253019363, 53.649241544678148 ], [ -0.133008715967337, 53.649780548976857 ], [ -0.132555102474819, 53.649773473716934 ], [ -0.132543192182668, 53.650042975775946 ], [ -0.133904041907597, 53.650064196610089 ], [ -0.133880238080697, 53.650603201101653 ], [ -0.13433386082066, 53.650610271415829 ], [ -0.134321961507261, 53.650879773709796 ], [ -0.134775587329722, 53.650886842375307 ], [ -0.134763690712964, 53.651156344724484 ], [ -0.135217319617931, 53.65116341174128 ], [ -0.135205425697908, 53.65143291414563 ], [ -0.13565905768539, 53.651439979513711 ], [ -0.135647166462195, 53.651709481973207 ], [ -0.1361008015322, 53.651716545692508 ], [ -0.136088913005927, 53.651986048207178 ], [ -0.136542551158464, 53.651993110277679 ], [ -0.136530665329206, 53.652262612847466 ], [ -0.136984306564283, 53.652269673269132 ], [ -0.136972423432133, 53.652539175894042 ], [ -0.13742606774976, 53.652546234666858 ], [ -0.137402306687209, 53.653085240012828 ], [ -0.138309607460092, 53.653099352680819 ], [ -0.13829773241983, 53.653368855470987 ], [ -0.138751385985152, 53.653375909296983 ], [ -0.138739513642373, 53.653645412142197 ], [ -0.139193170290276, 53.653652464319187 ], [ -0.139181300645074, 53.65392196721946 ], [ -0.139634960375569, 53.653929017747409 ], [ -0.139611226288062, 53.65446802364395 ], [ -0.140064891991362, 53.654475072591879 ], [ -0.140053027549194, 53.654744575588147 ], [ -0.140506696335152, 53.654751622886941 ], [ -0.140494834590883, 53.655021125938227 ], [ -0.14094850645951, 53.655028171587844 ], [ -0.140936647413234, 53.655297674694097 ], [ -0.141390322364535, 53.655304718694545 ], [ -0.141378466016347, 53.655574221855773 ], [ -0.141832144050331, 53.655581264206972 ], [ -0.141820290400323, 53.655850767423154 ], [ -0.142273971517, 53.655857808125099 ], [ -0.142262120565267, 53.656127311396212 ], [ -0.142715804764643, 53.656134350448859 ], [ -0.142703956511278, 53.656403853774918 ], [ -0.143157643793363, 53.656410891178211 ], [ -0.143145798238459, 53.656680394559174 ], [ -0.143599488603262, 53.656687430313106 ], [ -0.143587645746914, 53.656956933748965 ], [ -0.144041339194442, 53.656963967853514 ], [ -0.144029499036742, 53.657233471344242 ], [ -0.144483195567004, 53.657240503799336 ], [ -0.14445952045711, 53.657779510876487 ], [ -0.145366925656685, 53.657793570907138 ], [ -0.145355093595492, 53.658063074562406 ], [ -0.145808799374006, 53.658070102069011 ], [ -0.145796970011837, 53.658339605779098 ], [ -0.146250678873119, 53.658346631636135 ], [ -0.146238852210066, 53.658616135401019 ], [ -0.146692564154124, 53.658623159608439 ], [ -0.146680740190282, 53.658892663428112 ], [ -0.147134455217124, 53.658899685985908 ], [ -0.147122633952586, 53.659169189860343 ], [ -0.147576352062221, 53.659176210768436 ], [ -0.14756453349708, 53.659445714697654 ], [ -0.148018254689515, 53.659452733956051 ], [ -0.148006438823866, 53.659722237939995 ], [ -0.148460163099111, 53.65972925554864 ], [ -0.148448349933046, 53.659998759587324 ], [ -0.148902077291109, 53.660005775546196 ], [ -0.148890266824723, 53.660275279639571 ], [ -0.149343997265612, 53.66028229394864 ], [ -0.149332189498998, 53.660551798096719 ], [ -0.149785923022721, 53.660558810755951 ], [ -0.149774117955973, 53.660828314958692 ], [ -0.150227854562539, 53.660835325968037 ], [ -0.15021605219575, 53.661104830225462 ], [ -0.150669791885167, 53.661111839584898 ], [ -0.150657992218432, 53.661381343896963 ], [ -0.151111734990708, 53.661388351606448 ], [ -0.151088140866191, 53.661927360325862 ], [ -0.151541889612914, 53.661934366453984 ], [ -0.151530095155269, 53.662203870861305 ], [ -0.151983846984921, 53.662210875339397 ], [ -0.151960263279125, 53.662749884249259 ], [ -0.15241402108344, 53.662756887145875 ], [ -0.152402231835426, 53.663026391648394 ], [ -0.152855992722736, 53.663033392894874 ], [ -0.152832419436743, 53.663572401995097 ], [ -0.153286186298935, 53.663579401660002 ], [ -0.153274402261093, 53.663848906257662 ], [ -0.153728172206345, 53.663855904272381 ], [ -0.153716390869341, 53.664125408924583 ], [ -0.154170163897665, 53.664132405289045 ], [ -0.15415838526159, 53.664401909995796 ], [ -0.155065937675404, 53.664415897705361 ], [ -0.1550423913985, 53.664954907350882 ], [ -0.155496173676088, 53.664961898764439 ], [ -0.155519714168774, 53.664422888981925 ], [ -0.156427267728205, 53.664436866378665 ], [ -0.156450795889156, 53.663897856266374 ], [ -0.157358338643745, 53.663911826514187 ], [ -0.157346580442691, 53.664181331714182 ], [ -0.157800354998097, 53.664188314328307 ], [ -0.15778859949838, 53.664457819582687 ], [ -0.157334822050914, 53.664450836900166 ], [ -0.157311304695181, 53.664989847230167 ], [ -0.156857521654191, 53.664982862692 ], [ -0.156833997751085, 53.665521872829217 ], [ -0.157287786576514, 53.665528857504221 ], [ -0.157264267694879, 53.666067867722298 ], [ -0.158171857487195, 53.666081832189221 ], [ -0.158160103545032, 53.666351337414063 ], [ -0.158613901619593, 53.666358317137515 ], [ -0.158602150379212, 53.666627822416757 ], [ -0.160417356152944, 53.666655724394474 ], [ -0.160393876240508, 53.667194735457592 ], [ -0.161755299925721, 53.66721564430145 ], [ -0.16174356836167, 53.667485150016837 ], [ -0.162197379530017, 53.667492116261705 ], [ -0.162220836682634, 53.666953104680459 ], [ -0.163582253973418, 53.666973992691752 ], [ -0.163570534169969, 53.667243498693956 ], [ -0.163116725323622, 53.66723653767432 ], [ -0.163105002437432, 53.667506043594379 ], [ -0.164012626105498, 53.667519964050975 ], [ -0.164024343206427, 53.667250457994577 ], [ -0.164931961849487, 53.667264371438776 ], [ -0.164920250533837, 53.667533877631485 ], [ -0.165827875722077, 53.667547784335895 ], [ -0.165839581252432, 53.667278278006982 ], [ -0.166293391238744, 53.667285228712565 ], [ -0.166269985773505, 53.667824241492589 ], [ -0.165816170001841, 53.667817290650831 ], [ -0.165769345222, 53.668895315770868 ], [ -0.165315518068966, 53.668888362937665 ], [ -0.165280388811198, 53.669696881426667 ], [ -0.164826553169193, 53.669689926669946 ], [ -0.16481484014362, 53.669959432736881 ], [ -0.165268678678692, 53.669966387561715 ], [ -0.165245257843779, 53.670505399789889 ], [ -0.165699102355099, 53.670512353031761 ], [ -0.165687394545896, 53.670781859193006 ], [ -0.166595089924705, 53.67079576065526 ], [ -0.1665833877121, 53.671065266938719 ], [ -0.167037238579555, 53.671072215159064 ], [ -0.167025539070427, 53.67134172149661 ], [ -0.167479393020999, 53.671348668065747 ], [ -0.167467696215441, 53.67161817445735 ], [ -0.167921553249138, 53.671625119375257 ], [ -0.167909859147244, 53.67189462582094 ], [ -0.168363719264074, 53.671901569087581 ], [ -0.168352027865937, 53.6721710755873 ], [ -0.168805891065909, 53.672178017202611 ], [ -0.168794202371624, 53.672447523756361 ], [ -0.169248068654745, 53.672454463720342 ], [ -0.169224696484481, 53.672993476921917 ], [ -0.170132441193829, 53.673007351963669 ], [ -0.170120760611661, 53.673276858679429 ], [ -0.16966688526854, 53.6732699219503 ], [ -0.169655201603151, 53.673539428584149 ], [ -0.170109079839993, 53.673546365381235 ], [ -0.170085717728142, 53.674085378742944 ], [ -0.171901255720499, 53.674113109280434 ], [ -0.171889585955798, 53.674382616212 ], [ -0.1723434738212, 53.674389544615607 ], [ -0.172366807373557, 53.673850530602792 ], [ -0.171912925295875, 53.673843602334905 ], [ -0.17192459468193, 53.673574095375436 ], [ -0.171470715687355, 53.673567165456021 ], [ -0.171494059678951, 53.673028151630959 ], [ -0.171040186661159, 53.673021220127914 ], [ -0.171051861266563, 53.672751713262336 ], [ -0.170597991331811, 53.672744780107813 ], [ -0.170609668641406, 53.6724752732962 ], [ -0.170155801789684, 53.672468338490262 ], [ -0.170144121586502, 53.672737845233939 ], [ -0.169690252030684, 53.672730908640709 ], [ -0.169725300752374, 53.671922388571602 ], [ -0.170179161627589, 53.671929324960985 ], [ -0.170214199963366, 53.671120804562335 ], [ -0.170668052347866, 53.671127739028641 ], [ -0.170679728520883, 53.67085823213322 ], [ -0.171133578201494, 53.670865164812334 ], [ -0.171121904921785, 53.671134671775661 ], [ -0.171575757685078, 53.671141602803417 ], [ -0.171587428071474, 53.670872095772204 ], [ -0.172041278130776, 53.670879025012802 ], [ -0.172029610637697, 53.671148532111886 ], [ -0.172483463779594, 53.671155459701119 ], [ -0.172471798990603, 53.671424966854083 ], [ -0.173379511628795, 53.67143881701039 ], [ -0.17336785243741, 53.671708324285092 ], [ -0.173821711933671, 53.671715246852109 ], [ -0.173810055446612, 53.67198475418067 ], [ -0.17426391802545, 53.67199167509618 ], [ -0.174240610271113, 53.672530689847022 ], [ -0.174694478826112, 53.672537609178761 ], [ -0.174717780793346, 53.671998594292376 ], [ -0.175171643750251, 53.672005511769214 ], [ -0.175159995754675, 53.672275019287156 ], [ -0.175613861794081, 53.672281935112423 ], [ -0.175602216503121, 53.672551442684153 ], [ -0.176509954935829, 53.672565269312088 ], [ -0.176498315243219, 53.672834777005292 ], [ -0.176952187636486, 53.67284168780791 ], [ -0.176928913472182, 53.673380703287904 ], [ -0.177836670399914, 53.673394520005644 ], [ -0.177778510623979, 53.674742059138239 ], [ -0.178232403840372, 53.674748965256228 ], [ -0.178220774213061, 53.675018473108551 ], [ -0.178674670512166, 53.675025377574677 ], [ -0.178697923790088, 53.674486361720795 ], [ -0.179151814489795, 53.674493264332149 ], [ -0.179116942972081, 53.675301788294895 ], [ -0.180932542384819, 53.675329382356253 ], [ -0.180920929744975, 53.675598890586272 ], [ -0.18137483296344, 53.675605784870264 ], [ -0.181363223029388, 53.675875293153858 ], [ -0.181817129330417, 53.675882185785809 ], [ -0.181805522102251, 53.676151694122993 ], [ -0.181351612906973, 53.676144801423533 ], [ -0.181340002596187, 53.676414309679231 ], [ -0.180432178982198, 53.676400518986398 ], [ -0.180420562694363, 53.676670027093088 ], [ -0.180874477301483, 53.676676923366884 ], [ -0.180862863719561, 53.676946431527178 ], [ -0.182224617354457, 53.676967110233278 ], [ -0.182213012267421, 53.677236618582207 ], [ -0.182666933416804, 53.677243508112433 ], [ -0.182632125709553, 53.678052033278071 ], [ -0.181270336775498, 53.678031358920798 ], [ -0.181281948216584, 53.677761850748716 ], [ -0.18037409565827, 53.677748059380356 ], [ -0.180362478428039, 53.678017567417321 ], [ -0.179908549537024, 53.678010669085999 ], [ -0.179862067152406, 53.67908870082406 ], [ -0.179408126871209, 53.679081800502615 ], [ -0.17939650290888, 53.679351308334667 ], [ -0.179850446084874, 53.679358208723713 ], [ -0.179815581750908, 53.680166732338996 ], [ -0.179361629890241, 53.680159831747162 ], [ -0.179350005173464, 53.680429339523428 ], [ -0.178896050606435, 53.680422437144124 ], [ -0.178884422806009, 53.680691944838806 ], [ -0.179338380268064, 53.68069884728574 ], [ -0.179303504420089, 53.68150737048903 ], [ -0.178849538272669, 53.681500467839257 ], [ -0.178861166639129, 53.681230960186376 ], [ -0.178407203575558, 53.681224055884279 ], [ -0.178372309224484, 53.682032578598097 ], [ -0.178826280973688, 53.682039483103118 ], [ -0.178803022919929, 53.682578498311216 ], [ -0.179257000648491, 53.682585401231528 ], [ -0.179268626874364, 53.682315893566816 ], [ -0.179722601896222, 53.682322794699509 ], [ -0.179757470756148, 53.681514271418912 ], [ -0.1802114372808, 53.681521170628848 ], [ -0.180199817411312, 53.68179067847057 ], [ -0.181107756816663, 53.681804471865746 ], [ -0.181096142549179, 53.682073979828687 ], [ -0.182004088498922, 53.682087766479086 ], [ -0.182015696975837, 53.681818258381092 ], [ -0.183831579554149, 53.681845810772181 ], [ -0.183843176261701, 53.681576302390326 ], [ -0.184297144481571, 53.68158318612074 ], [ -0.18430873810574, 53.681313677657506 ], [ -0.185216669319364, 53.681327439823647 ], [ -0.185228256965069, 53.68105793121164 ], [ -0.184774294159396, 53.681051051055945 ], [ -0.184820654442277, 53.679973016738195 ], [ -0.184366703404886, 53.67996613513224 ], [ -0.184378295900404, 53.679696626585397 ], [ -0.184832244042858, 53.679703508123922 ], [ -0.184843833455393, 53.6794339994957 ], [ -0.185297778891001, 53.679440879246997 ], [ -0.185320951362297, 53.678901861813969 ], [ -0.186682771427927, 53.678922490344704 ], [ -0.186659616325618, 53.679461508181923 ], [ -0.187113562512931, 53.679468381053923 ], [ -0.187101987574905, 53.679737890018963 ], [ -0.18755593684494, 53.679744761238439 ], [ -0.187509646794793, 53.680822797228551 ], [ -0.188417569058415, 53.680836535046303 ], [ -0.188406001866742, 53.681106044143604 ], [ -0.190221860226541, 53.681133499409057 ], [ -0.190210304428031, 53.6814030087614 ], [ -0.191572208852533, 53.681423582352686 ], [ -0.191560661552339, 53.681693091892662 ], [ -0.192014632963922, 53.681699946383652 ], [ -0.191968453470981, 53.682777984672967 ], [ -0.192422436651509, 53.682784837712518 ], [ -0.192410894205451, 53.683054347317174 ], [ -0.1928648804688, 53.683061198703818 ], [ -0.192853340731015, 53.683330708361687 ], [ -0.193307330077194, 53.68333755809536 ], [ -0.193295793047777, 53.68360706780642 ], [ -0.193749785476793, 53.683613915887115 ], [ -0.193726716647712, 53.684152935401642 ], [ -0.1941807150553, 53.684159781896376 ], [ -0.194157651269111, 53.684698801489397 ], [ -0.195065660228834, 53.684712489586651 ], [ -0.195054133846783, 53.68498199949638 ], [ -0.195508141503111, 53.68498884103176 ], [ -0.195485093969766, 53.685527860943552 ], [ -0.195939107604999, 53.685534700892781 ], [ -0.195927586453842, 53.685804210894815 ], [ -0.196381603172063, 53.685811049190789 ], [ -0.196358566101045, 53.68635006928713 ], [ -0.19681258879839, 53.686356905996824 ], [ -0.196778040478568, 53.687165436237933 ], [ -0.197686103811202, 53.687179104898235 ], [ -0.197674593123457, 53.687448615084698 ], [ -0.198582662995937, 53.687462276997486 ], [ -0.198571157914141, 53.687731787303903 ], [ -0.198117119988146, 53.687724957140752 ], [ -0.198082594933056, 53.688533487775757 ], [ -0.19762854850442, 53.688526655691433 ], [ -0.197617036882626, 53.688796165808334 ], [ -0.198071086207822, 53.688802997959613 ], [ -0.198059577295814, 53.689072508129549 ], [ -0.197605525074011, 53.689065675911337 ], [ -0.197582500896297, 53.689604696075584 ], [ -0.198036558911456, 53.68961152842769 ], [ -0.198025049439098, 53.689881038555903 ], [ -0.198479110537796, 53.689887869254427 ], [ -0.198444589690497, 53.690696399756384 ], [ -0.19889865966649, 53.690703228935121 ], [ -0.198875650628449, 53.691242249334053 ], [ -0.199329726585096, 53.69124907692602 ], [ -0.199341228300478, 53.690979566666634 ], [ -0.199795301546796, 53.690986392471139 ], [ -0.199829796882242, 53.690177861408863 ], [ -0.200283861624452, 53.690184685292188 ], [ -0.200272366262779, 53.690454195727057 ], [ -0.20208863868425, 53.690481474322354 ], [ -0.20206567057675, 53.691020495684917 ], [ -0.201157522405284, 53.691006859561156 ], [ -0.201146032277924, 53.691276370087955 ], [ -0.200237879058356, 53.691262726948189 ], [ -0.200226382950399, 53.691532237327415 ], [ -0.200680462363972, 53.691539059824464 ], [ -0.200668968966535, 53.69180857025664 ], [ -0.201123051463748, 53.691815391099894 ], [ -0.201111560776926, 53.692084901584998 ], [ -0.200657475382561, 53.692078080674925 ], [ -0.200645981612044, 53.692347591079276 ], [ -0.201100069903608, 53.692354412056204 ], [ -0.20108857884379, 53.692623922513498 ], [ -0.20018039665272, 53.692610278705317 ], [ -0.200168899611817, 53.692879789015024 ], [ -0.199260712372571, 53.692866138190361 ], [ -0.199295220318908, 53.692057607620775 ], [ -0.198841135670994, 53.692050779828094 ], [ -0.198783607007244, 53.693398330373348 ], [ -0.199237706141543, 53.693405158500532 ], [ -0.199214699163701, 53.693944178755103 ], [ -0.199668804279592, 53.693951005295332 ], [ -0.19965730340812, 53.694220515468629 ], [ -0.200111411608198, 53.694227340354971 ], [ -0.200099913447624, 53.694496850581238 ], [ -0.200554024731894, 53.694503673813642 ], [ -0.200542529282312, 53.694773184092874 ], [ -0.200996643650782, 53.694780005671326 ], [ -0.200985150912286, 53.695049516003479 ], [ -0.201893386004139, 53.695063154131539 ], [ -0.201870411558503, 53.695602175021421 ], [ -0.201416288123836, 53.69559535668418 ], [ -0.20140479772352, 53.695864867041443 ], [ -0.201858924056006, 53.695871685445503 ], [ -0.201835948491632, 53.69641070625196 ], [ -0.20229008080636, 53.696417523068696 ], [ -0.202278595642438, 53.696687033517861 ], [ -0.202732731041553, 53.696693848680447 ], [ -0.202721248589221, 53.696963359182504 ], [ -0.203175387072731, 53.696970172690904 ], [ -0.203152427405096, 53.69750919378685 ], [ -0.203606571871124, 53.697516005707783 ], [ -0.203583617254493, 53.698055026881597 ], [ -0.204037767703199, 53.698061837214993 ], [ -0.204026293013692, 53.698331347847798 ], [ -0.204480446546918, 53.69833815652688 ], [ -0.204468974569463, 53.698607667212492 ], [ -0.204923131187218, 53.698614474237225 ], [ -0.204900192470423, 53.699153495700173 ], [ -0.205354355071131, 53.699160301137184 ], [ -0.205342888331929, 53.699429811914499 ], [ -0.205797054017233, 53.699436615697095 ], [ -0.205785589990407, 53.69970612652719 ], [ -0.206239758760316, 53.699712928655295 ], [ -0.20622829744596, 53.699982439538154 ], [ -0.206682469300483, 53.699989240011753 ], [ -0.206671010698691, 53.700258750947356 ], [ -0.207125185637835, 53.700265549766428 ], [ -0.207113729748701, 53.700535060754753 ], [ -0.207567907772475, 53.700541857919248 ], [ -0.207556454596093, 53.700811368960274 ], [ -0.208010635704504, 53.700818164470164 ], [ -0.207999185240968, 53.701087675563905 ], [ -0.208907553812912, 53.701101261553148 ], [ -0.20889610896114, 53.701370772766126 ], [ -0.209350296424638, 53.701377563245423 ], [ -0.20933885428595, 53.701647074511058 ], [ -0.209793044834067, 53.701653863335643 ], [ -0.209770165797347, 53.702192885958311 ], [ -0.210224362329068, 53.70219967319462 ], [ -0.210212925431173, 53.702469184551617 ], [ -0.210667125047579, 53.702475970133129 ], [ -0.210655690863093, 53.702745481542742 ], [ -0.211564096450868, 53.702759047674704 ], [ -0.211552667879016, 53.703028559203375 ], [ -0.21200687385035, 53.703035339753775 ], [ -0.211995447992146, 53.703304851335012 ], [ -0.212449657048148, 53.703311630230473 ], [ -0.212438233903687, 53.703581141864248 ], [ -0.212892446044364, 53.703587919104734 ], [ -0.21288102561374, 53.703857430791054 ], [ -0.213789456249819, 53.703870980240602 ], [ -0.213778041432462, 53.704140492045802 ], [ -0.214686478608458, 53.704154034742366 ], [ -0.21467506940457, 53.704423546666412 ], [ -0.215129291169815, 53.704430315498868 ], [ -0.215117884680148, 53.704699827475352 ], [ -0.2164805597851, 53.704720123842833 ], [ -0.216469161808748, 53.704989636004342 ], [ -0.216923390113377, 53.70499639808348 ], [ -0.216911994851536, 53.705265910297385 ], [ -0.217366226240718, 53.705272670721236 ], [ -0.217354833693483, 53.70554218298755 ], [ -0.218717537669392, 53.70556245412866 ], [ -0.218706153636178, 53.705831966579723 ], [ -0.219614629676945, 53.705845472198455 ], [ -0.219637385959974, 53.705306447017755 ], [ -0.2191831536465, 53.705299695201496 ], [ -0.219194534410514, 53.705030182656515 ], [ -0.21964876382441, 53.705036934406607 ], [ -0.219660141504134, 53.70476742178159 ], [ -0.220114368203209, 53.704774171744006 ], [ -0.220125742798735, 53.704504659038975 ], [ -0.219217295384265, 53.704491157524934 ], [ -0.219240055619008, 53.703952132337861 ], [ -0.217877403279493, 53.70393186755291 ], [ -0.21788879181775, 53.703662355137162 ], [ -0.218343006180102, 53.703669111720714 ], [ -0.218354391634194, 53.70339959922488 ], [ -0.217445968892933, 53.703386084468804 ], [ -0.217468750843476, 53.70284705970041 ], [ -0.217014545548618, 53.702840299872747 ], [ -0.217003151766625, 53.703109812197638 ], [ -0.216094735933494, 53.703096287245707 ], [ -0.216106135513838, 53.702826775053339 ], [ -0.215651930774009, 53.702820010061579 ], [ -0.215663333068417, 53.702550497921642 ], [ -0.215209131412811, 53.702543731274829 ], [ -0.215220536421191, 53.702274219187331 ], [ -0.215674735177726, 53.702280985767807 ], [ -0.215686137101939, 53.70201147360013 ], [ -0.216594529372189, 53.70202500146457 ], [ -0.216583133246037, 53.702294513764819 ], [ -0.217037332557718, 53.702301275181327 ], [ -0.217048725784834, 53.702031762814805 ], [ -0.217957119164931, 53.702045280351363 ], [ -0.217968506409106, 53.701775767838498 ], [ -0.218422700477461, 53.701782523958592 ], [ -0.218456852404163, 53.700973986138187 ], [ -0.218911037960589, 53.700980740338402 ], [ -0.218899657068686, 53.701250253025265 ], [ -0.219353845708727, 53.701257005570405 ], [ -0.219365223701763, 53.700987492817369 ], [ -0.219819409627636, 53.700994243575082 ], [ -0.219808034533473, 53.701263756394269 ], [ -0.220262223542876, 53.701270505496858 ], [ -0.22025085116298, 53.701540018368298 ], [ -0.22070504325592, 53.701546765815728 ], [ -0.22065956348634, 53.702624817427342 ], [ -0.221113767360044, 53.70263156341791 ], [ -0.221102399855368, 53.702901076352241 ], [ -0.221556606812779, 53.702907820687507 ], [ -0.221522511889292, 53.703716359605615 ], [ -0.221976727729, 53.703723102417733 ], [ -0.221954002656262, 53.704262128425974 ], [ -0.221499781017782, 53.704255385481694 ], [ -0.221488415305259, 53.704524898398944 ], [ -0.221034190951838, 53.704518153667109 ], [ -0.221011453174191, 53.705057179327795 ], [ -0.220557223206295, 53.70505043274224 ], [ -0.220500361033676, 53.706397996320732 ], [ -0.220046116752003, 53.706391247683015 ], [ -0.220023364790819, 53.706930272885053 ], [ -0.219114865182226, 53.706916770180172 ], [ -0.219103483124777, 53.707186282628065 ], [ -0.218194978455537, 53.707172772904286 ], [ -0.218183590413401, 53.707442285205907 ], [ -0.216366571694195, 53.707415244833633 ], [ -0.216355171867239, 53.707684756856423 ], [ -0.217717944329131, 53.707705039916881 ], [ -0.217706553017175, 53.707974552124554 ], [ -0.218160813774453, 53.707981309767582 ], [ -0.218149425177633, 53.708250822027594 ], [ -0.217695161520272, 53.708244064318357 ], [ -0.21768376983842, 53.708513576498277 ], [ -0.217229503465883, 53.708506817001073 ], [ -0.21724089804786, 53.708237304887376 ], [ -0.215423846008652, 53.70821024994649 ], [ -0.215435252005907, 53.707940738084062 ], [ -0.214980992359008, 53.707933970110922 ], [ -0.214958174379152, 53.708472993689234 ], [ -0.214503909117325, 53.708466223861713 ], [ -0.214481084596181, 53.709005247251845 ], [ -0.215389626905766, 53.709018785450503 ], [ -0.215378220167748, 53.709288297257416 ], [ -0.215832494500609, 53.709295063840443 ], [ -0.215821090477688, 53.709564575699794 ], [ -0.216275367896005, 53.709571340627349 ], [ -0.216263966588274, 53.709840852539116 ], [ -0.216718247092054, 53.709847615811171 ], [ -0.216729645499432, 53.70957810383311 ], [ -0.217183923287924, 53.709584865317083 ], [ -0.217195318609929, 53.709315353258887 ], [ -0.217649593683125, 53.70932211295483 ], [ -0.217660985919851, 53.70905260081652 ], [ -0.218115258277741, 53.709059358724446 ], [ -0.218103868941286, 53.709328870928992 ], [ -0.218558144384366, 53.709335627181389 ], [ -0.21858091707186, 53.708796602626002 ], [ -0.219035186899301, 53.70880335702423 ], [ -0.219046570065566, 53.708533844659542 ], [ -0.219500837177636, 53.708540597269838 ], [ -0.219512217258946, 53.708271084825121 ], [ -0.220875011003116, 53.708291332127196 ], [ -0.220886382199356, 53.708021819470169 ], [ -0.221340644249939, 53.708028565061333 ], [ -0.221352012361499, 53.707759052324349 ], [ -0.221806271696584, 53.707765796127703 ], [ -0.221840366223965, 53.706957257635267 ], [ -0.222294617043636, 53.706963999518742 ], [ -0.222340062231153, 53.705885947737116 ], [ -0.221885823010735, 53.70587920611792 ], [ -0.221919913663651, 53.70507066733434 ], [ -0.222374144185122, 53.705077408755344 ], [ -0.222385504467578, 53.70480789573368 ], [ -0.222839732273921, 53.704814635367107 ], [ -0.222817017323744, 53.705353661528662 ], [ -0.223725485087878, 53.705367135895074 ], [ -0.223714133135526, 53.705636649087097 ], [ -0.224168370193723, 53.705643383753994 ], [ -0.224157020956786, 53.70591289699815 ], [ -0.224611261098949, 53.705919630009483 ], [ -0.22459991457752, 53.706189143305743 ], [ -0.225054157803659, 53.706195874661454 ], [ -0.225031470007833, 53.706734901344369 ], [ -0.225485719217821, 53.706741631110383 ], [ -0.225474377943562, 53.707011144496995 ], [ -0.225928630237593, 53.70701787260731 ], [ -0.225905952936652, 53.707556899470859 ], [ -0.226360211214748, 53.707563625991341 ], [ -0.226348875188204, 53.707833139468271 ], [ -0.226803136550408, 53.707839864332968 ], [ -0.226791803239927, 53.708109377861931 ], [ -0.22724606768625, 53.708116101070829 ], [ -0.22721207535139, 53.708924641772214 ], [ -0.227666348682313, 53.708931363457012 ], [ -0.227643692006559, 53.709470390653742 ], [ -0.228097971322077, 53.709477110748473 ], [ -0.228075319711455, 53.710016138021508 ], [ -0.228529605011726, 53.710022856526123 ], [ -0.228518281831083, 53.710292370207696 ], [ -0.228972570215707, 53.710299087056292 ], [ -0.228949929104026, 53.710838114509556 ], [ -0.229404223473619, 53.7108448297679 ], [ -0.229392905542718, 53.711114343539585 ], [ -0.229847202996732, 53.71112105714181 ], [ -0.22982457238508, 53.711660084775197 ], [ -0.230278875824279, 53.711666796787078 ], [ -0.230256250279364, 53.712205824496614 ], [ -0.230710559703905, 53.712212534918088 ], [ -0.23068793922608, 53.712751562703779 ], [ -0.23114225463612, 53.712758271534746 ], [ -0.231108331245131, 53.71356681330667 ], [ -0.231562655541924, 53.713573520612833 ], [ -0.231540044832195, 53.714112548523012 ], [ -0.2319943751149, 53.714119254238511 ], [ -0.231960466377339, 53.714927796197138 ], [ -0.232414805547452, 53.714934500387656 ], [ -0.232392204607531, 53.715473528422258 ], [ -0.232846549763967, 53.715480231021992 ], [ -0.232823953893054, 53.716019259132601 ], [ -0.233278305035972, 53.716025960141479 ], [ -0.233233122699166, 53.717104016459288 ], [ -0.233687485632132, 53.71711071600857 ], [ -0.233664899166747, 53.717649744215755 ], [ -0.234119268086705, 53.717656442174025 ], [ -0.234096686691541, 53.71819547045714 ], [ -0.234551061598648, 53.718202166824334 ], [ -0.234528485274056, 53.718741195183348 ], [ -0.234982866168468, 53.718747889959403 ], [ -0.234960294914802, 53.719286918394282 ], [ -0.235414681796678, 53.719293611579147 ], [ -0.235392115614288, 53.719832640089876 ], [ -0.235846508483785, 53.719839331683453 ], [ -0.235790104332887, 53.721186903046053 ], [ -0.23533569695159, 53.721180211124526 ], [ -0.235279273707454, 53.722527781813234 ], [ -0.234824851996455, 53.722521087841095 ], [ -0.234802275610374, 53.72306011588848 ], [ -0.235256703126885, 53.723066809991849 ], [ -0.235200273467897, 53.724414380196215 ], [ -0.235654715682318, 53.724421072904875 ], [ -0.235620864396631, 53.725229615058232 ], [ -0.236075315503663, 53.725236306240895 ], [ -0.236052752869996, 53.725775334405128 ], [ -0.23650720996673, 53.725782023996111 ], [ -0.236473373352053, 53.726590566335396 ], [ -0.236927839342055, 53.726597254400204 ], [ -0.236916563007563, 53.726866768551169 ], [ -0.236462094114107, 53.726860080420813 ], [ -0.23645081469296, 53.727129594492396 ], [ -0.235996343079206, 53.727122904573562 ], [ -0.23598506057131, 53.727392418565735 ], [ -0.234167164335141, 53.727365641398521 ], [ -0.23415587002966, 53.727635155114385 ], [ -0.233701393525537, 53.72762845644953 ], [ -0.233678798556942, 53.728167483708447 ], [ -0.235042246041487, 53.728187574927915 ], [ -0.23503095699309, 53.728457088733535 ], [ -0.236848901154255, 53.728483853166516 ], [ -0.236837623537606, 53.728753367220662 ], [ -0.237292112939746, 53.728760054086898 ], [ -0.237303387652607, 53.728490539967211 ], [ -0.237757874334091, 53.728497225044876 ], [ -0.237746602525023, 53.728766739230089 ], [ -0.240019053196769, 53.7288001391004 ], [ -0.240007795723873, 53.729069653599154 ], [ -0.241371277033123, 53.729089673040967 ], [ -0.241360028089116, 53.729359187722167 ], [ -0.242723519754577, 53.729379191852409 ], [ -0.242712279339773, 53.729648706715857 ], [ -0.243166779830793, 53.729655371378414 ], [ -0.243155542137437, 53.729924886293354 ], [ -0.243610045715024, 53.729931549298129 ], [ -0.243576340252094, 53.730740094155983 ], [ -0.244030852724566, 53.730746755633511 ], [ -0.243985921169452, 53.731824815511686 ], [ -0.244440445441579, 53.731831475527173 ], [ -0.244384291414602, 53.733179050390326 ], [ -0.244838830391736, 53.733185709008929 ], [ -0.24482760194368, 53.733455224005368 ], [ -0.245282144007872, 53.733461880965862 ], [ -0.245270918282123, 53.733731396013752 ], [ -0.245725463433382, 53.733738051316124 ], [ -0.245691793876389, 53.734546596572599 ], [ -0.246146347924392, 53.734553250347275 ], [ -0.246157568387516, 53.734283735210383 ], [ -0.247066671220576, 53.734297037459065 ], [ -0.247077885691795, 53.734027522177946 ], [ -0.247532434476793, 53.734034170651988 ], [ -0.247566068083236, 53.733225624530242 ], [ -0.248475148771158, 53.733238915917269 ], [ -0.248486353799791, 53.7329694003854 ], [ -0.24894089151216, 53.732976043428756 ], [ -0.248952093454177, 53.732706527817996 ], [ -0.249861163615567, 53.732719808604521 ], [ -0.249872359566502, 53.732450292849748 ], [ -0.250326892015464, 53.732456930592946 ], [ -0.250315698969093, 53.732726446412798 ], [ -0.250770234504443, 53.732733082497745 ], [ -0.250781424646246, 53.732463566612864 ], [ -0.251690490453084, 53.73247683348275 ], [ -0.251679306120428, 53.732746349497695 ], [ -0.252588378463145, 53.732759609604315 ], [ -0.252577199758065, 53.733029125735449 ], [ -0.253031739106465, 53.733035753268744 ], [ -0.253020563124473, 53.73330526945103 ], [ -0.253475105559105, 53.733311895325919 ], [ -0.253463932300298, 53.733581411559364 ], [ -0.253918477821168, 53.733588035775824 ], [ -0.25390730728564, 53.733857552060392 ], [ -0.254816404681293, 53.733870795452972 ], [ -0.254805239773974, 53.734140311853558 ], [ -0.255259791648721, 53.734146931029635 ], [ -0.255248629464921, 53.734416447481308 ], [ -0.256157739568137, 53.734429680792907 ], [ -0.256146583012894, 53.734699197360499 ], [ -0.257055699650956, 53.734712423907986 ], [ -0.257044548724469, 53.734981940591467 ], [ -0.257499110220247, 53.734988551344792 ], [ -0.257487962017663, 53.735258068079268 ], [ -0.258397091362592, 53.735271284545078 ], [ -0.258385948789111, 53.735540801395338 ], [ -0.258840516638227, 53.735547407107731 ], [ -0.258829376788888, 53.735816924008923 ], [ -0.259738518840307, 53.73583013039265 ], [ -0.259727384620417, 53.736099647409532 ], [ -0.260636533205787, 53.736112847028465 ], [ -0.260625404615547, 53.736382364160953 ], [ -0.26107998208471, 53.736388961449769 ], [ -0.261068856218996, 53.736658478633125 ], [ -0.261523436774226, 53.73666507426303 ], [ -0.261512313633134, 53.73693459149726 ], [ -0.262421481096405, 53.736947777715486 ], [ -0.262410363585452, 53.737217295065207 ], [ -0.263774124851126, 53.737237061659229 ], [ -0.263763015875998, 53.737506579188931 ], [ -0.264217606231055, 53.737513164670879 ], [ -0.264206499980985, 53.737782682251371 ], [ -0.26557028084518, 53.737802428548882 ], [ -0.265559183131445, 53.738071946309162 ], [ -0.266468377086988, 53.738085102018076 ], [ -0.26645728500425, 53.738354619893521 ], [ -0.266911885158003, 53.738361195226894 ], [ -0.266900795800759, 53.738630713153064 ], [ -0.268264606059911, 53.738650429004139 ], [ -0.268253525239769, 53.738919947109792 ], [ -0.268708131925357, 53.738926515677072 ], [ -0.268697053830999, 53.739196033833345 ], [ -0.270060883684904, 53.739215729385712 ], [ -0.270049814128158, 53.739485247721305 ], [ -0.27141365431827, 53.739504927952623 ], [ -0.271402593299452, 53.739774446467358 ], [ -0.269584128448576, 53.739748202454074 ], [ -0.269573055626171, 53.740017720697772 ], [ -0.270027674475126, 53.740024284351165 ], [ -0.270005534102681, 53.740563320925915 ], [ -0.270460158943565, 53.740569882984133 ], [ -0.270449091393661, 53.740839401315192 ], [ -0.269994463646667, 53.740832839192649 ], [ -0.269983393010789, 53.741102357445577 ], [ -0.270438023663939, 53.741108919632481 ], [ -0.270426955754395, 53.741378437935978 ], [ -0.269972322195041, 53.741371875684756 ], [ -0.269961251199421, 53.741641393910157 ], [ -0.269506614913695, 53.741634829870648 ], [ -0.269495540831904, 53.741904348017933 ], [ -0.269040901819812, 53.741897782190144 ], [ -0.269051978807892, 53.741628264107234 ], [ -0.268597342882063, 53.741621696619902 ], [ -0.26860842259641, 53.741352178587597 ], [ -0.269063055616002, 53.741358746010562 ], [ -0.269085208692322, 53.740819709775884 ], [ -0.269539836079539, 53.740826275346201 ], [ -0.269561982623866, 53.740287238927685 ], [ -0.26774349740352, 53.740260966818312 ], [ -0.267754582029827, 53.739991448845942 ], [ -0.266845346312003, 53.739978302577086 ], [ -0.266856436570105, 53.739708784719845 ], [ -0.26640182188738, 53.739702209064177 ], [ -0.266412914871191, 53.739432691257598 ], [ -0.265503691858235, 53.739419534903817 ], [ -0.265514790473496, 53.739150017212452 ], [ -0.263696358235061, 53.73912368407769 ], [ -0.263707468293115, 53.738854166630695 ], [ -0.262798259068248, 53.738840989849926 ], [ -0.262831605593463, 53.738032437813757 ], [ -0.262377009968889, 53.738025847031636 ], [ -0.262388128021699, 53.737756329723261 ], [ -0.261933535483317, 53.737749737282087 ], [ -0.261922414524941, 53.738019254525796 ], [ -0.261467819261668, 53.738012660296285 ], [ -0.261445570991622, 53.738551694613065 ], [ -0.259627168501231, 53.738525299940726 ], [ -0.259638304349204, 53.738255783047983 ], [ -0.256910723475863, 53.738216139716826 ], [ -0.256899570194128, 53.738485656220931 ], [ -0.257354169459252, 53.738492267816817 ], [ -0.25734301890198, 53.738761784371938 ], [ -0.257797621253925, 53.738768394308927 ], [ -0.257786473421211, 53.739037910915052 ], [ -0.257331868163551, 53.739031300913275 ], [ -0.25732071724396, 53.739300817440778 ], [ -0.257775325407383, 53.73930742750737 ], [ -0.257764177212436, 53.739576944085904 ], [ -0.258673399894222, 53.739590159177368 ], [ -0.258662257329879, 53.739859675871656 ], [ -0.260935331730893, 53.739892683757859 ], [ -0.260924203515136, 53.740162200761972 ], [ -0.262288059043498, 53.740181985002067 ], [ -0.262254699465714, 53.740990536513493 ], [ -0.263618582774417, 53.741010305820659 ], [ -0.26360747127224, 53.74127982315737 ], [ -0.264062102309077, 53.741286409543235 ], [ -0.264073210905106, 53.74101689214195 ], [ -0.264527839216278, 53.741023476739393 ], [ -0.264472308962462, 53.742371063930754 ], [ -0.264017666120059, 53.742364479010533 ], [ -0.264028775438056, 53.742094961664392 ], [ -0.26221021749926, 53.742068605002366 ], [ -0.262221338261894, 53.74179908790083 ], [ -0.26131206618897, 53.741785899355477 ], [ -0.261300939613793, 53.742055416327723 ], [ -0.260846300942208, 53.742048819404495 ], [ -0.26085743042365, 53.74177930249693 ], [ -0.259493524212823, 53.741759501577782 ], [ -0.259504662232073, 53.74148998485056 ], [ -0.258140766368533, 53.741470168610476 ], [ -0.258118472711735, 53.742009201662569 ], [ -0.256754561040859, 53.741989369518642 ], [ -0.256743405221953, 53.742258885829557 ], [ -0.257198045170665, 53.742265498332955 ], [ -0.257186892076826, 53.742535014694937 ], [ -0.256732249221789, 53.742528402126709 ], [ -0.256709936677678, 53.743067434679574 ], [ -0.257619234194553, 53.743080658351367 ], [ -0.257608083463533, 53.743350174736747 ], [ -0.258972039816965, 53.743369997508836 ], [ -0.258960897624341, 53.743639514074765 ], [ -0.260324864326712, 53.743659321524945 ], [ -0.260335997799726, 53.74338980476481 ], [ -0.260790650822499, 53.743396403735446 ], [ -0.26080178120812, 53.743126886896846 ], [ -0.261711081983156, 53.743140079536722 ], [ -0.261699957410542, 53.743409596504648 ], [ -0.264427881511247, 53.743449133435725 ], [ -0.264416774197277, 53.743718650777524 ], [ -0.264871431752564, 53.74372523429647 ], [ -0.264860327164747, 53.743994751689023 ], [ -0.265769648629821, 53.744007913683838 ], [ -0.265758549674934, 53.744277431191648 ], [ -0.265303885945522, 53.744270850991754 ], [ -0.265281681681213, 53.744809885837022 ], [ -0.267100360934791, 53.744836196807931 ], [ -0.267111451530011, 53.744566679134238 ], [ -0.268475454142148, 53.744586394065848 ], [ -0.268464372267318, 53.744855911932838 ], [ -0.270283056564723, 53.744882174628223 ], [ -0.270271986137256, 53.745151692738922 ], [ -0.2716360099698, 53.745171371849992 ], [ -0.271624948083208, 53.745440890139847 ], [ -0.273443660670464, 53.745467105073445 ], [ -0.273432610232046, 53.745736623606554 ], [ -0.275706019540735, 53.745769353800412 ], [ -0.275694983457978, 53.746038872640661 ], [ -0.276149668764929, 53.746045413570947 ], [ -0.27616070194063, 53.745775894666593 ], [ -0.276615384519801, 53.74578243380855 ], [ -0.276637444519401, 53.745243395830315 ], [ -0.275728091168282, 53.745230316078661 ], [ -0.27575016207857, 53.744691278301843 ], [ -0.274386150838172, 53.744671646128069 ], [ -0.274397194744789, 53.744402127411483 ], [ -0.271669194551154, 53.744362816897819 ], [ -0.271680255718812, 53.744093298552876 ], [ -0.270316266767874, 53.74407362021352 ], [ -0.270327336475856, 53.743804102047754 ], [ -0.269872676758552, 53.743797539217482 ], [ -0.269861604143896, 53.744067057318922 ], [ -0.26940694169983, 53.744060492700221 ], [ -0.269418017221157, 53.743790974663135 ], [ -0.268963357863718, 53.743784408384734 ], [ -0.2689855141797, 53.743245372398015 ], [ -0.269440167723948, 53.743251938547672 ], [ -0.269429092562528, 53.743521456612292 ], [ -0.269883749193299, 53.743528021102271 ], [ -0.269894821448142, 53.743258502973298 ], [ -0.270804129436186, 53.743271626652451 ], [ -0.270815195698058, 53.743002108381027 ], [ -0.27217915030892, 53.74302178077663 ], [ -0.272168092766683, 53.743291299240902 ], [ -0.273077402552086, 53.743304405679694 ], [ -0.273066350643388, 53.743573924258705 ], [ -0.276703620217025, 53.743626281565319 ], [ -0.276725677349279, 53.743087243366915 ], [ -0.275816370506182, 53.743074164641101 ], [ -0.275827404616602, 53.742804645649478 ], [ -0.275372754370489, 53.742798103764656 ], [ -0.275394827866418, 53.742259065868389 ], [ -0.274030895642958, 53.742239430254862 ], [ -0.274041940841093, 53.741969911478591 ], [ -0.273132659402093, 53.741956812578088 ], [ -0.273143710233425, 53.741687293916463 ], [ -0.272689072689549, 53.741680741944528 ], [ -0.272711179626079, 53.741141704708426 ], [ -0.273165811357454, 53.741148256551909 ], [ -0.273176861650158, 53.740878737848988 ], [ -0.278632421542781, 53.740957224736079 ], [ -0.278610390527323, 53.741496263667131 ], [ -0.278155753738314, 53.74148973244661 ], [ -0.2781447350558, 53.741759251827453 ], [ -0.277690095539499, 53.741752718818944 ], [ -0.277679073771593, 53.742022238121997 ], [ -0.278133716194258, 53.742028771194555 ], [ -0.278122697153684, 53.742298290547893 ], [ -0.278577342661797, 53.742304821960516 ], [ -0.278566326348649, 53.742574341364126 ], [ -0.279020974942217, 53.742580871116772 ], [ -0.27900996135659, 53.742850390570631 ], [ -0.278100658535423, 53.742837329213295 ], [ -0.278089638957728, 53.74310684852535 ], [ -0.278998947592013, 53.743119910010762 ], [ -0.278987933648482, 53.743389429437123 ], [ -0.27944259114069, 53.743395957657746 ], [ -0.279453602177609, 53.74312643816738 ], [ -0.279908256942112, 53.743132964599987 ], [ -0.279919264893557, 53.742863445031873 ], [ -0.280373916930346, 53.74286996967647 ], [ -0.280384921796409, 53.742600450030636 ], [ -0.279930272666145, 53.742593925450016 ], [ -0.279952287674772, 53.742054886245029 ], [ -0.27949764453626, 53.742048360068381 ], [ -0.279519664642225, 53.741509320936345 ], [ -0.279065027495308, 53.741502793163718 ], [ -0.279076040186247, 53.741233273641043 ], [ -0.28043994344474, 53.741252851595171 ], [ -0.280428939472659, 53.741522371309784 ], [ -0.283156768253383, 53.7415614810553 ], [ -0.283145781540616, 53.741831001139573 ], [ -0.285873634185792, 53.741870049205424 ], [ -0.285862664733041, 53.742139569658782 ], [ -0.286317310371073, 53.74214607169958 ], [ -0.286306343646573, 53.742415592202924 ], [ -0.286760992369275, 53.742422092583446 ], [ -0.286728099846375, 53.743230654202229 ], [ -0.28718275746697, 53.743237153049876 ], [ -0.287160834041021, 53.743776194187767 ], [ -0.286706170607023, 53.743769695212684 ], [ -0.286695205720109, 53.744039215697313 ], [ -0.286240539557502, 53.744032714934399 ], [ -0.286218603435501, 53.744571755734945 ], [ -0.286673275411786, 53.744578256625324 ], [ -0.286684240655032, 53.744308736168179 ], [ -0.287138909902622, 53.744315235270705 ], [ -0.28714987206088, 53.744045714736103 ], [ -0.287604538579767, 53.744052212050768 ], [ -0.287615497653131, 53.743782691438732 ], [ -0.288070161443307, 53.743789186965586 ], [ -0.288048248932116, 53.744328228303296 ], [ -0.287593579328332, 53.744321732649063 ], [ -0.28757166029124, 53.744860773804433 ], [ -0.288026335708821, 53.744867269586024 ], [ -0.287971549534922, 53.746214872552407 ], [ -0.288426239665873, 53.746221366928211 ], [ -0.288437194349582, 53.745951846298738 ], [ -0.288891881751373, 53.745958338886588 ], [ -0.288902833349961, 53.745688818179737 ], [ -0.289357518022586, 53.745695308979698 ], [ -0.289368466536148, 53.745425788195462 ], [ -0.289823148479597, 53.745432277207584 ], [ -0.289834093908228, 53.745162756345991 ], [ -0.290288773122494, 53.745169243570281 ], [ -0.290299715466287, 53.744899722631338 ], [ -0.290754391951363, 53.744906208067853 ], [ -0.290743452514563, 53.745175729070397 ], [ -0.291198132084386, 53.745182212846274 ], [ -0.291187195376874, 53.745451733898641 ], [ -0.290277830600899, 53.745438764495489 ], [ -0.290266887901499, 53.745708285406963 ], [ -0.291176258491651, 53.745721254937266 ], [ -0.291154384188055, 53.746260296973318 ], [ -0.290699692989775, 53.746253812943124 ], [ -0.29066687147961, 53.747062375703457 ], [ -0.290212171737273, 53.747055889758236 ], [ -0.290201227970957, 53.747325410587266 ], [ -0.291110633448154, 53.747338380880564 ], [ -0.291121571399728, 53.747068859924354 ], [ -0.291576271497581, 53.747075342420928 ], [ -0.291598141052913, 53.746536300340182 ], [ -0.292052835513833, 53.746542780985372 ], [ -0.292063767117738, 53.746273259860864 ], [ -0.292973150757936, 53.746286215851292 ], [ -0.292984076369815, 53.746016694586032 ], [ -0.294348144439878, 53.746036115449201 ], [ -0.294337227549624, 53.746305636904886 ], [ -0.294791920168369, 53.746312107140852 ], [ -0.294802834151407, 53.746042585621744 ], [ -0.301623201078951, 53.746139431296811 ], [ -0.301655811142157, 53.745330863808569 ], [ -0.300746444028497, 53.745317973846682 ], [ -0.300757319510483, 53.745048451449556 ], [ -0.300302639125782, 53.745042003945464 ], [ -0.300291760736719, 53.745311526279373 ], [ -0.299382394683504, 53.74529862597209 ], [ -0.299371510303438, 53.745568148165809 ], [ -0.298916824634981, 53.745561695362554 ], [ -0.298949485965804, 53.744753128930029 ], [ -0.299404162913063, 53.744759581543484 ], [ -0.299415046762564, 53.744490059308596 ], [ -0.301233744691708, 53.744515852267604 ], [ -0.301277231811468, 53.743437762179354 ], [ -0.300822568691554, 53.743431316778647 ], [ -0.300811694269789, 53.743700839258111 ], [ -0.30035702841977, 53.743694392070083 ], [ -0.30034615091447, 53.743963914472587 ], [ -0.299891482334355, 53.743957465497196 ], [ -0.299902362746493, 53.743687943157916 ], [ -0.299447697250003, 53.743681492521631 ], [ -0.299458580392141, 53.743411970231861 ], [ -0.298549255743278, 53.743399063913429 ], [ -0.298538366787577, 53.743668586076652 ], [ -0.298083701821735, 53.743662130267992 ], [ -0.298061917565851, 53.744201174426685 ], [ -0.297152576537783, 53.744188257383698 ], [ -0.297163474567944, 53.743918735437838 ], [ -0.297618142086599, 53.743925194758084 ], [ -0.29762903703287, 53.743655672735194 ], [ -0.297174372421029, 53.743649213478257 ], [ -0.297207064917875, 53.742840647517198 ], [ -0.297661720809554, 53.742847106584158 ], [ -0.297672615047753, 53.74257758450635 ], [ -0.298127268209815, 53.742584041785911 ], [ -0.298138159364422, 53.742314519631066 ], [ -0.299956762155442, 53.742340331255669 ], [ -0.29996764150691, 53.742070808834072 ], [ -0.301786235499987, 53.742096592621117 ], [ -0.301797103048636, 53.741827069933002 ], [ -0.301342457191903, 53.741820626635459 ], [ -0.301353327470452, 53.741551103996791 ], [ -0.299534757436043, 53.741525313819309 ], [ -0.299545639163638, 53.741255791419782 ], [ -0.301818837616219, 53.741288024515619 ], [ -0.301829704635162, 53.741018501786364 ], [ -0.30228434194918, 53.741024943170416 ], [ -0.30226261354754, 53.741563988741525 ], [ -0.30271725685089, 53.741570428527901 ], [ -0.302706395291769, 53.741839951356027 ], [ -0.303161041678078, 53.741846389481509 ], [ -0.303171900330714, 53.741576866590272 ], [ -0.304081187819595, 53.741589737542959 ], [ -0.304070334979939, 53.741859260560418 ], [ -0.304979628987147, 53.741872124743182 ], [ -0.304990476013808, 53.741602601599624 ], [ -0.305445120375297, 53.741609031041946 ], [ -0.305434276255138, 53.74187855424853 ], [ -0.307252867088583, 53.741904255029603 ], [ -0.30724203441847, 53.742173778474445 ], [ -0.307696685473535, 53.742180199422563 ], [ -0.307707515237078, 53.741910675914767 ], [ -0.3086168120619, 53.741923512513019 ], [ -0.308627635836427, 53.741653988865643 ], [ -0.310446219969913, 53.741679641122133 ], [ -0.310457031942609, 53.741410117209583 ], [ -0.313184895973001, 53.741448543496617 ], [ -0.313195690331239, 53.741179019193616 ], [ -0.315014258233909, 53.741204601987043 ], [ -0.315025040791018, 53.740935077419543 ], [ -0.31547968029834, 53.740941468745227 ], [ -0.31549045977386, 53.740671944101393 ], [ -0.318218283055654, 53.740710255475854 ], [ -0.318196758806707, 53.741249305501064 ], [ -0.319106046259125, 53.741262062417448 ], [ -0.319116802658078, 53.740992537286623 ], [ -0.319571443739983, 53.740998913096291 ], [ -0.319614455962731, 53.739920812186064 ], [ -0.321432975535097, 53.739946297185135 ], [ -0.321443716529, 53.739676771673508 ], [ -0.321898343952229, 53.739683138550994 ], [ -0.321909081865406, 53.739413612963254 ], [ -0.323727581677578, 53.739439062984317 ], [ -0.323738307791577, 53.739169537133414 ], [ -0.325556798767298, 53.739194959322489 ], [ -0.32556751308244, 53.738925433208671 ], [ -0.326931374423734, 53.738944481562669 ], [ -0.32694207984646, 53.738674955248442 ], [ -0.328760552445184, 53.738700328670433 ], [ -0.328771246069661, 53.738430802093774 ], [ -0.330135093624864, 53.738449813873082 ], [ -0.330145778357467, 53.738180287096341 ], [ -0.331055005116878, 53.738192952872339 ], [ -0.331044326196387, 53.738462479773233 ], [ -0.331498942742423, 53.738468810137498 ], [ -0.331488266554539, 53.738738337086794 ], [ -0.331033647102395, 53.73873200666047 ], [ -0.331001608779376, 53.739540587240192 ], [ -0.330546980782138, 53.739534254903724 ], [ -0.330514932178454, 53.740342835174204 ], [ -0.330060295635771, 53.740336500927498 ], [ -0.330038923219207, 53.740875554248611 ], [ -0.329584281037244, 53.740869218153655 ], [ -0.329573591661998, 53.741138744731607 ], [ -0.330028236750483, 53.741145080888657 ], [ -0.330017550108125, 53.74141460751504 ], [ -0.329562902113072, 53.741408271295874 ], [ -0.329552212390461, 53.741677797846464 ], [ -0.32909756166248, 53.741671459841086 ], [ -0.329086868859523, 53.741940986315889 ], [ -0.329541522494164, 53.741947324383403 ], [ -0.329530832424174, 53.742216850906672 ], [ -0.329076175882827, 53.742210512777014 ], [ -0.329054789408203, 53.742749565658258 ], [ -0.328600127227053, 53.742743225680186 ], [ -0.328557340565114, 53.743821331030006 ], [ -0.328102666930117, 53.74381498907907 ], [ -0.328091966923081, 53.744084515320175 ], [ -0.327637290554919, 53.744078171582835 ], [ -0.327626587466947, 53.744347697748076 ], [ -0.327171908365628, 53.744341352224303 ], [ -0.327150495853659, 53.744880404389349 ], [ -0.327605180769257, 53.744886750037544 ], [ -0.327583773375877, 53.745425802272287 ], [ -0.326674392089724, 53.745413109002733 ], [ -0.326663682317536, 53.745682634975168 ], [ -0.328027763229598, 53.745701672479704 ], [ -0.328017062005437, 53.745971198625121 ], [ -0.327562365286778, 53.745964854452396 ], [ -0.327551660981325, 53.746234380521933 ], [ -0.328461060407341, 53.746247067267426 ], [ -0.328428963892309, 53.747055645767198 ], [ -0.328883672588624, 53.747061986739915 ], [ -0.328872976310168, 53.747331512941322 ], [ -0.329327688087897, 53.747337852251796 ], [ -0.329295606932715, 53.748146430960503 ], [ -0.330205048455645, 53.748159104780939 ], [ -0.330194360205292, 53.748428631114095 ], [ -0.330649084135112, 53.74843496549969 ], [ -0.33063839861892, 53.748704491881298 ], [ -0.331093125630234, 53.748710824604487 ], [ -0.331114490673316, 53.748171771703419 ], [ -0.330659769477663, 53.748165439104419 ], [ -0.330670454646576, 53.747895912695469 ], [ -0.330215736532314, 53.747889578434105 ], [ -0.330237112164612, 53.747350525699432 ], [ -0.329782400039395, 53.747344189837825 ], [ -0.329814470907991, 53.746535610819684 ], [ -0.329359767679171, 53.746529273420073 ], [ -0.329381153204565, 53.745990220797239 ], [ -0.328926455964377, 53.745983881797528 ], [ -0.328937151373816, 53.745714355527781 ], [ -0.328482457214788, 53.745708014865912 ], [ -0.328503853326877, 53.745168962409714 ], [ -0.329413230189551, 53.745181641760489 ], [ -0.3294239221704, 53.744912115387571 ], [ -0.328514551122173, 53.744899436161106 ], [ -0.328535946191284, 53.744360383622876 ], [ -0.328990625814205, 53.74436672397394 ], [ -0.329033402238579, 53.743288618484833 ], [ -0.329942738749577, 53.743301293517099 ], [ -0.329932050718018, 53.743570820034151 ], [ -0.330841393737574, 53.743583488293908 ], [ -0.330873439869837, 53.742774908329146 ], [ -0.330418776993968, 53.742768575247638 ], [ -0.330408092216587, 53.74303810185414 ], [ -0.329953426607473, 53.743031766986391 ], [ -0.329996176302496, 53.741953660726814 ], [ -0.330450830284472, 53.741959995346157 ], [ -0.330472198276815, 53.741420942010166 ], [ -0.330926846619096, 53.74142727478123 ], [ -0.33098024902979, 53.740079640891679 ], [ -0.331434883013184, 53.740085971628339 ], [ -0.331445560068392, 53.739816444747333 ], [ -0.331900191318915, 53.739822773697973 ], [ -0.331921539096364, 53.739283719770931 ], [ -0.332376164707751, 53.739290046873521 ], [ -0.332386835430136, 53.739020519827477 ], [ -0.332841458308678, 53.739026845144124 ], [ -0.332873460717289, 53.73821826373797 ], [ -0.333328075050781, 53.738224587144728 ], [ -0.333349403311295, 53.73768553268166 ], [ -0.334713229915069, 53.737704492186936 ], [ -0.334723885067616, 53.737434964749049 ], [ -0.335178491375878, 53.737441281074531 ], [ -0.335167839129282, 53.737710808574356 ], [ -0.335622448516559, 53.737717123237935 ], [ -0.335611799002899, 53.737986650785992 ], [ -0.3360664114692, 53.737992963787619 ], [ -0.33605576468857, 53.738262491383928 ], [ -0.3365103802339, 53.738268802723574 ], [ -0.336521024108474, 53.737999275065413 ], [ -0.336975636920677, 53.738005584619302 ], [ -0.336986277716311, 53.737736056885602 ], [ -0.336531667810121, 53.737729747393566 ], [ -0.336552954694647, 53.737190692008916 ], [ -0.338825976894399, 53.737222221612456 ], [ -0.338815348068224, 53.737491749620709 ], [ -0.339269955932341, 53.737498050431732 ], [ -0.339280581852578, 53.737228522361711 ], [ -0.339735186983392, 53.737234821387148 ], [ -0.339745809825102, 53.736965293241731 ], [ -0.34065501479264, 53.736977885997696 ], [ -0.340665631650064, 53.736708357715145 ], [ -0.339301833175157, 53.7366894661807 ], [ -0.339323083807234, 53.736150409945061 ], [ -0.339777677314755, 53.736156708723506 ], [ -0.339788299466159, 53.735887180523477 ], [ -0.340697481187445, 53.735899772785622 ], [ -0.340708097354954, 53.73563024444848 ], [ -0.341162685568662, 53.735636537932251 ], [ -0.34117329865808, 53.73536700951977 ], [ -0.342082469791456, 53.735379591192782 ], [ -0.342061255062804, 53.735918648250781 ], [ -0.342515846699316, 53.735924936625018 ], [ -0.342505241982222, 53.736194465195211 ], [ -0.342050647439982, 53.736188176759335 ], [ -0.342040039644825, 53.736457705254196 ], [ -0.34249463709284, 53.736463993751755 ], [ -0.342484032031166, 53.736733522294635 ], [ -0.342938632557298, 53.736739809130029 ], [ -0.342928030229202, 53.737009337720927 ], [ -0.34338263383346, 53.737015622894127 ], [ -0.34339323325568, 53.736746094241646 ], [ -0.344302435168999, 53.736758659293422 ], [ -0.34432362187359, 53.736219601701109 ], [ -0.345232812852061, 53.736232159611461 ], [ -0.345243400134709, 53.73596263067175 ], [ -0.346607179175062, 53.735981454424433 ], [ -0.346617757568576, 53.73571192528653 ], [ -0.347072348020091, 53.73571819636178 ], [ -0.347051196872688, 53.736257254746896 ], [ -0.347505793307504, 53.736263524221343 ], [ -0.347516366061343, 53.735993994974109 ], [ -0.348425553634686, 53.736006528628735 ], [ -0.348436120405304, 53.73573699924502 ], [ -0.347981529438503, 53.735730733341015 ], [ -0.348013237437272, 53.73492214529233 ], [ -0.349831567466605, 53.734947197829015 ], [ -0.349842124833928, 53.734677668206579 ], [ -0.350296704864611, 53.734683926970149 ], [ -0.350022233121852, 53.741691694318327 ], [ -0.350476888883878, 53.741697952953338 ], [ -0.350022825338881, 53.753287704444631 ], [ -0.350477606306981, 53.753293963994047 ], [ -0.350023350454774, 53.764883692920613 ], [ -0.350478256716518, 53.764889953384426 ], [ -0.350023808432859, 53.77647965974888 ], [ -0.350478840075901, 53.776485921127083 ], [ -0.350024199236415, 53.78807560493204 ], [ -0.35047935634849, 53.788081867224626 ], [ -0.350024522828662, 53.799671528472651 ], [ -0.350479805497589, 53.799677791679649 ], [ -0.350024779172768, 53.811267430373384 ], [ -0.350480187486449, 53.811273694494737 ], [ -0.350024968231847, 53.822863310636819 ], [ -0.350480502278266, 53.822869575672541 ], [ -0.350025089968957, 53.83445916926555 ], [ -0.350480749836182, 53.834465435215655 ], [ -0.3500251443471, 53.846055006262212 ], [ -0.350480930123283, 53.846061273126672 ], [ -0.350025131329228, 53.857650821629434 ], [ -0.350481043102602, 53.857657089408228 ], [ -0.350025050878232, 53.869246615369811 ], [ -0.350481088737117, 53.869252884062995 ], [ -0.350088575976472, 53.879225248985364 ], [ -0.349176283603381, 53.879212705310728 ], [ -0.349186901029997, 53.878943182302791 ], [ -0.348730758033913, 53.878936907927908 ], [ -0.348720137676334, 53.879206430874234 ], [ -0.347351700933763, 53.879187597168134 ], [ -0.347330442113255, 53.87972664265007 ], [ -0.348242744825942, 53.879739200433526 ], [ -0.348232121018062, 53.880008723277356 ], [ -0.350056740244903, 53.880033818296972 ], [ -0.350024902956954, 53.880842387486005 ], [ -0.35048106698975, 53.880848657093516 ], [ -0.350024687528176, 53.892438137980641 ], [ -0.350480977823368, 53.892444408502485 ], [ -0.350024404554627, 53.904033866856331 ], [ -0.350480821200785, 53.904040138292522 ], [ -0.350024053998982, 53.915629574115719 ], [ -0.350480597084758, 53.915635846466252 ], [ -0.350023635823859, 53.92722525976145 ], [ -0.350480305437988, 53.927231533026315 ], [ -0.350023149991821, 53.938820923796193 ], [ -0.350479946223125, 53.938827197975385 ], [ -0.350022596465375, 53.950416566222579 ], [ -0.35047951940276, 53.95042284131609 ], [ -0.350021975206973, 53.962012187043264 ], [ -0.350479024939427, 53.962018463051109 ], [ -0.350021286179012, 53.973607786260885 ], [ -0.350478462795611, 53.973614063183057 ], [ -0.350020529343833, 53.985203363878149 ], [ -0.350477832933732, 53.985209641714633 ], [ -0.350019704663719, 53.996798919897664 ], [ -0.350477135316164, 53.996805198648467 ], [ -0.350018812100902, 54.008394454322151 ], [ -0.350476369905219, 54.008400733987258 ], [ -0.350017851617553, 54.019989967154231 ], [ -0.350475536663154, 54.019996247733651 ], [ -0.350016823175788, 54.031585458396641 ], [ -0.350474635552173, 54.031591739890352 ], [ -0.35001572673767, 54.043180928051981 ], [ -0.35047366653442, 54.043187210460054 ], [ -0.350014562265203, 54.054776376122994 ], [ -0.350472629571985, 54.054782659445372 ], [ -0.350013329720334, 54.06637180261238 ], [ -0.350471524626903, 54.066378086849042 ], [ -0.350012029064956, 54.077967207522768 ], [ -0.350470351661149, 54.077973492673749 ], [ -0.350010660260904, 54.089562590856893 ], [ -0.350469110636645, 54.089568876922172 ], [ -0.350009223269955, 54.101157952617434 ], [ -0.350467801515255, 54.101164239597026 ], [ -0.350007718053835, 54.11275329280712 ], [ -0.350466424258787, 54.112759580701024 ], [ -0.350006144574205, 54.124348611428609 ], [ -0.350464978828992, 54.12435490023681 ], [ -0.350004502792676, 54.135943908484641 ], [ -0.350463465187565, 54.135950198207155 ], [ -0.350002792670799, 54.147539183977941 ], [ -0.350461883296143, 54.147545474614759 ], [ -0.350001014170067, 54.159134437911192 ], [ -0.350460233116307, 54.159140729462329 ], [ -0.34999916725192, 54.170729670287123 ], [ -0.350458514609579, 54.17073596275258 ], [ -0.350083092829843, 54.180168805177836 ], [ -0.337677956092498, 54.179998235094807 ], [ -0.33766714599548, 54.18026774295312 ], [ -0.319748727159239, 54.180019106827558 ], [ -0.319737800474659, 54.180288612222512 ], [ -0.301819537787474, 54.180037309068467 ], [ -0.301808494517562, 54.180306811973765 ], [ -0.283890390889255, 54.18005284182906 ], [ -0.283879231036303, 54.180322342218432 ], [ -0.268717877550871, 54.180105361174057 ], [ -0.268740394050394, 54.179566364657092 ], [ -0.268280968195004, 54.179559759824492 ], [ -0.268292229152181, 54.179290261610483 ] ] } },
{ "type": "Feature", "properties": { "Year": 2015, "Sensor": "Landsat 8 OLI" }, "geometry": { "type": "LineString", "coordinates": [ [ 0.007358771282797, 53.642384831321927 ], [ 0.008265764116587, 53.642369617021004 ], [ 0.008278568854816, 53.642639096987921 ], [ 0.008732067847505, 53.642631487187479 ], [ 0.008744875680502, 53.642900967065543 ], [ 0.011012381964429, 53.64286289193555 ], [ 0.010999559695575, 53.64259341243028 ], [ 0.011453057441786, 53.642585792327857 ], [ 0.011465882597798, 53.642855271758513 ], [ 0.012372883240748, 53.642840026253445 ], [ 0.012360052310434, 53.642570546972081 ], [ 0.013267046347069, 53.642555294748334 ], [ 0.013254209850567, 53.64228581560198 ], [ 0.012800715823367, 53.642293442497675 ], [ 0.012787882422004, 53.642023963262297 ], [ 0.013241373562157, 53.642016336441309 ], [ 0.013228537481835, 53.641746857266277 ], [ 0.013682025526906, 53.64173922880304 ], [ 0.013669186767718, 53.641469749688376 ], [ 0.012762216243393, 53.641485004748574 ], [ 0.012749383466139, 53.641215525470216 ], [ 0.012295900778817, 53.641223150350285 ], [ 0.012270241622064, 53.640684191601252 ], [ 0.012723718535705, 53.640676566870503 ], [ 0.012698054437343, 53.640137608213472 ], [ 0.011337640393063, 53.640160476807289 ], [ 0.011324817315943, 53.639890997233351 ], [ 0.010871348438741, 53.639898616589697 ], [ 0.010858528456129, 53.639629136926814 ], [ 0.009951595851619, 53.639644370339859 ], [ 0.009938781850029, 53.639374890513515 ], [ 0.01039224536956, 53.639367274739968 ], [ 0.010379428689125, 53.639097794973871 ], [ 0.008565584911161, 53.63912824746911 ], [ 0.008539975265529, 53.638589287297584 ], [ 0.008086519575011, 53.638596895980463 ], [ 0.008099321407559, 53.638866376147874 ], [ 0.007645862623037, 53.638873983188468 ], [ 0.007620264938385, 53.638335022690363 ], [ 0.00671335829286, 53.638350231323408 ], [ 0.006726151258553, 53.638619711728545 ], [ 0.006272694738255, 53.638627313544411 ], [ 0.006285485024821, 53.638896794009646 ], [ 0.007192403631042, 53.638881588512291 ], [ 0.007217996372456, 53.63942054910207 ], [ 0.006764531399899, 53.639428152858024 ], [ 0.006777325195117, 53.639697633205877 ], [ 0.00632385712853, 53.639705235319468 ], [ 0.00637502283634, 53.640783156865439 ], [ 0.005014582751465, 53.640805953798107 ], [ 0.004976234140703, 53.639997511990458 ], [ 0.00361581817206, 53.640020292801886 ], [ 0.003590270787744, 53.639481331079111 ], [ 0.003136804157388, 53.639488921100579 ], [ 0.003149574859339, 53.639758402043448 ], [ 0.00269610513529, 53.639765990422404 ], [ 0.002708873157535, 53.64003547142525 ], [ 0.002255400339784, 53.640043058161659 ], [ 0.002242635204269, 53.639773577084505 ], [ 0.000882224169838, 53.639796326769833 ], [ 0.000869467901326, 53.63952684545562 ], [ 0.001322935566287, 53.639519264018254 ], [ 0.001297417876348, 53.638980301495401 ], [ 0.00084395598464, 53.638987882784306 ], [ 0.000831200336458, 53.63871840142717 ], [ -0.001889558034935, 53.638763852662798 ], [ -0.001876819706188, 53.639033334464955 ], [ -0.00233028304432, 53.639040903736252 ], [ -0.002343018486479, 53.638771421859985 ], [ -0.002796479144463, 53.638778989340402 ], [ -0.002809211493635, 53.638509507375723 ], [ -0.005983421669993, 53.638562431150099 ], [ -0.005996133607153, 53.638292948652946 ], [ -0.006903046882587, 53.638308054132374 ], [ -0.006915752840707, 53.638038571473032 ], [ -0.006462298986477, 53.63803101966564 ], [ -0.006475007625084, 53.637761537065956 ], [ -0.006928458592867, 53.637769088799395 ], [ -0.006941164139072, 53.637499606111476 ], [ -0.007394612426406, 53.637507156054262 ], [ -0.007381909766606, 53.637776638816099 ], [ -0.008288812731763, 53.637791733699288 ], [ -0.008301509618741, 53.637522250789637 ], [ -0.010568756200455, 53.637559957585339 ], [ -0.010594120493415, 53.637020990984809 ], [ -0.015582017555159, 53.637103793240698 ], [ -0.015569367261528, 53.637373277358869 ], [ -0.016022816566619, 53.637380794609982 ], [ -0.016035463973854, 53.63711131041822 ], [ -0.016942357426223, 53.637126339623073 ], [ -0.016954998855739, 53.636856855269883 ], [ -0.017861887355035, 53.636871877460734 ], [ -0.017887158054159, 53.63633290841738 ], [ -0.018794035827509, 53.636347923447346 ], [ -0.018806665097389, 53.636078438757245 ], [ -0.019260101404919, 53.636085943623719 ], [ -0.019247475021279, 53.63635542838729 ], [ -0.019700914419717, 53.636362931610563 ], [ -0.019713537917112, 53.636093446773543 ], [ -0.020166974633921, 53.636100948206654 ], [ -0.020179595040496, 53.635831463281896 ], [ -0.020633029075668, 53.635838962924936 ], [ -0.020645646391516, 53.63556947791249 ], [ -0.021099077745043, 53.63557697576546 ], [ -0.02108646331536, 53.635846460851305 ], [ -0.021993332408114, 53.635861451554064 ], [ -0.021980723546395, 53.636130936772432 ], [ -0.022434161285588, 53.636138429622186 ], [ -0.022396342133072, 53.636946885411824 ], [ -0.02148944954117, 53.636931897555407 ], [ -0.021476836975484, 53.637201382643362 ], [ -0.020116490961879, 53.637178887763 ], [ -0.020103869532409, 53.637448372616447 ], [ -0.017836615836644, 53.637410846446997 ], [ -0.017823979770212, 53.637680330918734 ], [ -0.01737052675889, 53.637672820461049 ], [ -0.01735788760112, 53.637942304844991 ], [ -0.015997521137105, 53.637919762950666 ], [ -0.015984873114819, 53.638189247099625 ], [ -0.015531415150259, 53.638181729627689 ], [ -0.015518764036363, 53.638451213688747 ], [ -0.013251462857743, 53.638413600209027 ], [ -0.013238797105689, 53.638683083887514 ], [ -0.012331872297889, 53.638668026330613 ], [ -0.012319200567225, 53.638937509847388 ], [ -0.0109588062363, 53.638914910414641 ], [ -0.010946125640175, 53.639184393695864 ], [ -0.01003919134057, 53.639169318675656 ], [ -0.010026504765451, 53.639438801794995 ], [ -0.00957303503739, 53.639431261635799 ], [ -0.009560345369857, 53.639700744667017 ], [ -0.00819992875983, 53.639678113666761 ], [ -0.008187230226202, 53.639947596462115 ], [ -0.007280281075106, 53.639932500396469 ], [ -0.007267576561964, 53.640201983029712 ], [ -0.006360622461001, 53.640186879948693 ], [ -0.006347911968171, 53.640456362419769 ], [ -0.00589443233987, 53.640448808229962 ], [ -0.005881718754084, 53.640718290612767 ], [ -0.004974754342003, 53.640703176934458 ], [ -0.004962034776221, 53.64097265915499 ], [ -0.004055065415028, 53.640957538460931 ], [ -0.004042339869076, 53.641227020519132 ], [ -0.003588852610911, 53.641219457522645 ], [ -0.003601581043844, 53.640949975538518 ], [ -0.00269461292053, 53.640934844542898 ], [ -0.002681878713651, 53.641204326378869 ], [ -0.00177490564213, 53.641189188367321 ], [ -0.001762165454795, 53.64145867004077 ], [ -0.000401698735589, 53.641435949923959 ], [ -0.000388949680583, 53.641705431360634 ], [ 0.001425014599512, 53.641675113537389 ], [ 0.001437775409505, 53.641944594662903 ], [ 0.002344762082683, 53.641929425300958 ], [ 0.002357528873765, 53.642198906263644 ], [ 0.004171511284593, 53.64216854663885 ], [ 0.004184289831216, 53.642438027289934 ], [ 0.005544783125775, 53.642415239319909 ], [ 0.005570358163686, 53.642954200132856 ], [ 0.006023861288384, 53.64294660056003 ], [ 0.006011070778564, 53.642677120235106 ], [ 0.007371570246737, 53.642654311437809 ], [ 0.007358771282797, 53.642384831321927 ] ] } },
{ "type": "Feature", "properties": { "Year": 2015, "Sensor": "Landsat 8 OLI" }, "geometry": { "type": "LineString", "coordinates": [ [ 0.072323099835616, 54.123480806054467 ], [ 0.073699242697412, 54.123457100835289 ], [ 0.073726156311654, 54.123995995334639 ], [ 0.07418487610204, 54.123988089944923 ], [ 0.074157956544008, 54.123449195601218 ], [ 0.074616670170189, 54.12344128862 ], [ 0.07457628357094, 54.122632947229704 ], [ 0.075034988061363, 54.12262503873486 ], [ 0.075021523330852, 54.122355591653729 ], [ 0.075480224629116, 54.122347681489622 ], [ 0.075466757147485, 54.122078234471942 ], [ 0.075925455253599, 54.122070322638642 ], [ 0.075911985020945, 54.121800875684393 ], [ 0.074994594531307, 54.121816697448182 ], [ 0.074981130462261, 54.121547250323765 ], [ 0.074522437858214, 54.121555158507213 ], [ 0.07450897698112, 54.121285711290504 ], [ 0.075426356025796, 54.121269893332261 ], [ 0.075412889426284, 54.121000446256829 ], [ 0.075871575646449, 54.120992534735052 ], [ 0.07584463716629, 54.120453640696638 ], [ 0.076303317223214, 54.120445727583636 ], [ 0.076316789324326, 54.120715174532151 ], [ 0.077234154718924, 54.120699342909418 ], [ 0.077220676675202, 54.120429896116718 ], [ 0.076761997059535, 54.120437812723658 ], [ 0.076721573166179, 54.119629472025153 ], [ 0.077180243868229, 54.119621555651989 ], [ 0.077193721249861, 54.119891002488018 ], [ 0.07811106793415, 54.119875164345046 ], [ 0.078097584610221, 54.119605717664918 ], [ 0.08039093260062, 54.119566092126341 ], [ 0.080431427802496, 54.120374430953177 ], [ 0.080890105651187, 54.120366500370565 ], [ 0.080863102686523, 54.119827607989905 ], [ 0.081321774371752, 54.119819675816501 ], [ 0.08130827024993, 54.119550229682567 ], [ 0.081766938742922, 54.119542295840347 ], [ 0.081753431871166, 54.119272849770077 ], [ 0.082670762251479, 54.119256977001193 ], [ 0.082657249658882, 54.118987531072698 ], [ 0.08311591154617, 54.11897959214609 ], [ 0.083156458900893, 54.119787929653718 ], [ 0.083615129479991, 54.119779988745748 ], [ 0.083628648678676, 54.120049434474566 ], [ 0.084087322007534, 54.12004149174151 ], [ 0.084114367011449, 54.120580382999393 ], [ 0.085031724889631, 54.120564491979664 ], [ 0.085018196334515, 54.120295046514372 ], [ 0.085476871970117, 54.120287098462335 ], [ 0.085463340665363, 54.120017653060806 ], [ 0.086380685329474, 54.120001751872437 ], [ 0.086340074918249, 54.119193416050699 ], [ 0.08588141161018, 54.119201367283559 ], [ 0.085854345052846, 54.118662476506898 ], [ 0.085395687465057, 54.118670425836385 ], [ 0.085422748080506, 54.119209316769535 ], [ 0.084964084329275, 54.119217264508649 ], [ 0.084977611998312, 54.119486710031772 ], [ 0.084060277889321, 54.119502600425797 ], [ 0.08403323465677, 54.118963709052281 ], [ 0.084491895879986, 54.118955764885087 ], [ 0.084478371624888, 54.118686319254863 ], [ 0.084937029655722, 54.11867837341903 ], [ 0.084923502651194, 54.118408927852542 ], [ 0.085382157489655, 54.118400980348135 ], [ 0.08530098228944, 54.116784307114941 ], [ 0.084842345275208, 54.116792254150013 ], [ 0.084855870950852, 54.117061699803244 ], [ 0.083938590316862, 54.117077588789627 ], [ 0.0839250705824, 54.116808142979991 ], [ 0.083466432903922, 54.116816084774925 ], [ 0.083425883940218, 54.116007747024774 ], [ 0.08296725495194, 54.116015686838509 ], [ 0.082940229356764, 54.115476794776534 ], [ 0.082481606088009, 54.115484732687328 ], [ 0.082468096592607, 54.11521528655652 ], [ 0.084302576458723, 54.115183524746122 ], [ 0.084289055303471, 54.114914078913479 ], [ 0.083830438639152, 54.114922021907823 ], [ 0.083816920675484, 54.114652575982554 ], [ 0.083358306760044, 54.114660517152139 ], [ 0.083371821753501, 54.114929963155568 ], [ 0.082454587318397, 54.114945840411252 ], [ 0.082427569433532, 54.114406948077367 ], [ 0.081510345994492, 54.114422818034249 ], [ 0.081496843324087, 54.114153371689426 ], [ 0.08103823424306, 54.114161303969922 ], [ 0.081011235505597, 54.113622411080783 ], [ 0.079635424756997, 54.113646196974706 ], [ 0.079648915105067, 54.113915643660633 ], [ 0.078731700894774, 54.113931492346609 ], [ 0.078704732299655, 54.113392598648346 ], [ 0.077328927148794, 54.113416358110484 ], [ 0.077315452092323, 54.113146911005835 ], [ 0.074563853655069, 54.113194382306808 ], [ 0.074577310891545, 54.113463829878732 ], [ 0.074118707410557, 54.113471735727259 ], [ 0.0741321618973, 54.113741183362549 ], [ 0.073673555225958, 54.113749087542345 ], [ 0.073687006962871, 54.114018535241016 ], [ 0.074145616604331, 54.114010630983401 ], [ 0.074172526679281, 54.114549526181825 ], [ 0.074631142040819, 54.114541620022024 ], [ 0.074617683922985, 54.114272172507846 ], [ 0.075076296093966, 54.114264264679278 ], [ 0.075062835226322, 54.113994817228516 ], [ 0.07598005296675, 54.113978996487376 ], [ 0.075993519774693, 54.114248443782422 ], [ 0.076452131284342, 54.11424053071412 ], [ 0.076438661506256, 54.113971083496956 ], [ 0.077355877923611, 54.113955252276483 ], [ 0.077369353641967, 54.114224699337818 ], [ 0.077827964489848, 54.11421678102981 ], [ 0.077841443399018, 54.114486227998768 ], [ 0.078758670373007, 54.114470385987111 ], [ 0.078772155443304, 54.114739832785681 ], [ 0.079689387474554, 54.114723983631691 ], [ 0.079675896463841, 54.114454536989122 ], [ 0.080134509177953, 54.114446609870264 ], [ 0.080148003158866, 54.114716056434823 ], [ 0.080606618622241, 54.114708127491348 ], [ 0.080593121671132, 54.114438681004835 ], [ 0.081051733943327, 54.114430750392835 ], [ 0.081065233864627, 54.114700196801273 ], [ 0.081982463686242, 54.114684330181383 ], [ 0.081995969769041, 54.114953776419192 ], [ 0.081537351998547, 54.114961710680547 ], [ 0.081550855332206, 54.115231156982006 ], [ 0.081092234370339, 54.115239089574828 ], [ 0.081078734006962, 54.114969643195273 ], [ 0.080620115794337, 54.114977573963401 ], [ 0.080633613187426, 54.115247020421016 ], [ 0.080174991783515, 54.11525494952059 ], [ 0.08018848642726, 54.115524396041806 ], [ 0.079271237015945, 54.1155402491571 ], [ 0.079284725939849, 54.115809695819905 ], [ 0.078826097932477, 54.115817619835575 ], [ 0.078880043954658, 54.116895406654351 ], [ 0.077962763513261, 54.116911250069485 ], [ 0.077989725966612, 54.117450143704104 ], [ 0.076155138669831, 54.117481810196843 ], [ 0.076168608344558, 54.117751257304185 ], [ 0.075709957998085, 54.11775916963829 ], [ 0.075696491294137, 54.11748972245308 ], [ 0.073403251109095, 54.117529257532468 ], [ 0.073416702959079, 54.117798705106871 ], [ 0.072958051290289, 54.117806606960144 ], [ 0.072944602411113, 54.117537159307957 ], [ 0.072027304354561, 54.117552957618599 ], [ 0.072040747292109, 54.117822405426281 ], [ 0.072499399401283, 54.117814507066626 ], [ 0.072553185236466, 54.118892297842059 ], [ 0.073929175893934, 54.118868591348807 ], [ 0.073983000905588, 54.119946380959945 ], [ 0.072606974594644, 54.119970088386623 ], [ 0.072633870594953, 54.120508983572307 ], [ 0.071716506734752, 54.120524780099679 ], [ 0.071703064567102, 54.120255332358539 ], [ 0.070327026039978, 54.120279013814056 ], [ 0.07031359300625, 54.120009565825406 ], [ 0.068937561413257, 54.120033231325152 ], [ 0.068924137513197, 54.119763783089105 ], [ 0.069382811959504, 54.119755896413785 ], [ 0.069369385308066, 54.119486448240934 ], [ 0.067534698088942, 54.119517984150114 ], [ 0.067521283541961, 54.119248535652439 ], [ 0.066603944556557, 54.119264292970286 ], [ 0.06661735316121, 54.11953374162308 ], [ 0.067076025734883, 54.119525863760067 ], [ 0.06710284954537, 54.120064760867294 ], [ 0.068020205918756, 54.120048999590161 ], [ 0.068033624096044, 54.120318447966994 ], [ 0.068492304924477, 54.120310564630387 ], [ 0.068505726292837, 54.120580012915198 ], [ 0.068047042493057, 54.120587896329418 ], [ 0.068060461109802, 54.120857344677418 ], [ 0.067601774118891, 54.120865226422218 ], [ 0.067628606068646, 54.121404123230121 ], [ 0.067169912915093, 54.121412003383043 ], [ 0.067183326247962, 54.121681451842939 ], [ 0.066265933338843, 54.121697207062688 ], [ 0.066279340948153, 54.121966655663265 ], [ 0.06490324102307, 54.121990275622288 ], [ 0.06493003907023, 54.122529173245205 ], [ 0.06538874520813, 54.122521301517672 ], [ 0.065415550076576, 54.123060198927945 ], [ 0.066791685003945, 54.123036572797346 ], [ 0.066778273544558, 54.122767124331979 ], [ 0.067236981776022, 54.12275924553834 ], [ 0.067250396207206, 54.123028693926159 ], [ 0.06816781795465, 54.123012930942267 ], [ 0.068154397579885, 54.122743482709637 ], [ 0.069071812504667, 54.122727712892356 ], [ 0.069058386406205, 54.122458264800521 ], [ 0.069975794508074, 54.122442488150007 ], [ 0.069989226549981, 54.122711936086546 ], [ 0.069530519637282, 54.122719825363014 ], [ 0.069543948927384, 54.122989273362748 ], [ 0.070920077920835, 54.122965600058897 ], [ 0.070960393857434, 54.123773943272504 ], [ 0.071877829917246, 54.123758151867825 ], [ 0.071904720196589, 54.124297046960535 ], [ 0.073280890466602, 54.124273346282948 ], [ 0.073267436300891, 54.124003898977136 ], [ 0.072349995618428, 54.124019701020508 ], [ 0.072323099835616, 54.123480806054467 ] ] } }
]
}
