{
"type": "FeatureCollection",
"name": "Holderness_Shoreline_2015_BNG",
"crs": { "type": "name", "properties": { "name": "urn:ogc:def:crs:EPSG::27700" } },
"features": [
{ "type": "Feature", "properties": { "Year": 2015, "Sensor": "Landsat 8 OLI" }, "geometry": { "type": "LineString", "coordinates": [ [ 512370.0, 425520.0 ], [ 512610.0, 425520.0 ], [ 512610.0, 425550.0 ], [ 512700.0, 425550.0 ], [ 512700.0, 425520.0 ], [ 512760.0, 425520.0 ], [ 512760.0, 425490.0 ], [ 512880.0, 425490.0 ], [ 512880.0, 425460.0 ], [ 513000.0, 425460.0 ], [ 513000.0, 425430.0 ], [ 513060.0, 425430.0 ], [ 513060.0, 425400.0 ], [ 513120.0, 425400.0 ], [ 513120.0, 425370.0 ], [ 513180.0, 425370.0 ], [ 513180.0, 425340.0 ], [ 513240.0, 425340.0 ], [ 513240.0, 425310.0 ], [ 513270.0, 425310.0 ], [ 513270.0, 425280.0 ], [ 513330.0, 425280.0 ], [ 513330.0, 425250.0 ], [ 513360.0, 425250.0 ], [ 513360.0, 425220.0 ], [ 513420.0, 425220.0 ], [ 513420.0, 425190.0 ], [ 513450.0, 425190.0 ], [ 513450.0, 425160.0 ], [ 513480.0, 425160.0 ], [ 513480.0, 425130.0 ], [ 513540.0, 425130.0 ], [ 513540.0, 425100.0 ], [ 513570.0, 425100.0 ], [ 513570.0, 425070.0 ], [ 513600.0, 425070.0 ], [ 513600.0, 425040.0 ], [ 513630.0, 425040.0 ], [ 513630.0, 425010.0 ], [ 513660.0, 425010.0 ], [ 513660.0, 424980.0 ], [ 513690.0, 424980.0 ], [ 513690.0, 424950.0 ], [ 513720.0, 424950.0 ], [ 513720.0, 424920.0 ], [ 513750.0, 424920.0 ], [ 513750.0, 424890.0 ], [ 513780.0, 424890.0 ], [ 513780.0, 424860.0 ], [ 513810.0, 424860.0 ], [ 513810.0, 424830.0 ], [ 513840.0, 424830.0 ], [ 513840.0, 424770.0 ], [ 513870.0, 424770.0 ], [ 513870.0, 424740.0 ], [ 513900.0, 424740.0 ], [ 513900.0, 424710.0 ], [ 513930.0, 424710.0 ], [ 513930.0, 424650.0 ], [ 513960.0, 424650.0 ], [ 513960.0, 424620.0 ], [ 513990.0, 424620.0 ], [ 513990.0, 424560.0 ], [ 514020.0, 424560.0 ], [ 514020.0, 424500.0 ], [ 514050.0, 424500.0 ], [ 514050.0, 424440.0 ], [ 514080.0, 424440.0 ], [ 514080.0, 424410.0 ], [ 514110.0, 424410.0 ], [ 514110.0, 424350.0 ], [ 514140.0, 424350.0 ], [ 514140.0, 424320.0 ], [ 514170.0, 424320.0 ], [ 514170.0, 424290.0 ], [ 514140.0, 424290.0 ], [ 514140.0, 424260.0 ], [ 514170.0, 424260.0 ], [ 514170.0, 424200.0 ], [ 514200.0, 424200.0 ], [ 514200.0, 424140.0 ], [ 514230.0, 424140.0 ], [ 514230.0, 424080.0 ], [ 514260.0, 424080.0 ], [ 514260.0, 424050.0 ], [ 514290.0, 424050.0 ], [ 514290.0, 423990.0 ], [ 514320.0, 423990.0 ], [ 514320.0, 423930.0 ], [ 514350.0, 423930.0 ], [ 514350.0, 423870.0 ], [ 514380.0, 423870.0 ], [ 514380.0, 423810.0 ], [ 514410.0, 423810.0 ], [ 514410.0, 423750.0 ], [ 514440.0, 423750.0 ], [ 514440.0, 423660.0 ], [ 514470.0, 423660.0 ], [ 514470.0, 423630.0 ], [ 514500.0, 423630.0 ], [ 514500.0, 423600.0 ], [ 514530.0, 423600.0 ], [ 514530.0, 423540.0 ], [ 514560.0, 423540.0 ], [ 514560.0, 423480.0 ], [ 514590.0, 423480.0 ], [ 514590.0, 423420.0 ], [ 514620.0, 423420.0 ], [ 514620.0, 423330.0 ], [ 514650.0, 423330.0 ], [ 514650.0, 423240.0 ], [ 514680.0, 423240.0 ], [ 514680.0, 423180.0 ], [ 514710.0, 423180.0 ], [ 514710.0, 423120.0 ], [ 514740.0, 423120.0 ], [ 514740.0, 423090.0 ], [ 514710.0, 423090.0 ], [ 514710.0, 423030.0 ], [ 514680.0, 423030.0 ], [ 514680.0, 423000.0 ], [ 514650.0, 423000.0 ], [ 514650.0, 422970.0 ], [ 514560.0, 422970.0 ], [ 514560.0, 422940.0 ], [ 514590.0, 422940.0 ], [ 514590.0, 422910.0 ], [ 514620.0, 422910.0 ], [ 514620.0, 422940.0 ], [ 514710.0, 422940.0 ], [ 514710.0, 422970.0 ], [ 514740.0, 422970.0 ], [ 514740.0, 423000.0 ], [ 514770.0, 423000.0 ], [ 514770.0, 422970.0 ], [ 514800.0, 422970.0 ], [ 514800.0, 422940.0 ], [ 514830.0, 422940.0 ], [ 514830.0, 422880.0 ], [ 514860.0, 422880.0 ], [ 514860.0, 422820.0 ], [ 514890.0, 422820.0 ], [ 514890.0, 422760.0 ], [ 514920.0, 422760.0 ], [ 514920.0, 422730.0 ], [ 514950.0, 422730.0 ], [ 514950.0, 422670.0 ], [ 514980.0, 422670.0 ], [ 514980.0, 422610.0 ], [ 515010.0, 422610.0 ], [ 515010.0, 422520.0 ], [ 515040.0, 422520.0 ], [ 515040.0, 422490.0 ], [ 515070.0, 422490.0 ], [ 515070.0, 422430.0 ], [ 515100.0, 422430.0 ], [ 515100.0, 422340.0 ], [ 515130.0, 422340.0 ], [ 515130.0, 422280.0 ], [ 515160.0, 422280.0 ], [ 515160.0, 422220.0 ], [ 515190.0, 422220.0 ], [ 515190.0, 422100.0 ], [ 515220.0, 422100.0 ], [ 515220.0, 422070.0 ], [ 515250.0, 422070.0 ], [ 515250.0, 422010.0 ], [ 515280.0, 422010.0 ], [ 515280.0, 421980.0 ], [ 515310.0, 421980.0 ], [ 515310.0, 421950.0 ], [ 515340.0, 421950.0 ], [ 515340.0, 421920.0 ], [ 515370.0, 421920.0 ], [ 515370.0, 421860.0 ], [ 515400.0, 421860.0 ], [ 515400.0, 421770.0 ], [ 515430.0, 421770.0 ], [ 515430.0, 421710.0 ], [ 515460.0, 421710.0 ], [ 515460.0, 421650.0 ], [ 515490.0, 421650.0 ], [ 515490.0, 421590.0 ], [ 515520.0, 421590.0 ], [ 515520.0, 421530.0 ], [ 515550.0, 421530.0 ], [ 515550.0, 421500.0 ], [ 515580.0, 421500.0 ], [ 515580.0, 421440.0 ], [ 515610.0, 421440.0 ], [ 515610.0, 421410.0 ], [ 515640.0, 421410.0 ], [ 515640.0, 421380.0 ], [ 515670.0, 421380.0 ], [ 515670.0, 421320.0 ], [ 515700.0, 421320.0 ], [ 515700.0, 421290.0 ], [ 515730.0, 421290.0 ], [ 515730.0, 421260.0 ], [ 515760.0, 421260.0 ], [ 515760.0, 421200.0 ], [ 515790.0, 421200.0 ], [ 515790.0, 421170.0 ], [ 515820.0, 421170.0 ], [ 515820.0, 421140.0 ], [ 515850.0, 421140.0 ], [ 515850.0, 421080.0 ], [ 515880.0, 421080.0 ], [ 515880.0, 421050.0 ], [ 515910.0, 421050.0 ], [ 515910.0, 420990.0 ], [ 515940.0, 420990.0 ], [ 515940.0, 420960.0 ], [ 515970.0, 420960.0 ], [ 515970.0, 420930.0 ], [ 516000.0, 420930.0 ], [ 516000.0, 420870.0 ], [ 516030.0, 420870.0 ], [ 516030.0, 420840.0 ], [ 516060.0, 420840.0 ], [ 516060.0, 420810.0 ], [ 516090.0, 420810.0 ], [ 516090.0, 420780.0 ], [ 516120.0, 420780.0 ], [ 516120.0, 420750.0 ], [ 516150.0, 420750.0 ], [ 516150.0, 420690.0 ], [ 516180.0, 420690.0 ], [ 516180.0, 420660.0 ], [ 516210.0, 420660.0 ], [ 516210.0, 420630.0 ], [ 516270.0, 420630.0 ], [ 516270.0, 420600.0 ], [ 516300.0, 420600.0 ], [ 516300.0, 420570.0 ], [ 516330.0, 420570.0 ], [ 516330.0, 420510.0 ], [ 516360.0, 420510.0 ], [ 516360.0, 420480.0 ], [ 516390.0, 420480.0 ], [ 516390.0, 420450.0 ], [ 516450.0, 420450.0 ], [ 516450.0, 420420.0 ], [ 516480.0, 420420.0 ], [ 516480.0, 420390.0 ], [ 516510.0, 420390.0 ], [ 516510.0, 420360.0 ], [ 516540.0, 420360.0 ], [ 516540.0, 420330.0 ], [ 516600.0, 420330.0 ], [ 516600.0, 420300.0 ], [ 516660.0, 420300.0 ], [ 516660.0, 420210.0 ], [ 516690.0, 420210.0 ], [ 516690.0, 420150.0 ], [ 516660.0, 420150.0 ], [ 516660.0, 420090.0 ], [ 516630.0, 420090.0 ], [ 516630.0, 420060.0 ], [ 516600.0, 420060.0 ], [ 516600.0, 420030.0 ], [ 516630.0, 420030.0 ], [ 516630.0, 420000.0 ], [ 516660.0, 420000.0 ], [ 516660.0, 420030.0 ], [ 516720.0, 420030.0 ], [ 516720.0, 420060.0 ], [ 516810.0, 420060.0 ], [ 516810.0, 420000.0 ], [ 516840.0, 420000.0 ], [ 516840.0, 419970.0 ], [ 516870.0, 419970.0 ], [ 516870.0, 419880.0 ], [ 516900.0, 419880.0 ], [ 516900.0, 419820.0 ], [ 516930.0, 419820.0 ], [ 516930.0, 419790.0 ], [ 516960.0, 419790.0 ], [ 516960.0, 419730.0 ], [ 516990.0, 419730.0 ], [ 516990.0, 419670.0 ], [ 517020.0, 419670.0 ], [ 517020.0, 419640.0 ], [ 517050.0, 419640.0 ], [ 517050.0, 419550.0 ], [ 517080.0, 419550.0 ], [ 517080.0, 419520.0 ], [ 517110.0, 419520.0 ], [ 517110.0, 419490.0 ], [ 517140.0, 419490.0 ], [ 517140.0, 419430.0 ], [ 517170.0, 419430.0 ], [ 517170.0, 419370.0 ], [ 517200.0, 419370.0 ], [ 517200.0, 419310.0 ], [ 517170.0, 419310.0 ], [ 517170.0, 419250.0 ], [ 517200.0, 419250.0 ], [ 517200.0, 419220.0 ], [ 517230.0, 419220.0 ], [ 517230.0, 419280.0 ], [ 517260.0, 419280.0 ], [ 517260.0, 419220.0 ], [ 517290.0, 419220.0 ], [ 517290.0, 419160.0 ], [ 517320.0, 419160.0 ], [ 517320.0, 419130.0 ], [ 517350.0, 419130.0 ], [ 517350.0, 419070.0 ], [ 517380.0, 419070.0 ], [ 517380.0, 419010.0 ], [ 517410.0, 419010.0 ], [ 517410.0, 418980.0 ], [ 517440.0, 418980.0 ], [ 517440.0, 418950.0 ], [ 517470.0, 418950.0 ], [ 517470.0, 418890.0 ], [ 517500.0, 418890.0 ], [ 517500.0, 418860.0 ], [ 517530.0, 418860.0 ], [ 517530.0, 418830.0 ], [ 517560.0, 418830.0 ], [ 517560.0, 418770.0 ], [ 517590.0, 418770.0 ], [ 517590.0, 418740.0 ], [ 517620.0, 418740.0 ], [ 517620.0, 418680.0 ], [ 517650.0, 418680.0 ], [ 517650.0, 418650.0 ], [ 517680.0, 418650.0 ], [ 517680.0, 418620.0 ], [ 517710.0, 418620.0 ], [ 517710.0, 418590.0 ], [ 517740.0, 418590.0 ], [ 517740.0, 418560.0 ], [ 517770.0, 418560.0 ], [ 517770.0, 418530.0 ], [ 517800.0, 418530.0 ], [ 517800.0, 418500.0 ], [ 517830.0, 418500.0 ], [ 517830.0, 418320.0 ], [ 517800.0, 418320.0 ], [ 517800.0, 418290.0 ], [ 517830.0, 418290.0 ], [ 517830.0, 418260.0 ], [ 517800.0, 418260.0 ], [ 517800.0, 418230.0 ], [ 517770.0, 418230.0 ], [ 517770.0, 418200.0 ], [ 517830.0, 418200.0 ], [ 517830.0, 418140.0 ], [ 517860.0, 418140.0 ], [ 517860.0, 418110.0 ], [ 517920.0, 418110.0 ], [ 517920.0, 418080.0 ], [ 517860.0, 418080.0 ], [ 517860.0, 418020.0 ], [ 517830.0, 418020.0 ], [ 517830.0, 417960.0 ], [ 517860.0, 417960.0 ], [ 517860.0, 417990.0 ], [ 517920.0, 417990.0 ], [ 517920.0, 418020.0 ], [ 517980.0, 418020.0 ], [ 517980.0, 417960.0 ], [ 517950.0, 417960.0 ], [ 517950.0, 417930.0 ], [ 517920.0, 417930.0 ], [ 517920.0, 417900.0 ], [ 517860.0, 417900.0 ], [ 517860.0, 417870.0 ], [ 517950.0, 417870.0 ], [ 517950.0, 417810.0 ], [ 517980.0, 417810.0 ], [ 517980.0, 417840.0 ], [ 518010.0, 417840.0 ], [ 518010.0, 417780.0 ], [ 517980.0, 417780.0 ], [ 517980.0, 417720.0 ], [ 517950.0, 417720.0 ], [ 517950.0, 417690.0 ], [ 517980.0, 417690.0 ], [ 517980.0, 417630.0 ], [ 517950.0, 417630.0 ], [ 517950.0, 417600.0 ], [ 517920.0, 417600.0 ], [ 517920.0, 417540.0 ], [ 517950.0, 417540.0 ], [ 517950.0, 417510.0 ], [ 517980.0, 417510.0 ], [ 517980.0, 417480.0 ], [ 518010.0, 417480.0 ], [ 518010.0, 417450.0 ], [ 518040.0, 417450.0 ], [ 518040.0, 417420.0 ], [ 518010.0, 417420.0 ], [ 518010.0, 417360.0 ], [ 517980.0, 417360.0 ], [ 517980.0, 417330.0 ], [ 517920.0, 417330.0 ], [ 517920.0, 417300.0 ], [ 517890.0, 417300.0 ], [ 517890.0, 417270.0 ], [ 517830.0, 417270.0 ], [ 517830.0, 417240.0 ], [ 517800.0, 417240.0 ], [ 517800.0, 417210.0 ], [ 517770.0, 417210.0 ], [ 517770.0, 417180.0 ], [ 517740.0, 417180.0 ], [ 517740.0, 417120.0 ], [ 517770.0, 417120.0 ], [ 517770.0, 416910.0 ], [ 517890.0, 416910.0 ], [ 517890.0, 416940.0 ], [ 517920.0, 416940.0 ], [ 517920.0, 416970.0 ], [ 517980.0, 416970.0 ], [ 517980.0, 417000.0 ], [ 518010.0, 417000.0 ], [ 518010.0, 416940.0 ], [ 517950.0, 416940.0 ], [ 517950.0, 416910.0 ], [ 517920.0, 416910.0 ], [ 517920.0, 416880.0 ], [ 517890.0, 416880.0 ], [ 517890.0, 416850.0 ], [ 517830.0, 416850.0 ], [ 517830.0, 416790.0 ], [ 517890.0, 416790.0 ], [ 517890.0, 416820.0 ], [ 517920.0, 416820.0 ], [ 517920.0, 416790.0 ], [ 517980.0, 416790.0 ], [ 517980.0, 416850.0 ], [ 518010.0, 416850.0 ], [ 518010.0, 416730.0 ], [ 517980.0, 416730.0 ], [ 517980.0, 416700.0 ], [ 517950.0, 416700.0 ], [ 517950.0, 416670.0 ], [ 517980.0, 416670.0 ], [ 517980.0, 416610.0 ], [ 518010.0, 416610.0 ], [ 518010.0, 416640.0 ], [ 518040.0, 416640.0 ], [ 518040.0, 416610.0 ], [ 518130.0, 416610.0 ], [ 518130.0, 416550.0 ], [ 518100.0, 416550.0 ], [ 518100.0, 416520.0 ], [ 518040.0, 416520.0 ], [ 518040.0, 416460.0 ], [ 518010.0, 416460.0 ], [ 518010.0, 416400.0 ], [ 517980.0, 416400.0 ], [ 517980.0, 416370.0 ], [ 517860.0, 416370.0 ], [ 517860.0, 416430.0 ], [ 517830.0, 416430.0 ], [ 517830.0, 416400.0 ], [ 517800.0, 416400.0 ], [ 517800.0, 416430.0 ], [ 517770.0, 416430.0 ], [ 517770.0, 416340.0 ], [ 517800.0, 416340.0 ], [ 517800.0, 416370.0 ], [ 517830.0, 416370.0 ], [ 517830.0, 416340.0 ], [ 517860.0, 416340.0 ], [ 517860.0, 416310.0 ], [ 517770.0, 416310.0 ], [ 517770.0, 416280.0 ], [ 517800.0, 416280.0 ], [ 517800.0, 416220.0 ], [ 517860.0, 416220.0 ], [ 517860.0, 416190.0 ], [ 517890.0, 416190.0 ], [ 517890.0, 416160.0 ], [ 517920.0, 416160.0 ], [ 517920.0, 416130.0 ], [ 517950.0, 416130.0 ], [ 517950.0, 416100.0 ], [ 518010.0, 416100.0 ], [ 518010.0, 416070.0 ], [ 518040.0, 416070.0 ], [ 518040.0, 416040.0 ], [ 518070.0, 416040.0 ], [ 518070.0, 416010.0 ], [ 518130.0, 416010.0 ], [ 518130.0, 415950.0 ], [ 518190.0, 415950.0 ], [ 518190.0, 415920.0 ], [ 518250.0, 415920.0 ], [ 518250.0, 415860.0 ], [ 518190.0, 415860.0 ], [ 518190.0, 415830.0 ], [ 518250.0, 415830.0 ], [ 518250.0, 415800.0 ], [ 518220.0, 415800.0 ], [ 518220.0, 415770.0 ], [ 518250.0, 415770.0 ], [ 518250.0, 415740.0 ], [ 518190.0, 415740.0 ], [ 518190.0, 415650.0 ], [ 518220.0, 415650.0 ], [ 518220.0, 415620.0 ], [ 518190.0, 415620.0 ], [ 518190.0, 415440.0 ], [ 518160.0, 415440.0 ], [ 518160.0, 415410.0 ], [ 518070.0, 415410.0 ], [ 518070.0, 415350.0 ], [ 517980.0, 415350.0 ], [ 517980.0, 415320.0 ], [ 517920.0, 415320.0 ], [ 517920.0, 415380.0 ], [ 517980.0, 415380.0 ], [ 517980.0, 415410.0 ], [ 518010.0, 415410.0 ], [ 518010.0, 415440.0 ], [ 518040.0, 415440.0 ], [ 518040.0, 415620.0 ], [ 518010.0, 415620.0 ], [ 518010.0, 415650.0 ], [ 517950.0, 415650.0 ], [ 517950.0, 415710.0 ], [ 517920.0, 415710.0 ], [ 517920.0, 415740.0 ], [ 517860.0, 415740.0 ], [ 517860.0, 415710.0 ], [ 517890.0, 415710.0 ], [ 517890.0, 415680.0 ], [ 517830.0, 415680.0 ], [ 517830.0, 415650.0 ], [ 517650.0, 415650.0 ], [ 517650.0, 415500.0 ], [ 517620.0, 415500.0 ], [ 517620.0, 415470.0 ], [ 517650.0, 415470.0 ], [ 517650.0, 415410.0 ], [ 517680.0, 415410.0 ], [ 517680.0, 415380.0 ], [ 517560.0, 415380.0 ], [ 517560.0, 415350.0 ], [ 517470.0, 415350.0 ], [ 517470.0, 415320.0 ], [ 517500.0, 415320.0 ], [ 517500.0, 415260.0 ], [ 517590.0, 415260.0 ], [ 517590.0, 415230.0 ], [ 517620.0, 415230.0 ], [ 517620.0, 415200.0 ], [ 517590.0, 415200.0 ], [ 517590.0, 415170.0 ], [ 517470.0, 415170.0 ], [ 517470.0, 415140.0 ], [ 517410.0, 415140.0 ], [ 517410.0, 415230.0 ], [ 517380.0, 415230.0 ], [ 517380.0, 415110.0 ], [ 517410.0, 415110.0 ], [ 517410.0, 415080.0 ], [ 517470.0, 415080.0 ], [ 517470.0, 414990.0 ], [ 517500.0, 414990.0 ], [ 517500.0, 415020.0 ], [ 517530.0, 415020.0 ], [ 517530.0, 414960.0 ], [ 517560.0, 414960.0 ], [ 517560.0, 414990.0 ], [ 517590.0, 414990.0 ], [ 517590.0, 414930.0 ], [ 517560.0, 414930.0 ], [ 517560.0, 414900.0 ], [ 517590.0, 414900.0 ], [ 517590.0, 414870.0 ], [ 517620.0, 414870.0 ], [ 517620.0, 414900.0 ], [ 517650.0, 414900.0 ], [ 517650.0, 414810.0 ], [ 517710.0, 414810.0 ], [ 517710.0, 414780.0 ], [ 517740.0, 414780.0 ], [ 517740.0, 414750.0 ], [ 517770.0, 414750.0 ], [ 517770.0, 414660.0 ], [ 517800.0, 414660.0 ], [ 517800.0, 414570.0 ], [ 517830.0, 414570.0 ], [ 517830.0, 414540.0 ], [ 517890.0, 414540.0 ], [ 517890.0, 414570.0 ], [ 517980.0, 414570.0 ], [ 517980.0, 414480.0 ], [ 518040.0, 414480.0 ], [ 518040.0, 414450.0 ], [ 518010.0, 414450.0 ], [ 518010.0, 414390.0 ], [ 518040.0, 414390.0 ], [ 518040.0, 414360.0 ], [ 518070.0, 414360.0 ], [ 518070.0, 414390.0 ], [ 518160.0, 414390.0 ], [ 518160.0, 414330.0 ], [ 518190.0, 414330.0 ], [ 518190.0, 414180.0 ], [ 518220.0, 414180.0 ], [ 518220.0, 414240.0 ], [ 518250.0, 414240.0 ], [ 518250.0, 414180.0 ], [ 518310.0, 414180.0 ], [ 518310.0, 414090.0 ], [ 518280.0, 414090.0 ], [ 518280.0, 413970.0 ], [ 518250.0, 413970.0 ], [ 518250.0, 413940.0 ], [ 518190.0, 413940.0 ], [ 518190.0, 413910.0 ], [ 518220.0, 413910.0 ], [ 518220.0, 413880.0 ], [ 518250.0, 413880.0 ], [ 518250.0, 413850.0 ], [ 518280.0, 413850.0 ], [ 518280.0, 413790.0 ], [ 518340.0, 413790.0 ], [ 518340.0, 413880.0 ], [ 518430.0, 413880.0 ], [ 518430.0, 413940.0 ], [ 518520.0, 413940.0 ], [ 518520.0, 414030.0 ], [ 518580.0, 414030.0 ], [ 518580.0, 414060.0 ], [ 518550.0, 414060.0 ], [ 518550.0, 414090.0 ], [ 518580.0, 414090.0 ], [ 518580.0, 414120.0 ], [ 518610.0, 414120.0 ], [ 518610.0, 414090.0 ], [ 518640.0, 414090.0 ], [ 518640.0, 414060.0 ], [ 518670.0, 414060.0 ], [ 518670.0, 414030.0 ], [ 518700.0, 414030.0 ], [ 518700.0, 414150.0 ], [ 518790.0, 414150.0 ], [ 518790.0, 414120.0 ], [ 518820.0, 414120.0 ], [ 518820.0, 414060.0 ], [ 518940.0, 414060.0 ], [ 518940.0, 414030.0 ], [ 518970.0, 414030.0 ], [ 518970.0, 414060.0 ], [ 519030.0, 414060.0 ], [ 519030.0, 414030.0 ], [ 519060.0, 414030.0 ], [ 519060.0, 414000.0 ], [ 519090.0, 414000.0 ], [ 519090.0, 413970.0 ], [ 519120.0, 413970.0 ], [ 519120.0, 414090.0 ], [ 519150.0, 414090.0 ], [ 519150.0, 414060.0 ], [ 519180.0, 414060.0 ], [ 519180.0, 414180.0 ], [ 519240.0, 414180.0 ], [ 519240.0, 414090.0 ], [ 519270.0, 414090.0 ], [ 519270.0, 414030.0 ], [ 519300.0, 414030.0 ], [ 519300.0, 414000.0 ], [ 519210.0, 414000.0 ], [ 519210.0, 413940.0 ], [ 519180.0, 413940.0 ], [ 519180.0, 413880.0 ], [ 519210.0, 413880.0 ], [ 519210.0, 413850.0 ], [ 519240.0, 413850.0 ], [ 519240.0, 413820.0 ], [ 519360.0, 413820.0 ], [ 519360.0, 413850.0 ], [ 519420.0, 413850.0 ], [ 519420.0, 413820.0 ], [ 519450.0, 413820.0 ], [ 519450.0, 413850.0 ], [ 519480.0, 413850.0 ], [ 519480.0, 413880.0 ], [ 519630.0, 413880.0 ], [ 519630.0, 413820.0 ], [ 519660.0, 413820.0 ], [ 519660.0, 413910.0 ], [ 519690.0, 413910.0 ], [ 519690.0, 413940.0 ], [ 519660.0, 413940.0 ], [ 519660.0, 414000.0 ], [ 519630.0, 414000.0 ], [ 519630.0, 414060.0 ], [ 519660.0, 414060.0 ], [ 519660.0, 414090.0 ], [ 519690.0, 414090.0 ], [ 519690.0, 414120.0 ], [ 519720.0, 414120.0 ], [ 519720.0, 414210.0 ], [ 519690.0, 414210.0 ], [ 519690.0, 414240.0 ], [ 519630.0, 414240.0 ], [ 519630.0, 414270.0 ], [ 519570.0, 414270.0 ], [ 519570.0, 414300.0 ], [ 519540.0, 414300.0 ], [ 519540.0, 414390.0 ], [ 519510.0, 414390.0 ], [ 519510.0, 414450.0 ], [ 519480.0, 414450.0 ], [ 519480.0, 414480.0 ], [ 519450.0, 414480.0 ], [ 519450.0, 414510.0 ], [ 519600.0, 414510.0 ], [ 519600.0, 414480.0 ], [ 519630.0, 414480.0 ], [ 519630.0, 414360.0 ], [ 519660.0, 414360.0 ], [ 519660.0, 414300.0 ], [ 519720.0, 414300.0 ], [ 519720.0, 414270.0 ], [ 519780.0, 414270.0 ], [ 519780.0, 414300.0 ], [ 519840.0, 414300.0 ], [ 519840.0, 414270.0 ], [ 519870.0, 414270.0 ], [ 519870.0, 414240.0 ], [ 519960.0, 414240.0 ], [ 519960.0, 414180.0 ], [ 520020.0, 414180.0 ], [ 520020.0, 414150.0 ], [ 519990.0, 414150.0 ], [ 519990.0, 414030.0 ], [ 520020.0, 414030.0 ], [ 520020.0, 414000.0 ], [ 520050.0, 414000.0 ], [ 520050.0, 413850.0 ], [ 520080.0, 413850.0 ], [ 520080.0, 413820.0 ], [ 520110.0, 413820.0 ], [ 520110.0, 413850.0 ], [ 520170.0, 413850.0 ], [ 520170.0, 413910.0 ], [ 520200.0, 413910.0 ], [ 520200.0, 413940.0 ], [ 520230.0, 413940.0 ], [ 520230.0, 413970.0 ], [ 520200.0, 413970.0 ], [ 520200.0, 414000.0 ], [ 520170.0, 414000.0 ], [ 520170.0, 414030.0 ], [ 520260.0, 414030.0 ], [ 520260.0, 413970.0 ], [ 520290.0, 413970.0 ], [ 520290.0, 413940.0 ], [ 520320.0, 413940.0 ], [ 520320.0, 413910.0 ], [ 520290.0, 413910.0 ], [ 520290.0, 413850.0 ], [ 520260.0, 413850.0 ], [ 520260.0, 413820.0 ], [ 520230.0, 413820.0 ], [ 520230.0, 413760.0 ], [ 520200.0, 413760.0 ], [ 520200.0, 413670.0 ], [ 520170.0, 413670.0 ], [ 520170.0, 413640.0 ], [ 520200.0, 413640.0 ], [ 520200.0, 413520.0 ], [ 520320.0, 413520.0 ], [ 520320.0, 413370.0 ], [ 520350.0, 413370.0 ], [ 520350.0, 413340.0 ], [ 520380.0, 413340.0 ], [ 520380.0, 413370.0 ], [ 520410.0, 413370.0 ], [ 520410.0, 413460.0 ], [ 520470.0, 413460.0 ], [ 520470.0, 413520.0 ], [ 520530.0, 413520.0 ], [ 520530.0, 413550.0 ], [ 520560.0, 413550.0 ], [ 520560.0, 413520.0 ], [ 520620.0, 413520.0 ], [ 520620.0, 413490.0 ], [ 520650.0, 413490.0 ], [ 520650.0, 413520.0 ], [ 520710.0, 413520.0 ], [ 520710.0, 413580.0 ], [ 520740.0, 413580.0 ], [ 520740.0, 413610.0 ], [ 520710.0, 413610.0 ], [ 520710.0, 413700.0 ], [ 520740.0, 413700.0 ], [ 520740.0, 413760.0 ], [ 520770.0, 413760.0 ], [ 520770.0, 413790.0 ], [ 520800.0, 413790.0 ], [ 520800.0, 413820.0 ], [ 520830.0, 413820.0 ], [ 520830.0, 413850.0 ], [ 520860.0, 413850.0 ], [ 520860.0, 413880.0 ], [ 520890.0, 413880.0 ], [ 520890.0, 413910.0 ], [ 520920.0, 413910.0 ], [ 520920.0, 413940.0 ], [ 520980.0, 413940.0 ], [ 520980.0, 413970.0 ], [ 521010.0, 413970.0 ], [ 521010.0, 414000.0 ], [ 521040.0, 414000.0 ], [ 521040.0, 414030.0 ], [ 521100.0, 414030.0 ], [ 521100.0, 414060.0 ], [ 521130.0, 414060.0 ], [ 521130.0, 414090.0 ], [ 521220.0, 414090.0 ], [ 521220.0, 414060.0 ], [ 521250.0, 414060.0 ], [ 521250.0, 414120.0 ], [ 521280.0, 414120.0 ], [ 521280.0, 414180.0 ], [ 521250.0, 414180.0 ], [ 521250.0, 414240.0 ], [ 521280.0, 414240.0 ], [ 521280.0, 414270.0 ], [ 521340.0, 414270.0 ], [ 521340.0, 414300.0 ], [ 521370.0, 414300.0 ], [ 521370.0, 414360.0 ], [ 521340.0, 414360.0 ], [ 521340.0, 414390.0 ], [ 521310.0, 414390.0 ], [ 521310.0, 414420.0 ], [ 521250.0, 414420.0 ], [ 521250.0, 414480.0 ], [ 521430.0, 414480.0 ], [ 521430.0, 414420.0 ], [ 521490.0, 414420.0 ], [ 521490.0, 414390.0 ], [ 521550.0, 414390.0 ], [ 521550.0, 414360.0 ], [ 521670.0, 414360.0 ], [ 521670.0, 414390.0 ], [ 521610.0, 414390.0 ], [ 521610.0, 414420.0 ], [ 521550.0, 414420.0 ], [ 521550.0, 414450.0 ], [ 521580.0, 414450.0 ], [ 521580.0, 414480.0 ], [ 521610.0, 414480.0 ], [ 521610.0, 414540.0 ], [ 521640.0, 414540.0 ], [ 521640.0, 414570.0 ], [ 521670.0, 414570.0 ], [ 521670.0, 414540.0 ], [ 521700.0, 414540.0 ], [ 521700.0, 414510.0 ], [ 521730.0, 414510.0 ], [ 521730.0, 414540.0 ], [ 521760.0, 414540.0 ], [ 521760.0, 414510.0 ], [ 521790.0, 414510.0 ], [ 521790.0, 414480.0 ], [ 521970.0, 414480.0 ], [ 521970.0, 414510.0 ], [ 522120.0, 414510.0 ], [ 522120.0, 414480.0 ], [ 522150.0, 414480.0 ], [ 522150.0, 414510.0 ], [ 522180.0, 414510.0 ], [ 522180.0, 414540.0 ], [ 522120.0, 414540.0 ], [ 522120.0, 414600.0 ], [ 522150.0, 414600.0 ], [ 522150.0, 414690.0 ], [ 522180.0, 414690.0 ], [ 522180.0, 414600.0 ], [ 522210.0, 414600.0 ], [ 522210.0, 414450.0 ], [ 522240.0, 414450.0 ], [ 522240.0, 414420.0 ], [ 522300.0, 414420.0 ], [ 522300.0, 414390.0 ], [ 522360.0, 414390.0 ], [ 522360.0, 414540.0 ], [ 522510.0, 414540.0 ], [ 522510.0, 414510.0 ], [ 522540.0, 414510.0 ], [ 522540.0, 414480.0 ], [ 522570.0, 414480.0 ], [ 522570.0, 414450.0 ], [ 522600.0, 414450.0 ], [ 522600.0, 414420.0 ], [ 522630.0, 414420.0 ], [ 522630.0, 414390.0 ], [ 522660.0, 414390.0 ], [ 522660.0, 414360.0 ], [ 522690.0, 414360.0 ], [ 522690.0, 414330.0 ], [ 522720.0, 414330.0 ], [ 522720.0, 414300.0 ], [ 522780.0, 414300.0 ], [ 522780.0, 414240.0 ], [ 522810.0, 414240.0 ], [ 522810.0, 414210.0 ], [ 522870.0, 414210.0 ], [ 522870.0, 414180.0 ], [ 522900.0, 414180.0 ], [ 522900.0, 414120.0 ], [ 522930.0, 414120.0 ], [ 522930.0, 414090.0 ], [ 523020.0, 414090.0 ], [ 523020.0, 414060.0 ], [ 523050.0, 414060.0 ], [ 523050.0, 413970.0 ], [ 523110.0, 413970.0 ], [ 523110.0, 413940.0 ], [ 523200.0, 413940.0 ], [ 523200.0, 413910.0 ], [ 523320.0, 413910.0 ], [ 523320.0, 413880.0 ], [ 523350.0, 413880.0 ], [ 523350.0, 413820.0 ], [ 523410.0, 413820.0 ], [ 523410.0, 413790.0 ], [ 523440.0, 413790.0 ], [ 523440.0, 413760.0 ], [ 523470.0, 413760.0 ], [ 523470.0, 413700.0 ], [ 523500.0, 413700.0 ], [ 523500.0, 413640.0 ], [ 523530.0, 413640.0 ], [ 523530.0, 413610.0 ], [ 523590.0, 413610.0 ], [ 523590.0, 413520.0 ], [ 523620.0, 413520.0 ], [ 523620.0, 413490.0 ], [ 523650.0, 413490.0 ], [ 523650.0, 413430.0 ], [ 523680.0, 413430.0 ], [ 523680.0, 413370.0 ], [ 523710.0, 413370.0 ], [ 523710.0, 413310.0 ], [ 523740.0, 413310.0 ], [ 523740.0, 413250.0 ], [ 523770.0, 413250.0 ], [ 523770.0, 413220.0 ], [ 523800.0, 413220.0 ], [ 523800.0, 413190.0 ], [ 523980.0, 413190.0 ], [ 523980.0, 413160.0 ], [ 524010.0, 413160.0 ], [ 524010.0, 413130.0 ], [ 524040.0, 413130.0 ], [ 524040.0, 413100.0 ], [ 524100.0, 413100.0 ], [ 524100.0, 413070.0 ], [ 524130.0, 413070.0 ], [ 524130.0, 413010.0 ], [ 524160.0, 413010.0 ], [ 524160.0, 412980.0 ], [ 524190.0, 412980.0 ], [ 524190.0, 412950.0 ], [ 524220.0, 412950.0 ], [ 524220.0, 412920.0 ], [ 524250.0, 412920.0 ], [ 524250.0, 412890.0 ], [ 524280.0, 412890.0 ], [ 524280.0, 412860.0 ], [ 524310.0, 412860.0 ], [ 524310.0, 412830.0 ], [ 524340.0, 412830.0 ], [ 524340.0, 412800.0 ], [ 524370.0, 412800.0 ], [ 524370.0, 412770.0 ], [ 524400.0, 412770.0 ], [ 524400.0, 412740.0 ], [ 524430.0, 412740.0 ], [ 524430.0, 412710.0 ], [ 524460.0, 412710.0 ], [ 524460.0, 412680.0 ], [ 524490.0, 412680.0 ], [ 524490.0, 412650.0 ], [ 524550.0, 412650.0 ], [ 524550.0, 412620.0 ], [ 524580.0, 412620.0 ], [ 524580.0, 412590.0 ], [ 524610.0, 412590.0 ], [ 524610.0, 412530.0 ], [ 524640.0, 412530.0 ], [ 524640.0, 412500.0 ], [ 524700.0, 412500.0 ], [ 524700.0, 412440.0 ], [ 524730.0, 412440.0 ], [ 524730.0, 412410.0 ], [ 524760.0, 412410.0 ], [ 524760.0, 412380.0 ], [ 524820.0, 412380.0 ], [ 524820.0, 412350.0 ], [ 524850.0, 412350.0 ], [ 524850.0, 412290.0 ], [ 524880.0, 412290.0 ], [ 524880.0, 412260.0 ], [ 524910.0, 412260.0 ], [ 524910.0, 412230.0 ], [ 524940.0, 412230.0 ], [ 524940.0, 412200.0 ], [ 525000.0, 412200.0 ], [ 525000.0, 412170.0 ], [ 525030.0, 412170.0 ], [ 525030.0, 412110.0 ], [ 525060.0, 412110.0 ], [ 525060.0, 412080.0 ], [ 525090.0, 412080.0 ], [ 525090.0, 412050.0 ], [ 525120.0, 412050.0 ], [ 525120.0, 412020.0 ], [ 525150.0, 412020.0 ], [ 525150.0, 411990.0 ], [ 525180.0, 411990.0 ], [ 525180.0, 411960.0 ], [ 525240.0, 411960.0 ], [ 525240.0, 411930.0 ], [ 525270.0, 411930.0 ], [ 525270.0, 411900.0 ], [ 525300.0, 411900.0 ], [ 525300.0, 411870.0 ], [ 525360.0, 411870.0 ], [ 525360.0, 411840.0 ], [ 525420.0, 411840.0 ], [ 525420.0, 411810.0 ], [ 525450.0, 411810.0 ], [ 525450.0, 411780.0 ], [ 525480.0, 411780.0 ], [ 525480.0, 411750.0 ], [ 525510.0, 411750.0 ], [ 525510.0, 411720.0 ], [ 525540.0, 411720.0 ], [ 525540.0, 411690.0 ], [ 525600.0, 411690.0 ], [ 525600.0, 411660.0 ], [ 525630.0, 411660.0 ], [ 525630.0, 411630.0 ], [ 525660.0, 411630.0 ], [ 525660.0, 411600.0 ], [ 525690.0, 411600.0 ], [ 525690.0, 411570.0 ], [ 525720.0, 411570.0 ], [ 525720.0, 411540.0 ], [ 525780.0, 411540.0 ], [ 525780.0, 411510.0 ], [ 525930.0, 411510.0 ], [ 525930.0, 411480.0 ], [ 525960.0, 411480.0 ], [ 525960.0, 411450.0 ], [ 526020.0, 411450.0 ], [ 526020.0, 411420.0 ], [ 526050.0, 411420.0 ], [ 526050.0, 411390.0 ], [ 526080.0, 411390.0 ], [ 526080.0, 411360.0 ], [ 526110.0, 411360.0 ], [ 526110.0, 411330.0 ], [ 526140.0, 411330.0 ], [ 526140.0, 411300.0 ], [ 526170.0, 411300.0 ], [ 526170.0, 411270.0 ], [ 526200.0, 411270.0 ], [ 526200.0, 411240.0 ], [ 526230.0, 411240.0 ], [ 526230.0, 411210.0 ], [ 526260.0, 411210.0 ], [ 526260.0, 411150.0 ], [ 526320.0, 411150.0 ], [ 526320.0, 411090.0 ], [ 526350.0, 411090.0 ], [ 526350.0, 411120.0 ], [ 526410.0, 411120.0 ], [ 526410.0, 411150.0 ], [ 526470.0, 411150.0 ], [ 526470.0, 411120.0 ], [ 526560.0, 411120.0 ], [ 526560.0, 411150.0 ], [ 526590.0, 411150.0 ], [ 526590.0, 411120.0 ], [ 526740.0, 411120.0 ], [ 526740.0, 411090.0 ], [ 526890.0, 411090.0 ], [ 526890.0, 411060.0 ], [ 526980.0, 411060.0 ], [ 526980.0, 411030.0 ], [ 527040.0, 411030.0 ], [ 527040.0, 411000.0 ], [ 527070.0, 411000.0 ], [ 527070.0, 410970.0 ], [ 527100.0, 410970.0 ], [ 527100.0, 410940.0 ], [ 527160.0, 410940.0 ], [ 527160.0, 410910.0 ], [ 527190.0, 410910.0 ], [ 527190.0, 410880.0 ], [ 527220.0, 410880.0 ], [ 527220.0, 410820.0 ], [ 527250.0, 410820.0 ], [ 527250.0, 410790.0 ], [ 527280.0, 410790.0 ], [ 527280.0, 410730.0 ], [ 527310.0, 410730.0 ], [ 527310.0, 410760.0 ], [ 527340.0, 410760.0 ], [ 527340.0, 410730.0 ], [ 527370.0, 410730.0 ], [ 527370.0, 410700.0 ], [ 527400.0, 410700.0 ], [ 527400.0, 410670.0 ], [ 527370.0, 410670.0 ], [ 527370.0, 410640.0 ], [ 527340.0, 410640.0 ], [ 527340.0, 410670.0 ], [ 527310.0, 410670.0 ], [ 527310.0, 410610.0 ], [ 527280.0, 410610.0 ], [ 527280.0, 410640.0 ], [ 527220.0, 410640.0 ], [ 527220.0, 410700.0 ], [ 527190.0, 410700.0 ], [ 527190.0, 410730.0 ], [ 527130.0, 410730.0 ], [ 527130.0, 410700.0 ], [ 527070.0, 410700.0 ], [ 527070.0, 410640.0 ], [ 527010.0, 410640.0 ], [ 527010.0, 410610.0 ], [ 526980.0, 410610.0 ], [ 526980.0, 410640.0 ], [ 526950.0, 410640.0 ], [ 526950.0, 410580.0 ], [ 526920.0, 410580.0 ], [ 526920.0, 410610.0 ], [ 526890.0, 410610.0 ], [ 526890.0, 410640.0 ], [ 526860.0, 410640.0 ], [ 526860.0, 410670.0 ], [ 526740.0, 410670.0 ], [ 526740.0, 410640.0 ], [ 526710.0, 410640.0 ], [ 526710.0, 410610.0 ], [ 526680.0, 410610.0 ], [ 526680.0, 410640.0 ], [ 526650.0, 410640.0 ], [ 526650.0, 410610.0 ], [ 526620.0, 410610.0 ], [ 526620.0, 410580.0 ], [ 526380.0, 410580.0 ], [ 526380.0, 410610.0 ], [ 526350.0, 410610.0 ], [ 526350.0, 410580.0 ], [ 526290.0, 410580.0 ], [ 526290.0, 410610.0 ], [ 526320.0, 410610.0 ], [ 526320.0, 410640.0 ], [ 526230.0, 410640.0 ], [ 526230.0, 410430.0 ], [ 526200.0, 410430.0 ], [ 526200.0, 410370.0 ], [ 526260.0, 410370.0 ], [ 526260.0, 410340.0 ], [ 526290.0, 410340.0 ], [ 526290.0, 410370.0 ], [ 526350.0, 410370.0 ], [ 526350.0, 410340.0 ], [ 526380.0, 410340.0 ], [ 526380.0, 410460.0 ], [ 526290.0, 410460.0 ], [ 526290.0, 410490.0 ], [ 526320.0, 410490.0 ], [ 526320.0, 410520.0 ], [ 526350.0, 410520.0 ], [ 526350.0, 410490.0 ], [ 526380.0, 410490.0 ], [ 526380.0, 410520.0 ], [ 526410.0, 410520.0 ], [ 526410.0, 410550.0 ], [ 526440.0, 410550.0 ], [ 526440.0, 410460.0 ], [ 526560.0, 410460.0 ], [ 526560.0, 410430.0 ], [ 526710.0, 410430.0 ], [ 526710.0, 410460.0 ], [ 526800.0, 410460.0 ], [ 526800.0, 410430.0 ], [ 526770.0, 410430.0 ], [ 526770.0, 410370.0 ], [ 526710.0, 410370.0 ], [ 526710.0, 410400.0 ], [ 526680.0, 410400.0 ], [ 526680.0, 410310.0 ], [ 526710.0, 410310.0 ], [ 526710.0, 410340.0 ], [ 526830.0, 410340.0 ], [ 526830.0, 410370.0 ], [ 526860.0, 410370.0 ], [ 526860.0, 410340.0 ], [ 526950.0, 410340.0 ], [ 526950.0, 410370.0 ], [ 527010.0, 410370.0 ], [ 527010.0, 410310.0 ], [ 527070.0, 410310.0 ], [ 527070.0, 410280.0 ], [ 527040.0, 410280.0 ], [ 527040.0, 410220.0 ], [ 527010.0, 410220.0 ], [ 527010.0, 409890.0 ], [ 527040.0, 409890.0 ], [ 527040.0, 409770.0 ], [ 527010.0, 409770.0 ], [ 527010.0, 409650.0 ], [ 527040.0, 409650.0 ], [ 527040.0, 409590.0 ], [ 527070.0, 409590.0 ], [ 527070.0, 409680.0 ], [ 527100.0, 409680.0 ], [ 527100.0, 409740.0 ], [ 527070.0, 409740.0 ], [ 527070.0, 409770.0 ], [ 527100.0, 409770.0 ], [ 527100.0, 409890.0 ], [ 527070.0, 409890.0 ], [ 527070.0, 409920.0 ], [ 527100.0, 409920.0 ], [ 527100.0, 410040.0 ], [ 527160.0, 410040.0 ], [ 527160.0, 410070.0 ], [ 527130.0, 410070.0 ], [ 527130.0, 410100.0 ], [ 527100.0, 410100.0 ], [ 527100.0, 410130.0 ], [ 527190.0, 410130.0 ], [ 527190.0, 410190.0 ], [ 527130.0, 410190.0 ], [ 527130.0, 410310.0 ], [ 527100.0, 410310.0 ], [ 527100.0, 410370.0 ], [ 527130.0, 410370.0 ], [ 527130.0, 410400.0 ], [ 527160.0, 410400.0 ], [ 527160.0, 410430.0 ], [ 527190.0, 410430.0 ], [ 527190.0, 410460.0 ], [ 527220.0, 410460.0 ], [ 527220.0, 410520.0 ], [ 527250.0, 410520.0 ], [ 527250.0, 410550.0 ], [ 527280.0, 410550.0 ], [ 527280.0, 410580.0 ], [ 527430.0, 410580.0 ], [ 527430.0, 410610.0 ], [ 527460.0, 410610.0 ], [ 527460.0, 410640.0 ], [ 527490.0, 410640.0 ], [ 527490.0, 410610.0 ], [ 527610.0, 410610.0 ], [ 527610.0, 410670.0 ], [ 527640.0, 410670.0 ], [ 527640.0, 410730.0 ], [ 527730.0, 410730.0 ], [ 527730.0, 410790.0 ], [ 527700.0, 410790.0 ], [ 527700.0, 410850.0 ], [ 527730.0, 410850.0 ], [ 527730.0, 410910.0 ], [ 527760.0, 410910.0 ], [ 527760.0, 410970.0 ], [ 527790.0, 410970.0 ], [ 527790.0, 411030.0 ], [ 527820.0, 411030.0 ], [ 527820.0, 411090.0 ], [ 527850.0, 411090.0 ], [ 527850.0, 411150.0 ], [ 527880.0, 411150.0 ], [ 527880.0, 411180.0 ], [ 527850.0, 411180.0 ], [ 527850.0, 411240.0 ], [ 527910.0, 411240.0 ], [ 527910.0, 411270.0 ], [ 527940.0, 411270.0 ], [ 527940.0, 411330.0 ], [ 527910.0, 411330.0 ], [ 527910.0, 411360.0 ], [ 527970.0, 411360.0 ], [ 527970.0, 411390.0 ], [ 528090.0, 411390.0 ], [ 528090.0, 411300.0 ], [ 528150.0, 411300.0 ], [ 528150.0, 411330.0 ], [ 528240.0, 411330.0 ], [ 528240.0, 411270.0 ], [ 528270.0, 411270.0 ], [ 528270.0, 411210.0 ], [ 528240.0, 411210.0 ], [ 528240.0, 411240.0 ], [ 528150.0, 411240.0 ], [ 528150.0, 411270.0 ], [ 528120.0, 411270.0 ], [ 528120.0, 411240.0 ], [ 528060.0, 411240.0 ], [ 528060.0, 411210.0 ], [ 528030.0, 411210.0 ], [ 528030.0, 411180.0 ], [ 528000.0, 411180.0 ], [ 528000.0, 411150.0 ], [ 527970.0, 411150.0 ], [ 527970.0, 411090.0 ], [ 528000.0, 411090.0 ], [ 528000.0, 411060.0 ], [ 528030.0, 411060.0 ], [ 528030.0, 411090.0 ], [ 528060.0, 411090.0 ], [ 528060.0, 411000.0 ], [ 528090.0, 411000.0 ], [ 528090.0, 410940.0 ], [ 528120.0, 410940.0 ], [ 528120.0, 410880.0 ], [ 528150.0, 410880.0 ], [ 528150.0, 410910.0 ], [ 528180.0, 410910.0 ], [ 528180.0, 410940.0 ], [ 528240.0, 410940.0 ], [ 528240.0, 411000.0 ], [ 528270.0, 411000.0 ], [ 528270.0, 410760.0 ], [ 528300.0, 410760.0 ], [ 528300.0, 410730.0 ], [ 528330.0, 410730.0 ], [ 528330.0, 410700.0 ], [ 528420.0, 410700.0 ], [ 528420.0, 410730.0 ], [ 528510.0, 410730.0 ], [ 528510.0, 410700.0 ], [ 528600.0, 410700.0 ], [ 528600.0, 410730.0 ], [ 528630.0, 410730.0 ], [ 528630.0, 410760.0 ], [ 528660.0, 410760.0 ], [ 528660.0, 410790.0 ], [ 528690.0, 410790.0 ], [ 528690.0, 410880.0 ], [ 528660.0, 410880.0 ], [ 528660.0, 410910.0 ], [ 528690.0, 410910.0 ], [ 528690.0, 410940.0 ], [ 528720.0, 410940.0 ], [ 528720.0, 410970.0 ], [ 528750.0, 410970.0 ], [ 528750.0, 410940.0 ], [ 528810.0, 410940.0 ], [ 528810.0, 410880.0 ], [ 528870.0, 410880.0 ], [ 528870.0, 410820.0 ], [ 528900.0, 410820.0 ], [ 528900.0, 410790.0 ], [ 528930.0, 410790.0 ], [ 528930.0, 410760.0 ], [ 528990.0, 410760.0 ], [ 528990.0, 410700.0 ], [ 529050.0, 410700.0 ], [ 529050.0, 410670.0 ], [ 529080.0, 410670.0 ], [ 529080.0, 410640.0 ], [ 529050.0, 410640.0 ], [ 529050.0, 410610.0 ], [ 529020.0, 410610.0 ], [ 529020.0, 410580.0 ], [ 528990.0, 410580.0 ], [ 528990.0, 410550.0 ], [ 529050.0, 410550.0 ], [ 529050.0, 410580.0 ], [ 529080.0, 410580.0 ], [ 529080.0, 410550.0 ], [ 529110.0, 410550.0 ], [ 529110.0, 410520.0 ], [ 529170.0, 410520.0 ], [ 529170.0, 410550.0 ], [ 529200.0, 410550.0 ], [ 529200.0, 410520.0 ], [ 529230.0, 410520.0 ], [ 529230.0, 410490.0 ], [ 529260.0, 410490.0 ], [ 529260.0, 410460.0 ], [ 529230.0, 410460.0 ], [ 529230.0, 410400.0 ], [ 529290.0, 410400.0 ], [ 529290.0, 410430.0 ], [ 529350.0, 410430.0 ], [ 529350.0, 410400.0 ], [ 529380.0, 410400.0 ], [ 529380.0, 410370.0 ], [ 529410.0, 410370.0 ], [ 529410.0, 410340.0 ], [ 529440.0, 410340.0 ], [ 529440.0, 410310.0 ], [ 529470.0, 410310.0 ], [ 529470.0, 410280.0 ], [ 529500.0, 410280.0 ], [ 529500.0, 410220.0 ], [ 529530.0, 410220.0 ], [ 529530.0, 410190.0 ], [ 529560.0, 410190.0 ], [ 529560.0, 410160.0 ], [ 529590.0, 410160.0 ], [ 529590.0, 410130.0 ], [ 529620.0, 410130.0 ], [ 529620.0, 410100.0 ], [ 529650.0, 410100.0 ], [ 529650.0, 410070.0 ], [ 529680.0, 410070.0 ], [ 529680.0, 410040.0 ], [ 529710.0, 410040.0 ], [ 529710.0, 410010.0 ], [ 529740.0, 410010.0 ], [ 529740.0, 409980.0 ], [ 529800.0, 409980.0 ], [ 529800.0, 409950.0 ], [ 529830.0, 409950.0 ], [ 529830.0, 409920.0 ], [ 529860.0, 409920.0 ], [ 529860.0, 409890.0 ], [ 529920.0, 409890.0 ], [ 529920.0, 409860.0 ], [ 529950.0, 409860.0 ], [ 529950.0, 409830.0 ], [ 529980.0, 409830.0 ], [ 529980.0, 409800.0 ], [ 530010.0, 409800.0 ], [ 530010.0, 409770.0 ], [ 530040.0, 409770.0 ], [ 530040.0, 409740.0 ], [ 530070.0, 409740.0 ], [ 530070.0, 409710.0 ], [ 530100.0, 409710.0 ], [ 530100.0, 409680.0 ], [ 530280.0, 409680.0 ], [ 530280.0, 409620.0 ], [ 530310.0, 409620.0 ], [ 530310.0, 409590.0 ], [ 530280.0, 409590.0 ], [ 530280.0, 409560.0 ], [ 530310.0, 409560.0 ], [ 530310.0, 409500.0 ], [ 530340.0, 409500.0 ], [ 530340.0, 409470.0 ], [ 530370.0, 409470.0 ], [ 530370.0, 409440.0 ], [ 530400.0, 409440.0 ], [ 530400.0, 409500.0 ], [ 530370.0, 409500.0 ], [ 530370.0, 409530.0 ], [ 530340.0, 409530.0 ], [ 530340.0, 409560.0 ], [ 530400.0, 409560.0 ], [ 530400.0, 409530.0 ], [ 530430.0, 409530.0 ], [ 530430.0, 409500.0 ], [ 530460.0, 409500.0 ], [ 530460.0, 409470.0 ], [ 530490.0, 409470.0 ], [ 530490.0, 409410.0 ], [ 530520.0, 409410.0 ], [ 530520.0, 409380.0 ], [ 530550.0, 409380.0 ], [ 530550.0, 409350.0 ], [ 530580.0, 409350.0 ], [ 530580.0, 409290.0 ], [ 530610.0, 409290.0 ], [ 530610.0, 409260.0 ], [ 530640.0, 409260.0 ], [ 530640.0, 409170.0 ], [ 530670.0, 409170.0 ], [ 530670.0, 409140.0 ], [ 530730.0, 409140.0 ], [ 530730.0, 409080.0 ], [ 530760.0, 409080.0 ], [ 530760.0, 409020.0 ], [ 530820.0, 409020.0 ], [ 530820.0, 408900.0 ], [ 530850.0, 408900.0 ], [ 530850.0, 408840.0 ], [ 530880.0, 408840.0 ], [ 530880.0, 408810.0 ], [ 530910.0, 408810.0 ], [ 530910.0, 408750.0 ], [ 530940.0, 408750.0 ], [ 530940.0, 408720.0 ], [ 531000.0, 408720.0 ], [ 531000.0, 408660.0 ], [ 531030.0, 408660.0 ], [ 531030.0, 408600.0 ], [ 531060.0, 408600.0 ], [ 531060.0, 408570.0 ], [ 531090.0, 408570.0 ], [ 531090.0, 408540.0 ], [ 531120.0, 408540.0 ], [ 531120.0, 408450.0 ], [ 531150.0, 408450.0 ], [ 531150.0, 408390.0 ], [ 531180.0, 408390.0 ], [ 531180.0, 408360.0 ], [ 531210.0, 408360.0 ], [ 531210.0, 408330.0 ], [ 531240.0, 408330.0 ], [ 531240.0, 408300.0 ], [ 531300.0, 408300.0 ], [ 531300.0, 408270.0 ], [ 531330.0, 408270.0 ], [ 531330.0, 408210.0 ], [ 531360.0, 408210.0 ], [ 531360.0, 408180.0 ], [ 531390.0, 408180.0 ], [ 531390.0, 408150.0 ], [ 531420.0, 408150.0 ], [ 531420.0, 408120.0 ], [ 531450.0, 408120.0 ], [ 531450.0, 408090.0 ], [ 531480.0, 408090.0 ], [ 531480.0, 408060.0 ], [ 531510.0, 408060.0 ], [ 531510.0, 408030.0 ], [ 531540.0, 408030.0 ], [ 531540.0, 408000.0 ], [ 531570.0, 408000.0 ], [ 531570.0, 408030.0 ], [ 531600.0, 408030.0 ], [ 531600.0, 408090.0 ], [ 531630.0, 408090.0 ], [ 531630.0, 408300.0 ], [ 531570.0, 408300.0 ], [ 531570.0, 408360.0 ], [ 531600.0, 408360.0 ], [ 531600.0, 408390.0 ], [ 531660.0, 408390.0 ], [ 531660.0, 408330.0 ], [ 531690.0, 408330.0 ], [ 531690.0, 408300.0 ], [ 531720.0, 408300.0 ], [ 531720.0, 408240.0 ], [ 531690.0, 408240.0 ], [ 531690.0, 408120.0 ], [ 531660.0, 408120.0 ], [ 531660.0, 408030.0 ], [ 531690.0, 408030.0 ], [ 531690.0, 408000.0 ], [ 531720.0, 408000.0 ], [ 531720.0, 408030.0 ], [ 531750.0, 408030.0 ], [ 531750.0, 408060.0 ], [ 531780.0, 408060.0 ], [ 531780.0, 408030.0 ], [ 531810.0, 408030.0 ], [ 531810.0, 408000.0 ], [ 531840.0, 408000.0 ], [ 531840.0, 407940.0 ], [ 531900.0, 407940.0 ], [ 531900.0, 407910.0 ], [ 531960.0, 407910.0 ], [ 531960.0, 407940.0 ], [ 531930.0, 407940.0 ], [ 531930.0, 407970.0 ], [ 531900.0, 407970.0 ], [ 531900.0, 408000.0 ], [ 531930.0, 408000.0 ], [ 531930.0, 408030.0 ], [ 531900.0, 408030.0 ], [ 531900.0, 408060.0 ], [ 531960.0, 408060.0 ], [ 531960.0, 408150.0 ], [ 532020.0, 408150.0 ], [ 532020.0, 408210.0 ], [ 531990.0, 408210.0 ], [ 531990.0, 408330.0 ], [ 531960.0, 408330.0 ], [ 531960.0, 408540.0 ], [ 532020.0, 408540.0 ], [ 532020.0, 408450.0 ], [ 532050.0, 408450.0 ], [ 532050.0, 408360.0 ], [ 532080.0, 408360.0 ], [ 532080.0, 408330.0 ], [ 532140.0, 408330.0 ], [ 532140.0, 408240.0 ], [ 532170.0, 408240.0 ], [ 532170.0, 408210.0 ], [ 532200.0, 408210.0 ], [ 532200.0, 408150.0 ], [ 532230.0, 408150.0 ], [ 532230.0, 408060.0 ], [ 532260.0, 408060.0 ], [ 532260.0, 407970.0 ], [ 532290.0, 407970.0 ], [ 532290.0, 407940.0 ], [ 532320.0, 407940.0 ], [ 532320.0, 407910.0 ], [ 532350.0, 407910.0 ], [ 532350.0, 407850.0 ], [ 532380.0, 407850.0 ], [ 532380.0, 407820.0 ], [ 532410.0, 407820.0 ], [ 532410.0, 407790.0 ], [ 532350.0, 407790.0 ], [ 532350.0, 407760.0 ], [ 531360.0, 407760.0 ], [ 531360.0, 407730.0 ], [ 530340.0, 407730.0 ], [ 530340.0, 407700.0 ], [ 529320.0, 407700.0 ], [ 529320.0, 407670.0 ], [ 528120.0, 407670.0 ], [ 528120.0, 407640.0 ], [ 526950.0, 407640.0 ], [ 526950.0, 407610.0 ], [ 525750.0, 407610.0 ], [ 525750.0, 407580.0 ], [ 524580.0, 407580.0 ], [ 524580.0, 407550.0 ], [ 523380.0, 407550.0 ], [ 523380.0, 407520.0 ], [ 522180.0, 407520.0 ], [ 522180.0, 407490.0 ], [ 521820.0, 407490.0 ], [ 521820.0, 407520.0 ], [ 521790.0, 407520.0 ], [ 521790.0, 407490.0 ], [ 521010.0, 407490.0 ], [ 521010.0, 407460.0 ], [ 519810.0, 407460.0 ], [ 519810.0, 407430.0 ], [ 518640.0, 407430.0 ], [ 518640.0, 407400.0 ], [ 517950.0, 407400.0 ], [ 517950.0, 407430.0 ], [ 517920.0, 407430.0 ], [ 517920.0, 407460.0 ], [ 517890.0, 407460.0 ], [ 517890.0, 407400.0 ], [ 517440.0, 407400.0 ], [ 517440.0, 407370.0 ], [ 516270.0, 407370.0 ], [ 516270.0, 407340.0 ], [ 516210.0, 407340.0 ], [ 516210.0, 407370.0 ], [ 516240.0, 407370.0 ], [ 516240.0, 407400.0 ], [ 516210.0, 407400.0 ], [ 516210.0, 407430.0 ], [ 516240.0, 407430.0 ], [ 516240.0, 407490.0 ], [ 516210.0, 407490.0 ], [ 516210.0, 407520.0 ], [ 516150.0, 407520.0 ], [ 516150.0, 407550.0 ], [ 516120.0, 407550.0 ], [ 516120.0, 407580.0 ], [ 516090.0, 407580.0 ], [ 516090.0, 407610.0 ], [ 516120.0, 407610.0 ], [ 516120.0, 407730.0 ], [ 516090.0, 407730.0 ], [ 516090.0, 407760.0 ], [ 516030.0, 407760.0 ], [ 516030.0, 407850.0 ], [ 515970.0, 407850.0 ], [ 515970.0, 407760.0 ], [ 515940.0, 407760.0 ], [ 515940.0, 407730.0 ], [ 515910.0, 407730.0 ], [ 515910.0, 407670.0 ], [ 515940.0, 407670.0 ], [ 515940.0, 407640.0 ], [ 515880.0, 407640.0 ], [ 515880.0, 407670.0 ], [ 515850.0, 407670.0 ], [ 515850.0, 407700.0 ], [ 515820.0, 407700.0 ], [ 515820.0, 407730.0 ], [ 515790.0, 407730.0 ], [ 515790.0, 407820.0 ], [ 515760.0, 407820.0 ], [ 515760.0, 407880.0 ], [ 515730.0, 407880.0 ], [ 515730.0, 408000.0 ], [ 515700.0, 408000.0 ], [ 515700.0, 407970.0 ], [ 515640.0, 407970.0 ], [ 515640.0, 408000.0 ], [ 515580.0, 408000.0 ], [ 515580.0, 407970.0 ], [ 515550.0, 407970.0 ], [ 515550.0, 407940.0 ], [ 515580.0, 407940.0 ], [ 515580.0, 407880.0 ], [ 515520.0, 407880.0 ], [ 515520.0, 407850.0 ], [ 515490.0, 407850.0 ], [ 515490.0, 407820.0 ], [ 515520.0, 407820.0 ], [ 515520.0, 407790.0 ], [ 515550.0, 407790.0 ], [ 515550.0, 407760.0 ], [ 515490.0, 407760.0 ], [ 515490.0, 407730.0 ], [ 515520.0, 407730.0 ], [ 515520.0, 407700.0 ], [ 515550.0, 407700.0 ], [ 515550.0, 407640.0 ], [ 515610.0, 407640.0 ], [ 515610.0, 407610.0 ], [ 515640.0, 407610.0 ], [ 515640.0, 407550.0 ], [ 515580.0, 407550.0 ], [ 515580.0, 407580.0 ], [ 515520.0, 407580.0 ], [ 515520.0, 407550.0 ], [ 515370.0, 407550.0 ], [ 515370.0, 407490.0 ], [ 515280.0, 407490.0 ], [ 515280.0, 407520.0 ], [ 515220.0, 407520.0 ], [ 515220.0, 407580.0 ], [ 515190.0, 407580.0 ], [ 515190.0, 407610.0 ], [ 515130.0, 407610.0 ], [ 515130.0, 407640.0 ], [ 515100.0, 407640.0 ], [ 515100.0, 407580.0 ], [ 515130.0, 407580.0 ], [ 515130.0, 407490.0 ], [ 515160.0, 407490.0 ], [ 515160.0, 407430.0 ], [ 515340.0, 407430.0 ], [ 515340.0, 407400.0 ], [ 515370.0, 407400.0 ], [ 515370.0, 407460.0 ], [ 515400.0, 407460.0 ], [ 515400.0, 407490.0 ], [ 515430.0, 407490.0 ], [ 515430.0, 407400.0 ], [ 515400.0, 407400.0 ], [ 515400.0, 407370.0 ], [ 515340.0, 407370.0 ], [ 515340.0, 407340.0 ], [ 515070.0, 407340.0 ], [ 515070.0, 407310.0 ], [ 514890.0, 407310.0 ], [ 514890.0, 407340.0 ], [ 514950.0, 407340.0 ], [ 514950.0, 407370.0 ], [ 514920.0, 407370.0 ], [ 514920.0, 407400.0 ], [ 514890.0, 407400.0 ], [ 514890.0, 407370.0 ], [ 514800.0, 407370.0 ], [ 514800.0, 407430.0 ], [ 514710.0, 407430.0 ], [ 514710.0, 407370.0 ], [ 514680.0, 407370.0 ], [ 514680.0, 407310.0 ], [ 513870.0, 407310.0 ], [ 513870.0, 407280.0 ], [ 512700.0, 407280.0 ], [ 512700.0, 407250.0 ], [ 511650.0, 407250.0 ], [ 511650.0, 407280.0 ], [ 511590.0, 407280.0 ], [ 511590.0, 407310.0 ], [ 511560.0, 407310.0 ], [ 511560.0, 407250.0 ], [ 511500.0, 407250.0 ], [ 511500.0, 407220.0 ], [ 510330.0, 407220.0 ], [ 510330.0, 407190.0 ], [ 509400.0, 407190.0 ], [ 509400.0, 407880.0 ], [ 509370.0, 407880.0 ], [ 509370.0, 409170.0 ], [ 509340.0, 409170.0 ], [ 509340.0, 410460.0 ], [ 509310.0, 410460.0 ], [ 509310.0, 411750.0 ], [ 509280.0, 411750.0 ], [ 509280.0, 413040.0 ], [ 509250.0, 413040.0 ], [ 509250.0, 414330.0 ], [ 509220.0, 414330.0 ], [ 509220.0, 415620.0 ], [ 509190.0, 415620.0 ], [ 509190.0, 416910.0 ], [ 509160.0, 416910.0 ], [ 509160.0, 418200.0 ], [ 509130.0, 418200.0 ], [ 509130.0, 419490.0 ], [ 509100.0, 419490.0 ], [ 509100.0, 420510.0 ], [ 509130.0, 420510.0 ], [ 509130.0, 420480.0 ], [ 509190.0, 420480.0 ], [ 509190.0, 420540.0 ], [ 509160.0, 420540.0 ], [ 509160.0, 420720.0 ], [ 509100.0, 420720.0 ], [ 509100.0, 420780.0 ], [ 509070.0, 420780.0 ], [ 509070.0, 422070.0 ], [ 509040.0, 422070.0 ], [ 509040.0, 423360.0 ], [ 509010.0, 423360.0 ], [ 509010.0, 424650.0 ], [ 508980.0, 424650.0 ], [ 508980.0, 424770.0 ], [ 509070.0, 424770.0 ], [ 509070.0, 424800.0 ], [ 509160.0, 424800.0 ], [ 509160.0, 424830.0 ], [ 509250.0, 424830.0 ], [ 509250.0, 424860.0 ], [ 509310.0, 424860.0 ], [ 509310.0, 424890.0 ], [ 509400.0, 424890.0 ], [ 509400.0, 424920.0 ], [ 509460.0, 424920.0 ], [ 509460.0, 424950.0 ], [ 509550.0, 424950.0 ], [ 509550.0, 424980.0 ], [ 509640.0, 424980.0 ], [ 509640.0, 425010.0 ], [ 509730.0, 425010.0 ], [ 509730.0, 425040.0 ], [ 509820.0, 425040.0 ], [ 509820.0, 425070.0 ], [ 509880.0, 425070.0 ], [ 509880.0, 425100.0 ], [ 509940.0, 425100.0 ], [ 509940.0, 425130.0 ], [ 510060.0, 425130.0 ], [ 510060.0, 425160.0 ], [ 510120.0, 425160.0 ], [ 510120.0, 425190.0 ], [ 510330.0, 425190.0 ], [ 510330.0, 425220.0 ], [ 510540.0, 425220.0 ], [ 510540.0, 425250.0 ], [ 510750.0, 425250.0 ], [ 510750.0, 425280.0 ], [ 510780.0, 425280.0 ], [ 510780.0, 425250.0 ], [ 510810.0, 425250.0 ], [ 510810.0, 425280.0 ], [ 510960.0, 425280.0 ], [ 510960.0, 425310.0 ], [ 511110.0, 425310.0 ], [ 511110.0, 425340.0 ], [ 511290.0, 425340.0 ], [ 511290.0, 425370.0 ], [ 511590.0, 425370.0 ], [ 511590.0, 425400.0 ], [ 511740.0, 425400.0 ], [ 511740.0, 425430.0 ], [ 511830.0, 425430.0 ], [ 511830.0, 425460.0 ], [ 511890.0, 425460.0 ], [ 511890.0, 425490.0 ], [ 511950.0, 425490.0 ], [ 511950.0, 425460.0 ], [ 511980.0, 425460.0 ], [ 511980.0, 425490.0 ], [ 512040.0, 425490.0 ], [ 512040.0, 425520.0 ], [ 512160.0, 425520.0 ], [ 512160.0, 425550.0 ], [ 512220.0, 425550.0 ], [ 512220.0, 425580.0 ], [ 512310.0, 425580.0 ], [ 512310.0, 425550.0 ], [ 512370.0, 425550.0 ], [ 512370.0, 425520.0 ] ] } },
{ "type": "Feature", "properties": { "Year": 2015, "Sensor": "Landsat 8 OLI" }, "geometry": { "type": "LineString", "coordinates": [ [ 513120.0, 477330.0 ], [ 513180.0, 477330.0 ], [ 513180.0, 477300.0 ], [ 513210.0, 477300.0 ], [ 513210.0, 477240.0 ], [ 513270.0, 477240.0 ], [ 513270.0, 477150.0 ], [ 513330.0, 477150.0 ], [ 513330.0, 477090.0 ], [ 513360.0, 477090.0 ], [ 513360.0, 477060.0 ], [ 513420.0, 477060.0 ], [ 513420.0, 477030.0 ], [ 513450.0, 477030.0 ], [ 513450.0, 477000.0 ], [ 513480.0, 477000.0 ], [ 513480.0, 476970.0 ], [ 513510.0, 476970.0 ], [ 513510.0, 476940.0 ], [ 513540.0, 476940.0 ], [ 513540.0, 476910.0 ], [ 513570.0, 476910.0 ], [ 513570.0, 476880.0 ], [ 513600.0, 476880.0 ], [ 513600.0, 476850.0 ], [ 513630.0, 476850.0 ], [ 513630.0, 476820.0 ], [ 513750.0, 476820.0 ], [ 513750.0, 476790.0 ], [ 513720.0, 476790.0 ], [ 513720.0, 476760.0 ], [ 513780.0, 476760.0 ], [ 513780.0, 476730.0 ], [ 513870.0, 476730.0 ], [ 513870.0, 476700.0 ], [ 513900.0, 476700.0 ], [ 513900.0, 476670.0 ], [ 513870.0, 476670.0 ], [ 513870.0, 476640.0 ], [ 513900.0, 476640.0 ], [ 513900.0, 476610.0 ], [ 513930.0, 476610.0 ], [ 513930.0, 476580.0 ], [ 513960.0, 476580.0 ], [ 513960.0, 476550.0 ], [ 513990.0, 476550.0 ], [ 513990.0, 476520.0 ], [ 514020.0, 476520.0 ], [ 514020.0, 476490.0 ], [ 514050.0, 476490.0 ], [ 514050.0, 476430.0 ], [ 514170.0, 476430.0 ], [ 514170.0, 476370.0 ], [ 514200.0, 476370.0 ], [ 514200.0, 476340.0 ], [ 514230.0, 476340.0 ], [ 514230.0, 476280.0 ], [ 514290.0, 476280.0 ], [ 514290.0, 476250.0 ], [ 514260.0, 476250.0 ], [ 514260.0, 476220.0 ], [ 514350.0, 476220.0 ], [ 514350.0, 476190.0 ], [ 514380.0, 476190.0 ], [ 514380.0, 476160.0 ], [ 514410.0, 476160.0 ], [ 514410.0, 476130.0 ], [ 514440.0, 476130.0 ], [ 514440.0, 476100.0 ], [ 514500.0, 476100.0 ], [ 514500.0, 476070.0 ], [ 514530.0, 476070.0 ], [ 514530.0, 476040.0 ], [ 514620.0, 476040.0 ], [ 514620.0, 475980.0 ], [ 514650.0, 475980.0 ], [ 514650.0, 475950.0 ], [ 514680.0, 475950.0 ], [ 514680.0, 475920.0 ], [ 514770.0, 475920.0 ], [ 514770.0, 475860.0 ], [ 514830.0, 475860.0 ], [ 514830.0, 475830.0 ], [ 514860.0, 475830.0 ], [ 514860.0, 475800.0 ], [ 514890.0, 475800.0 ], [ 514890.0, 475740.0 ], [ 514950.0, 475740.0 ], [ 514950.0, 475710.0 ], [ 514980.0, 475710.0 ], [ 514980.0, 475680.0 ], [ 515040.0, 475680.0 ], [ 515040.0, 475650.0 ], [ 515100.0, 475650.0 ], [ 515100.0, 475620.0 ], [ 515160.0, 475620.0 ], [ 515160.0, 475590.0 ], [ 515220.0, 475590.0 ], [ 515220.0, 475560.0 ], [ 515310.0, 475560.0 ], [ 515310.0, 475500.0 ], [ 515370.0, 475500.0 ], [ 515370.0, 475440.0 ], [ 515400.0, 475440.0 ], [ 515400.0, 475470.0 ], [ 515460.0, 475470.0 ], [ 515460.0, 475440.0 ], [ 515490.0, 475440.0 ], [ 515490.0, 475410.0 ], [ 515550.0, 475410.0 ], [ 515550.0, 475380.0 ], [ 515580.0, 475380.0 ], [ 515580.0, 475350.0 ], [ 515700.0, 475350.0 ], [ 515700.0, 475320.0 ], [ 515640.0, 475320.0 ], [ 515640.0, 475290.0 ], [ 515760.0, 475290.0 ], [ 515760.0, 475260.0 ], [ 515790.0, 475260.0 ], [ 515790.0, 475290.0 ], [ 515880.0, 475290.0 ], [ 515880.0, 475260.0 ], [ 515850.0, 475260.0 ], [ 515850.0, 475230.0 ], [ 515970.0, 475230.0 ], [ 515970.0, 475200.0 ], [ 516090.0, 475200.0 ], [ 516090.0, 475170.0 ], [ 516150.0, 475170.0 ], [ 516150.0, 475140.0 ], [ 516120.0, 475140.0 ], [ 516120.0, 475110.0 ], [ 516030.0, 475110.0 ], [ 516030.0, 475080.0 ], [ 516000.0, 475080.0 ], [ 516000.0, 475050.0 ], [ 516150.0, 475050.0 ], [ 516150.0, 475080.0 ], [ 516180.0, 475080.0 ], [ 516180.0, 475110.0 ], [ 516270.0, 475110.0 ], [ 516270.0, 475080.0 ], [ 516300.0, 475080.0 ], [ 516300.0, 475050.0 ], [ 516270.0, 475050.0 ], [ 516270.0, 474990.0 ], [ 516450.0, 474990.0 ], [ 516450.0, 474960.0 ], [ 516600.0, 474960.0 ], [ 516600.0, 474930.0 ], [ 516690.0, 474930.0 ], [ 516690.0, 474960.0 ], [ 516810.0, 474960.0 ], [ 516810.0, 474930.0 ], [ 516720.0, 474930.0 ], [ 516720.0, 474900.0 ], [ 516810.0, 474900.0 ], [ 516810.0, 474870.0 ], [ 516840.0, 474870.0 ], [ 516840.0, 474900.0 ], [ 516960.0, 474900.0 ], [ 516960.0, 474870.0 ], [ 517050.0, 474870.0 ], [ 517050.0, 474900.0 ], [ 517110.0, 474900.0 ], [ 517110.0, 474870.0 ], [ 517380.0, 474870.0 ], [ 517380.0, 474840.0 ], [ 517470.0, 474840.0 ], [ 517470.0, 474870.0 ], [ 517530.0, 474870.0 ], [ 517530.0, 474840.0 ], [ 517590.0, 474840.0 ], [ 517590.0, 474810.0 ], [ 517680.0, 474810.0 ], [ 517680.0, 474780.0 ], [ 517770.0, 474780.0 ], [ 517770.0, 474810.0 ], [ 517800.0, 474810.0 ], [ 517800.0, 474780.0 ], [ 517920.0, 474780.0 ], [ 517920.0, 474750.0 ], [ 518040.0, 474750.0 ], [ 518040.0, 474720.0 ], [ 518070.0, 474720.0 ], [ 518070.0, 474750.0 ], [ 518100.0, 474750.0 ], [ 518100.0, 474720.0 ], [ 518190.0, 474720.0 ], [ 518190.0, 474690.0 ], [ 518220.0, 474690.0 ], [ 518220.0, 474720.0 ], [ 518310.0, 474720.0 ], [ 518310.0, 474660.0 ], [ 518340.0, 474660.0 ], [ 518340.0, 474690.0 ], [ 518370.0, 474690.0 ], [ 518370.0, 474660.0 ], [ 518430.0, 474660.0 ], [ 518430.0, 474630.0 ], [ 518550.0, 474630.0 ], [ 518550.0, 474600.0 ], [ 518700.0, 474600.0 ], [ 518700.0, 474570.0 ], [ 518880.0, 474570.0 ], [ 518880.0, 474540.0 ], [ 518940.0, 474540.0 ], [ 518940.0, 474510.0 ], [ 518970.0, 474510.0 ], [ 518970.0, 474480.0 ], [ 519090.0, 474480.0 ], [ 519090.0, 474450.0 ], [ 519300.0, 474450.0 ], [ 519300.0, 474420.0 ], [ 519390.0, 474420.0 ], [ 519390.0, 474390.0 ], [ 519450.0, 474390.0 ], [ 519450.0, 474360.0 ], [ 519510.0, 474360.0 ], [ 519510.0, 474330.0 ], [ 519600.0, 474330.0 ], [ 519600.0, 474300.0 ], [ 519660.0, 474300.0 ], [ 519660.0, 474270.0 ], [ 519690.0, 474270.0 ], [ 519690.0, 474210.0 ], [ 519750.0, 474210.0 ], [ 519750.0, 474180.0 ], [ 519840.0, 474180.0 ], [ 519840.0, 474150.0 ], [ 519900.0, 474150.0 ], [ 519900.0, 474120.0 ], [ 519930.0, 474120.0 ], [ 519930.0, 474090.0 ], [ 519960.0, 474090.0 ], [ 519960.0, 474060.0 ], [ 520050.0, 474060.0 ], [ 520050.0, 473970.0 ], [ 520080.0, 473970.0 ], [ 520080.0, 473940.0 ], [ 520110.0, 473940.0 ], [ 520110.0, 473850.0 ], [ 520170.0, 473850.0 ], [ 520170.0, 473820.0 ], [ 520260.0, 473820.0 ], [ 520260.0, 473790.0 ], [ 520320.0, 473790.0 ], [ 520320.0, 473760.0 ], [ 520410.0, 473760.0 ], [ 520410.0, 473790.0 ], [ 520440.0, 473790.0 ], [ 520440.0, 473760.0 ], [ 520470.0, 473760.0 ], [ 520470.0, 473670.0 ], [ 520500.0, 473670.0 ], [ 520500.0, 473610.0 ], [ 520680.0, 473610.0 ], [ 520680.0, 473580.0 ], [ 520860.0, 473580.0 ], [ 520860.0, 473550.0 ], [ 520890.0, 473550.0 ], [ 520890.0, 473520.0 ], [ 520920.0, 473520.0 ], [ 520920.0, 473550.0 ], [ 520980.0, 473550.0 ], [ 520980.0, 473520.0 ], [ 521070.0, 473520.0 ], [ 521070.0, 473490.0 ], [ 521100.0, 473490.0 ], [ 521100.0, 473460.0 ], [ 521130.0, 473460.0 ], [ 521130.0, 473430.0 ], [ 521190.0, 473430.0 ], [ 521190.0, 473370.0 ], [ 521220.0, 473370.0 ], [ 521220.0, 473310.0 ], [ 521310.0, 473310.0 ], [ 521310.0, 473280.0 ], [ 521340.0, 473280.0 ], [ 521340.0, 473250.0 ], [ 521370.0, 473250.0 ], [ 521370.0, 473220.0 ], [ 521430.0, 473220.0 ], [ 521430.0, 473190.0 ], [ 521460.0, 473190.0 ], [ 521460.0, 473160.0 ], [ 521550.0, 473160.0 ], [ 521550.0, 473100.0 ], [ 521640.0, 473100.0 ], [ 521640.0, 473070.0 ], [ 521670.0, 473070.0 ], [ 521670.0, 473040.0 ], [ 521700.0, 473040.0 ], [ 521700.0, 473010.0 ], [ 521760.0, 473010.0 ], [ 521760.0, 472950.0 ], [ 521820.0, 472950.0 ], [ 521820.0, 472890.0 ], [ 521910.0, 472890.0 ], [ 521910.0, 472860.0 ], [ 521940.0, 472860.0 ], [ 521940.0, 472830.0 ], [ 521970.0, 472830.0 ], [ 521970.0, 472800.0 ], [ 522000.0, 472800.0 ], [ 522000.0, 472770.0 ], [ 522030.0, 472770.0 ], [ 522030.0, 472800.0 ], [ 522090.0, 472800.0 ], [ 522090.0, 472770.0 ], [ 522180.0, 472770.0 ], [ 522180.0, 472740.0 ], [ 522210.0, 472740.0 ], [ 522210.0, 472710.0 ], [ 522270.0, 472710.0 ], [ 522270.0, 472680.0 ], [ 522330.0, 472680.0 ], [ 522330.0, 472650.0 ], [ 522420.0, 472650.0 ], [ 522420.0, 472620.0 ], [ 522510.0, 472620.0 ], [ 522510.0, 472590.0 ], [ 522570.0, 472590.0 ], [ 522570.0, 472560.0 ], [ 522600.0, 472560.0 ], [ 522600.0, 472530.0 ], [ 522660.0, 472530.0 ], [ 522660.0, 472560.0 ], [ 522750.0, 472560.0 ], [ 522750.0, 472530.0 ], [ 522780.0, 472530.0 ], [ 522780.0, 472500.0 ], [ 522810.0, 472500.0 ], [ 522810.0, 472440.0 ], [ 522870.0, 472440.0 ], [ 522870.0, 472410.0 ], [ 522900.0, 472410.0 ], [ 522900.0, 472440.0 ], [ 522990.0, 472440.0 ], [ 522990.0, 472470.0 ], [ 523020.0, 472470.0 ], [ 523020.0, 472440.0 ], [ 523050.0, 472440.0 ], [ 523050.0, 472380.0 ], [ 523080.0, 472380.0 ], [ 523080.0, 472410.0 ], [ 523110.0, 472410.0 ], [ 523110.0, 472440.0 ], [ 523140.0, 472440.0 ], [ 523140.0, 472410.0 ], [ 523170.0, 472410.0 ], [ 523170.0, 472440.0 ], [ 523230.0, 472440.0 ], [ 523230.0, 472470.0 ], [ 523290.0, 472470.0 ], [ 523290.0, 472380.0 ], [ 523320.0, 472380.0 ], [ 523320.0, 472320.0 ], [ 523350.0, 472320.0 ], [ 523350.0, 472290.0 ], [ 523380.0, 472290.0 ], [ 523380.0, 472260.0 ], [ 523410.0, 472260.0 ], [ 523410.0, 472230.0 ], [ 523440.0, 472230.0 ], [ 523440.0, 472320.0 ], [ 523470.0, 472320.0 ], [ 523470.0, 472350.0 ], [ 523530.0, 472350.0 ], [ 523530.0, 472380.0 ], [ 523710.0, 472380.0 ], [ 523710.0, 472350.0 ], [ 523770.0, 472350.0 ], [ 523770.0, 472290.0 ], [ 523800.0, 472290.0 ], [ 523800.0, 472170.0 ], [ 523830.0, 472170.0 ], [ 523830.0, 472110.0 ], [ 523860.0, 472110.0 ], [ 523860.0, 472080.0 ], [ 523920.0, 472080.0 ], [ 523920.0, 472140.0 ], [ 523950.0, 472140.0 ], [ 523950.0, 472260.0 ], [ 524100.0, 472260.0 ], [ 524100.0, 472230.0 ], [ 524070.0, 472230.0 ], [ 524070.0, 472200.0 ], [ 524130.0, 472200.0 ], [ 524130.0, 472170.0 ], [ 524160.0, 472170.0 ], [ 524160.0, 472140.0 ], [ 524250.0, 472140.0 ], [ 524250.0, 472080.0 ], [ 524340.0, 472080.0 ], [ 524340.0, 472050.0 ], [ 524370.0, 472050.0 ], [ 524370.0, 472020.0 ], [ 524400.0, 472020.0 ], [ 524400.0, 471990.0 ], [ 524460.0, 471990.0 ], [ 524460.0, 471960.0 ], [ 524490.0, 471960.0 ], [ 524490.0, 471930.0 ], [ 524520.0, 471930.0 ], [ 524520.0, 471840.0 ], [ 524550.0, 471840.0 ], [ 524550.0, 471870.0 ], [ 524580.0, 471870.0 ], [ 524580.0, 471900.0 ], [ 524610.0, 471900.0 ], [ 524610.0, 471930.0 ], [ 524640.0, 471930.0 ], [ 524640.0, 471960.0 ], [ 524670.0, 471960.0 ], [ 524670.0, 471930.0 ], [ 524700.0, 471930.0 ], [ 524700.0, 471870.0 ], [ 524670.0, 471870.0 ], [ 524670.0, 471810.0 ], [ 524700.0, 471810.0 ], [ 524700.0, 471780.0 ], [ 524670.0, 471780.0 ], [ 524670.0, 471720.0 ], [ 524700.0, 471720.0 ], [ 524700.0, 471690.0 ], [ 524730.0, 471690.0 ], [ 524730.0, 471660.0 ], [ 524760.0, 471660.0 ], [ 524760.0, 471630.0 ], [ 524850.0, 471630.0 ], [ 524850.0, 471570.0 ], [ 524910.0, 471570.0 ], [ 524910.0, 471540.0 ], [ 525120.0, 471540.0 ], [ 525120.0, 471510.0 ], [ 525090.0, 471510.0 ], [ 525090.0, 471480.0 ], [ 525120.0, 471480.0 ], [ 525120.0, 471450.0 ], [ 525090.0, 471450.0 ], [ 525090.0, 471420.0 ], [ 525150.0, 471420.0 ], [ 525150.0, 471450.0 ], [ 525210.0, 471450.0 ], [ 525210.0, 471420.0 ], [ 525270.0, 471420.0 ], [ 525270.0, 471390.0 ], [ 525300.0, 471390.0 ], [ 525300.0, 471360.0 ], [ 525360.0, 471360.0 ], [ 525360.0, 471330.0 ], [ 525390.0, 471330.0 ], [ 525390.0, 471150.0 ], [ 525450.0, 471150.0 ], [ 525450.0, 471120.0 ], [ 525420.0, 471120.0 ], [ 525420.0, 470970.0 ], [ 525480.0, 470970.0 ], [ 525480.0, 470910.0 ], [ 525450.0, 470910.0 ], [ 525450.0, 470850.0 ], [ 525480.0, 470850.0 ], [ 525480.0, 470760.0 ], [ 525510.0, 470760.0 ], [ 525510.0, 470790.0 ], [ 525690.0, 470790.0 ], [ 525690.0, 470760.0 ], [ 525810.0, 470760.0 ], [ 525810.0, 470670.0 ], [ 525840.0, 470670.0 ], [ 525840.0, 470520.0 ], [ 525810.0, 470520.0 ], [ 525810.0, 470460.0 ], [ 525840.0, 470460.0 ], [ 525840.0, 470340.0 ], [ 525870.0, 470340.0 ], [ 525870.0, 470310.0 ], [ 525810.0, 470310.0 ], [ 525810.0, 470280.0 ], [ 525840.0, 470280.0 ], [ 525840.0, 470220.0 ], [ 525810.0, 470220.0 ], [ 525810.0, 470190.0 ], [ 525780.0, 470190.0 ], [ 525780.0, 470130.0 ], [ 525750.0, 470130.0 ], [ 525750.0, 470100.0 ], [ 525720.0, 470100.0 ], [ 525720.0, 470070.0 ], [ 525600.0, 470070.0 ], [ 525600.0, 470010.0 ], [ 525570.0, 470010.0 ], [ 525570.0, 469980.0 ], [ 525540.0, 469980.0 ], [ 525540.0, 469950.0 ], [ 525420.0, 469950.0 ], [ 525420.0, 469920.0 ], [ 525360.0, 469920.0 ], [ 525360.0, 469890.0 ], [ 525300.0, 469890.0 ], [ 525300.0, 469830.0 ], [ 525240.0, 469830.0 ], [ 525240.0, 469800.0 ], [ 525180.0, 469800.0 ], [ 525180.0, 469770.0 ], [ 525120.0, 469770.0 ], [ 525120.0, 469740.0 ], [ 525090.0, 469740.0 ], [ 525090.0, 469710.0 ], [ 524970.0, 469710.0 ], [ 524970.0, 469680.0 ], [ 524940.0, 469680.0 ], [ 524940.0, 469650.0 ], [ 524910.0, 469650.0 ], [ 524910.0, 469620.0 ], [ 524880.0, 469620.0 ], [ 524880.0, 469560.0 ], [ 524850.0, 469560.0 ], [ 524850.0, 469590.0 ], [ 524820.0, 469590.0 ], [ 524820.0, 469560.0 ], [ 524790.0, 469560.0 ], [ 524790.0, 469530.0 ], [ 524730.0, 469530.0 ], [ 524730.0, 469500.0 ], [ 524640.0, 469500.0 ], [ 524640.0, 469470.0 ], [ 524490.0, 469470.0 ], [ 524490.0, 469440.0 ], [ 524460.0, 469440.0 ], [ 524460.0, 469380.0 ], [ 524280.0, 469380.0 ], [ 524280.0, 469350.0 ], [ 524250.0, 469350.0 ], [ 524250.0, 469320.0 ], [ 524160.0, 469320.0 ], [ 524160.0, 469260.0 ], [ 524130.0, 469260.0 ], [ 524130.0, 469230.0 ], [ 524070.0, 469230.0 ], [ 524070.0, 469200.0 ], [ 524040.0, 469200.0 ], [ 524040.0, 469170.0 ], [ 523950.0, 469170.0 ], [ 523950.0, 469200.0 ], [ 523920.0, 469200.0 ], [ 523920.0, 469170.0 ], [ 523890.0, 469170.0 ], [ 523890.0, 469200.0 ], [ 523830.0, 469200.0 ], [ 523830.0, 469170.0 ], [ 523800.0, 469170.0 ], [ 523800.0, 469140.0 ], [ 523710.0, 469140.0 ], [ 523710.0, 469110.0 ], [ 523650.0, 469110.0 ], [ 523650.0, 469140.0 ], [ 523620.0, 469140.0 ], [ 523620.0, 469080.0 ], [ 523590.0, 469080.0 ], [ 523590.0, 469110.0 ], [ 523560.0, 469110.0 ], [ 523560.0, 469080.0 ], [ 523500.0, 469080.0 ], [ 523500.0, 469110.0 ], [ 523350.0, 469110.0 ], [ 523350.0, 469140.0 ], [ 523320.0, 469140.0 ], [ 523320.0, 469170.0 ], [ 523290.0, 469170.0 ], [ 523290.0, 469200.0 ], [ 523260.0, 469200.0 ], [ 523260.0, 469260.0 ], [ 523200.0, 469260.0 ], [ 523200.0, 469230.0 ], [ 523110.0, 469230.0 ], [ 523110.0, 469200.0 ], [ 523050.0, 469200.0 ], [ 523050.0, 469170.0 ], [ 523020.0, 469170.0 ], [ 523020.0, 469140.0 ], [ 522990.0, 469140.0 ], [ 522990.0, 469110.0 ], [ 522930.0, 469110.0 ], [ 522930.0, 469140.0 ], [ 522900.0, 469140.0 ], [ 522900.0, 469110.0 ], [ 522870.0, 469110.0 ], [ 522870.0, 469140.0 ], [ 522780.0, 469140.0 ], [ 522780.0, 469110.0 ], [ 522660.0, 469110.0 ], [ 522660.0, 469140.0 ], [ 522600.0, 469140.0 ], [ 522600.0, 469110.0 ], [ 522570.0, 469110.0 ], [ 522570.0, 469140.0 ], [ 522450.0, 469140.0 ], [ 522450.0, 469170.0 ], [ 522330.0, 469170.0 ], [ 522330.0, 469200.0 ], [ 522270.0, 469200.0 ], [ 522270.0, 469170.0 ], [ 522300.0, 469170.0 ], [ 522300.0, 469140.0 ], [ 522150.0, 469140.0 ], [ 522150.0, 469170.0 ], [ 522000.0, 469170.0 ], [ 522000.0, 469200.0 ], [ 521970.0, 469200.0 ], [ 521970.0, 469170.0 ], [ 521910.0, 469170.0 ], [ 521910.0, 469110.0 ], [ 521880.0, 469110.0 ], [ 521880.0, 469140.0 ], [ 521820.0, 469140.0 ], [ 521820.0, 469170.0 ], [ 521580.0, 469170.0 ], [ 521580.0, 469140.0 ], [ 521520.0, 469140.0 ], [ 521520.0, 469110.0 ], [ 521490.0, 469110.0 ], [ 521490.0, 469080.0 ], [ 521460.0, 469080.0 ], [ 521460.0, 469050.0 ], [ 521430.0, 469050.0 ], [ 521430.0, 469020.0 ], [ 521400.0, 469020.0 ], [ 521400.0, 468990.0 ], [ 521250.0, 468990.0 ], [ 521250.0, 468960.0 ], [ 521070.0, 468960.0 ], [ 521070.0, 468900.0 ], [ 521010.0, 468900.0 ], [ 521010.0, 468870.0 ], [ 520950.0, 468870.0 ], [ 520950.0, 468840.0 ], [ 520890.0, 468840.0 ], [ 520890.0, 468810.0 ], [ 520680.0, 468810.0 ], [ 520680.0, 468780.0 ], [ 520650.0, 468780.0 ], [ 520650.0, 468750.0 ], [ 520620.0, 468750.0 ], [ 520620.0, 468720.0 ], [ 520500.0, 468720.0 ], [ 520500.0, 468690.0 ], [ 520350.0, 468690.0 ], [ 520350.0, 468660.0 ], [ 520200.0, 468660.0 ], [ 520200.0, 468630.0 ], [ 520170.0, 468630.0 ], [ 520170.0, 468600.0 ], [ 520080.0, 468600.0 ], [ 520080.0, 468570.0 ], [ 520020.0, 468570.0 ], [ 520020.0, 468540.0 ], [ 519960.0, 468540.0 ], [ 519960.0, 468510.0 ], [ 519930.0, 468510.0 ], [ 519930.0, 468480.0 ], [ 519870.0, 468480.0 ], [ 519870.0, 468420.0 ], [ 519840.0, 468420.0 ], [ 519840.0, 468390.0 ], [ 519810.0, 468390.0 ], [ 519810.0, 468330.0 ], [ 519780.0, 468330.0 ], [ 519780.0, 468300.0 ], [ 519750.0, 468300.0 ], [ 519750.0, 468270.0 ], [ 519720.0, 468270.0 ], [ 519720.0, 468240.0 ], [ 519690.0, 468240.0 ], [ 519690.0, 468210.0 ], [ 519660.0, 468210.0 ], [ 519660.0, 468180.0 ], [ 519630.0, 468180.0 ], [ 519630.0, 468150.0 ], [ 519600.0, 468150.0 ], [ 519600.0, 468090.0 ], [ 519570.0, 468090.0 ], [ 519570.0, 468060.0 ], [ 519540.0, 468060.0 ], [ 519540.0, 468030.0 ], [ 519510.0, 468030.0 ], [ 519510.0, 467970.0 ], [ 519480.0, 467970.0 ], [ 519480.0, 467910.0 ], [ 519450.0, 467910.0 ], [ 519450.0, 467880.0 ], [ 519420.0, 467880.0 ], [ 519420.0, 467850.0 ], [ 519390.0, 467850.0 ], [ 519390.0, 467790.0 ], [ 519360.0, 467790.0 ], [ 519360.0, 467760.0 ], [ 519330.0, 467760.0 ], [ 519330.0, 467700.0 ], [ 519300.0, 467700.0 ], [ 519300.0, 467670.0 ], [ 519270.0, 467670.0 ], [ 519270.0, 467610.0 ], [ 519240.0, 467610.0 ], [ 519240.0, 467580.0 ], [ 519210.0, 467580.0 ], [ 519210.0, 467490.0 ], [ 519180.0, 467490.0 ], [ 519180.0, 467460.0 ], [ 519150.0, 467460.0 ], [ 519150.0, 467400.0 ], [ 519120.0, 467400.0 ], [ 519120.0, 467370.0 ], [ 519090.0, 467370.0 ], [ 519090.0, 467340.0 ], [ 519060.0, 467340.0 ], [ 519060.0, 467310.0 ], [ 519030.0, 467310.0 ], [ 519030.0, 467220.0 ], [ 519000.0, 467220.0 ], [ 519000.0, 467190.0 ], [ 518970.0, 467190.0 ], [ 518970.0, 467100.0 ], [ 518940.0, 467100.0 ], [ 518940.0, 467040.0 ], [ 518910.0, 467040.0 ], [ 518910.0, 467010.0 ], [ 518880.0, 467010.0 ], [ 518880.0, 466950.0 ], [ 518850.0, 466950.0 ], [ 518850.0, 466920.0 ], [ 518820.0, 466920.0 ], [ 518820.0, 466830.0 ], [ 518760.0, 466830.0 ], [ 518760.0, 466800.0 ], [ 518730.0, 466800.0 ], [ 518730.0, 466710.0 ], [ 518700.0, 466710.0 ], [ 518700.0, 466590.0 ], [ 518670.0, 466590.0 ], [ 518670.0, 466560.0 ], [ 518610.0, 466560.0 ], [ 518610.0, 466530.0 ], [ 518490.0, 466530.0 ], [ 518490.0, 466560.0 ], [ 518430.0, 466560.0 ], [ 518430.0, 466530.0 ], [ 518400.0, 466530.0 ], [ 518400.0, 466500.0 ], [ 518370.0, 466500.0 ], [ 518370.0, 466530.0 ], [ 518340.0, 466530.0 ], [ 518340.0, 466500.0 ], [ 518310.0, 466500.0 ], [ 518310.0, 466470.0 ], [ 518280.0, 466470.0 ], [ 518280.0, 466440.0 ], [ 518220.0, 466440.0 ], [ 518220.0, 466410.0 ], [ 518190.0, 466410.0 ], [ 518190.0, 466380.0 ], [ 518160.0, 466380.0 ], [ 518160.0, 466350.0 ], [ 518130.0, 466350.0 ], [ 518130.0, 466380.0 ], [ 518100.0, 466380.0 ], [ 518100.0, 466350.0 ], [ 518040.0, 466350.0 ], [ 518040.0, 466230.0 ], [ 518070.0, 466230.0 ], [ 518070.0, 466200.0 ], [ 518040.0, 466200.0 ], [ 518040.0, 466170.0 ], [ 518070.0, 466170.0 ], [ 518070.0, 466140.0 ], [ 518040.0, 466140.0 ], [ 518040.0, 466110.0 ], [ 518010.0, 466110.0 ], [ 518010.0, 466050.0 ], [ 517980.0, 466050.0 ], [ 517980.0, 465990.0 ], [ 517950.0, 465990.0 ], [ 517950.0, 465930.0 ], [ 517920.0, 465930.0 ], [ 517920.0, 465900.0 ], [ 517890.0, 465900.0 ], [ 517890.0, 465810.0 ], [ 517860.0, 465810.0 ], [ 517860.0, 465660.0 ], [ 517890.0, 465660.0 ], [ 517890.0, 465630.0 ], [ 517830.0, 465630.0 ], [ 517830.0, 465690.0 ], [ 517800.0, 465690.0 ], [ 517800.0, 465630.0 ], [ 517770.0, 465630.0 ], [ 517770.0, 465570.0 ], [ 517740.0, 465570.0 ], [ 517740.0, 465510.0 ], [ 517710.0, 465510.0 ], [ 517710.0, 465450.0 ], [ 517680.0, 465450.0 ], [ 517680.0, 465360.0 ], [ 517650.0, 465360.0 ], [ 517650.0, 465330.0 ], [ 517620.0, 465330.0 ], [ 517620.0, 465240.0 ], [ 517590.0, 465240.0 ], [ 517590.0, 465210.0 ], [ 517560.0, 465210.0 ], [ 517560.0, 465180.0 ], [ 517530.0, 465180.0 ], [ 517530.0, 465120.0 ], [ 517500.0, 465120.0 ], [ 517500.0, 465030.0 ], [ 517470.0, 465030.0 ], [ 517470.0, 464940.0 ], [ 517440.0, 464940.0 ], [ 517440.0, 464850.0 ], [ 517410.0, 464850.0 ], [ 517410.0, 464790.0 ], [ 517380.0, 464790.0 ], [ 517380.0, 464760.0 ], [ 517410.0, 464760.0 ], [ 517410.0, 464700.0 ], [ 517380.0, 464700.0 ], [ 517380.0, 464670.0 ], [ 517350.0, 464670.0 ], [ 517350.0, 464640.0 ], [ 517320.0, 464640.0 ], [ 517320.0, 464580.0 ], [ 517290.0, 464580.0 ], [ 517290.0, 464490.0 ], [ 517260.0, 464490.0 ], [ 517260.0, 464340.0 ], [ 517230.0, 464340.0 ], [ 517230.0, 464220.0 ], [ 517200.0, 464220.0 ], [ 517200.0, 464130.0 ], [ 517260.0, 464130.0 ], [ 517260.0, 464070.0 ], [ 517230.0, 464070.0 ], [ 517230.0, 464010.0 ], [ 517200.0, 464010.0 ], [ 517200.0, 463950.0 ], [ 517170.0, 463950.0 ], [ 517170.0, 463890.0 ], [ 517140.0, 463890.0 ], [ 517140.0, 463770.0 ], [ 517110.0, 463770.0 ], [ 517110.0, 463680.0 ], [ 517140.0, 463680.0 ], [ 517140.0, 463650.0 ], [ 517110.0, 463650.0 ], [ 517110.0, 463320.0 ], [ 517080.0, 463320.0 ], [ 517080.0, 463260.0 ], [ 517110.0, 463260.0 ], [ 517110.0, 463200.0 ], [ 517050.0, 463200.0 ], [ 517050.0, 463170.0 ], [ 517110.0, 463170.0 ], [ 517110.0, 463020.0 ], [ 517050.0, 463020.0 ], [ 517050.0, 462900.0 ], [ 517020.0, 462900.0 ], [ 517020.0, 462840.0 ], [ 517050.0, 462840.0 ], [ 517050.0, 462810.0 ], [ 517020.0, 462810.0 ], [ 517020.0, 462750.0 ], [ 517050.0, 462750.0 ], [ 517050.0, 462720.0 ], [ 517020.0, 462720.0 ], [ 517020.0, 462570.0 ], [ 516990.0, 462570.0 ], [ 516990.0, 462480.0 ], [ 517020.0, 462480.0 ], [ 517020.0, 462390.0 ], [ 516990.0, 462390.0 ], [ 516990.0, 462210.0 ], [ 516960.0, 462210.0 ], [ 516960.0, 462180.0 ], [ 516990.0, 462180.0 ], [ 516990.0, 462150.0 ], [ 516960.0, 462150.0 ], [ 516960.0, 462090.0 ], [ 516990.0, 462090.0 ], [ 516990.0, 461970.0 ], [ 517020.0, 461970.0 ], [ 517020.0, 461940.0 ], [ 516990.0, 461940.0 ], [ 516990.0, 461880.0 ], [ 516960.0, 461880.0 ], [ 516960.0, 461820.0 ], [ 516930.0, 461820.0 ], [ 516930.0, 461550.0 ], [ 516960.0, 461550.0 ], [ 516960.0, 461490.0 ], [ 516930.0, 461490.0 ], [ 516930.0, 460710.0 ], [ 516960.0, 460710.0 ], [ 516960.0, 460650.0 ], [ 516930.0, 460650.0 ], [ 516930.0, 460620.0 ], [ 516960.0, 460620.0 ], [ 516960.0, 460590.0 ], [ 516930.0, 460590.0 ], [ 516930.0, 460560.0 ], [ 516960.0, 460560.0 ], [ 516960.0, 460290.0 ], [ 516990.0, 460290.0 ], [ 516990.0, 460230.0 ], [ 516960.0, 460230.0 ], [ 516960.0, 460020.0 ], [ 516990.0, 460020.0 ], [ 516990.0, 459870.0 ], [ 517020.0, 459870.0 ], [ 517020.0, 459600.0 ], [ 517050.0, 459600.0 ], [ 517050.0, 459480.0 ], [ 517080.0, 459480.0 ], [ 517080.0, 459420.0 ], [ 517110.0, 459420.0 ], [ 517110.0, 459330.0 ], [ 517080.0, 459330.0 ], [ 517080.0, 459270.0 ], [ 517050.0, 459270.0 ], [ 517050.0, 459240.0 ], [ 517080.0, 459240.0 ], [ 517080.0, 459090.0 ], [ 517110.0, 459090.0 ], [ 517110.0, 459000.0 ], [ 517140.0, 459000.0 ], [ 517140.0, 458850.0 ], [ 517170.0, 458850.0 ], [ 517170.0, 458730.0 ], [ 517200.0, 458730.0 ], [ 517200.0, 458520.0 ], [ 517170.0, 458520.0 ], [ 517170.0, 458460.0 ], [ 517200.0, 458460.0 ], [ 517200.0, 458220.0 ], [ 517230.0, 458220.0 ], [ 517230.0, 458130.0 ], [ 517260.0, 458130.0 ], [ 517260.0, 458160.0 ], [ 517290.0, 458160.0 ], [ 517290.0, 458040.0 ], [ 517320.0, 458040.0 ], [ 517320.0, 457920.0 ], [ 517350.0, 457920.0 ], [ 517350.0, 457860.0 ], [ 517320.0, 457860.0 ], [ 517320.0, 457830.0 ], [ 517350.0, 457830.0 ], [ 517350.0, 457740.0 ], [ 517380.0, 457740.0 ], [ 517380.0, 457680.0 ], [ 517410.0, 457680.0 ], [ 517410.0, 457650.0 ], [ 517380.0, 457650.0 ], [ 517380.0, 457620.0 ], [ 517410.0, 457620.0 ], [ 517410.0, 457500.0 ], [ 517440.0, 457500.0 ], [ 517440.0, 457410.0 ], [ 517470.0, 457410.0 ], [ 517470.0, 457320.0 ], [ 517500.0, 457320.0 ], [ 517500.0, 457290.0 ], [ 517530.0, 457290.0 ], [ 517530.0, 457260.0 ], [ 517500.0, 457260.0 ], [ 517500.0, 457230.0 ], [ 517530.0, 457230.0 ], [ 517530.0, 457200.0 ], [ 517560.0, 457200.0 ], [ 517560.0, 457170.0 ], [ 517530.0, 457170.0 ], [ 517530.0, 457110.0 ], [ 517560.0, 457110.0 ], [ 517560.0, 456990.0 ], [ 517590.0, 456990.0 ], [ 517590.0, 456900.0 ], [ 517650.0, 456900.0 ], [ 517650.0, 456810.0 ], [ 517680.0, 456810.0 ], [ 517680.0, 456780.0 ], [ 517650.0, 456780.0 ], [ 517650.0, 456690.0 ], [ 517680.0, 456690.0 ], [ 517680.0, 456600.0 ], [ 517710.0, 456600.0 ], [ 517710.0, 456510.0 ], [ 517740.0, 456510.0 ], [ 517740.0, 456450.0 ], [ 517770.0, 456450.0 ], [ 517770.0, 456360.0 ], [ 517800.0, 456360.0 ], [ 517800.0, 456270.0 ], [ 517830.0, 456270.0 ], [ 517830.0, 456120.0 ], [ 517860.0, 456120.0 ], [ 517860.0, 456060.0 ], [ 517890.0, 456060.0 ], [ 517890.0, 456030.0 ], [ 517920.0, 456030.0 ], [ 517920.0, 455880.0 ], [ 517950.0, 455880.0 ], [ 517950.0, 455760.0 ], [ 517980.0, 455760.0 ], [ 517980.0, 455670.0 ], [ 518010.0, 455670.0 ], [ 518010.0, 455640.0 ], [ 518040.0, 455640.0 ], [ 518040.0, 455520.0 ], [ 518070.0, 455520.0 ], [ 518070.0, 455430.0 ], [ 518100.0, 455430.0 ], [ 518100.0, 455370.0 ], [ 518130.0, 455370.0 ], [ 518130.0, 455250.0 ], [ 518160.0, 455250.0 ], [ 518160.0, 455220.0 ], [ 518190.0, 455220.0 ], [ 518190.0, 455130.0 ], [ 518220.0, 455130.0 ], [ 518220.0, 455010.0 ], [ 518250.0, 455010.0 ], [ 518250.0, 454920.0 ], [ 518280.0, 454920.0 ], [ 518280.0, 454830.0 ], [ 518310.0, 454830.0 ], [ 518310.0, 454800.0 ], [ 518340.0, 454800.0 ], [ 518340.0, 454710.0 ], [ 518370.0, 454710.0 ], [ 518370.0, 454590.0 ], [ 518400.0, 454590.0 ], [ 518400.0, 454530.0 ], [ 518430.0, 454530.0 ], [ 518430.0, 454470.0 ], [ 518460.0, 454470.0 ], [ 518460.0, 454380.0 ], [ 518490.0, 454380.0 ], [ 518490.0, 454260.0 ], [ 518520.0, 454260.0 ], [ 518520.0, 454170.0 ], [ 518550.0, 454170.0 ], [ 518550.0, 454050.0 ], [ 518580.0, 454050.0 ], [ 518580.0, 453960.0 ], [ 518640.0, 453960.0 ], [ 518640.0, 453780.0 ], [ 518670.0, 453780.0 ], [ 518670.0, 453690.0 ], [ 518700.0, 453690.0 ], [ 518700.0, 453570.0 ], [ 518730.0, 453570.0 ], [ 518730.0, 453510.0 ], [ 518760.0, 453510.0 ], [ 518760.0, 453450.0 ], [ 518790.0, 453450.0 ], [ 518790.0, 453360.0 ], [ 518820.0, 453360.0 ], [ 518820.0, 453270.0 ], [ 518850.0, 453270.0 ], [ 518850.0, 453150.0 ], [ 518880.0, 453150.0 ], [ 518880.0, 453090.0 ], [ 518910.0, 453090.0 ], [ 518910.0, 453000.0 ], [ 518940.0, 453000.0 ], [ 518940.0, 452940.0 ], [ 518970.0, 452940.0 ], [ 518970.0, 452880.0 ], [ 519000.0, 452880.0 ], [ 519000.0, 452790.0 ], [ 519030.0, 452790.0 ], [ 519030.0, 452700.0 ], [ 519060.0, 452700.0 ], [ 519060.0, 452610.0 ], [ 519090.0, 452610.0 ], [ 519090.0, 452550.0 ], [ 519120.0, 452550.0 ], [ 519120.0, 452430.0 ], [ 519150.0, 452430.0 ], [ 519150.0, 452340.0 ], [ 519180.0, 452340.0 ], [ 519180.0, 452280.0 ], [ 519210.0, 452280.0 ], [ 519210.0, 452190.0 ], [ 519240.0, 452190.0 ], [ 519240.0, 452100.0 ], [ 519270.0, 452100.0 ], [ 519270.0, 452040.0 ], [ 519300.0, 452040.0 ], [ 519300.0, 451920.0 ], [ 519330.0, 451920.0 ], [ 519330.0, 451860.0 ], [ 519360.0, 451860.0 ], [ 519360.0, 451800.0 ], [ 519390.0, 451800.0 ], [ 519390.0, 451710.0 ], [ 519420.0, 451710.0 ], [ 519420.0, 451620.0 ], [ 519450.0, 451620.0 ], [ 519450.0, 451530.0 ], [ 519480.0, 451530.0 ], [ 519480.0, 451440.0 ], [ 519510.0, 451440.0 ], [ 519510.0, 451380.0 ], [ 519540.0, 451380.0 ], [ 519540.0, 451320.0 ], [ 519570.0, 451320.0 ], [ 519570.0, 451230.0 ], [ 519600.0, 451230.0 ], [ 519600.0, 451170.0 ], [ 519630.0, 451170.0 ], [ 519630.0, 451080.0 ], [ 519660.0, 451080.0 ], [ 519660.0, 451020.0 ], [ 519690.0, 451020.0 ], [ 519690.0, 450960.0 ], [ 519720.0, 450960.0 ], [ 519720.0, 450870.0 ], [ 519750.0, 450870.0 ], [ 519750.0, 450810.0 ], [ 519780.0, 450810.0 ], [ 519780.0, 450720.0 ], [ 519810.0, 450720.0 ], [ 519810.0, 450630.0 ], [ 519840.0, 450630.0 ], [ 519840.0, 450600.0 ], [ 519870.0, 450600.0 ], [ 519870.0, 450510.0 ], [ 519900.0, 450510.0 ], [ 519900.0, 450390.0 ], [ 519930.0, 450390.0 ], [ 519930.0, 450300.0 ], [ 519960.0, 450300.0 ], [ 519960.0, 450240.0 ], [ 519990.0, 450240.0 ], [ 519990.0, 450150.0 ], [ 520020.0, 450150.0 ], [ 520020.0, 450060.0 ], [ 520050.0, 450060.0 ], [ 520050.0, 450000.0 ], [ 520080.0, 450000.0 ], [ 520080.0, 449910.0 ], [ 520110.0, 449910.0 ], [ 520110.0, 449760.0 ], [ 520170.0, 449760.0 ], [ 520170.0, 449670.0 ], [ 520200.0, 449670.0 ], [ 520200.0, 449610.0 ], [ 520230.0, 449610.0 ], [ 520230.0, 449550.0 ], [ 520260.0, 449550.0 ], [ 520260.0, 449490.0 ], [ 520290.0, 449490.0 ], [ 520290.0, 449430.0 ], [ 520320.0, 449430.0 ], [ 520320.0, 449400.0 ], [ 520350.0, 449400.0 ], [ 520350.0, 449340.0 ], [ 520380.0, 449340.0 ], [ 520380.0, 449310.0 ], [ 520410.0, 449310.0 ], [ 520410.0, 449250.0 ], [ 520440.0, 449250.0 ], [ 520440.0, 449190.0 ], [ 520470.0, 449190.0 ], [ 520470.0, 449130.0 ], [ 520500.0, 449130.0 ], [ 520500.0, 449040.0 ], [ 520530.0, 449040.0 ], [ 520530.0, 448980.0 ], [ 520560.0, 448980.0 ], [ 520560.0, 448920.0 ], [ 520590.0, 448920.0 ], [ 520590.0, 448890.0 ], [ 520620.0, 448890.0 ], [ 520620.0, 448800.0 ], [ 520650.0, 448800.0 ], [ 520650.0, 448740.0 ], [ 520680.0, 448740.0 ], [ 520680.0, 448680.0 ], [ 520710.0, 448680.0 ], [ 520710.0, 448590.0 ], [ 520740.0, 448590.0 ], [ 520740.0, 448530.0 ], [ 520770.0, 448530.0 ], [ 520770.0, 448440.0 ], [ 520800.0, 448440.0 ], [ 520800.0, 448350.0 ], [ 520830.0, 448350.0 ], [ 520830.0, 448290.0 ], [ 520860.0, 448290.0 ], [ 520860.0, 448230.0 ], [ 520890.0, 448230.0 ], [ 520890.0, 448080.0 ], [ 520920.0, 448080.0 ], [ 520920.0, 447990.0 ], [ 520950.0, 447990.0 ], [ 520950.0, 447870.0 ], [ 520980.0, 447870.0 ], [ 520980.0, 447780.0 ], [ 521010.0, 447780.0 ], [ 521010.0, 447750.0 ], [ 520980.0, 447750.0 ], [ 520980.0, 447690.0 ], [ 521010.0, 447690.0 ], [ 521010.0, 447660.0 ], [ 521040.0, 447660.0 ], [ 521040.0, 447570.0 ], [ 521070.0, 447570.0 ], [ 521070.0, 447480.0 ], [ 521100.0, 447480.0 ], [ 521100.0, 447420.0 ], [ 521130.0, 447420.0 ], [ 521130.0, 447330.0 ], [ 521160.0, 447330.0 ], [ 521160.0, 447240.0 ], [ 521190.0, 447240.0 ], [ 521190.0, 447180.0 ], [ 521220.0, 447180.0 ], [ 521220.0, 447150.0 ], [ 521190.0, 447150.0 ], [ 521190.0, 447090.0 ], [ 521220.0, 447090.0 ], [ 521220.0, 446970.0 ], [ 521190.0, 446970.0 ], [ 521190.0, 446940.0 ], [ 521160.0, 446940.0 ], [ 521160.0, 446880.0 ], [ 521190.0, 446880.0 ], [ 521190.0, 446820.0 ], [ 521220.0, 446820.0 ], [ 521220.0, 446700.0 ], [ 521250.0, 446700.0 ], [ 521250.0, 446610.0 ], [ 521280.0, 446610.0 ], [ 521280.0, 446550.0 ], [ 521310.0, 446550.0 ], [ 521310.0, 446490.0 ], [ 521340.0, 446490.0 ], [ 521340.0, 446430.0 ], [ 521370.0, 446430.0 ], [ 521370.0, 446400.0 ], [ 521400.0, 446400.0 ], [ 521400.0, 446310.0 ], [ 521430.0, 446310.0 ], [ 521430.0, 446250.0 ], [ 521460.0, 446250.0 ], [ 521460.0, 446190.0 ], [ 521490.0, 446190.0 ], [ 521490.0, 446100.0 ], [ 521520.0, 446100.0 ], [ 521520.0, 446040.0 ], [ 521550.0, 446040.0 ], [ 521550.0, 445980.0 ], [ 521580.0, 445980.0 ], [ 521580.0, 445950.0 ], [ 521610.0, 445950.0 ], [ 521610.0, 445890.0 ], [ 521640.0, 445890.0 ], [ 521640.0, 445830.0 ], [ 521670.0, 445830.0 ], [ 521670.0, 445770.0 ], [ 521700.0, 445770.0 ], [ 521700.0, 445710.0 ], [ 521730.0, 445710.0 ], [ 521730.0, 445650.0 ], [ 521760.0, 445650.0 ], [ 521760.0, 445560.0 ], [ 521790.0, 445560.0 ], [ 521790.0, 445530.0 ], [ 521820.0, 445530.0 ], [ 521820.0, 445470.0 ], [ 521850.0, 445470.0 ], [ 521850.0, 445410.0 ], [ 521880.0, 445410.0 ], [ 521880.0, 445350.0 ], [ 521910.0, 445350.0 ], [ 521910.0, 445320.0 ], [ 521940.0, 445320.0 ], [ 521940.0, 445260.0 ], [ 521970.0, 445260.0 ], [ 521970.0, 445230.0 ], [ 522000.0, 445230.0 ], [ 522000.0, 445170.0 ], [ 522030.0, 445170.0 ], [ 522030.0, 445140.0 ], [ 522060.0, 445140.0 ], [ 522060.0, 445080.0 ], [ 522090.0, 445080.0 ], [ 522090.0, 445050.0 ], [ 522120.0, 445050.0 ], [ 522120.0, 444990.0 ], [ 522150.0, 444990.0 ], [ 522150.0, 444930.0 ], [ 522180.0, 444930.0 ], [ 522180.0, 444900.0 ], [ 522210.0, 444900.0 ], [ 522210.0, 444840.0 ], [ 522240.0, 444840.0 ], [ 522240.0, 444810.0 ], [ 522270.0, 444810.0 ], [ 522270.0, 444750.0 ], [ 522300.0, 444750.0 ], [ 522300.0, 444720.0 ], [ 522330.0, 444720.0 ], [ 522330.0, 444660.0 ], [ 522360.0, 444660.0 ], [ 522360.0, 444630.0 ], [ 522390.0, 444630.0 ], [ 522390.0, 444570.0 ], [ 522420.0, 444570.0 ], [ 522420.0, 444510.0 ], [ 522450.0, 444510.0 ], [ 522450.0, 444480.0 ], [ 522480.0, 444480.0 ], [ 522480.0, 444420.0 ], [ 522510.0, 444420.0 ], [ 522510.0, 444360.0 ], [ 522540.0, 444360.0 ], [ 522540.0, 444330.0 ], [ 522570.0, 444330.0 ], [ 522570.0, 444300.0 ], [ 522600.0, 444300.0 ], [ 522600.0, 444270.0 ], [ 522630.0, 444270.0 ], [ 522630.0, 444210.0 ], [ 522660.0, 444210.0 ], [ 522660.0, 444180.0 ], [ 522690.0, 444180.0 ], [ 522690.0, 444120.0 ], [ 522720.0, 444120.0 ], [ 522720.0, 444090.0 ], [ 522750.0, 444090.0 ], [ 522750.0, 444030.0 ], [ 522780.0, 444030.0 ], [ 522780.0, 444000.0 ], [ 522810.0, 444000.0 ], [ 522810.0, 443880.0 ], [ 522840.0, 443880.0 ], [ 522840.0, 443670.0 ], [ 522870.0, 443670.0 ], [ 522870.0, 443610.0 ], [ 522900.0, 443610.0 ], [ 522900.0, 443550.0 ], [ 522930.0, 443550.0 ], [ 522930.0, 443460.0 ], [ 522960.0, 443460.0 ], [ 522960.0, 443430.0 ], [ 522990.0, 443430.0 ], [ 522990.0, 443370.0 ], [ 523020.0, 443370.0 ], [ 523020.0, 443340.0 ], [ 523050.0, 443340.0 ], [ 523050.0, 443280.0 ], [ 523080.0, 443280.0 ], [ 523080.0, 443220.0 ], [ 523110.0, 443220.0 ], [ 523110.0, 443190.0 ], [ 523140.0, 443190.0 ], [ 523140.0, 443130.0 ], [ 523170.0, 443130.0 ], [ 523170.0, 443100.0 ], [ 523200.0, 443100.0 ], [ 523200.0, 443070.0 ], [ 523230.0, 443070.0 ], [ 523230.0, 443010.0 ], [ 523260.0, 443010.0 ], [ 523260.0, 442980.0 ], [ 523290.0, 442980.0 ], [ 523290.0, 442920.0 ], [ 523320.0, 442920.0 ], [ 523320.0, 442890.0 ], [ 523350.0, 442890.0 ], [ 523350.0, 442830.0 ], [ 523380.0, 442830.0 ], [ 523380.0, 442800.0 ], [ 523410.0, 442800.0 ], [ 523410.0, 442740.0 ], [ 523440.0, 442740.0 ], [ 523440.0, 442680.0 ], [ 523470.0, 442680.0 ], [ 523470.0, 442650.0 ], [ 523500.0, 442650.0 ], [ 523500.0, 442620.0 ], [ 523530.0, 442620.0 ], [ 523530.0, 442590.0 ], [ 523560.0, 442590.0 ], [ 523560.0, 442500.0 ], [ 523590.0, 442500.0 ], [ 523590.0, 442470.0 ], [ 523620.0, 442470.0 ], [ 523620.0, 442410.0 ], [ 523650.0, 442410.0 ], [ 523650.0, 442380.0 ], [ 523680.0, 442380.0 ], [ 523680.0, 442320.0 ], [ 523710.0, 442320.0 ], [ 523710.0, 442260.0 ], [ 523740.0, 442260.0 ], [ 523740.0, 442230.0 ], [ 523770.0, 442230.0 ], [ 523770.0, 442200.0 ], [ 523800.0, 442200.0 ], [ 523800.0, 442170.0 ], [ 523830.0, 442170.0 ], [ 523830.0, 442110.0 ], [ 523860.0, 442110.0 ], [ 523860.0, 442080.0 ], [ 523890.0, 442080.0 ], [ 523890.0, 442020.0 ], [ 523920.0, 442020.0 ], [ 523920.0, 441990.0 ], [ 523950.0, 441990.0 ], [ 523950.0, 441960.0 ], [ 523980.0, 441960.0 ], [ 523980.0, 441900.0 ], [ 524010.0, 441900.0 ], [ 524010.0, 441870.0 ], [ 524040.0, 441870.0 ], [ 524040.0, 441810.0 ], [ 524070.0, 441810.0 ], [ 524070.0, 441780.0 ], [ 524100.0, 441780.0 ], [ 524100.0, 441750.0 ], [ 524130.0, 441750.0 ], [ 524130.0, 441720.0 ], [ 524160.0, 441720.0 ], [ 524160.0, 441660.0 ], [ 524190.0, 441660.0 ], [ 524190.0, 441630.0 ], [ 524220.0, 441630.0 ], [ 524220.0, 441570.0 ], [ 524250.0, 441570.0 ], [ 524250.0, 441540.0 ], [ 524280.0, 441540.0 ], [ 524280.0, 441510.0 ], [ 524310.0, 441510.0 ], [ 524310.0, 441480.0 ], [ 524340.0, 441480.0 ], [ 524340.0, 441450.0 ], [ 524370.0, 441450.0 ], [ 524370.0, 441360.0 ], [ 524430.0, 441360.0 ], [ 524430.0, 441300.0 ], [ 524460.0, 441300.0 ], [ 524460.0, 441270.0 ], [ 524490.0, 441270.0 ], [ 524490.0, 441240.0 ], [ 524520.0, 441240.0 ], [ 524520.0, 441180.0 ], [ 524550.0, 441180.0 ], [ 524550.0, 441150.0 ], [ 524580.0, 441150.0 ], [ 524580.0, 441090.0 ], [ 524610.0, 441090.0 ], [ 524610.0, 441060.0 ], [ 524640.0, 441060.0 ], [ 524640.0, 441030.0 ], [ 524670.0, 441030.0 ], [ 524670.0, 441000.0 ], [ 524700.0, 441000.0 ], [ 524700.0, 440940.0 ], [ 524730.0, 440940.0 ], [ 524730.0, 440910.0 ], [ 524760.0, 440910.0 ], [ 524760.0, 440880.0 ], [ 524790.0, 440880.0 ], [ 524790.0, 440850.0 ], [ 524820.0, 440850.0 ], [ 524820.0, 440790.0 ], [ 524850.0, 440790.0 ], [ 524850.0, 440760.0 ], [ 524880.0, 440760.0 ], [ 524880.0, 440700.0 ], [ 524910.0, 440700.0 ], [ 524910.0, 440670.0 ], [ 524940.0, 440670.0 ], [ 524940.0, 440640.0 ], [ 524970.0, 440640.0 ], [ 524970.0, 440580.0 ], [ 525000.0, 440580.0 ], [ 525000.0, 440550.0 ], [ 525030.0, 440550.0 ], [ 525030.0, 440520.0 ], [ 525060.0, 440520.0 ], [ 525060.0, 440490.0 ], [ 525090.0, 440490.0 ], [ 525090.0, 440430.0 ], [ 525120.0, 440430.0 ], [ 525120.0, 440400.0 ], [ 525150.0, 440400.0 ], [ 525150.0, 440340.0 ], [ 525180.0, 440340.0 ], [ 525180.0, 440310.0 ], [ 525210.0, 440310.0 ], [ 525210.0, 440250.0 ], [ 525240.0, 440250.0 ], [ 525240.0, 440190.0 ], [ 525270.0, 440190.0 ], [ 525270.0, 440160.0 ], [ 525300.0, 440160.0 ], [ 525300.0, 440130.0 ], [ 525330.0, 440130.0 ], [ 525330.0, 440070.0 ], [ 525360.0, 440070.0 ], [ 525360.0, 440040.0 ], [ 525390.0, 440040.0 ], [ 525390.0, 440010.0 ], [ 525420.0, 440010.0 ], [ 525420.0, 439950.0 ], [ 525450.0, 439950.0 ], [ 525450.0, 439920.0 ], [ 525480.0, 439920.0 ], [ 525480.0, 439890.0 ], [ 525510.0, 439890.0 ], [ 525510.0, 439830.0 ], [ 525540.0, 439830.0 ], [ 525540.0, 439800.0 ], [ 525570.0, 439800.0 ], [ 525570.0, 439770.0 ], [ 525600.0, 439770.0 ], [ 525600.0, 439710.0 ], [ 525630.0, 439710.0 ], [ 525630.0, 439680.0 ], [ 525660.0, 439680.0 ], [ 525660.0, 439650.0 ], [ 525690.0, 439650.0 ], [ 525690.0, 439590.0 ], [ 525720.0, 439590.0 ], [ 525720.0, 439560.0 ], [ 525750.0, 439560.0 ], [ 525750.0, 439530.0 ], [ 525780.0, 439530.0 ], [ 525780.0, 439470.0 ], [ 525840.0, 439470.0 ], [ 525840.0, 439410.0 ], [ 525870.0, 439410.0 ], [ 525870.0, 439380.0 ], [ 525900.0, 439380.0 ], [ 525900.0, 439350.0 ], [ 525930.0, 439350.0 ], [ 525930.0, 439290.0 ], [ 525960.0, 439290.0 ], [ 525960.0, 439230.0 ], [ 525990.0, 439230.0 ], [ 525990.0, 439200.0 ], [ 526020.0, 439200.0 ], [ 526020.0, 439140.0 ], [ 526050.0, 439140.0 ], [ 526050.0, 439110.0 ], [ 526080.0, 439110.0 ], [ 526080.0, 439050.0 ], [ 526110.0, 439050.0 ], [ 526110.0, 438990.0 ], [ 526140.0, 438990.0 ], [ 526140.0, 438960.0 ], [ 526170.0, 438960.0 ], [ 526170.0, 438930.0 ], [ 526200.0, 438930.0 ], [ 526200.0, 438870.0 ], [ 526230.0, 438870.0 ], [ 526230.0, 438840.0 ], [ 526260.0, 438840.0 ], [ 526260.0, 438810.0 ], [ 526290.0, 438810.0 ], [ 526290.0, 438750.0 ], [ 526320.0, 438750.0 ], [ 526320.0, 438720.0 ], [ 526350.0, 438720.0 ], [ 526350.0, 438660.0 ], [ 526380.0, 438660.0 ], [ 526380.0, 438630.0 ], [ 526410.0, 438630.0 ], [ 526410.0, 438570.0 ], [ 526440.0, 438570.0 ], [ 526440.0, 438540.0 ], [ 526470.0, 438540.0 ], [ 526470.0, 438480.0 ], [ 526500.0, 438480.0 ], [ 526500.0, 438450.0 ], [ 526530.0, 438450.0 ], [ 526530.0, 438390.0 ], [ 526560.0, 438390.0 ], [ 526560.0, 438330.0 ], [ 526590.0, 438330.0 ], [ 526590.0, 438300.0 ], [ 526620.0, 438300.0 ], [ 526620.0, 438240.0 ], [ 526650.0, 438240.0 ], [ 526650.0, 438210.0 ], [ 526680.0, 438210.0 ], [ 526680.0, 438150.0 ], [ 526710.0, 438150.0 ], [ 526710.0, 438120.0 ], [ 526740.0, 438120.0 ], [ 526740.0, 438090.0 ], [ 526770.0, 438090.0 ], [ 526770.0, 438030.0 ], [ 526830.0, 438030.0 ], [ 526830.0, 437970.0 ], [ 526860.0, 437970.0 ], [ 526860.0, 437910.0 ], [ 526890.0, 437910.0 ], [ 526890.0, 437880.0 ], [ 526920.0, 437880.0 ], [ 526920.0, 437850.0 ], [ 526950.0, 437850.0 ], [ 526950.0, 437790.0 ], [ 526980.0, 437790.0 ], [ 526980.0, 437760.0 ], [ 527010.0, 437760.0 ], [ 527010.0, 437700.0 ], [ 527040.0, 437700.0 ], [ 527040.0, 437670.0 ], [ 527070.0, 437670.0 ], [ 527070.0, 437610.0 ], [ 527100.0, 437610.0 ], [ 527100.0, 437580.0 ], [ 527130.0, 437580.0 ], [ 527130.0, 437520.0 ], [ 527190.0, 437520.0 ], [ 527190.0, 437460.0 ], [ 527220.0, 437460.0 ], [ 527220.0, 437400.0 ], [ 527250.0, 437400.0 ], [ 527250.0, 437370.0 ], [ 527280.0, 437370.0 ], [ 527280.0, 437340.0 ], [ 527310.0, 437340.0 ], [ 527310.0, 437280.0 ], [ 527340.0, 437280.0 ], [ 527340.0, 437250.0 ], [ 527370.0, 437250.0 ], [ 527370.0, 437190.0 ], [ 527430.0, 437190.0 ], [ 527430.0, 437130.0 ], [ 527460.0, 437130.0 ], [ 527460.0, 437100.0 ], [ 527490.0, 437100.0 ], [ 527490.0, 437040.0 ], [ 527520.0, 437040.0 ], [ 527520.0, 436980.0 ], [ 527550.0, 436980.0 ], [ 527550.0, 436950.0 ], [ 527580.0, 436950.0 ], [ 527580.0, 436890.0 ], [ 527610.0, 436890.0 ], [ 527610.0, 436860.0 ], [ 527640.0, 436860.0 ], [ 527640.0, 436830.0 ], [ 527670.0, 436830.0 ], [ 527670.0, 436800.0 ], [ 527700.0, 436800.0 ], [ 527700.0, 436710.0 ], [ 527730.0, 436710.0 ], [ 527730.0, 436650.0 ], [ 527760.0, 436650.0 ], [ 527760.0, 436620.0 ], [ 527790.0, 436620.0 ], [ 527790.0, 436560.0 ], [ 527820.0, 436560.0 ], [ 527820.0, 436530.0 ], [ 527850.0, 436530.0 ], [ 527850.0, 436500.0 ], [ 527880.0, 436500.0 ], [ 527880.0, 436470.0 ], [ 527910.0, 436470.0 ], [ 527910.0, 436410.0 ], [ 527940.0, 436410.0 ], [ 527940.0, 436380.0 ], [ 527970.0, 436380.0 ], [ 527970.0, 436350.0 ], [ 528000.0, 436350.0 ], [ 528000.0, 436290.0 ], [ 528030.0, 436290.0 ], [ 528030.0, 436260.0 ], [ 528060.0, 436260.0 ], [ 528060.0, 436230.0 ], [ 528090.0, 436230.0 ], [ 528090.0, 436200.0 ], [ 528120.0, 436200.0 ], [ 528120.0, 436170.0 ], [ 528150.0, 436170.0 ], [ 528150.0, 436110.0 ], [ 528180.0, 436110.0 ], [ 528180.0, 436050.0 ], [ 528210.0, 436050.0 ], [ 528210.0, 436020.0 ], [ 528240.0, 436020.0 ], [ 528240.0, 435960.0 ], [ 528300.0, 435960.0 ], [ 528300.0, 435930.0 ], [ 528330.0, 435930.0 ], [ 528330.0, 435900.0 ], [ 528360.0, 435900.0 ], [ 528360.0, 435810.0 ], [ 528390.0, 435810.0 ], [ 528390.0, 435780.0 ], [ 528420.0, 435780.0 ], [ 528420.0, 435720.0 ], [ 528450.0, 435720.0 ], [ 528450.0, 435690.0 ], [ 528480.0, 435690.0 ], [ 528480.0, 435630.0 ], [ 528510.0, 435630.0 ], [ 528510.0, 435600.0 ], [ 528540.0, 435600.0 ], [ 528540.0, 435540.0 ], [ 528600.0, 435540.0 ], [ 528600.0, 435480.0 ], [ 528630.0, 435480.0 ], [ 528630.0, 435420.0 ], [ 528660.0, 435420.0 ], [ 528660.0, 435390.0 ], [ 528690.0, 435390.0 ], [ 528690.0, 435330.0 ], [ 528720.0, 435330.0 ], [ 528720.0, 435270.0 ], [ 528750.0, 435270.0 ], [ 528750.0, 435240.0 ], [ 528780.0, 435240.0 ], [ 528780.0, 435150.0 ], [ 528810.0, 435150.0 ], [ 528810.0, 435120.0 ], [ 528840.0, 435120.0 ], [ 528840.0, 435090.0 ], [ 528870.0, 435090.0 ], [ 528870.0, 435000.0 ], [ 528900.0, 435000.0 ], [ 528900.0, 434970.0 ], [ 528930.0, 434970.0 ], [ 528930.0, 434910.0 ], [ 528960.0, 434910.0 ], [ 528960.0, 434880.0 ], [ 528990.0, 434880.0 ], [ 528990.0, 434850.0 ], [ 529020.0, 434850.0 ], [ 529020.0, 434790.0 ], [ 529050.0, 434790.0 ], [ 529050.0, 434760.0 ], [ 529080.0, 434760.0 ], [ 529080.0, 434700.0 ], [ 529140.0, 434700.0 ], [ 529140.0, 434670.0 ], [ 529170.0, 434670.0 ], [ 529170.0, 434610.0 ], [ 529200.0, 434610.0 ], [ 529200.0, 434550.0 ], [ 529230.0, 434550.0 ], [ 529230.0, 434520.0 ], [ 529260.0, 434520.0 ], [ 529260.0, 434460.0 ], [ 529290.0, 434460.0 ], [ 529290.0, 434430.0 ], [ 529320.0, 434430.0 ], [ 529320.0, 434400.0 ], [ 529350.0, 434400.0 ], [ 529350.0, 434370.0 ], [ 529380.0, 434370.0 ], [ 529380.0, 434340.0 ], [ 529410.0, 434340.0 ], [ 529410.0, 434280.0 ], [ 529470.0, 434280.0 ], [ 529470.0, 434220.0 ], [ 529500.0, 434220.0 ], [ 529500.0, 434190.0 ], [ 529530.0, 434190.0 ], [ 529530.0, 434160.0 ], [ 529560.0, 434160.0 ], [ 529560.0, 434100.0 ], [ 529590.0, 434100.0 ], [ 529590.0, 434070.0 ], [ 529620.0, 434070.0 ], [ 529620.0, 434040.0 ], [ 529650.0, 434040.0 ], [ 529650.0, 433950.0 ], [ 529680.0, 433950.0 ], [ 529680.0, 433920.0 ], [ 529710.0, 433920.0 ], [ 529710.0, 433890.0 ], [ 529740.0, 433890.0 ], [ 529740.0, 433860.0 ], [ 529770.0, 433860.0 ], [ 529770.0, 433830.0 ], [ 529800.0, 433830.0 ], [ 529800.0, 433770.0 ], [ 529830.0, 433770.0 ], [ 529830.0, 433740.0 ], [ 529860.0, 433740.0 ], [ 529860.0, 433710.0 ], [ 529890.0, 433710.0 ], [ 529890.0, 433650.0 ], [ 529920.0, 433650.0 ], [ 529920.0, 433620.0 ], [ 529950.0, 433620.0 ], [ 529950.0, 433560.0 ], [ 529980.0, 433560.0 ], [ 529980.0, 433530.0 ], [ 530010.0, 433530.0 ], [ 530010.0, 433500.0 ], [ 530040.0, 433500.0 ], [ 530040.0, 433440.0 ], [ 530100.0, 433440.0 ], [ 530100.0, 433380.0 ], [ 530130.0, 433380.0 ], [ 530130.0, 433320.0 ], [ 530160.0, 433320.0 ], [ 530160.0, 433290.0 ], [ 530190.0, 433290.0 ], [ 530190.0, 433260.0 ], [ 530220.0, 433260.0 ], [ 530220.0, 433200.0 ], [ 530250.0, 433200.0 ], [ 530250.0, 433140.0 ], [ 530310.0, 433140.0 ], [ 530310.0, 433110.0 ], [ 530340.0, 433110.0 ], [ 530340.0, 433050.0 ], [ 530400.0, 433050.0 ], [ 530400.0, 432990.0 ], [ 530430.0, 432990.0 ], [ 530430.0, 432960.0 ], [ 530460.0, 432960.0 ], [ 530460.0, 432900.0 ], [ 530490.0, 432900.0 ], [ 530490.0, 432870.0 ], [ 530520.0, 432870.0 ], [ 530520.0, 432810.0 ], [ 530550.0, 432810.0 ], [ 530550.0, 432780.0 ], [ 530580.0, 432780.0 ], [ 530580.0, 432750.0 ], [ 530610.0, 432750.0 ], [ 530610.0, 432720.0 ], [ 530640.0, 432720.0 ], [ 530640.0, 432690.0 ], [ 530670.0, 432690.0 ], [ 530670.0, 432660.0 ], [ 530700.0, 432660.0 ], [ 530700.0, 432630.0 ], [ 530760.0, 432630.0 ], [ 530760.0, 432570.0 ], [ 530790.0, 432570.0 ], [ 530790.0, 432540.0 ], [ 530820.0, 432540.0 ], [ 530820.0, 432510.0 ], [ 530850.0, 432510.0 ], [ 530850.0, 432480.0 ], [ 530880.0, 432480.0 ], [ 530880.0, 432420.0 ], [ 530910.0, 432420.0 ], [ 530910.0, 432360.0 ], [ 530940.0, 432360.0 ], [ 530940.0, 432330.0 ], [ 530970.0, 432330.0 ], [ 530970.0, 432270.0 ], [ 531000.0, 432270.0 ], [ 531000.0, 432240.0 ], [ 531030.0, 432240.0 ], [ 531030.0, 432210.0 ], [ 531060.0, 432210.0 ], [ 531060.0, 432180.0 ], [ 531090.0, 432180.0 ], [ 531090.0, 432120.0 ], [ 531120.0, 432120.0 ], [ 531120.0, 432090.0 ], [ 531150.0, 432090.0 ], [ 531150.0, 432030.0 ], [ 531210.0, 432030.0 ], [ 531210.0, 432000.0 ], [ 531240.0, 432000.0 ], [ 531240.0, 431940.0 ], [ 531270.0, 431940.0 ], [ 531270.0, 431910.0 ], [ 531300.0, 431910.0 ], [ 531300.0, 431850.0 ], [ 531330.0, 431850.0 ], [ 531330.0, 431790.0 ], [ 531390.0, 431790.0 ], [ 531390.0, 431760.0 ], [ 531420.0, 431760.0 ], [ 531420.0, 431700.0 ], [ 531450.0, 431700.0 ], [ 531450.0, 431640.0 ], [ 531480.0, 431640.0 ], [ 531480.0, 431610.0 ], [ 531510.0, 431610.0 ], [ 531510.0, 431580.0 ], [ 531540.0, 431580.0 ], [ 531540.0, 431550.0 ], [ 531570.0, 431550.0 ], [ 531570.0, 431490.0 ], [ 531600.0, 431490.0 ], [ 531600.0, 431460.0 ], [ 531630.0, 431460.0 ], [ 531630.0, 431430.0 ], [ 531660.0, 431430.0 ], [ 531660.0, 431400.0 ], [ 531690.0, 431400.0 ], [ 531690.0, 431370.0 ], [ 531720.0, 431370.0 ], [ 531720.0, 431340.0 ], [ 531750.0, 431340.0 ], [ 531750.0, 431280.0 ], [ 531780.0, 431280.0 ], [ 531780.0, 431220.0 ], [ 531810.0, 431220.0 ], [ 531810.0, 431190.0 ], [ 531840.0, 431190.0 ], [ 531840.0, 431160.0 ], [ 531870.0, 431160.0 ], [ 531870.0, 431100.0 ], [ 531900.0, 431100.0 ], [ 531900.0, 431040.0 ], [ 531930.0, 431040.0 ], [ 531930.0, 431010.0 ], [ 531960.0, 431010.0 ], [ 531960.0, 430980.0 ], [ 531990.0, 430980.0 ], [ 531990.0, 430950.0 ], [ 532020.0, 430950.0 ], [ 532020.0, 430920.0 ], [ 532050.0, 430920.0 ], [ 532050.0, 430890.0 ], [ 532080.0, 430890.0 ], [ 532080.0, 430860.0 ], [ 532110.0, 430860.0 ], [ 532110.0, 430800.0 ], [ 532140.0, 430800.0 ], [ 532140.0, 430740.0 ], [ 532170.0, 430740.0 ], [ 532170.0, 430710.0 ], [ 532200.0, 430710.0 ], [ 532200.0, 430650.0 ], [ 532230.0, 430650.0 ], [ 532230.0, 430620.0 ], [ 532260.0, 430620.0 ], [ 532260.0, 430560.0 ], [ 532290.0, 430560.0 ], [ 532290.0, 430530.0 ], [ 532320.0, 430530.0 ], [ 532320.0, 430500.0 ], [ 532350.0, 430500.0 ], [ 532350.0, 430470.0 ], [ 532380.0, 430470.0 ], [ 532380.0, 430440.0 ], [ 532410.0, 430440.0 ], [ 532410.0, 430380.0 ], [ 532440.0, 430380.0 ], [ 532440.0, 430320.0 ], [ 532470.0, 430320.0 ], [ 532470.0, 430290.0 ], [ 532500.0, 430290.0 ], [ 532500.0, 430260.0 ], [ 532530.0, 430260.0 ], [ 532530.0, 430230.0 ], [ 532560.0, 430230.0 ], [ 532560.0, 430200.0 ], [ 532590.0, 430200.0 ], [ 532590.0, 430140.0 ], [ 532650.0, 430140.0 ], [ 532650.0, 430110.0 ], [ 532680.0, 430110.0 ], [ 532680.0, 430080.0 ], [ 532710.0, 430080.0 ], [ 532710.0, 430020.0 ], [ 532740.0, 430020.0 ], [ 532740.0, 429990.0 ], [ 532770.0, 429990.0 ], [ 532770.0, 429930.0 ], [ 532800.0, 429930.0 ], [ 532800.0, 429900.0 ], [ 532830.0, 429900.0 ], [ 532830.0, 429870.0 ], [ 532860.0, 429870.0 ], [ 532860.0, 429840.0 ], [ 532890.0, 429840.0 ], [ 532890.0, 429780.0 ], [ 532920.0, 429780.0 ], [ 532920.0, 429750.0 ], [ 532950.0, 429750.0 ], [ 532950.0, 429720.0 ], [ 533010.0, 429720.0 ], [ 533010.0, 429690.0 ], [ 533040.0, 429690.0 ], [ 533040.0, 429630.0 ], [ 533070.0, 429630.0 ], [ 533070.0, 429600.0 ], [ 533100.0, 429600.0 ], [ 533100.0, 429540.0 ], [ 533130.0, 429540.0 ], [ 533130.0, 429510.0 ], [ 533160.0, 429510.0 ], [ 533160.0, 429480.0 ], [ 533190.0, 429480.0 ], [ 533190.0, 429420.0 ], [ 533220.0, 429420.0 ], [ 533220.0, 429390.0 ], [ 533250.0, 429390.0 ], [ 533250.0, 429330.0 ], [ 533280.0, 429330.0 ], [ 533280.0, 429300.0 ], [ 533340.0, 429300.0 ], [ 533340.0, 429270.0 ], [ 533370.0, 429270.0 ], [ 533370.0, 429240.0 ], [ 533400.0, 429240.0 ], [ 533400.0, 429210.0 ], [ 533430.0, 429210.0 ], [ 533430.0, 429180.0 ], [ 533460.0, 429180.0 ], [ 533460.0, 429150.0 ], [ 533490.0, 429150.0 ], [ 533490.0, 429090.0 ], [ 533520.0, 429090.0 ], [ 533520.0, 429060.0 ], [ 533550.0, 429060.0 ], [ 533550.0, 429030.0 ], [ 533580.0, 429030.0 ], [ 533580.0, 428970.0 ], [ 533610.0, 428970.0 ], [ 533610.0, 428940.0 ], [ 533640.0, 428940.0 ], [ 533640.0, 428910.0 ], [ 533670.0, 428910.0 ], [ 533670.0, 428880.0 ], [ 533700.0, 428880.0 ], [ 533700.0, 428850.0 ], [ 533730.0, 428850.0 ], [ 533730.0, 428820.0 ], [ 533760.0, 428820.0 ], [ 533760.0, 428760.0 ], [ 533790.0, 428760.0 ], [ 533790.0, 428730.0 ], [ 533820.0, 428730.0 ], [ 533820.0, 428700.0 ], [ 533850.0, 428700.0 ], [ 533850.0, 428640.0 ], [ 533880.0, 428640.0 ], [ 533880.0, 428610.0 ], [ 533910.0, 428610.0 ], [ 533910.0, 428550.0 ], [ 533940.0, 428550.0 ], [ 533940.0, 428520.0 ], [ 533970.0, 428520.0 ], [ 533970.0, 428490.0 ], [ 534000.0, 428490.0 ], [ 534000.0, 428460.0 ], [ 534030.0, 428460.0 ], [ 534030.0, 428430.0 ], [ 534060.0, 428430.0 ], [ 534060.0, 428370.0 ], [ 534090.0, 428370.0 ], [ 534090.0, 428340.0 ], [ 534120.0, 428340.0 ], [ 534120.0, 428310.0 ], [ 534150.0, 428310.0 ], [ 534150.0, 428250.0 ], [ 534180.0, 428250.0 ], [ 534180.0, 428190.0 ], [ 534210.0, 428190.0 ], [ 534210.0, 428160.0 ], [ 534240.0, 428160.0 ], [ 534240.0, 428100.0 ], [ 534300.0, 428100.0 ], [ 534300.0, 428070.0 ], [ 534330.0, 428070.0 ], [ 534330.0, 428040.0 ], [ 534360.0, 428040.0 ], [ 534360.0, 428010.0 ], [ 534390.0, 428010.0 ], [ 534390.0, 427980.0 ], [ 534420.0, 427980.0 ], [ 534420.0, 427920.0 ], [ 534450.0, 427920.0 ], [ 534450.0, 427860.0 ], [ 534480.0, 427860.0 ], [ 534480.0, 427830.0 ], [ 534510.0, 427830.0 ], [ 534510.0, 427800.0 ], [ 534540.0, 427800.0 ], [ 534540.0, 427740.0 ], [ 534570.0, 427740.0 ], [ 534570.0, 427680.0 ], [ 534600.0, 427680.0 ], [ 534600.0, 427650.0 ], [ 534630.0, 427650.0 ], [ 534630.0, 427620.0 ], [ 534660.0, 427620.0 ], [ 534660.0, 427590.0 ], [ 534690.0, 427590.0 ], [ 534690.0, 427560.0 ], [ 534720.0, 427560.0 ], [ 534720.0, 427500.0 ], [ 534750.0, 427500.0 ], [ 534750.0, 427440.0 ], [ 534780.0, 427440.0 ], [ 534780.0, 427410.0 ], [ 534810.0, 427410.0 ], [ 534810.0, 427350.0 ], [ 534840.0, 427350.0 ], [ 534840.0, 427290.0 ], [ 534870.0, 427290.0 ], [ 534870.0, 427200.0 ], [ 534930.0, 427200.0 ], [ 534930.0, 427140.0 ], [ 534960.0, 427140.0 ], [ 534960.0, 427050.0 ], [ 534990.0, 427050.0 ], [ 534990.0, 426960.0 ], [ 535020.0, 426960.0 ], [ 535020.0, 426900.0 ], [ 535050.0, 426900.0 ], [ 535050.0, 426840.0 ], [ 535020.0, 426840.0 ], [ 535020.0, 426780.0 ], [ 535080.0, 426780.0 ], [ 535080.0, 426750.0 ], [ 535110.0, 426750.0 ], [ 535110.0, 426690.0 ], [ 535140.0, 426690.0 ], [ 535140.0, 426660.0 ], [ 535170.0, 426660.0 ], [ 535170.0, 426630.0 ], [ 535200.0, 426630.0 ], [ 535200.0, 426570.0 ], [ 535230.0, 426570.0 ], [ 535230.0, 426540.0 ], [ 535260.0, 426540.0 ], [ 535260.0, 426510.0 ], [ 535290.0, 426510.0 ], [ 535290.0, 426480.0 ], [ 535320.0, 426480.0 ], [ 535320.0, 426450.0 ], [ 535350.0, 426450.0 ], [ 535350.0, 426390.0 ], [ 535380.0, 426390.0 ], [ 535380.0, 426360.0 ], [ 535410.0, 426360.0 ], [ 535410.0, 426330.0 ], [ 535440.0, 426330.0 ], [ 535440.0, 426300.0 ], [ 535470.0, 426300.0 ], [ 535470.0, 426270.0 ], [ 535500.0, 426270.0 ], [ 535500.0, 426240.0 ], [ 535530.0, 426240.0 ], [ 535530.0, 426180.0 ], [ 535560.0, 426180.0 ], [ 535560.0, 426150.0 ], [ 535590.0, 426150.0 ], [ 535590.0, 426090.0 ], [ 535650.0, 426090.0 ], [ 535650.0, 426030.0 ], [ 535680.0, 426030.0 ], [ 535680.0, 426000.0 ], [ 535710.0, 426000.0 ], [ 535710.0, 425970.0 ], [ 535740.0, 425970.0 ], [ 535740.0, 425940.0 ], [ 535770.0, 425940.0 ], [ 535770.0, 425880.0 ], [ 535800.0, 425880.0 ], [ 535800.0, 425850.0 ], [ 535830.0, 425850.0 ], [ 535830.0, 425820.0 ], [ 535860.0, 425820.0 ], [ 535860.0, 425760.0 ], [ 535890.0, 425760.0 ], [ 535890.0, 425730.0 ], [ 535920.0, 425730.0 ], [ 535920.0, 425700.0 ], [ 535950.0, 425700.0 ], [ 535950.0, 425640.0 ], [ 535980.0, 425640.0 ], [ 535980.0, 425610.0 ], [ 536010.0, 425610.0 ], [ 536010.0, 425550.0 ], [ 536070.0, 425550.0 ], [ 536070.0, 425520.0 ], [ 536100.0, 425520.0 ], [ 536100.0, 425490.0 ], [ 536130.0, 425490.0 ], [ 536130.0, 425430.0 ], [ 536160.0, 425430.0 ], [ 536160.0, 425400.0 ], [ 536190.0, 425400.0 ], [ 536190.0, 425370.0 ], [ 536220.0, 425370.0 ], [ 536220.0, 425310.0 ], [ 536250.0, 425310.0 ], [ 536250.0, 425280.0 ], [ 536280.0, 425280.0 ], [ 536280.0, 425220.0 ], [ 536310.0, 425220.0 ], [ 536310.0, 425190.0 ], [ 536340.0, 425190.0 ], [ 536340.0, 425130.0 ], [ 536400.0, 425130.0 ], [ 536400.0, 425070.0 ], [ 536430.0, 425070.0 ], [ 536430.0, 425040.0 ], [ 536460.0, 425040.0 ], [ 536460.0, 424980.0 ], [ 536490.0, 424980.0 ], [ 536490.0, 424950.0 ], [ 536520.0, 424950.0 ], [ 536520.0, 424920.0 ], [ 536550.0, 424920.0 ], [ 536550.0, 424890.0 ], [ 536580.0, 424890.0 ], [ 536580.0, 424860.0 ], [ 536610.0, 424860.0 ], [ 536610.0, 424830.0 ], [ 536640.0, 424830.0 ], [ 536640.0, 424770.0 ], [ 536670.0, 424770.0 ], [ 536670.0, 424710.0 ], [ 536730.0, 424710.0 ], [ 536730.0, 424680.0 ], [ 536760.0, 424680.0 ], [ 536760.0, 424650.0 ], [ 536790.0, 424650.0 ], [ 536790.0, 424590.0 ], [ 536820.0, 424590.0 ], [ 536820.0, 424560.0 ], [ 536850.0, 424560.0 ], [ 536850.0, 424500.0 ], [ 536880.0, 424500.0 ], [ 536880.0, 424470.0 ], [ 536910.0, 424470.0 ], [ 536910.0, 424410.0 ], [ 536940.0, 424410.0 ], [ 536940.0, 424380.0 ], [ 536970.0, 424380.0 ], [ 536970.0, 424350.0 ], [ 537000.0, 424350.0 ], [ 537000.0, 424320.0 ], [ 537030.0, 424320.0 ], [ 537030.0, 424290.0 ], [ 537090.0, 424290.0 ], [ 537090.0, 424230.0 ], [ 537120.0, 424230.0 ], [ 537120.0, 424200.0 ], [ 537150.0, 424200.0 ], [ 537150.0, 424140.0 ], [ 537180.0, 424140.0 ], [ 537180.0, 424110.0 ], [ 537210.0, 424110.0 ], [ 537210.0, 424050.0 ], [ 537240.0, 424050.0 ], [ 537240.0, 424020.0 ], [ 537270.0, 424020.0 ], [ 537270.0, 423990.0 ], [ 537300.0, 423990.0 ], [ 537300.0, 423960.0 ], [ 537330.0, 423960.0 ], [ 537330.0, 423870.0 ], [ 537420.0, 423870.0 ], [ 537420.0, 423840.0 ], [ 537450.0, 423840.0 ], [ 537450.0, 423780.0 ], [ 537480.0, 423780.0 ], [ 537480.0, 423750.0 ], [ 537510.0, 423750.0 ], [ 537510.0, 423720.0 ], [ 537540.0, 423720.0 ], [ 537540.0, 423690.0 ], [ 537570.0, 423690.0 ], [ 537570.0, 423630.0 ], [ 537600.0, 423630.0 ], [ 537600.0, 423600.0 ], [ 537630.0, 423600.0 ], [ 537630.0, 423540.0 ], [ 537660.0, 423540.0 ], [ 537660.0, 423510.0 ], [ 537690.0, 423510.0 ], [ 537690.0, 423480.0 ], [ 537720.0, 423480.0 ], [ 537720.0, 423450.0 ], [ 537750.0, 423450.0 ], [ 537750.0, 423420.0 ], [ 537780.0, 423420.0 ], [ 537780.0, 423360.0 ], [ 537810.0, 423360.0 ], [ 537810.0, 423330.0 ], [ 537840.0, 423330.0 ], [ 537840.0, 423300.0 ], [ 537870.0, 423300.0 ], [ 537870.0, 423270.0 ], [ 537900.0, 423270.0 ], [ 537900.0, 423210.0 ], [ 537930.0, 423210.0 ], [ 537930.0, 423180.0 ], [ 537960.0, 423180.0 ], [ 537960.0, 423150.0 ], [ 537990.0, 423150.0 ], [ 537990.0, 423090.0 ], [ 538020.0, 423090.0 ], [ 538020.0, 423060.0 ], [ 538080.0, 423060.0 ], [ 538080.0, 423030.0 ], [ 538110.0, 423030.0 ], [ 538110.0, 422970.0 ], [ 538140.0, 422970.0 ], [ 538140.0, 422940.0 ], [ 538170.0, 422940.0 ], [ 538170.0, 422880.0 ], [ 538200.0, 422880.0 ], [ 538200.0, 422850.0 ], [ 538230.0, 422850.0 ], [ 538230.0, 422820.0 ], [ 538260.0, 422820.0 ], [ 538260.0, 422790.0 ], [ 538320.0, 422790.0 ], [ 538320.0, 422760.0 ], [ 538350.0, 422760.0 ], [ 538350.0, 422700.0 ], [ 538380.0, 422700.0 ], [ 538380.0, 422670.0 ], [ 538410.0, 422670.0 ], [ 538410.0, 422640.0 ], [ 538440.0, 422640.0 ], [ 538440.0, 422610.0 ], [ 538470.0, 422610.0 ], [ 538470.0, 422580.0 ], [ 538500.0, 422580.0 ], [ 538500.0, 422520.0 ], [ 538530.0, 422520.0 ], [ 538530.0, 422460.0 ], [ 538560.0, 422460.0 ], [ 538560.0, 422400.0 ], [ 538590.0, 422400.0 ], [ 538590.0, 422370.0 ], [ 538620.0, 422370.0 ], [ 538620.0, 422310.0 ], [ 538650.0, 422310.0 ], [ 538650.0, 422250.0 ], [ 538680.0, 422250.0 ], [ 538680.0, 422220.0 ], [ 538740.0, 422220.0 ], [ 538740.0, 422190.0 ], [ 538770.0, 422190.0 ], [ 538770.0, 422130.0 ], [ 538800.0, 422130.0 ], [ 538800.0, 422100.0 ], [ 538830.0, 422100.0 ], [ 538830.0, 422040.0 ], [ 538860.0, 422040.0 ], [ 538860.0, 422010.0 ], [ 538890.0, 422010.0 ], [ 538890.0, 421950.0 ], [ 538920.0, 421950.0 ], [ 538920.0, 421890.0 ], [ 538950.0, 421890.0 ], [ 538950.0, 421860.0 ], [ 538980.0, 421860.0 ], [ 538980.0, 421800.0 ], [ 539040.0, 421800.0 ], [ 539040.0, 421740.0 ], [ 539070.0, 421740.0 ], [ 539070.0, 421710.0 ], [ 539100.0, 421710.0 ], [ 539100.0, 421650.0 ], [ 539130.0, 421650.0 ], [ 539130.0, 421590.0 ], [ 539160.0, 421590.0 ], [ 539160.0, 421560.0 ], [ 539190.0, 421560.0 ], [ 539190.0, 421530.0 ], [ 539220.0, 421530.0 ], [ 539220.0, 421470.0 ], [ 539250.0, 421470.0 ], [ 539250.0, 421440.0 ], [ 539280.0, 421440.0 ], [ 539280.0, 421410.0 ], [ 539310.0, 421410.0 ], [ 539310.0, 421380.0 ], [ 539340.0, 421380.0 ], [ 539340.0, 421350.0 ], [ 539370.0, 421350.0 ], [ 539370.0, 421290.0 ], [ 539400.0, 421290.0 ], [ 539400.0, 421260.0 ], [ 539430.0, 421260.0 ], [ 539430.0, 421200.0 ], [ 539460.0, 421200.0 ], [ 539460.0, 421170.0 ], [ 539490.0, 421170.0 ], [ 539490.0, 421110.0 ], [ 539520.0, 421110.0 ], [ 539520.0, 421080.0 ], [ 539550.0, 421080.0 ], [ 539550.0, 421020.0 ], [ 539580.0, 421020.0 ], [ 539580.0, 420990.0 ], [ 539610.0, 420990.0 ], [ 539610.0, 420960.0 ], [ 539670.0, 420960.0 ], [ 539670.0, 420900.0 ], [ 539700.0, 420900.0 ], [ 539700.0, 420870.0 ], [ 539730.0, 420870.0 ], [ 539730.0, 420810.0 ], [ 539760.0, 420810.0 ], [ 539760.0, 420780.0 ], [ 539790.0, 420780.0 ], [ 539790.0, 420750.0 ], [ 539820.0, 420750.0 ], [ 539820.0, 420690.0 ], [ 539850.0, 420690.0 ], [ 539850.0, 420630.0 ], [ 539880.0, 420630.0 ], [ 539880.0, 420600.0 ], [ 539910.0, 420600.0 ], [ 539910.0, 420570.0 ], [ 539940.0, 420570.0 ], [ 539940.0, 420540.0 ], [ 539970.0, 420540.0 ], [ 539970.0, 420480.0 ], [ 540000.0, 420480.0 ], [ 540000.0, 420420.0 ], [ 540030.0, 420420.0 ], [ 540030.0, 420360.0 ], [ 540060.0, 420360.0 ], [ 540060.0, 420330.0 ], [ 540090.0, 420330.0 ], [ 540090.0, 420270.0 ], [ 540120.0, 420270.0 ], [ 540120.0, 420180.0 ], [ 540150.0, 420180.0 ], [ 540150.0, 420120.0 ], [ 540210.0, 420120.0 ], [ 540210.0, 420030.0 ], [ 540240.0, 420030.0 ], [ 540240.0, 419940.0 ], [ 540270.0, 419940.0 ], [ 540270.0, 419850.0 ], [ 540300.0, 419850.0 ], [ 540300.0, 419760.0 ], [ 540330.0, 419760.0 ], [ 540330.0, 419700.0 ], [ 540390.0, 419700.0 ], [ 540390.0, 419640.0 ], [ 540420.0, 419640.0 ], [ 540420.0, 419550.0 ], [ 540450.0, 419550.0 ], [ 540450.0, 419520.0 ], [ 540480.0, 419520.0 ], [ 540480.0, 419430.0 ], [ 540510.0, 419430.0 ], [ 540510.0, 419340.0 ], [ 540540.0, 419340.0 ], [ 540540.0, 419310.0 ], [ 540570.0, 419310.0 ], [ 540570.0, 419280.0 ], [ 540600.0, 419280.0 ], [ 540600.0, 419220.0 ], [ 540630.0, 419220.0 ], [ 540630.0, 419130.0 ], [ 540660.0, 419130.0 ], [ 540660.0, 419070.0 ], [ 540690.0, 419070.0 ], [ 540690.0, 419010.0 ], [ 540720.0, 419010.0 ], [ 540720.0, 418920.0 ], [ 540750.0, 418920.0 ], [ 540750.0, 418860.0 ], [ 540780.0, 418860.0 ], [ 540780.0, 418770.0 ], [ 540810.0, 418770.0 ], [ 540810.0, 418680.0 ], [ 540840.0, 418680.0 ], [ 540840.0, 418590.0 ], [ 540870.0, 418590.0 ], [ 540870.0, 418470.0 ], [ 540900.0, 418470.0 ], [ 540900.0, 418440.0 ], [ 540930.0, 418440.0 ], [ 540930.0, 418260.0 ], [ 540960.0, 418260.0 ], [ 540960.0, 418020.0 ], [ 541020.0, 418020.0 ], [ 541020.0, 417870.0 ], [ 541050.0, 417870.0 ], [ 541050.0, 417720.0 ], [ 541080.0, 417720.0 ], [ 541080.0, 417600.0 ], [ 541140.0, 417600.0 ], [ 541140.0, 417540.0 ], [ 541170.0, 417540.0 ], [ 541170.0, 417330.0 ], [ 541200.0, 417330.0 ], [ 541200.0, 417210.0 ], [ 541230.0, 417210.0 ], [ 541230.0, 417180.0 ], [ 541260.0, 417180.0 ], [ 541260.0, 417120.0 ], [ 541290.0, 417120.0 ], [ 541290.0, 417030.0 ], [ 541320.0, 417030.0 ], [ 541320.0, 416970.0 ], [ 541350.0, 416970.0 ], [ 541350.0, 416880.0 ], [ 541380.0, 416880.0 ], [ 541380.0, 416820.0 ], [ 541410.0, 416820.0 ], [ 541410.0, 416760.0 ], [ 541440.0, 416760.0 ], [ 541440.0, 416730.0 ], [ 541470.0, 416730.0 ], [ 541470.0, 416700.0 ], [ 541500.0, 416700.0 ], [ 541500.0, 416580.0 ], [ 541530.0, 416580.0 ], [ 541530.0, 416490.0 ], [ 541560.0, 416490.0 ], [ 541560.0, 416460.0 ], [ 541590.0, 416460.0 ], [ 541590.0, 416370.0 ], [ 541620.0, 416370.0 ], [ 541620.0, 416340.0 ], [ 541650.0, 416340.0 ], [ 541650.0, 416250.0 ], [ 541680.0, 416250.0 ], [ 541680.0, 416220.0 ], [ 541710.0, 416220.0 ], [ 541710.0, 416130.0 ], [ 541740.0, 416130.0 ], [ 541740.0, 415920.0 ], [ 541770.0, 415920.0 ], [ 541770.0, 415770.0 ], [ 541800.0, 415770.0 ], [ 541800.0, 415590.0 ], [ 541830.0, 415590.0 ], [ 541830.0, 415500.0 ], [ 541860.0, 415500.0 ], [ 541860.0, 415470.0 ], [ 541890.0, 415470.0 ], [ 541890.0, 415380.0 ], [ 541920.0, 415380.0 ], [ 541920.0, 415230.0 ], [ 541950.0, 415230.0 ], [ 541950.0, 415140.0 ], [ 541980.0, 415140.0 ], [ 541980.0, 415050.0 ], [ 542010.0, 415050.0 ], [ 542010.0, 415020.0 ], [ 542040.0, 415020.0 ], [ 542040.0, 414840.0 ], [ 542070.0, 414840.0 ], [ 542070.0, 414720.0 ], [ 542100.0, 414720.0 ], [ 542100.0, 414630.0 ], [ 542130.0, 414630.0 ], [ 542130.0, 414210.0 ], [ 542160.0, 414210.0 ], [ 542160.0, 413640.0 ], [ 542130.0, 413640.0 ], [ 542130.0, 413550.0 ], [ 542100.0, 413550.0 ], [ 542100.0, 413490.0 ], [ 542070.0, 413490.0 ], [ 542070.0, 413400.0 ], [ 542040.0, 413400.0 ], [ 542040.0, 413370.0 ], [ 542010.0, 413370.0 ], [ 542010.0, 413340.0 ], [ 542040.0, 413340.0 ], [ 542040.0, 413310.0 ], [ 542010.0, 413310.0 ], [ 542010.0, 413220.0 ], [ 541980.0, 413220.0 ], [ 541980.0, 413190.0 ], [ 541950.0, 413190.0 ], [ 541950.0, 413130.0 ], [ 541920.0, 413130.0 ], [ 541920.0, 413070.0 ], [ 541890.0, 413070.0 ], [ 541890.0, 413040.0 ], [ 541860.0, 413040.0 ], [ 541860.0, 412980.0 ], [ 541830.0, 412980.0 ], [ 541830.0, 412950.0 ], [ 541800.0, 412950.0 ], [ 541800.0, 412920.0 ], [ 541830.0, 412920.0 ], [ 541830.0, 412890.0 ], [ 541800.0, 412890.0 ], [ 541800.0, 412860.0 ], [ 541770.0, 412860.0 ], [ 541770.0, 412830.0 ], [ 541740.0, 412830.0 ], [ 541740.0, 412770.0 ], [ 541710.0, 412770.0 ], [ 541710.0, 412740.0 ], [ 541680.0, 412740.0 ], [ 541680.0, 412680.0 ], [ 541650.0, 412680.0 ], [ 541650.0, 412650.0 ], [ 541620.0, 412650.0 ], [ 541620.0, 412560.0 ], [ 541590.0, 412560.0 ], [ 541590.0, 412530.0 ], [ 541560.0, 412530.0 ], [ 541560.0, 412500.0 ], [ 541530.0, 412500.0 ], [ 541530.0, 412440.0 ], [ 541500.0, 412440.0 ], [ 541500.0, 412380.0 ], [ 541470.0, 412380.0 ], [ 541470.0, 412350.0 ], [ 541440.0, 412350.0 ], [ 541440.0, 412320.0 ], [ 541410.0, 412320.0 ], [ 541410.0, 412290.0 ], [ 541380.0, 412290.0 ], [ 541380.0, 412260.0 ], [ 541350.0, 412260.0 ], [ 541350.0, 412230.0 ], [ 541320.0, 412230.0 ], [ 541320.0, 412200.0 ], [ 541290.0, 412200.0 ], [ 541290.0, 412170.0 ], [ 541230.0, 412170.0 ], [ 541230.0, 412140.0 ], [ 541200.0, 412140.0 ], [ 541200.0, 412050.0 ], [ 541170.0, 412050.0 ], [ 541170.0, 412020.0 ], [ 541140.0, 412020.0 ], [ 541140.0, 411990.0 ], [ 541110.0, 411990.0 ], [ 541110.0, 411960.0 ], [ 541080.0, 411960.0 ], [ 541080.0, 411930.0 ], [ 541050.0, 411930.0 ], [ 541050.0, 411900.0 ], [ 541020.0, 411900.0 ], [ 541020.0, 411870.0 ], [ 540990.0, 411870.0 ], [ 540990.0, 411840.0 ], [ 540960.0, 411840.0 ], [ 540960.0, 411810.0 ], [ 540930.0, 411810.0 ], [ 540930.0, 411780.0 ], [ 540900.0, 411780.0 ], [ 540900.0, 411750.0 ], [ 540870.0, 411750.0 ], [ 540870.0, 411720.0 ], [ 540840.0, 411720.0 ], [ 540840.0, 411690.0 ], [ 540810.0, 411690.0 ], [ 540810.0, 411660.0 ], [ 540780.0, 411660.0 ], [ 540780.0, 411630.0 ], [ 540750.0, 411630.0 ], [ 540750.0, 411600.0 ], [ 540780.0, 411600.0 ], [ 540780.0, 411570.0 ], [ 540750.0, 411570.0 ], [ 540750.0, 411540.0 ], [ 540690.0, 411540.0 ], [ 540690.0, 411480.0 ], [ 540660.0, 411480.0 ], [ 540660.0, 411450.0 ], [ 540630.0, 411450.0 ], [ 540630.0, 411420.0 ], [ 540600.0, 411420.0 ], [ 540600.0, 411390.0 ], [ 540570.0, 411390.0 ], [ 540570.0, 411360.0 ], [ 540540.0, 411360.0 ], [ 540540.0, 411330.0 ], [ 540510.0, 411330.0 ], [ 540510.0, 411300.0 ], [ 540480.0, 411300.0 ], [ 540480.0, 411270.0 ], [ 540450.0, 411270.0 ], [ 540450.0, 411240.0 ], [ 540420.0, 411240.0 ], [ 540420.0, 411210.0 ], [ 540390.0, 411210.0 ], [ 540390.0, 411120.0 ], [ 540360.0, 411120.0 ], [ 540360.0, 411090.0 ], [ 540330.0, 411090.0 ], [ 540330.0, 411060.0 ], [ 540300.0, 411060.0 ], [ 540300.0, 411030.0 ], [ 540270.0, 411030.0 ], [ 540270.0, 410970.0 ], [ 540240.0, 410970.0 ], [ 540240.0, 410940.0 ], [ 540210.0, 410940.0 ], [ 540210.0, 410910.0 ], [ 540180.0, 410910.0 ], [ 540180.0, 410850.0 ], [ 540120.0, 410850.0 ], [ 540120.0, 410790.0 ], [ 540090.0, 410790.0 ], [ 540090.0, 410730.0 ], [ 540060.0, 410730.0 ], [ 540060.0, 410700.0 ], [ 540030.0, 410700.0 ], [ 540030.0, 410670.0 ], [ 540000.0, 410670.0 ], [ 540000.0, 410610.0 ], [ 539970.0, 410610.0 ], [ 539970.0, 410550.0 ], [ 539940.0, 410550.0 ], [ 539940.0, 410520.0 ], [ 539910.0, 410520.0 ], [ 539910.0, 410490.0 ], [ 539880.0, 410490.0 ], [ 539880.0, 410460.0 ], [ 539850.0, 410460.0 ], [ 539850.0, 410430.0 ], [ 539820.0, 410430.0 ], [ 539820.0, 410400.0 ], [ 539790.0, 410400.0 ], [ 539790.0, 410370.0 ], [ 539640.0, 410370.0 ], [ 539640.0, 410400.0 ], [ 539580.0, 410400.0 ], [ 539580.0, 410430.0 ], [ 539550.0, 410430.0 ], [ 539550.0, 410670.0 ], [ 539580.0, 410670.0 ], [ 539580.0, 410700.0 ], [ 539550.0, 410700.0 ], [ 539550.0, 410730.0 ], [ 539580.0, 410730.0 ], [ 539580.0, 410790.0 ], [ 539610.0, 410790.0 ], [ 539610.0, 410820.0 ], [ 539640.0, 410820.0 ], [ 539640.0, 410850.0 ], [ 539670.0, 410850.0 ], [ 539670.0, 410880.0 ], [ 539700.0, 410880.0 ], [ 539700.0, 410910.0 ], [ 539730.0, 410910.0 ], [ 539730.0, 410940.0 ], [ 539760.0, 410940.0 ], [ 539760.0, 410970.0 ], [ 539790.0, 410970.0 ], [ 539790.0, 411000.0 ], [ 539820.0, 411000.0 ], [ 539820.0, 411030.0 ], [ 539940.0, 411030.0 ], [ 539940.0, 411060.0 ], [ 539970.0, 411060.0 ], [ 539970.0, 411090.0 ], [ 540060.0, 411090.0 ], [ 540060.0, 411120.0 ], [ 540120.0, 411120.0 ], [ 540120.0, 411150.0 ], [ 540180.0, 411150.0 ], [ 540180.0, 411180.0 ], [ 540210.0, 411180.0 ], [ 540210.0, 411240.0 ], [ 540240.0, 411240.0 ], [ 540240.0, 411270.0 ], [ 540270.0, 411270.0 ], [ 540270.0, 411300.0 ], [ 540300.0, 411300.0 ], [ 540300.0, 411330.0 ], [ 540330.0, 411330.0 ], [ 540330.0, 411390.0 ], [ 540360.0, 411390.0 ], [ 540360.0, 411450.0 ], [ 540390.0, 411450.0 ], [ 540390.0, 411480.0 ], [ 540420.0, 411480.0 ], [ 540420.0, 411510.0 ], [ 540450.0, 411510.0 ], [ 540450.0, 411540.0 ], [ 540480.0, 411540.0 ], [ 540480.0, 411570.0 ], [ 540510.0, 411570.0 ], [ 540510.0, 411630.0 ], [ 540540.0, 411630.0 ], [ 540540.0, 411660.0 ], [ 540570.0, 411660.0 ], [ 540570.0, 411720.0 ], [ 540600.0, 411720.0 ], [ 540600.0, 411750.0 ], [ 540630.0, 411750.0 ], [ 540630.0, 411840.0 ], [ 540660.0, 411840.0 ], [ 540660.0, 411870.0 ], [ 540690.0, 411870.0 ], [ 540690.0, 411900.0 ], [ 540720.0, 411900.0 ], [ 540720.0, 411930.0 ], [ 540780.0, 411930.0 ], [ 540780.0, 411960.0 ], [ 540810.0, 411960.0 ], [ 540810.0, 412080.0 ], [ 540840.0, 412080.0 ], [ 540840.0, 412140.0 ], [ 540870.0, 412140.0 ], [ 540870.0, 412170.0 ], [ 540900.0, 412170.0 ], [ 540900.0, 412200.0 ], [ 540930.0, 412200.0 ], [ 540930.0, 412230.0 ], [ 540960.0, 412230.0 ], [ 540960.0, 412260.0 ], [ 541020.0, 412260.0 ], [ 541020.0, 412290.0 ], [ 541050.0, 412290.0 ], [ 541050.0, 412320.0 ], [ 541080.0, 412320.0 ], [ 541080.0, 412350.0 ], [ 541110.0, 412350.0 ], [ 541110.0, 412380.0 ], [ 541140.0, 412380.0 ], [ 541140.0, 412470.0 ], [ 541200.0, 412470.0 ], [ 541200.0, 412560.0 ], [ 541230.0, 412560.0 ], [ 541230.0, 412590.0 ], [ 541320.0, 412590.0 ], [ 541320.0, 412560.0 ], [ 541350.0, 412560.0 ], [ 541350.0, 412530.0 ], [ 541380.0, 412530.0 ], [ 541380.0, 412560.0 ], [ 541410.0, 412560.0 ], [ 541410.0, 412590.0 ], [ 541440.0, 412590.0 ], [ 541440.0, 412620.0 ], [ 541470.0, 412620.0 ], [ 541470.0, 412680.0 ], [ 541530.0, 412680.0 ], [ 541530.0, 412710.0 ], [ 541560.0, 412710.0 ], [ 541560.0, 412740.0 ], [ 541590.0, 412740.0 ], [ 541590.0, 412800.0 ], [ 541620.0, 412800.0 ], [ 541620.0, 412830.0 ], [ 541650.0, 412830.0 ], [ 541650.0, 412860.0 ], [ 541680.0, 412860.0 ], [ 541680.0, 412890.0 ], [ 541710.0, 412890.0 ], [ 541710.0, 412920.0 ], [ 541680.0, 412920.0 ], [ 541680.0, 412950.0 ], [ 541710.0, 412950.0 ], [ 541710.0, 412980.0 ], [ 541740.0, 412980.0 ], [ 541740.0, 413010.0 ], [ 541770.0, 413010.0 ], [ 541770.0, 413070.0 ], [ 541800.0, 413070.0 ], [ 541800.0, 413100.0 ], [ 541830.0, 413100.0 ], [ 541830.0, 413160.0 ], [ 541860.0, 413160.0 ], [ 541860.0, 413190.0 ], [ 541890.0, 413190.0 ], [ 541890.0, 413250.0 ], [ 541920.0, 413250.0 ], [ 541920.0, 413280.0 ], [ 541950.0, 413280.0 ], [ 541950.0, 413400.0 ], [ 541980.0, 413400.0 ], [ 541980.0, 413490.0 ], [ 542010.0, 413490.0 ], [ 542010.0, 413610.0 ], [ 542040.0, 413610.0 ], [ 542040.0, 413670.0 ], [ 542070.0, 413670.0 ], [ 542070.0, 413910.0 ], [ 542100.0, 413910.0 ], [ 542100.0, 414060.0 ], [ 542070.0, 414060.0 ], [ 542070.0, 414150.0 ], [ 542100.0, 414150.0 ], [ 542100.0, 414210.0 ], [ 542070.0, 414210.0 ], [ 542070.0, 414240.0 ], [ 542040.0, 414240.0 ], [ 542040.0, 414270.0 ], [ 542070.0, 414270.0 ], [ 542070.0, 414390.0 ], [ 542040.0, 414390.0 ], [ 542040.0, 414480.0 ], [ 542010.0, 414480.0 ], [ 542010.0, 414570.0 ], [ 541980.0, 414570.0 ], [ 541980.0, 414630.0 ], [ 541920.0, 414630.0 ], [ 541920.0, 414690.0 ], [ 541890.0, 414690.0 ], [ 541890.0, 414750.0 ], [ 541860.0, 414750.0 ], [ 541860.0, 414810.0 ], [ 541830.0, 414810.0 ], [ 541830.0, 414870.0 ], [ 541800.0, 414870.0 ], [ 541800.0, 414930.0 ], [ 541770.0, 414930.0 ], [ 541770.0, 414990.0 ], [ 541740.0, 414990.0 ], [ 541740.0, 415050.0 ], [ 541680.0, 415050.0 ], [ 541680.0, 415080.0 ], [ 541650.0, 415080.0 ], [ 541650.0, 415110.0 ], [ 541620.0, 415110.0 ], [ 541620.0, 415140.0 ], [ 541590.0, 415140.0 ], [ 541590.0, 415170.0 ], [ 541560.0, 415170.0 ], [ 541560.0, 415200.0 ], [ 541500.0, 415200.0 ], [ 541500.0, 415230.0 ], [ 541470.0, 415230.0 ], [ 541470.0, 415260.0 ], [ 541440.0, 415260.0 ], [ 541440.0, 415290.0 ], [ 541410.0, 415290.0 ], [ 541410.0, 415320.0 ], [ 541380.0, 415320.0 ], [ 541380.0, 415350.0 ], [ 541320.0, 415350.0 ], [ 541320.0, 415380.0 ], [ 541290.0, 415380.0 ], [ 541290.0, 415410.0 ], [ 541260.0, 415410.0 ], [ 541260.0, 415440.0 ], [ 541230.0, 415440.0 ], [ 541230.0, 415470.0 ], [ 541200.0, 415470.0 ], [ 541200.0, 415500.0 ], [ 541170.0, 415500.0 ], [ 541170.0, 415560.0 ], [ 541140.0, 415560.0 ], [ 541140.0, 415590.0 ], [ 541110.0, 415590.0 ], [ 541110.0, 415650.0 ], [ 541020.0, 415650.0 ], [ 541020.0, 415710.0 ], [ 540990.0, 415710.0 ], [ 540990.0, 415740.0 ], [ 540960.0, 415740.0 ], [ 540960.0, 415770.0 ], [ 540930.0, 415770.0 ], [ 540930.0, 415830.0 ], [ 540900.0, 415830.0 ], [ 540900.0, 415890.0 ], [ 540840.0, 415890.0 ], [ 540840.0, 415920.0 ], [ 540810.0, 415920.0 ], [ 540810.0, 415980.0 ], [ 540780.0, 415980.0 ], [ 540780.0, 416010.0 ], [ 540750.0, 416010.0 ], [ 540750.0, 416070.0 ], [ 540720.0, 416070.0 ], [ 540720.0, 416100.0 ], [ 540690.0, 416100.0 ], [ 540690.0, 416130.0 ], [ 540660.0, 416130.0 ], [ 540660.0, 416160.0 ], [ 540510.0, 416160.0 ], [ 540510.0, 416190.0 ], [ 540390.0, 416190.0 ], [ 540390.0, 416220.0 ], [ 540360.0, 416220.0 ], [ 540360.0, 416250.0 ], [ 540330.0, 416250.0 ], [ 540330.0, 416280.0 ], [ 540270.0, 416280.0 ], [ 540270.0, 416310.0 ], [ 540240.0, 416310.0 ], [ 540240.0, 416340.0 ], [ 540210.0, 416340.0 ], [ 540210.0, 416370.0 ], [ 540180.0, 416370.0 ], [ 540180.0, 416400.0 ], [ 540150.0, 416400.0 ], [ 540150.0, 416430.0 ], [ 540120.0, 416430.0 ], [ 540120.0, 416460.0 ], [ 540090.0, 416460.0 ], [ 540090.0, 416490.0 ], [ 540060.0, 416490.0 ], [ 540060.0, 416520.0 ], [ 540030.0, 416520.0 ], [ 540030.0, 416550.0 ], [ 540000.0, 416550.0 ], [ 540000.0, 416580.0 ], [ 539970.0, 416580.0 ], [ 539970.0, 416610.0 ], [ 539940.0, 416610.0 ], [ 539940.0, 416640.0 ], [ 539910.0, 416640.0 ], [ 539910.0, 416670.0 ], [ 539880.0, 416670.0 ], [ 539880.0, 416700.0 ], [ 539820.0, 416700.0 ], [ 539820.0, 416730.0 ], [ 539790.0, 416730.0 ], [ 539790.0, 416760.0 ], [ 539730.0, 416760.0 ], [ 539730.0, 416790.0 ], [ 539670.0, 416790.0 ], [ 539670.0, 416820.0 ], [ 539640.0, 416820.0 ], [ 539640.0, 416880.0 ], [ 539610.0, 416880.0 ], [ 539610.0, 416910.0 ], [ 539580.0, 416910.0 ], [ 539580.0, 416940.0 ], [ 539520.0, 416940.0 ], [ 539520.0, 416970.0 ], [ 539460.0, 416970.0 ], [ 539460.0, 417030.0 ], [ 539430.0, 417030.0 ], [ 539430.0, 417060.0 ], [ 539400.0, 417060.0 ], [ 539400.0, 417090.0 ], [ 539310.0, 417090.0 ], [ 539310.0, 417120.0 ], [ 539220.0, 417120.0 ], [ 539220.0, 417150.0 ], [ 539160.0, 417150.0 ], [ 539160.0, 417180.0 ], [ 539130.0, 417180.0 ], [ 539130.0, 417210.0 ], [ 539100.0, 417210.0 ], [ 539100.0, 417240.0 ], [ 539040.0, 417240.0 ], [ 539040.0, 417270.0 ], [ 539010.0, 417270.0 ], [ 539010.0, 417300.0 ], [ 538950.0, 417300.0 ], [ 538950.0, 417330.0 ], [ 538920.0, 417330.0 ], [ 538920.0, 417360.0 ], [ 538890.0, 417360.0 ], [ 538890.0, 417330.0 ], [ 538860.0, 417330.0 ], [ 538860.0, 417360.0 ], [ 538830.0, 417360.0 ], [ 538830.0, 417390.0 ], [ 538770.0, 417390.0 ], [ 538770.0, 417420.0 ], [ 538680.0, 417420.0 ], [ 538680.0, 417450.0 ], [ 538650.0, 417450.0 ], [ 538650.0, 417480.0 ], [ 538590.0, 417480.0 ], [ 538590.0, 417510.0 ], [ 538530.0, 417510.0 ], [ 538530.0, 417540.0 ], [ 538440.0, 417540.0 ], [ 538440.0, 417570.0 ], [ 538380.0, 417570.0 ], [ 538380.0, 417600.0 ], [ 538350.0, 417600.0 ], [ 538350.0, 417630.0 ], [ 538320.0, 417630.0 ], [ 538320.0, 417660.0 ], [ 538290.0, 417660.0 ], [ 538290.0, 417690.0 ], [ 538230.0, 417690.0 ], [ 538230.0, 417720.0 ], [ 538170.0, 417720.0 ], [ 538170.0, 417750.0 ], [ 538110.0, 417750.0 ], [ 538110.0, 417780.0 ], [ 538050.0, 417780.0 ], [ 538050.0, 417810.0 ], [ 538020.0, 417810.0 ], [ 538020.0, 417780.0 ], [ 537990.0, 417780.0 ], [ 537990.0, 417810.0 ], [ 537960.0, 417810.0 ], [ 537960.0, 417840.0 ], [ 537900.0, 417840.0 ], [ 537900.0, 417870.0 ], [ 537870.0, 417870.0 ], [ 537870.0, 417900.0 ], [ 537810.0, 417900.0 ], [ 537810.0, 417930.0 ], [ 537750.0, 417930.0 ], [ 537750.0, 417960.0 ], [ 537690.0, 417960.0 ], [ 537690.0, 417990.0 ], [ 537630.0, 417990.0 ], [ 537630.0, 418020.0 ], [ 537600.0, 418020.0 ], [ 537600.0, 417990.0 ], [ 537570.0, 417990.0 ], [ 537570.0, 418020.0 ], [ 537480.0, 418020.0 ], [ 537480.0, 418050.0 ], [ 537420.0, 418050.0 ], [ 537420.0, 418080.0 ], [ 537360.0, 418080.0 ], [ 537360.0, 418110.0 ], [ 537300.0, 418110.0 ], [ 537300.0, 418140.0 ], [ 537240.0, 418140.0 ], [ 537240.0, 418170.0 ], [ 537150.0, 418170.0 ], [ 537150.0, 418140.0 ], [ 537060.0, 418140.0 ], [ 537060.0, 418170.0 ], [ 536940.0, 418170.0 ], [ 536940.0, 418200.0 ], [ 536910.0, 418200.0 ], [ 536910.0, 418230.0 ], [ 536850.0, 418230.0 ], [ 536850.0, 418260.0 ], [ 536790.0, 418260.0 ], [ 536790.0, 418290.0 ], [ 536610.0, 418290.0 ], [ 536610.0, 418320.0 ], [ 536550.0, 418320.0 ], [ 536550.0, 418350.0 ], [ 536400.0, 418350.0 ], [ 536400.0, 418380.0 ], [ 536310.0, 418380.0 ], [ 536310.0, 418350.0 ], [ 536250.0, 418350.0 ], [ 536250.0, 418380.0 ], [ 536130.0, 418380.0 ], [ 536130.0, 418410.0 ], [ 536010.0, 418410.0 ], [ 536010.0, 418440.0 ], [ 535890.0, 418440.0 ], [ 535890.0, 418470.0 ], [ 535860.0, 418470.0 ], [ 535860.0, 418440.0 ], [ 535770.0, 418440.0 ], [ 535770.0, 418470.0 ], [ 535650.0, 418470.0 ], [ 535650.0, 418500.0 ], [ 535500.0, 418500.0 ], [ 535500.0, 418530.0 ], [ 535290.0, 418530.0 ], [ 535290.0, 418560.0 ], [ 535230.0, 418560.0 ], [ 535230.0, 418590.0 ], [ 535080.0, 418590.0 ], [ 535080.0, 418620.0 ], [ 535050.0, 418620.0 ], [ 535050.0, 418590.0 ], [ 535020.0, 418590.0 ], [ 535020.0, 418560.0 ], [ 534870.0, 418560.0 ], [ 534870.0, 418590.0 ], [ 534750.0, 418590.0 ], [ 534750.0, 418560.0 ], [ 534660.0, 418560.0 ], [ 534660.0, 418530.0 ], [ 534630.0, 418530.0 ], [ 534630.0, 418560.0 ], [ 534600.0, 418560.0 ], [ 534600.0, 418590.0 ], [ 534570.0, 418590.0 ], [ 534570.0, 418560.0 ], [ 534510.0, 418560.0 ], [ 534510.0, 418530.0 ], [ 534450.0, 418530.0 ], [ 534450.0, 418560.0 ], [ 534150.0, 418560.0 ], [ 534150.0, 418500.0 ], [ 534120.0, 418500.0 ], [ 534120.0, 418530.0 ], [ 534060.0, 418530.0 ], [ 534060.0, 418500.0 ], [ 534030.0, 418500.0 ], [ 534030.0, 418470.0 ], [ 533820.0, 418470.0 ], [ 533820.0, 418410.0 ], [ 533790.0, 418410.0 ], [ 533790.0, 418440.0 ], [ 533730.0, 418440.0 ], [ 533730.0, 418410.0 ], [ 533700.0, 418410.0 ], [ 533700.0, 418380.0 ], [ 533580.0, 418380.0 ], [ 533580.0, 418350.0 ], [ 533430.0, 418350.0 ], [ 533430.0, 418320.0 ], [ 533340.0, 418320.0 ], [ 533340.0, 418290.0 ], [ 533280.0, 418290.0 ], [ 533280.0, 418320.0 ], [ 533220.0, 418320.0 ], [ 533220.0, 418350.0 ], [ 533190.0, 418350.0 ], [ 533190.0, 418260.0 ], [ 532920.0, 418260.0 ], [ 532920.0, 418230.0 ], [ 532890.0, 418230.0 ], [ 532890.0, 418200.0 ], [ 532740.0, 418200.0 ], [ 532740.0, 418170.0 ], [ 532710.0, 418170.0 ], [ 532710.0, 418200.0 ], [ 532620.0, 418200.0 ], [ 532620.0, 418170.0 ], [ 532470.0, 418170.0 ], [ 532470.0, 418110.0 ], [ 532320.0, 418110.0 ], [ 532320.0, 418080.0 ], [ 532230.0, 418080.0 ], [ 532230.0, 418050.0 ], [ 532140.0, 418050.0 ], [ 532140.0, 418020.0 ], [ 532050.0, 418020.0 ], [ 532050.0, 417960.0 ], [ 531960.0, 417960.0 ], [ 531960.0, 417930.0 ], [ 531870.0, 417930.0 ], [ 531870.0, 417900.0 ], [ 531780.0, 417900.0 ], [ 531780.0, 417870.0 ], [ 531720.0, 417870.0 ], [ 531720.0, 417840.0 ], [ 531630.0, 417840.0 ], [ 531630.0, 417780.0 ], [ 531540.0, 417780.0 ], [ 531540.0, 417750.0 ], [ 531450.0, 417750.0 ], [ 531450.0, 417720.0 ], [ 531390.0, 417720.0 ], [ 531390.0, 417690.0 ], [ 531360.0, 417690.0 ], [ 531360.0, 417660.0 ], [ 531240.0, 417660.0 ], [ 531240.0, 417630.0 ], [ 531210.0, 417630.0 ], [ 531210.0, 417600.0 ], [ 531120.0, 417600.0 ], [ 531120.0, 417570.0 ], [ 531060.0, 417570.0 ], [ 531060.0, 417600.0 ], [ 531030.0, 417600.0 ], [ 531030.0, 417570.0 ], [ 530970.0, 417570.0 ], [ 530970.0, 417510.0 ], [ 530880.0, 417510.0 ], [ 530880.0, 417540.0 ], [ 530760.0, 417540.0 ], [ 530760.0, 417480.0 ], [ 530640.0, 417480.0 ], [ 530640.0, 417450.0 ], [ 530550.0, 417450.0 ], [ 530550.0, 417420.0 ], [ 530490.0, 417420.0 ], [ 530490.0, 417390.0 ], [ 530430.0, 417390.0 ], [ 530430.0, 417330.0 ], [ 530370.0, 417330.0 ], [ 530370.0, 417300.0 ], [ 530340.0, 417300.0 ], [ 530340.0, 417270.0 ], [ 530280.0, 417270.0 ], [ 530280.0, 417240.0 ], [ 530220.0, 417240.0 ], [ 530220.0, 417210.0 ], [ 530130.0, 417210.0 ], [ 530130.0, 417180.0 ], [ 530070.0, 417180.0 ], [ 530070.0, 417150.0 ], [ 529950.0, 417150.0 ], [ 529950.0, 417120.0 ], [ 529920.0, 417120.0 ], [ 529920.0, 417090.0 ], [ 529890.0, 417090.0 ], [ 529890.0, 417060.0 ], [ 529770.0, 417060.0 ], [ 529770.0, 417030.0 ], [ 529680.0, 417030.0 ], [ 529680.0, 417000.0 ], [ 529650.0, 417000.0 ], [ 529650.0, 416970.0 ], [ 529560.0, 416970.0 ], [ 529560.0, 416940.0 ], [ 529500.0, 416940.0 ], [ 529500.0, 416910.0 ], [ 529410.0, 416910.0 ], [ 529410.0, 416880.0 ], [ 529230.0, 416880.0 ], [ 529230.0, 416850.0 ], [ 529140.0, 416850.0 ], [ 529140.0, 416820.0 ], [ 529080.0, 416820.0 ], [ 529080.0, 416790.0 ], [ 529050.0, 416790.0 ], [ 529050.0, 416760.0 ], [ 528990.0, 416760.0 ], [ 528990.0, 416700.0 ], [ 529020.0, 416700.0 ], [ 529020.0, 416670.0 ], [ 529080.0, 416670.0 ], [ 529080.0, 416730.0 ], [ 529110.0, 416730.0 ], [ 529110.0, 416700.0 ], [ 529140.0, 416700.0 ], [ 529140.0, 416670.0 ], [ 529110.0, 416670.0 ], [ 529110.0, 416640.0 ], [ 529050.0, 416640.0 ], [ 529050.0, 416610.0 ], [ 528900.0, 416610.0 ], [ 528900.0, 416580.0 ], [ 528840.0, 416580.0 ], [ 528840.0, 416550.0 ], [ 528750.0, 416550.0 ], [ 528750.0, 416520.0 ], [ 528660.0, 416520.0 ], [ 528660.0, 416490.0 ], [ 528480.0, 416490.0 ], [ 528480.0, 416520.0 ], [ 528390.0, 416520.0 ], [ 528390.0, 416550.0 ], [ 528270.0, 416550.0 ], [ 528270.0, 416520.0 ], [ 528090.0, 416520.0 ], [ 528090.0, 416550.0 ], [ 527850.0, 416550.0 ], [ 527850.0, 416580.0 ], [ 527820.0, 416580.0 ], [ 527820.0, 416550.0 ], [ 527700.0, 416550.0 ], [ 527700.0, 416580.0 ], [ 527550.0, 416580.0 ], [ 527550.0, 416610.0 ], [ 527430.0, 416610.0 ], [ 527430.0, 416640.0 ], [ 527400.0, 416640.0 ], [ 527400.0, 416610.0 ], [ 527280.0, 416610.0 ], [ 527280.0, 416640.0 ], [ 527130.0, 416640.0 ], [ 527130.0, 416670.0 ], [ 527040.0, 416670.0 ], [ 527040.0, 416700.0 ], [ 526950.0, 416700.0 ], [ 526950.0, 416670.0 ], [ 526890.0, 416670.0 ], [ 526890.0, 416700.0 ], [ 526770.0, 416700.0 ], [ 526770.0, 416730.0 ], [ 526680.0, 416730.0 ], [ 526680.0, 416760.0 ], [ 526590.0, 416760.0 ], [ 526590.0, 416790.0 ], [ 526530.0, 416790.0 ], [ 526530.0, 416760.0 ], [ 526470.0, 416760.0 ], [ 526470.0, 416790.0 ], [ 526350.0, 416790.0 ], [ 526350.0, 416820.0 ], [ 526290.0, 416820.0 ], [ 526290.0, 416850.0 ], [ 526080.0, 416850.0 ], [ 526080.0, 416880.0 ], [ 525960.0, 416880.0 ], [ 525960.0, 416910.0 ], [ 525900.0, 416910.0 ], [ 525900.0, 416940.0 ], [ 525810.0, 416940.0 ], [ 525810.0, 416970.0 ], [ 525750.0, 416970.0 ], [ 525750.0, 417000.0 ], [ 525690.0, 417000.0 ], [ 525690.0, 417030.0 ], [ 525660.0, 417030.0 ], [ 525660.0, 417000.0 ], [ 525600.0, 417000.0 ], [ 525600.0, 417030.0 ], [ 525540.0, 417030.0 ], [ 525540.0, 417060.0 ], [ 525480.0, 417060.0 ], [ 525480.0, 417090.0 ], [ 525420.0, 417090.0 ], [ 525420.0, 417120.0 ], [ 525360.0, 417120.0 ], [ 525360.0, 417150.0 ], [ 525300.0, 417150.0 ], [ 525300.0, 417180.0 ], [ 525270.0, 417180.0 ], [ 525270.0, 417210.0 ], [ 525240.0, 417210.0 ], [ 525240.0, 417180.0 ], [ 525210.0, 417180.0 ], [ 525210.0, 417210.0 ], [ 525180.0, 417210.0 ], [ 525180.0, 417240.0 ], [ 525150.0, 417240.0 ], [ 525150.0, 417270.0 ], [ 525090.0, 417270.0 ], [ 525090.0, 417300.0 ], [ 525060.0, 417300.0 ], [ 525060.0, 417330.0 ], [ 525030.0, 417330.0 ], [ 525030.0, 417360.0 ], [ 525000.0, 417360.0 ], [ 525000.0, 417390.0 ], [ 524970.0, 417390.0 ], [ 524970.0, 417420.0 ], [ 524910.0, 417420.0 ], [ 524910.0, 417450.0 ], [ 524880.0, 417450.0 ], [ 524880.0, 417480.0 ], [ 524850.0, 417480.0 ], [ 524850.0, 417510.0 ], [ 524730.0, 417510.0 ], [ 524730.0, 417540.0 ], [ 524700.0, 417540.0 ], [ 524700.0, 417570.0 ], [ 524670.0, 417570.0 ], [ 524670.0, 417600.0 ], [ 524640.0, 417600.0 ], [ 524640.0, 417630.0 ], [ 524610.0, 417630.0 ], [ 524610.0, 417660.0 ], [ 524580.0, 417660.0 ], [ 524580.0, 417690.0 ], [ 524520.0, 417690.0 ], [ 524520.0, 417720.0 ], [ 524490.0, 417720.0 ], [ 524490.0, 417750.0 ], [ 524460.0, 417750.0 ], [ 524460.0, 417780.0 ], [ 524430.0, 417780.0 ], [ 524430.0, 417810.0 ], [ 524400.0, 417810.0 ], [ 524400.0, 417840.0 ], [ 524340.0, 417840.0 ], [ 524340.0, 417870.0 ], [ 524310.0, 417870.0 ], [ 524310.0, 417900.0 ], [ 524250.0, 417900.0 ], [ 524250.0, 417930.0 ], [ 524220.0, 417930.0 ], [ 524220.0, 417960.0 ], [ 524190.0, 417960.0 ], [ 524190.0, 417990.0 ], [ 524160.0, 417990.0 ], [ 524160.0, 418020.0 ], [ 524130.0, 418020.0 ], [ 524130.0, 418050.0 ], [ 524100.0, 418050.0 ], [ 524100.0, 418080.0 ], [ 524070.0, 418080.0 ], [ 524070.0, 418110.0 ], [ 524040.0, 418110.0 ], [ 524040.0, 418170.0 ], [ 523980.0, 418170.0 ], [ 523980.0, 418200.0 ], [ 523950.0, 418200.0 ], [ 523950.0, 418230.0 ], [ 523920.0, 418230.0 ], [ 523920.0, 418260.0 ], [ 523890.0, 418260.0 ], [ 523890.0, 418290.0 ], [ 523860.0, 418290.0 ], [ 523860.0, 418320.0 ], [ 523800.0, 418320.0 ], [ 523800.0, 418350.0 ], [ 523710.0, 418350.0 ], [ 523710.0, 418410.0 ], [ 523680.0, 418410.0 ], [ 523680.0, 418440.0 ], [ 523710.0, 418440.0 ], [ 523710.0, 418470.0 ], [ 523680.0, 418470.0 ], [ 523680.0, 418500.0 ], [ 523650.0, 418500.0 ], [ 523650.0, 418560.0 ], [ 523620.0, 418560.0 ], [ 523620.0, 418590.0 ], [ 523590.0, 418590.0 ], [ 523590.0, 418560.0 ], [ 523560.0, 418560.0 ], [ 523560.0, 418530.0 ], [ 523530.0, 418530.0 ], [ 523530.0, 418590.0 ], [ 523500.0, 418590.0 ], [ 523500.0, 418650.0 ], [ 523530.0, 418650.0 ], [ 523530.0, 418680.0 ], [ 523440.0, 418680.0 ], [ 523440.0, 418740.0 ], [ 523410.0, 418740.0 ], [ 523410.0, 418770.0 ], [ 523380.0, 418770.0 ], [ 523380.0, 418800.0 ], [ 523350.0, 418800.0 ], [ 523350.0, 418830.0 ], [ 523320.0, 418830.0 ], [ 523320.0, 418860.0 ], [ 523290.0, 418860.0 ], [ 523290.0, 418890.0 ], [ 523260.0, 418890.0 ], [ 523260.0, 418920.0 ], [ 523230.0, 418920.0 ], [ 523230.0, 418950.0 ], [ 523200.0, 418950.0 ], [ 523200.0, 419010.0 ], [ 523140.0, 419010.0 ], [ 523140.0, 419040.0 ], [ 523110.0, 419040.0 ], [ 523110.0, 419070.0 ], [ 523080.0, 419070.0 ], [ 523080.0, 419100.0 ], [ 523050.0, 419100.0 ], [ 523050.0, 419160.0 ], [ 523020.0, 419160.0 ], [ 523020.0, 419190.0 ], [ 522990.0, 419190.0 ], [ 522990.0, 419220.0 ], [ 522960.0, 419220.0 ], [ 522960.0, 419250.0 ], [ 522930.0, 419250.0 ], [ 522930.0, 419280.0 ], [ 522900.0, 419280.0 ], [ 522900.0, 419310.0 ], [ 522870.0, 419310.0 ], [ 522870.0, 419340.0 ], [ 522840.0, 419340.0 ], [ 522840.0, 419370.0 ], [ 522810.0, 419370.0 ], [ 522810.0, 419400.0 ], [ 522780.0, 419400.0 ], [ 522780.0, 419430.0 ], [ 522750.0, 419430.0 ], [ 522750.0, 419460.0 ], [ 522720.0, 419460.0 ], [ 522720.0, 419520.0 ], [ 522660.0, 419520.0 ], [ 522660.0, 419550.0 ], [ 522630.0, 419550.0 ], [ 522630.0, 419580.0 ], [ 522600.0, 419580.0 ], [ 522600.0, 419610.0 ], [ 522570.0, 419610.0 ], [ 522570.0, 419640.0 ], [ 522540.0, 419640.0 ], [ 522540.0, 419670.0 ], [ 522510.0, 419670.0 ], [ 522510.0, 419700.0 ], [ 522480.0, 419700.0 ], [ 522480.0, 419730.0 ], [ 522450.0, 419730.0 ], [ 522450.0, 419760.0 ], [ 522420.0, 419760.0 ], [ 522420.0, 419790.0 ], [ 522390.0, 419790.0 ], [ 522390.0, 419820.0 ], [ 522360.0, 419820.0 ], [ 522360.0, 419850.0 ], [ 522330.0, 419850.0 ], [ 522330.0, 419880.0 ], [ 522300.0, 419880.0 ], [ 522300.0, 419910.0 ], [ 522270.0, 419910.0 ], [ 522270.0, 419970.0 ], [ 522240.0, 419970.0 ], [ 522240.0, 420000.0 ], [ 522210.0, 420000.0 ], [ 522210.0, 420060.0 ], [ 522180.0, 420060.0 ], [ 522180.0, 420090.0 ], [ 522150.0, 420090.0 ], [ 522150.0, 420150.0 ], [ 522120.0, 420150.0 ], [ 522120.0, 420180.0 ], [ 522090.0, 420180.0 ], [ 522090.0, 420210.0 ], [ 522060.0, 420210.0 ], [ 522060.0, 420240.0 ], [ 522000.0, 420240.0 ], [ 522000.0, 420300.0 ], [ 521970.0, 420300.0 ], [ 521970.0, 420240.0 ], [ 521910.0, 420240.0 ], [ 521910.0, 420180.0 ], [ 521850.0, 420180.0 ], [ 521850.0, 420210.0 ], [ 521820.0, 420210.0 ], [ 521820.0, 420240.0 ], [ 521850.0, 420240.0 ], [ 521850.0, 420300.0 ], [ 521880.0, 420300.0 ], [ 521880.0, 420360.0 ], [ 521850.0, 420360.0 ], [ 521850.0, 420420.0 ], [ 521790.0, 420420.0 ], [ 521790.0, 420450.0 ], [ 521760.0, 420450.0 ], [ 521760.0, 420480.0 ], [ 521640.0, 420480.0 ], [ 521640.0, 420540.0 ], [ 521550.0, 420540.0 ], [ 521550.0, 420570.0 ], [ 521520.0, 420570.0 ], [ 521520.0, 420510.0 ], [ 521430.0, 420510.0 ], [ 521430.0, 420540.0 ], [ 521460.0, 420540.0 ], [ 521460.0, 420570.0 ], [ 521400.0, 420570.0 ], [ 521400.0, 420540.0 ], [ 521340.0, 420540.0 ], [ 521340.0, 420570.0 ], [ 521280.0, 420570.0 ], [ 521280.0, 420540.0 ], [ 521250.0, 420540.0 ], [ 521250.0, 420600.0 ], [ 521280.0, 420600.0 ], [ 521280.0, 420720.0 ], [ 521310.0, 420720.0 ], [ 521310.0, 420810.0 ], [ 521340.0, 420810.0 ], [ 521340.0, 420840.0 ], [ 521310.0, 420840.0 ], [ 521310.0, 420900.0 ], [ 521280.0, 420900.0 ], [ 521280.0, 420930.0 ], [ 521220.0, 420930.0 ], [ 521220.0, 420960.0 ], [ 521190.0, 420960.0 ], [ 521190.0, 420990.0 ], [ 521160.0, 420990.0 ], [ 521160.0, 421020.0 ], [ 521130.0, 421020.0 ], [ 521130.0, 421050.0 ], [ 521100.0, 421050.0 ], [ 521100.0, 421080.0 ], [ 521070.0, 421080.0 ], [ 521070.0, 421110.0 ], [ 521040.0, 421110.0 ], [ 521040.0, 421170.0 ], [ 520980.0, 421170.0 ], [ 520980.0, 421200.0 ], [ 521010.0, 421200.0 ], [ 521010.0, 421230.0 ], [ 520980.0, 421230.0 ], [ 520980.0, 421290.0 ], [ 520860.0, 421290.0 ], [ 520860.0, 421320.0 ], [ 520830.0, 421320.0 ], [ 520830.0, 421260.0 ], [ 520860.0, 421260.0 ], [ 520860.0, 421230.0 ], [ 520890.0, 421230.0 ], [ 520890.0, 421170.0 ], [ 520920.0, 421170.0 ], [ 520920.0, 421140.0 ], [ 520950.0, 421140.0 ], [ 520950.0, 421110.0 ], [ 520980.0, 421110.0 ], [ 520980.0, 421140.0 ], [ 521010.0, 421140.0 ], [ 521010.0, 421050.0 ], [ 520980.0, 421050.0 ], [ 520980.0, 420960.0 ], [ 520950.0, 420960.0 ], [ 520950.0, 420930.0 ], [ 520920.0, 420930.0 ], [ 520920.0, 420960.0 ], [ 520890.0, 420960.0 ], [ 520890.0, 420930.0 ], [ 520860.0, 420930.0 ], [ 520860.0, 420960.0 ], [ 520830.0, 420960.0 ], [ 520830.0, 420990.0 ], [ 520770.0, 420990.0 ], [ 520770.0, 421020.0 ], [ 520740.0, 421020.0 ], [ 520740.0, 421050.0 ], [ 520710.0, 421050.0 ], [ 520710.0, 421110.0 ], [ 520680.0, 421110.0 ], [ 520680.0, 421050.0 ], [ 520650.0, 421050.0 ], [ 520650.0, 421080.0 ], [ 520620.0, 421080.0 ], [ 520620.0, 421110.0 ], [ 520560.0, 421110.0 ], [ 520560.0, 421140.0 ], [ 520530.0, 421140.0 ], [ 520530.0, 421200.0 ], [ 520470.0, 421200.0 ], [ 520470.0, 421350.0 ], [ 520440.0, 421350.0 ], [ 520440.0, 421380.0 ], [ 520410.0, 421380.0 ], [ 520410.0, 421320.0 ], [ 520380.0, 421320.0 ], [ 520380.0, 421410.0 ], [ 520260.0, 421410.0 ], [ 520260.0, 421440.0 ], [ 520230.0, 421440.0 ], [ 520230.0, 421470.0 ], [ 520200.0, 421470.0 ], [ 520200.0, 421500.0 ], [ 520230.0, 421500.0 ], [ 520230.0, 421530.0 ], [ 520290.0, 421530.0 ], [ 520290.0, 421560.0 ], [ 520260.0, 421560.0 ], [ 520260.0, 421590.0 ], [ 520170.0, 421590.0 ], [ 520170.0, 421620.0 ], [ 520140.0, 421620.0 ], [ 520140.0, 421710.0 ], [ 520230.0, 421710.0 ], [ 520230.0, 421680.0 ], [ 520290.0, 421680.0 ], [ 520290.0, 421710.0 ], [ 520320.0, 421710.0 ], [ 520320.0, 421830.0 ], [ 520350.0, 421830.0 ], [ 520350.0, 421860.0 ], [ 520320.0, 421860.0 ], [ 520320.0, 421950.0 ], [ 520350.0, 421950.0 ], [ 520350.0, 421980.0 ], [ 520380.0, 421980.0 ], [ 520380.0, 422010.0 ], [ 520350.0, 422010.0 ], [ 520350.0, 422100.0 ], [ 520380.0, 422100.0 ], [ 520380.0, 422070.0 ], [ 520410.0, 422070.0 ], [ 520410.0, 422160.0 ], [ 520380.0, 422160.0 ], [ 520380.0, 422220.0 ], [ 520350.0, 422220.0 ], [ 520350.0, 422190.0 ], [ 520320.0, 422190.0 ], [ 520320.0, 422100.0 ], [ 520290.0, 422100.0 ], [ 520290.0, 422130.0 ], [ 520230.0, 422130.0 ], [ 520230.0, 422160.0 ], [ 520170.0, 422160.0 ], [ 520170.0, 422130.0 ], [ 520050.0, 422130.0 ], [ 520050.0, 422100.0 ], [ 520020.0, 422100.0 ], [ 520020.0, 422070.0 ], [ 519960.0, 422070.0 ], [ 519960.0, 422040.0 ], [ 519990.0, 422040.0 ], [ 519990.0, 421920.0 ], [ 520020.0, 421920.0 ], [ 520020.0, 421890.0 ], [ 519990.0, 421890.0 ], [ 519990.0, 421860.0 ], [ 519960.0, 421860.0 ], [ 519960.0, 421800.0 ], [ 519870.0, 421800.0 ], [ 519870.0, 421860.0 ], [ 519840.0, 421860.0 ], [ 519840.0, 421890.0 ], [ 519810.0, 421890.0 ], [ 519810.0, 422010.0 ], [ 519750.0, 422010.0 ], [ 519750.0, 422040.0 ], [ 519630.0, 422040.0 ], [ 519630.0, 422070.0 ], [ 519540.0, 422070.0 ], [ 519540.0, 422100.0 ], [ 519510.0, 422100.0 ], [ 519510.0, 422220.0 ], [ 519480.0, 422220.0 ], [ 519480.0, 422250.0 ], [ 519450.0, 422250.0 ], [ 519450.0, 422280.0 ], [ 519420.0, 422280.0 ], [ 519420.0, 422310.0 ], [ 519390.0, 422310.0 ], [ 519390.0, 422370.0 ], [ 519360.0, 422370.0 ], [ 519360.0, 422430.0 ], [ 519300.0, 422430.0 ], [ 519300.0, 422460.0 ], [ 519270.0, 422460.0 ], [ 519270.0, 422520.0 ], [ 519240.0, 422520.0 ], [ 519240.0, 422550.0 ], [ 519210.0, 422550.0 ], [ 519210.0, 422610.0 ], [ 519180.0, 422610.0 ], [ 519180.0, 422700.0 ], [ 519120.0, 422700.0 ], [ 519120.0, 422730.0 ], [ 519060.0, 422730.0 ], [ 519060.0, 422760.0 ], [ 519090.0, 422760.0 ], [ 519090.0, 422850.0 ], [ 519120.0, 422850.0 ], [ 519120.0, 422880.0 ], [ 519090.0, 422880.0 ], [ 519090.0, 422910.0 ], [ 519120.0, 422910.0 ], [ 519120.0, 422970.0 ], [ 519090.0, 422970.0 ], [ 519090.0, 423000.0 ], [ 519060.0, 423000.0 ], [ 519060.0, 423090.0 ], [ 519030.0, 423090.0 ], [ 519030.0, 423150.0 ], [ 519000.0, 423150.0 ], [ 519000.0, 423120.0 ], [ 518970.0, 423120.0 ], [ 518970.0, 423030.0 ], [ 518940.0, 423030.0 ], [ 518940.0, 423060.0 ], [ 518820.0, 423060.0 ], [ 518820.0, 423120.0 ], [ 518880.0, 423120.0 ], [ 518880.0, 423150.0 ], [ 518940.0, 423150.0 ], [ 518940.0, 423180.0 ], [ 518910.0, 423180.0 ], [ 518910.0, 423210.0 ], [ 518880.0, 423210.0 ], [ 518880.0, 423240.0 ], [ 518910.0, 423240.0 ], [ 518910.0, 423270.0 ], [ 518880.0, 423270.0 ], [ 518880.0, 423300.0 ], [ 518940.0, 423300.0 ], [ 518940.0, 423330.0 ], [ 519000.0, 423330.0 ], [ 519000.0, 423240.0 ], [ 519030.0, 423240.0 ], [ 519030.0, 423390.0 ], [ 519000.0, 423390.0 ], [ 519000.0, 423450.0 ], [ 518970.0, 423450.0 ], [ 518970.0, 423480.0 ], [ 518940.0, 423480.0 ], [ 518940.0, 423510.0 ], [ 518910.0, 423510.0 ], [ 518910.0, 423540.0 ], [ 518880.0, 423540.0 ], [ 518880.0, 423570.0 ], [ 518820.0, 423570.0 ], [ 518820.0, 423630.0 ], [ 518850.0, 423630.0 ], [ 518850.0, 423660.0 ], [ 518820.0, 423660.0 ], [ 518820.0, 423720.0 ], [ 518790.0, 423720.0 ], [ 518790.0, 423750.0 ], [ 518760.0, 423750.0 ], [ 518760.0, 423780.0 ], [ 518730.0, 423780.0 ], [ 518730.0, 423840.0 ], [ 518700.0, 423840.0 ], [ 518700.0, 423900.0 ], [ 518670.0, 423900.0 ], [ 518670.0, 423930.0 ], [ 518640.0, 423930.0 ], [ 518640.0, 423960.0 ], [ 518610.0, 423960.0 ], [ 518610.0, 424020.0 ], [ 518580.0, 424020.0 ], [ 518580.0, 424050.0 ], [ 518550.0, 424050.0 ], [ 518550.0, 424080.0 ], [ 518520.0, 424080.0 ], [ 518520.0, 424110.0 ], [ 518490.0, 424110.0 ], [ 518490.0, 424140.0 ], [ 518460.0, 424140.0 ], [ 518460.0, 424170.0 ], [ 518430.0, 424170.0 ], [ 518430.0, 424200.0 ], [ 518400.0, 424200.0 ], [ 518400.0, 424230.0 ], [ 518340.0, 424230.0 ], [ 518340.0, 424260.0 ], [ 518310.0, 424260.0 ], [ 518310.0, 424290.0 ], [ 518280.0, 424290.0 ], [ 518280.0, 424350.0 ], [ 518250.0, 424350.0 ], [ 518250.0, 424380.0 ], [ 518220.0, 424380.0 ], [ 518220.0, 424410.0 ], [ 518160.0, 424410.0 ], [ 518160.0, 424440.0 ], [ 518130.0, 424440.0 ], [ 518130.0, 424470.0 ], [ 518100.0, 424470.0 ], [ 518100.0, 424500.0 ], [ 518070.0, 424500.0 ], [ 518070.0, 424530.0 ], [ 518010.0, 424530.0 ], [ 518010.0, 424560.0 ], [ 517950.0, 424560.0 ], [ 517950.0, 424590.0 ], [ 517920.0, 424590.0 ], [ 517920.0, 424620.0 ], [ 517830.0, 424620.0 ], [ 517830.0, 424650.0 ], [ 517800.0, 424650.0 ], [ 517800.0, 424680.0 ], [ 517770.0, 424680.0 ], [ 517770.0, 424710.0 ], [ 517680.0, 424710.0 ], [ 517680.0, 424740.0 ], [ 517620.0, 424740.0 ], [ 517620.0, 424680.0 ], [ 517650.0, 424680.0 ], [ 517650.0, 424650.0 ], [ 517620.0, 424650.0 ], [ 517620.0, 424620.0 ], [ 517590.0, 424620.0 ], [ 517590.0, 424590.0 ], [ 517650.0, 424590.0 ], [ 517650.0, 424530.0 ], [ 517740.0, 424530.0 ], [ 517740.0, 424500.0 ], [ 517710.0, 424500.0 ], [ 517710.0, 424470.0 ], [ 517770.0, 424470.0 ], [ 517770.0, 424410.0 ], [ 517800.0, 424410.0 ], [ 517800.0, 424440.0 ], [ 517860.0, 424440.0 ], [ 517860.0, 424410.0 ], [ 517890.0, 424410.0 ], [ 517890.0, 424380.0 ], [ 517920.0, 424380.0 ], [ 517920.0, 424350.0 ], [ 517890.0, 424350.0 ], [ 517890.0, 424320.0 ], [ 517830.0, 424320.0 ], [ 517830.0, 424350.0 ], [ 517800.0, 424350.0 ], [ 517800.0, 424320.0 ], [ 517740.0, 424320.0 ], [ 517740.0, 424290.0 ], [ 517710.0, 424290.0 ], [ 517710.0, 424200.0 ], [ 517680.0, 424200.0 ], [ 517680.0, 424230.0 ], [ 517650.0, 424230.0 ], [ 517650.0, 424200.0 ], [ 517620.0, 424200.0 ], [ 517620.0, 424230.0 ], [ 517590.0, 424230.0 ], [ 517590.0, 424260.0 ], [ 517560.0, 424260.0 ], [ 517560.0, 424380.0 ], [ 517530.0, 424380.0 ], [ 517530.0, 424410.0 ], [ 517500.0, 424410.0 ], [ 517500.0, 424500.0 ], [ 517470.0, 424500.0 ], [ 517470.0, 424560.0 ], [ 517500.0, 424560.0 ], [ 517500.0, 424590.0 ], [ 517530.0, 424590.0 ], [ 517530.0, 424650.0 ], [ 517560.0, 424650.0 ], [ 517560.0, 424800.0 ], [ 517590.0, 424800.0 ], [ 517590.0, 424860.0 ], [ 517650.0, 424860.0 ], [ 517650.0, 424890.0 ], [ 517710.0, 424890.0 ], [ 517710.0, 424920.0 ], [ 517830.0, 424920.0 ], [ 517830.0, 424950.0 ], [ 517740.0, 424950.0 ], [ 517740.0, 424980.0 ], [ 517710.0, 424980.0 ], [ 517710.0, 425010.0 ], [ 517740.0, 425010.0 ], [ 517740.0, 425040.0 ], [ 517770.0, 425040.0 ], [ 517770.0, 425010.0 ], [ 517890.0, 425010.0 ], [ 517890.0, 424980.0 ], [ 517920.0, 424980.0 ], [ 517920.0, 425040.0 ], [ 517950.0, 425040.0 ], [ 517950.0, 425100.0 ], [ 517890.0, 425100.0 ], [ 517890.0, 425130.0 ], [ 517860.0, 425130.0 ], [ 517860.0, 425160.0 ], [ 517830.0, 425160.0 ], [ 517830.0, 425190.0 ], [ 517800.0, 425190.0 ], [ 517800.0, 425160.0 ], [ 517770.0, 425160.0 ], [ 517770.0, 425130.0 ], [ 517740.0, 425130.0 ], [ 517740.0, 425100.0 ], [ 517710.0, 425100.0 ], [ 517710.0, 425130.0 ], [ 517680.0, 425130.0 ], [ 517680.0, 425070.0 ], [ 517650.0, 425070.0 ], [ 517650.0, 425040.0 ], [ 517620.0, 425040.0 ], [ 517620.0, 425010.0 ], [ 517530.0, 425010.0 ], [ 517530.0, 424980.0 ], [ 517500.0, 424980.0 ], [ 517500.0, 424950.0 ], [ 517470.0, 424950.0 ], [ 517470.0, 424860.0 ], [ 517440.0, 424860.0 ], [ 517440.0, 424740.0 ], [ 517470.0, 424740.0 ], [ 517470.0, 424650.0 ], [ 517440.0, 424650.0 ], [ 517440.0, 424620.0 ], [ 517410.0, 424620.0 ], [ 517410.0, 424680.0 ], [ 517350.0, 424680.0 ], [ 517350.0, 424710.0 ], [ 517320.0, 424710.0 ], [ 517320.0, 424740.0 ], [ 517290.0, 424740.0 ], [ 517290.0, 424770.0 ], [ 517260.0, 424770.0 ], [ 517260.0, 424830.0 ], [ 517230.0, 424830.0 ], [ 517230.0, 424860.0 ], [ 517200.0, 424860.0 ], [ 517200.0, 424920.0 ], [ 517170.0, 424920.0 ], [ 517170.0, 424950.0 ], [ 517140.0, 424950.0 ], [ 517140.0, 424980.0 ], [ 517110.0, 424980.0 ], [ 517110.0, 425070.0 ], [ 517080.0, 425070.0 ], [ 517080.0, 425130.0 ], [ 517050.0, 425130.0 ], [ 517050.0, 425190.0 ], [ 517020.0, 425190.0 ], [ 517020.0, 425220.0 ], [ 516990.0, 425220.0 ], [ 516990.0, 425280.0 ], [ 516960.0, 425280.0 ], [ 516960.0, 425310.0 ], [ 516930.0, 425310.0 ], [ 516930.0, 425370.0 ], [ 516900.0, 425370.0 ], [ 516900.0, 425430.0 ], [ 516870.0, 425430.0 ], [ 516870.0, 425490.0 ], [ 516840.0, 425490.0 ], [ 516840.0, 425580.0 ], [ 516810.0, 425580.0 ], [ 516810.0, 425640.0 ], [ 516780.0, 425640.0 ], [ 516780.0, 425730.0 ], [ 516750.0, 425730.0 ], [ 516750.0, 425790.0 ], [ 516720.0, 425790.0 ], [ 516720.0, 425850.0 ], [ 516690.0, 425850.0 ], [ 516690.0, 425970.0 ], [ 516660.0, 425970.0 ], [ 516660.0, 426030.0 ], [ 516630.0, 426030.0 ], [ 516630.0, 426090.0 ], [ 516600.0, 426090.0 ], [ 516600.0, 426150.0 ], [ 516570.0, 426150.0 ], [ 516570.0, 426210.0 ], [ 516540.0, 426210.0 ], [ 516540.0, 426270.0 ], [ 516510.0, 426270.0 ], [ 516510.0, 426420.0 ], [ 516540.0, 426420.0 ], [ 516540.0, 426570.0 ], [ 516570.0, 426570.0 ], [ 516570.0, 426630.0 ], [ 516540.0, 426630.0 ], [ 516540.0, 426780.0 ], [ 516510.0, 426780.0 ], [ 516510.0, 426870.0 ], [ 516480.0, 426870.0 ], [ 516480.0, 426930.0 ], [ 516450.0, 426930.0 ], [ 516450.0, 427020.0 ], [ 516420.0, 427020.0 ], [ 516420.0, 427050.0 ], [ 516450.0, 427050.0 ], [ 516450.0, 427080.0 ], [ 516480.0, 427080.0 ], [ 516480.0, 427110.0 ], [ 516600.0, 427110.0 ], [ 516600.0, 427140.0 ], [ 516630.0, 427140.0 ], [ 516630.0, 427200.0 ], [ 516540.0, 427200.0 ], [ 516540.0, 427230.0 ], [ 516420.0, 427230.0 ], [ 516420.0, 427260.0 ], [ 516390.0, 427260.0 ], [ 516390.0, 427230.0 ], [ 516360.0, 427230.0 ], [ 516360.0, 427260.0 ], [ 516210.0, 427260.0 ], [ 516210.0, 427290.0 ], [ 516120.0, 427290.0 ], [ 516120.0, 427320.0 ], [ 516030.0, 427320.0 ], [ 516030.0, 427350.0 ], [ 516000.0, 427350.0 ], [ 516000.0, 427380.0 ], [ 515970.0, 427380.0 ], [ 515970.0, 427470.0 ], [ 515940.0, 427470.0 ], [ 515940.0, 427590.0 ], [ 515910.0, 427590.0 ], [ 515910.0, 427740.0 ], [ 515880.0, 427740.0 ], [ 515880.0, 427770.0 ], [ 515850.0, 427770.0 ], [ 515850.0, 427800.0 ], [ 515820.0, 427800.0 ], [ 515820.0, 427890.0 ], [ 515790.0, 427890.0 ], [ 515790.0, 427860.0 ], [ 515730.0, 427860.0 ], [ 515730.0, 427830.0 ], [ 515700.0, 427830.0 ], [ 515700.0, 427740.0 ], [ 515640.0, 427740.0 ], [ 515640.0, 427710.0 ], [ 515610.0, 427710.0 ], [ 515610.0, 427680.0 ], [ 515550.0, 427680.0 ], [ 515550.0, 427650.0 ], [ 515520.0, 427650.0 ], [ 515520.0, 427680.0 ], [ 515490.0, 427680.0 ], [ 515490.0, 427650.0 ], [ 515430.0, 427650.0 ], [ 515430.0, 427680.0 ], [ 515370.0, 427680.0 ], [ 515370.0, 427710.0 ], [ 515340.0, 427710.0 ], [ 515340.0, 427740.0 ], [ 515310.0, 427740.0 ], [ 515310.0, 427770.0 ], [ 515280.0, 427770.0 ], [ 515280.0, 427800.0 ], [ 515220.0, 427800.0 ], [ 515220.0, 427830.0 ], [ 515190.0, 427830.0 ], [ 515190.0, 427860.0 ], [ 515130.0, 427860.0 ], [ 515130.0, 427890.0 ], [ 515070.0, 427890.0 ], [ 515070.0, 427920.0 ], [ 515040.0, 427920.0 ], [ 515040.0, 427950.0 ], [ 514980.0, 427950.0 ], [ 514980.0, 427980.0 ], [ 514950.0, 427980.0 ], [ 514950.0, 428010.0 ], [ 514890.0, 428010.0 ], [ 514890.0, 428040.0 ], [ 514830.0, 428040.0 ], [ 514830.0, 428070.0 ], [ 514800.0, 428070.0 ], [ 514800.0, 428100.0 ], [ 514770.0, 428100.0 ], [ 514770.0, 428130.0 ], [ 514710.0, 428130.0 ], [ 514710.0, 428160.0 ], [ 514620.0, 428160.0 ], [ 514620.0, 428190.0 ], [ 514590.0, 428190.0 ], [ 514590.0, 428220.0 ], [ 514500.0, 428220.0 ], [ 514500.0, 428250.0 ], [ 514440.0, 428250.0 ], [ 514440.0, 428280.0 ], [ 514410.0, 428280.0 ], [ 514410.0, 428310.0 ], [ 514320.0, 428310.0 ], [ 514320.0, 428340.0 ], [ 514290.0, 428340.0 ], [ 514290.0, 428370.0 ], [ 514200.0, 428370.0 ], [ 514200.0, 428400.0 ], [ 514110.0, 428400.0 ], [ 514110.0, 428430.0 ], [ 514230.0, 428430.0 ], [ 514230.0, 428460.0 ], [ 514200.0, 428460.0 ], [ 514200.0, 428520.0 ], [ 514170.0, 428520.0 ], [ 514170.0, 428550.0 ], [ 514200.0, 428550.0 ], [ 514200.0, 428580.0 ], [ 514170.0, 428580.0 ], [ 514170.0, 428610.0 ], [ 514200.0, 428610.0 ], [ 514200.0, 428640.0 ], [ 514230.0, 428640.0 ], [ 514230.0, 428670.0 ], [ 514260.0, 428670.0 ], [ 514260.0, 428640.0 ], [ 514290.0, 428640.0 ], [ 514290.0, 428610.0 ], [ 514260.0, 428610.0 ], [ 514260.0, 428550.0 ], [ 514230.0, 428550.0 ], [ 514230.0, 428490.0 ], [ 514350.0, 428490.0 ], [ 514350.0, 428460.0 ], [ 514410.0, 428460.0 ], [ 514410.0, 428430.0 ], [ 514440.0, 428430.0 ], [ 514440.0, 428400.0 ], [ 514500.0, 428400.0 ], [ 514500.0, 428370.0 ], [ 514620.0, 428370.0 ], [ 514620.0, 428340.0 ], [ 514680.0, 428340.0 ], [ 514680.0, 428250.0 ], [ 514710.0, 428250.0 ], [ 514710.0, 428220.0 ], [ 514740.0, 428220.0 ], [ 514740.0, 428250.0 ], [ 514770.0, 428250.0 ], [ 514770.0, 428310.0 ], [ 514890.0, 428310.0 ], [ 514890.0, 428280.0 ], [ 515070.0, 428280.0 ], [ 515070.0, 428310.0 ], [ 515040.0, 428310.0 ], [ 515040.0, 428340.0 ], [ 515010.0, 428340.0 ], [ 515010.0, 428370.0 ], [ 515040.0, 428370.0 ], [ 515040.0, 428400.0 ], [ 515010.0, 428400.0 ], [ 515010.0, 428430.0 ], [ 514950.0, 428430.0 ], [ 514950.0, 428460.0 ], [ 514800.0, 428460.0 ], [ 514800.0, 428490.0 ], [ 514710.0, 428490.0 ], [ 514710.0, 428580.0 ], [ 514620.0, 428580.0 ], [ 514620.0, 428610.0 ], [ 514590.0, 428610.0 ], [ 514590.0, 428580.0 ], [ 514560.0, 428580.0 ], [ 514560.0, 428730.0 ], [ 514590.0, 428730.0 ], [ 514590.0, 428700.0 ], [ 514710.0, 428700.0 ], [ 514710.0, 428670.0 ], [ 514770.0, 428670.0 ], [ 514770.0, 428700.0 ], [ 514800.0, 428700.0 ], [ 514800.0, 428670.0 ], [ 514890.0, 428670.0 ], [ 514890.0, 428640.0 ], [ 514980.0, 428640.0 ], [ 514980.0, 428700.0 ], [ 515070.0, 428700.0 ], [ 515070.0, 428730.0 ], [ 515040.0, 428730.0 ], [ 515040.0, 428760.0 ], [ 515070.0, 428760.0 ], [ 515070.0, 428820.0 ], [ 515010.0, 428820.0 ], [ 515010.0, 428850.0 ], [ 514920.0, 428850.0 ], [ 514920.0, 428880.0 ], [ 514830.0, 428880.0 ], [ 514830.0, 428850.0 ], [ 514800.0, 428850.0 ], [ 514800.0, 428820.0 ], [ 514740.0, 428820.0 ], [ 514740.0, 428850.0 ], [ 514560.0, 428850.0 ], [ 514560.0, 428880.0 ], [ 514530.0, 428880.0 ], [ 514530.0, 428910.0 ], [ 514470.0, 428910.0 ], [ 514470.0, 428940.0 ], [ 514500.0, 428940.0 ], [ 514500.0, 429000.0 ], [ 514380.0, 429000.0 ], [ 514380.0, 428970.0 ], [ 514290.0, 428970.0 ], [ 514290.0, 429000.0 ], [ 514170.0, 429000.0 ], [ 514170.0, 429030.0 ], [ 514080.0, 429030.0 ], [ 514080.0, 429060.0 ], [ 513960.0, 429060.0 ], [ 513960.0, 429090.0 ], [ 513810.0, 429090.0 ], [ 513810.0, 429120.0 ], [ 513780.0, 429120.0 ], [ 513780.0, 429090.0 ], [ 513750.0, 429090.0 ], [ 513750.0, 429030.0 ], [ 513810.0, 429030.0 ], [ 513810.0, 428970.0 ], [ 513900.0, 428970.0 ], [ 513900.0, 428940.0 ], [ 514080.0, 428940.0 ], [ 514080.0, 428910.0 ], [ 514170.0, 428910.0 ], [ 514170.0, 428880.0 ], [ 514200.0, 428880.0 ], [ 514200.0, 428910.0 ], [ 514230.0, 428910.0 ], [ 514230.0, 428880.0 ], [ 514260.0, 428880.0 ], [ 514260.0, 428820.0 ], [ 514230.0, 428820.0 ], [ 514230.0, 428850.0 ], [ 514200.0, 428850.0 ], [ 514200.0, 428820.0 ], [ 514140.0, 428820.0 ], [ 514140.0, 428790.0 ], [ 514050.0, 428790.0 ], [ 514050.0, 428820.0 ], [ 513990.0, 428820.0 ], [ 513990.0, 428850.0 ], [ 513750.0, 428850.0 ], [ 513750.0, 428790.0 ], [ 513810.0, 428790.0 ], [ 513810.0, 428760.0 ], [ 513840.0, 428760.0 ], [ 513840.0, 428700.0 ], [ 513930.0, 428700.0 ], [ 513930.0, 428670.0 ], [ 513990.0, 428670.0 ], [ 513990.0, 428640.0 ], [ 514020.0, 428640.0 ], [ 514020.0, 428580.0 ], [ 513990.0, 428580.0 ], [ 513990.0, 428550.0 ], [ 513630.0, 428550.0 ], [ 513630.0, 428610.0 ], [ 513660.0, 428610.0 ], [ 513660.0, 428640.0 ], [ 513690.0, 428640.0 ], [ 513690.0, 428670.0 ], [ 513660.0, 428670.0 ], [ 513660.0, 428700.0 ], [ 513630.0, 428700.0 ], [ 513630.0, 428730.0 ], [ 513600.0, 428730.0 ], [ 513600.0, 428760.0 ], [ 513660.0, 428760.0 ], [ 513660.0, 428790.0 ], [ 513600.0, 428790.0 ], [ 513600.0, 428820.0 ], [ 513570.0, 428820.0 ], [ 513570.0, 428790.0 ], [ 513540.0, 428790.0 ], [ 513540.0, 428760.0 ], [ 513510.0, 428760.0 ], [ 513510.0, 428730.0 ], [ 513540.0, 428730.0 ], [ 513540.0, 428670.0 ], [ 513570.0, 428670.0 ], [ 513570.0, 428610.0 ], [ 513600.0, 428610.0 ], [ 513600.0, 428580.0 ], [ 513510.0, 428580.0 ], [ 513510.0, 428610.0 ], [ 513330.0, 428610.0 ], [ 513330.0, 428640.0 ], [ 513150.0, 428640.0 ], [ 513150.0, 428670.0 ], [ 513120.0, 428670.0 ], [ 513120.0, 428700.0 ], [ 513090.0, 428700.0 ], [ 513090.0, 428790.0 ], [ 513060.0, 428790.0 ], [ 513060.0, 428850.0 ], [ 513090.0, 428850.0 ], [ 513090.0, 428880.0 ], [ 513120.0, 428880.0 ], [ 513120.0, 428940.0 ], [ 513090.0, 428940.0 ], [ 513090.0, 428910.0 ], [ 513060.0, 428910.0 ], [ 513060.0, 428880.0 ], [ 513030.0, 428880.0 ], [ 513030.0, 428850.0 ], [ 513000.0, 428850.0 ], [ 513000.0, 428910.0 ], [ 513030.0, 428910.0 ], [ 513030.0, 428970.0 ], [ 513000.0, 428970.0 ], [ 513000.0, 429120.0 ], [ 512970.0, 429120.0 ], [ 512970.0, 429090.0 ], [ 512940.0, 429090.0 ], [ 512940.0, 429060.0 ], [ 512910.0, 429060.0 ], [ 512910.0, 429030.0 ], [ 512880.0, 429030.0 ], [ 512880.0, 429000.0 ], [ 512850.0, 429000.0 ], [ 512850.0, 428970.0 ], [ 512820.0, 428970.0 ], [ 512820.0, 429000.0 ], [ 512790.0, 429000.0 ], [ 512790.0, 429030.0 ], [ 512850.0, 429030.0 ], [ 512850.0, 429060.0 ], [ 512790.0, 429060.0 ], [ 512790.0, 429120.0 ], [ 512820.0, 429120.0 ], [ 512820.0, 429210.0 ], [ 512850.0, 429210.0 ], [ 512850.0, 429240.0 ], [ 512790.0, 429240.0 ], [ 512790.0, 429210.0 ], [ 512760.0, 429210.0 ], [ 512760.0, 429150.0 ], [ 512730.0, 429150.0 ], [ 512730.0, 429120.0 ], [ 512670.0, 429120.0 ], [ 512670.0, 429090.0 ], [ 512580.0, 429090.0 ], [ 512580.0, 429120.0 ], [ 512550.0, 429120.0 ], [ 512550.0, 429090.0 ], [ 512100.0, 429090.0 ], [ 512100.0, 429000.0 ], [ 512160.0, 429000.0 ], [ 512160.0, 428970.0 ], [ 512190.0, 428970.0 ], [ 512190.0, 429000.0 ], [ 512250.0, 429000.0 ], [ 512250.0, 429030.0 ], [ 512280.0, 429030.0 ], [ 512280.0, 428940.0 ], [ 512250.0, 428940.0 ], [ 512250.0, 428910.0 ], [ 512130.0, 428910.0 ], [ 512130.0, 428790.0 ], [ 512160.0, 428790.0 ], [ 512160.0, 428820.0 ], [ 512190.0, 428820.0 ], [ 512190.0, 428850.0 ], [ 512220.0, 428850.0 ], [ 512220.0, 428820.0 ], [ 512250.0, 428820.0 ], [ 512250.0, 428790.0 ], [ 512310.0, 428790.0 ], [ 512310.0, 428820.0 ], [ 512340.0, 428820.0 ], [ 512340.0, 428880.0 ], [ 512400.0, 428880.0 ], [ 512400.0, 428850.0 ], [ 512370.0, 428850.0 ], [ 512370.0, 428820.0 ], [ 512400.0, 428820.0 ], [ 512400.0, 428730.0 ], [ 512370.0, 428730.0 ], [ 512370.0, 428700.0 ], [ 512340.0, 428700.0 ], [ 512340.0, 428670.0 ], [ 512220.0, 428670.0 ], [ 512220.0, 428640.0 ], [ 512100.0, 428640.0 ], [ 512100.0, 428610.0 ], [ 512130.0, 428610.0 ], [ 512130.0, 428580.0 ], [ 512250.0, 428580.0 ], [ 512250.0, 428550.0 ], [ 512100.0, 428550.0 ], [ 512100.0, 428520.0 ], [ 512070.0, 428520.0 ], [ 512070.0, 428580.0 ], [ 512040.0, 428580.0 ], [ 512040.0, 428610.0 ], [ 512010.0, 428610.0 ], [ 512010.0, 428580.0 ], [ 511950.0, 428580.0 ], [ 511950.0, 428610.0 ], [ 511890.0, 428610.0 ], [ 511890.0, 428580.0 ], [ 511860.0, 428580.0 ], [ 511860.0, 428610.0 ], [ 511740.0, 428610.0 ], [ 511740.0, 428640.0 ], [ 511710.0, 428640.0 ], [ 511710.0, 428610.0 ], [ 511650.0, 428610.0 ], [ 511650.0, 428580.0 ], [ 511530.0, 428580.0 ], [ 511530.0, 428550.0 ], [ 511350.0, 428550.0 ], [ 511350.0, 428520.0 ], [ 511230.0, 428520.0 ], [ 511230.0, 428490.0 ], [ 511200.0, 428490.0 ], [ 511200.0, 428460.0 ], [ 511020.0, 428460.0 ], [ 511020.0, 428520.0 ], [ 510960.0, 428520.0 ], [ 510960.0, 428490.0 ], [ 510930.0, 428490.0 ], [ 510930.0, 428370.0 ], [ 510810.0, 428370.0 ], [ 510810.0, 428340.0 ], [ 510780.0, 428340.0 ], [ 510780.0, 428310.0 ], [ 510660.0, 428310.0 ], [ 510660.0, 428280.0 ], [ 510540.0, 428280.0 ], [ 510540.0, 428250.0 ], [ 510450.0, 428250.0 ], [ 510450.0, 428220.0 ], [ 510330.0, 428220.0 ], [ 510330.0, 428190.0 ], [ 510240.0, 428190.0 ], [ 510240.0, 428160.0 ], [ 510180.0, 428160.0 ], [ 510180.0, 428190.0 ], [ 510150.0, 428190.0 ], [ 510150.0, 428220.0 ], [ 510180.0, 428220.0 ], [ 510180.0, 428310.0 ], [ 510210.0, 428310.0 ], [ 510210.0, 428400.0 ], [ 510240.0, 428400.0 ], [ 510240.0, 428460.0 ], [ 510270.0, 428460.0 ], [ 510270.0, 428490.0 ], [ 510240.0, 428490.0 ], [ 510240.0, 428520.0 ], [ 510270.0, 428520.0 ], [ 510270.0, 428550.0 ], [ 510300.0, 428550.0 ], [ 510300.0, 428580.0 ], [ 510270.0, 428580.0 ], [ 510270.0, 428610.0 ], [ 510300.0, 428610.0 ], [ 510300.0, 428670.0 ], [ 510330.0, 428670.0 ], [ 510330.0, 428790.0 ], [ 510360.0, 428790.0 ], [ 510360.0, 428820.0 ], [ 510390.0, 428820.0 ], [ 510390.0, 428850.0 ], [ 510420.0, 428850.0 ], [ 510420.0, 428910.0 ], [ 510390.0, 428910.0 ], [ 510390.0, 428970.0 ], [ 510450.0, 428970.0 ], [ 510450.0, 429000.0 ], [ 510360.0, 429000.0 ], [ 510360.0, 429030.0 ], [ 510390.0, 429030.0 ], [ 510390.0, 429060.0 ], [ 510330.0, 429060.0 ], [ 510330.0, 429150.0 ], [ 510300.0, 429150.0 ], [ 510300.0, 429180.0 ], [ 510270.0, 429180.0 ], [ 510270.0, 429270.0 ], [ 510210.0, 429270.0 ], [ 510210.0, 429300.0 ], [ 510180.0, 429300.0 ], [ 510180.0, 429330.0 ], [ 510150.0, 429330.0 ], [ 510150.0, 429270.0 ], [ 510180.0, 429270.0 ], [ 510180.0, 429240.0 ], [ 510210.0, 429240.0 ], [ 510210.0, 429180.0 ], [ 510240.0, 429180.0 ], [ 510240.0, 429090.0 ], [ 510270.0, 429090.0 ], [ 510270.0, 429030.0 ], [ 510300.0, 429030.0 ], [ 510300.0, 429000.0 ], [ 510330.0, 429000.0 ], [ 510330.0, 428940.0 ], [ 510270.0, 428940.0 ], [ 510270.0, 428910.0 ], [ 510330.0, 428910.0 ], [ 510330.0, 428850.0 ], [ 510300.0, 428850.0 ], [ 510300.0, 428730.0 ], [ 510240.0, 428730.0 ], [ 510240.0, 428760.0 ], [ 510180.0, 428760.0 ], [ 510180.0, 428670.0 ], [ 510210.0, 428670.0 ], [ 510210.0, 428700.0 ], [ 510240.0, 428700.0 ], [ 510240.0, 428580.0 ], [ 510210.0, 428580.0 ], [ 510210.0, 428520.0 ], [ 510180.0, 428520.0 ], [ 510180.0, 428370.0 ], [ 510150.0, 428370.0 ], [ 510150.0, 428340.0 ], [ 510120.0, 428340.0 ], [ 510120.0, 428280.0 ], [ 510090.0, 428280.0 ], [ 510090.0, 428250.0 ], [ 510060.0, 428250.0 ], [ 510060.0, 428160.0 ], [ 510030.0, 428160.0 ], [ 510030.0, 428100.0 ], [ 509940.0, 428100.0 ], [ 509940.0, 428070.0 ], [ 509910.0, 428070.0 ], [ 509910.0, 428100.0 ], [ 509880.0, 428100.0 ], [ 509880.0, 428130.0 ], [ 509850.0, 428130.0 ], [ 509850.0, 428160.0 ], [ 509820.0, 428160.0 ], [ 509820.0, 428130.0 ], [ 509790.0, 428130.0 ], [ 509790.0, 428100.0 ], [ 509820.0, 428100.0 ], [ 509820.0, 428040.0 ], [ 509670.0, 428040.0 ], [ 509670.0, 428070.0 ], [ 509640.0, 428070.0 ], [ 509640.0, 428040.0 ], [ 509610.0, 428040.0 ], [ 509610.0, 428010.0 ], [ 509550.0, 428010.0 ], [ 509550.0, 427980.0 ], [ 509640.0, 427980.0 ], [ 509640.0, 427920.0 ], [ 509610.0, 427920.0 ], [ 509610.0, 427890.0 ], [ 509550.0, 427890.0 ], [ 509550.0, 427860.0 ], [ 509520.0, 427860.0 ], [ 509520.0, 427830.0 ], [ 509460.0, 427830.0 ], [ 509460.0, 427890.0 ], [ 509430.0, 427890.0 ], [ 509430.0, 427920.0 ], [ 509460.0, 427920.0 ], [ 509460.0, 427950.0 ], [ 509430.0, 427950.0 ], [ 509430.0, 427980.0 ], [ 509400.0, 427980.0 ], [ 509400.0, 428010.0 ], [ 509370.0, 428010.0 ], [ 509370.0, 427980.0 ], [ 509310.0, 427980.0 ], [ 509310.0, 427920.0 ], [ 509250.0, 427920.0 ], [ 509250.0, 427890.0 ], [ 509160.0, 427890.0 ], [ 509160.0, 427860.0 ], [ 509130.0, 427860.0 ], [ 509130.0, 427920.0 ], [ 509100.0, 427920.0 ], [ 509100.0, 427890.0 ], [ 509040.0, 427890.0 ], [ 509040.0, 427860.0 ], [ 509070.0, 427860.0 ], [ 509070.0, 427770.0 ], [ 508950.0, 427770.0 ], [ 508950.0, 427740.0 ], [ 508920.0, 427740.0 ], [ 508920.0, 428520.0 ], [ 508890.0, 428520.0 ], [ 508890.0, 429810.0 ], [ 508860.0, 429810.0 ], [ 508860.0, 431100.0 ], [ 508830.0, 431100.0 ], [ 508830.0, 432390.0 ], [ 508800.0, 432390.0 ], [ 508800.0, 433680.0 ], [ 508770.0, 433680.0 ], [ 508770.0, 434970.0 ], [ 508740.0, 434970.0 ], [ 508740.0, 436260.0 ], [ 508710.0, 436260.0 ], [ 508710.0, 437550.0 ], [ 508680.0, 437550.0 ], [ 508680.0, 438840.0 ], [ 508650.0, 438840.0 ], [ 508650.0, 440130.0 ], [ 508620.0, 440130.0 ], [ 508620.0, 441420.0 ], [ 508590.0, 441420.0 ], [ 508590.0, 442710.0 ], [ 508560.0, 442710.0 ], [ 508560.0, 443820.0 ], [ 508620.0, 443820.0 ], [ 508620.0, 443790.0 ], [ 508650.0, 443790.0 ], [ 508650.0, 443820.0 ], [ 508740.0, 443820.0 ], [ 508740.0, 443880.0 ], [ 508680.0, 443880.0 ], [ 508680.0, 443910.0 ], [ 508560.0, 443910.0 ], [ 508560.0, 444000.0 ], [ 508530.0, 444000.0 ], [ 508530.0, 445290.0 ], [ 508500.0, 445290.0 ], [ 508500.0, 446580.0 ], [ 508470.0, 446580.0 ], [ 508470.0, 447870.0 ], [ 508440.0, 447870.0 ], [ 508440.0, 449160.0 ], [ 508410.0, 449160.0 ], [ 508410.0, 450450.0 ], [ 508380.0, 450450.0 ], [ 508380.0, 451740.0 ], [ 508350.0, 451740.0 ], [ 508350.0, 453030.0 ], [ 508320.0, 453030.0 ], [ 508320.0, 454320.0 ], [ 508290.0, 454320.0 ], [ 508290.0, 455610.0 ], [ 508260.0, 455610.0 ], [ 508260.0, 456900.0 ], [ 508230.0, 456900.0 ], [ 508230.0, 458190.0 ], [ 508200.0, 458190.0 ], [ 508200.0, 459480.0 ], [ 508170.0, 459480.0 ], [ 508170.0, 460770.0 ], [ 508140.0, 460770.0 ], [ 508140.0, 462060.0 ], [ 508110.0, 462060.0 ], [ 508110.0, 463350.0 ], [ 508080.0, 463350.0 ], [ 508080.0, 464640.0 ], [ 508050.0, 464640.0 ], [ 508050.0, 465930.0 ], [ 508020.0, 465930.0 ], [ 508020.0, 467220.0 ], [ 507990.0, 467220.0 ], [ 507990.0, 468510.0 ], [ 507960.0, 468510.0 ], [ 507960.0, 469800.0 ], [ 507930.0, 469800.0 ], [ 507930.0, 471090.0 ], [ 507900.0, 471090.0 ], [ 507900.0, 472380.0 ], [ 507870.0, 472380.0 ], [ 507870.0, 473670.0 ], [ 507840.0, 473670.0 ], [ 507840.0, 474960.0 ], [ 507810.0, 474960.0 ], [ 507810.0, 476250.0 ], [ 507780.0, 476250.0 ], [ 507780.0, 477300.0 ], [ 508590.0, 477300.0 ], [ 508590.0, 477330.0 ], [ 509760.0, 477330.0 ], [ 509760.0, 477360.0 ], [ 510930.0, 477360.0 ], [ 510930.0, 477390.0 ], [ 512100.0, 477390.0 ], [ 512100.0, 477420.0 ], [ 513090.0, 477420.0 ], [ 513090.0, 477360.0 ], [ 513120.0, 477360.0 ], [ 513120.0, 477330.0 ] ] } },
{ "type": "Feature", "properties": { "Year": 2015, "Sensor": "Landsat 8 OLI" }, "geometry": { "type": "LineString", "coordinates": [ [ 532800.0, 418080.0 ], [ 532860.0, 418080.0 ], [ 532860.0, 418110.0 ], [ 532890.0, 418110.0 ], [ 532890.0, 418140.0 ], [ 533040.0, 418140.0 ], [ 533040.0, 418110.0 ], [ 533070.0, 418110.0 ], [ 533070.0, 418140.0 ], [ 533130.0, 418140.0 ], [ 533130.0, 418110.0 ], [ 533190.0, 418110.0 ], [ 533190.0, 418080.0 ], [ 533160.0, 418080.0 ], [ 533160.0, 418050.0 ], [ 533190.0, 418050.0 ], [ 533190.0, 418020.0 ], [ 533220.0, 418020.0 ], [ 533220.0, 417990.0 ], [ 533160.0, 417990.0 ], [ 533160.0, 417960.0 ], [ 533130.0, 417960.0 ], [ 533130.0, 417900.0 ], [ 533160.0, 417900.0 ], [ 533160.0, 417840.0 ], [ 533070.0, 417840.0 ], [ 533070.0, 417810.0 ], [ 533040.0, 417810.0 ], [ 533040.0, 417780.0 ], [ 532980.0, 417780.0 ], [ 532980.0, 417750.0 ], [ 533010.0, 417750.0 ], [ 533010.0, 417720.0 ], [ 532890.0, 417720.0 ], [ 532890.0, 417660.0 ], [ 532860.0, 417660.0 ], [ 532860.0, 417690.0 ], [ 532830.0, 417690.0 ], [ 532830.0, 417630.0 ], [ 532770.0, 417630.0 ], [ 532770.0, 417660.0 ], [ 532740.0, 417660.0 ], [ 532740.0, 417690.0 ], [ 532800.0, 417690.0 ], [ 532800.0, 417750.0 ], [ 532770.0, 417750.0 ], [ 532770.0, 417780.0 ], [ 532740.0, 417780.0 ], [ 532740.0, 417900.0 ], [ 532650.0, 417900.0 ], [ 532650.0, 417810.0 ], [ 532560.0, 417810.0 ], [ 532560.0, 417750.0 ], [ 532530.0, 417750.0 ], [ 532530.0, 417780.0 ], [ 532500.0, 417780.0 ], [ 532500.0, 417810.0 ], [ 532470.0, 417810.0 ], [ 532470.0, 417780.0 ], [ 532380.0, 417780.0 ], [ 532380.0, 417750.0 ], [ 532410.0, 417750.0 ], [ 532410.0, 417690.0 ], [ 532380.0, 417690.0 ], [ 532380.0, 417660.0 ], [ 532200.0, 417660.0 ], [ 532200.0, 417690.0 ], [ 532170.0, 417690.0 ], [ 532170.0, 417660.0 ], [ 532140.0, 417660.0 ], [ 532140.0, 417630.0 ], [ 531930.0, 417630.0 ], [ 531930.0, 417600.0 ], [ 531870.0, 417600.0 ], [ 531870.0, 417570.0 ], [ 531900.0, 417570.0 ], [ 531900.0, 417540.0 ], [ 531870.0, 417540.0 ], [ 531870.0, 417510.0 ], [ 531840.0, 417510.0 ], [ 531840.0, 417540.0 ], [ 531780.0, 417540.0 ], [ 531780.0, 417510.0 ], [ 531630.0, 417510.0 ], [ 531630.0, 417450.0 ], [ 531300.0, 417450.0 ], [ 531300.0, 417480.0 ], [ 531270.0, 417480.0 ], [ 531270.0, 417450.0 ], [ 531210.0, 417450.0 ], [ 531210.0, 417420.0 ], [ 531150.0, 417420.0 ], [ 531150.0, 417360.0 ], [ 531090.0, 417360.0 ], [ 531090.0, 417330.0 ], [ 531060.0, 417330.0 ], [ 531060.0, 417360.0 ], [ 531030.0, 417360.0 ], [ 531030.0, 417330.0 ], [ 531000.0, 417330.0 ], [ 531000.0, 417300.0 ], [ 530970.0, 417300.0 ], [ 530970.0, 417270.0 ], [ 530940.0, 417270.0 ], [ 530940.0, 417300.0 ], [ 530880.0, 417300.0 ], [ 530880.0, 417330.0 ], [ 530850.0, 417330.0 ], [ 530850.0, 417420.0 ], [ 530910.0, 417420.0 ], [ 530910.0, 417450.0 ], [ 531000.0, 417450.0 ], [ 531000.0, 417480.0 ], [ 531150.0, 417480.0 ], [ 531150.0, 417510.0 ], [ 531180.0, 417510.0 ], [ 531180.0, 417540.0 ], [ 531270.0, 417540.0 ], [ 531270.0, 417570.0 ], [ 531300.0, 417570.0 ], [ 531300.0, 417600.0 ], [ 531450.0, 417600.0 ], [ 531450.0, 417630.0 ], [ 531510.0, 417630.0 ], [ 531510.0, 417660.0 ], [ 531600.0, 417660.0 ], [ 531600.0, 417690.0 ], [ 531660.0, 417690.0 ], [ 531660.0, 417720.0 ], [ 531690.0, 417720.0 ], [ 531690.0, 417750.0 ], [ 531780.0, 417750.0 ], [ 531780.0, 417780.0 ], [ 531840.0, 417780.0 ], [ 531840.0, 417810.0 ], [ 531900.0, 417810.0 ], [ 531900.0, 417840.0 ], [ 531930.0, 417840.0 ], [ 531930.0, 417870.0 ], [ 531990.0, 417870.0 ], [ 531990.0, 417900.0 ], [ 532050.0, 417900.0 ], [ 532050.0, 417930.0 ], [ 532080.0, 417930.0 ], [ 532080.0, 417900.0 ], [ 532140.0, 417900.0 ], [ 532140.0, 417930.0 ], [ 532200.0, 417930.0 ], [ 532200.0, 417960.0 ], [ 532290.0, 417960.0 ], [ 532290.0, 417990.0 ], [ 532410.0, 417990.0 ], [ 532410.0, 418020.0 ], [ 532470.0, 418020.0 ], [ 532470.0, 418050.0 ], [ 532590.0, 418050.0 ], [ 532590.0, 418080.0 ], [ 532680.0, 418080.0 ], [ 532680.0, 418140.0 ], [ 532710.0, 418140.0 ], [ 532710.0, 418110.0 ], [ 532800.0, 418110.0 ], [ 532800.0, 418080.0 ] ] } },
{ "type": "Feature", "properties": { "Year": 2015, "Sensor": "Landsat 8 OLI" }, "geometry": { "type": "LineString", "coordinates": [ [ 535530.0, 471720.0 ], [ 535620.0, 471720.0 ], [ 535620.0, 471780.0 ], [ 535650.0, 471780.0 ], [ 535650.0, 471720.0 ], [ 535680.0, 471720.0 ], [ 535680.0, 471630.0 ], [ 535710.0, 471630.0 ], [ 535710.0, 471600.0 ], [ 535740.0, 471600.0 ], [ 535740.0, 471570.0 ], [ 535770.0, 471570.0 ], [ 535770.0, 471540.0 ], [ 535710.0, 471540.0 ], [ 535710.0, 471510.0 ], [ 535680.0, 471510.0 ], [ 535680.0, 471480.0 ], [ 535740.0, 471480.0 ], [ 535740.0, 471450.0 ], [ 535770.0, 471450.0 ], [ 535770.0, 471390.0 ], [ 535800.0, 471390.0 ], [ 535800.0, 471420.0 ], [ 535860.0, 471420.0 ], [ 535860.0, 471390.0 ], [ 535830.0, 471390.0 ], [ 535830.0, 471300.0 ], [ 535860.0, 471300.0 ], [ 535860.0, 471330.0 ], [ 535920.0, 471330.0 ], [ 535920.0, 471300.0 ], [ 536070.0, 471300.0 ], [ 536070.0, 471390.0 ], [ 536100.0, 471390.0 ], [ 536100.0, 471330.0 ], [ 536130.0, 471330.0 ], [ 536130.0, 471300.0 ], [ 536160.0, 471300.0 ], [ 536160.0, 471270.0 ], [ 536220.0, 471270.0 ], [ 536220.0, 471240.0 ], [ 536250.0, 471240.0 ], [ 536250.0, 471330.0 ], [ 536280.0, 471330.0 ], [ 536280.0, 471360.0 ], [ 536310.0, 471360.0 ], [ 536310.0, 471420.0 ], [ 536370.0, 471420.0 ], [ 536370.0, 471390.0 ], [ 536400.0, 471390.0 ], [ 536400.0, 471360.0 ], [ 536460.0, 471360.0 ], [ 536460.0, 471270.0 ], [ 536430.0, 471270.0 ], [ 536430.0, 471210.0 ], [ 536400.0, 471210.0 ], [ 536400.0, 471270.0 ], [ 536370.0, 471270.0 ], [ 536370.0, 471300.0 ], [ 536310.0, 471300.0 ], [ 536310.0, 471240.0 ], [ 536340.0, 471240.0 ], [ 536340.0, 471210.0 ], [ 536370.0, 471210.0 ], [ 536370.0, 471180.0 ], [ 536400.0, 471180.0 ], [ 536400.0, 471000.0 ], [ 536370.0, 471000.0 ], [ 536370.0, 471030.0 ], [ 536310.0, 471030.0 ], [ 536310.0, 471000.0 ], [ 536280.0, 471000.0 ], [ 536280.0, 470910.0 ], [ 536250.0, 470910.0 ], [ 536250.0, 470850.0 ], [ 536220.0, 470850.0 ], [ 536220.0, 470820.0 ], [ 536340.0, 470820.0 ], [ 536340.0, 470790.0 ], [ 536310.0, 470790.0 ], [ 536310.0, 470760.0 ], [ 536280.0, 470760.0 ], [ 536280.0, 470790.0 ], [ 536220.0, 470790.0 ], [ 536220.0, 470730.0 ], [ 536160.0, 470730.0 ], [ 536160.0, 470700.0 ], [ 536130.0, 470700.0 ], [ 536130.0, 470640.0 ], [ 536040.0, 470640.0 ], [ 536040.0, 470670.0 ], [ 535980.0, 470670.0 ], [ 535980.0, 470610.0 ], [ 535890.0, 470610.0 ], [ 535890.0, 470580.0 ], [ 535710.0, 470580.0 ], [ 535710.0, 470610.0 ], [ 535680.0, 470610.0 ], [ 535680.0, 470640.0 ], [ 535650.0, 470640.0 ], [ 535650.0, 470670.0 ], [ 535680.0, 470670.0 ], [ 535680.0, 470730.0 ], [ 535710.0, 470730.0 ], [ 535710.0, 470700.0 ], [ 535740.0, 470700.0 ], [ 535740.0, 470670.0 ], [ 535800.0, 470670.0 ], [ 535800.0, 470700.0 ], [ 535830.0, 470700.0 ], [ 535830.0, 470670.0 ], [ 535890.0, 470670.0 ], [ 535890.0, 470700.0 ], [ 535920.0, 470700.0 ], [ 535920.0, 470730.0 ], [ 535980.0, 470730.0 ], [ 535980.0, 470760.0 ], [ 536040.0, 470760.0 ], [ 536040.0, 470730.0 ], [ 536070.0, 470730.0 ], [ 536070.0, 470760.0 ], [ 536100.0, 470760.0 ], [ 536100.0, 470730.0 ], [ 536130.0, 470730.0 ], [ 536130.0, 470760.0 ], [ 536190.0, 470760.0 ], [ 536190.0, 470790.0 ], [ 536160.0, 470790.0 ], [ 536160.0, 470820.0 ], [ 536130.0, 470820.0 ], [ 536130.0, 470790.0 ], [ 536100.0, 470790.0 ], [ 536100.0, 470820.0 ], [ 536070.0, 470820.0 ], [ 536070.0, 470850.0 ], [ 536010.0, 470850.0 ], [ 536010.0, 470880.0 ], [ 535980.0, 470880.0 ], [ 535980.0, 471000.0 ], [ 535920.0, 471000.0 ], [ 535920.0, 471060.0 ], [ 535800.0, 471060.0 ], [ 535800.0, 471090.0 ], [ 535770.0, 471090.0 ], [ 535770.0, 471060.0 ], [ 535620.0, 471060.0 ], [ 535620.0, 471090.0 ], [ 535590.0, 471090.0 ], [ 535590.0, 471060.0 ], [ 535530.0, 471060.0 ], [ 535530.0, 471090.0 ], [ 535560.0, 471090.0 ], [ 535560.0, 471210.0 ], [ 535650.0, 471210.0 ], [ 535650.0, 471330.0 ], [ 535560.0, 471330.0 ], [ 535560.0, 471390.0 ], [ 535500.0, 471390.0 ], [ 535500.0, 471360.0 ], [ 535410.0, 471360.0 ], [ 535410.0, 471330.0 ], [ 535320.0, 471330.0 ], [ 535320.0, 471300.0 ], [ 535350.0, 471300.0 ], [ 535350.0, 471270.0 ], [ 535230.0, 471270.0 ], [ 535230.0, 471240.0 ], [ 535170.0, 471240.0 ], [ 535170.0, 471270.0 ], [ 535200.0, 471270.0 ], [ 535200.0, 471330.0 ], [ 535260.0, 471330.0 ], [ 535260.0, 471360.0 ], [ 535290.0, 471360.0 ], [ 535290.0, 471390.0 ], [ 535260.0, 471390.0 ], [ 535260.0, 471420.0 ], [ 535230.0, 471420.0 ], [ 535230.0, 471480.0 ], [ 535200.0, 471480.0 ], [ 535200.0, 471510.0 ], [ 535140.0, 471510.0 ], [ 535140.0, 471540.0 ], [ 535050.0, 471540.0 ], [ 535050.0, 471600.0 ], [ 535080.0, 471600.0 ], [ 535080.0, 471660.0 ], [ 535170.0, 471660.0 ], [ 535170.0, 471630.0 ], [ 535200.0, 471630.0 ], [ 535200.0, 471660.0 ], [ 535260.0, 471660.0 ], [ 535260.0, 471630.0 ], [ 535320.0, 471630.0 ], [ 535320.0, 471600.0 ], [ 535380.0, 471600.0 ], [ 535380.0, 471630.0 ], [ 535350.0, 471630.0 ], [ 535350.0, 471660.0 ], [ 535440.0, 471660.0 ], [ 535440.0, 471750.0 ], [ 535500.0, 471750.0 ], [ 535500.0, 471810.0 ], [ 535590.0, 471810.0 ], [ 535590.0, 471780.0 ], [ 535530.0, 471780.0 ], [ 535530.0, 471720.0 ] ] } }
]
}
