{
"type": "FeatureCollection",
"name": "Holderness_Net_Erosion_Polygons_1990_2026",
"crs": { "type": "name", "properties": { "name": "urn:ogc:def:crs:OGC:1.3:CRS84" } },
"features": [
{ "type": "Feature", "properties": { "Period": "1990-2026", "Area_m2": 2700.0, "Area_ha": 0.27 }, "geometry": { "type": "Polygon", "coordinates": [ [ [ -0.311271907997064, 54.173698410950095 ], [ -0.311293865963564, 54.173159401896676 ], [ -0.310375136045309, 54.173146516104623 ], [ -0.310364151185073, 54.173416020511219 ], [ -0.310823519037663, 54.173422464346416 ], [ -0.310812536980848, 54.173691968802828 ], [ -0.311271907997064, 54.173698410950095 ] ] ] } },
{ "type": "Feature", "properties": { "Period": "1990-2026", "Area_m2": 1800.0, "Area_ha": 0.18 }, "geometry": { "type": "Polygon", "coordinates": [ [ [ -0.233640763267905, 54.161798337975732 ], [ -0.233652241956683, 54.161528843940516 ], [ -0.232733807256993, 54.161515367901607 ], [ -0.23272232260641, 54.161784861804087 ], [ -0.233640763267905, 54.161798337975732 ] ] ] } },
{ "type": "Feature", "properties": { "Period": "1990-2026", "Area_m2": 1800.0, "Area_ha": 0.18 }, "geometry": { "type": "Polygon", "coordinates": [ [ [ -0.231826863734358, 54.161232391077412 ], [ -0.231838353970017, 54.160962897280129 ], [ -0.23091993270005, 54.160949407503431 ], [ -0.230908436502816, 54.161218901167842 ], [ -0.231826863734358, 54.161232391077412 ] ] ] } },
{ "type": "Feature", "properties": { "Period": "1990-2026", "Area_m2": 3600.0, "Area_ha": 0.36 }, "geometry": { "type": "Polygon", "coordinates": [ [ [ -0.230460722347713, 54.16094265998948 ], [ -0.230472221337233, 54.160673166377713 ], [ -0.23001301415412, 54.160666417179833 ], [ -0.230024515935828, 54.160396923620745 ], [ -0.229106108096621, 54.160383420106854 ], [ -0.229094600353566, 54.160652913532928 ], [ -0.229553807159549, 54.160659666231581 ], [ -0.229542302208576, 54.160929159710363 ], [ -0.230460722347713, 54.16094265998948 ] ] ] } },
{ "type": "Feature", "properties": { "Period": "1990-2026", "Area_m2": 3600.0, "Area_ha": 0.36 }, "geometry": { "type": "Polygon", "coordinates": [ [ [ -0.227740014248952, 54.16009365846805 ], [ -0.22775153055644, 54.159824165213948 ], [ -0.225914743252285, 54.159797116710429 ], [ -0.225903215022593, 54.160066609698092 ], [ -0.227740014248952, 54.16009365846805 ] ] ] } },
{ "type": "Feature", "properties": { "Period": "1990-2026", "Area_m2": 8100.0, "Area_ha": 0.81 }, "geometry": { "type": "Polygon", "coordinates": [ [ [ -0.225914743252285, 54.159797116710429 ], [ -0.225926271293009, 54.159527623708961 ], [ -0.224548691740339, 54.159507319152979 ], [ -0.224560228533416, 54.15923782633768 ], [ -0.223182659624008, 54.159217506229211 ], [ -0.223194205169113, 54.158948013600224 ], [ -0.22273501889145, 54.158941236796935 ], [ -0.222711921651202, 54.159480221907558 ], [ -0.224089498934268, 54.159500547467054 ], [ -0.224077958971603, 54.159770040201842 ], [ -0.225914743252285, 54.159797116710429 ] ] ] } },
{ "type": "Feature", "properties": { "Period": "1990-2026", "Area_m2": 8100.0, "Area_ha": 0.81 }, "geometry": { "type": "Polygon", "coordinates": [ [ [ -0.221345903727877, 54.159190388247431 ], [ -0.221357461194433, 54.158920895885558 ], [ -0.222275832803083, 54.158934458243394 ], [ -0.222287384119577, 54.158664965734111 ], [ -0.220909835931663, 54.158644619772375 ], [ -0.220921395999592, 54.158375127449673 ], [ -0.220003037448833, 54.158361554857727 ], [ -0.219991471420407, 54.158631047046732 ], [ -0.220450653581267, 54.158637834284676 ], [ -0.220439090343552, 54.158907326526716 ], [ -0.219979905202397, 54.158900539221932 ], [ -0.219968338794798, 54.159170031383304 ], [ -0.221345903727877, 54.159190388247431 ] ] ] } },
{ "type": "Feature", "properties": { "Period": "1990-2026", "Area_m2": 2700.0, "Area_ha": 0.27 }, "geometry": { "type": "Polygon", "coordinates": [ [ [ -0.209947667990134, 54.157133831299525 ], [ -0.209959298629687, 54.156864340516336 ], [ -0.20858181947804, 54.156843853998268 ], [ -0.208570179898783, 54.157113344579685 ], [ -0.209947667990134, 54.157133831299525 ] ] ] } },
{ "type": "Feature", "properties": { "Period": "1990-2026", "Area_m2": 1800.0, "Area_ha": 0.18 }, "geometry": { "type": "Polygon", "coordinates": [ [ [ -0.182092628720125, 54.153210844588408 ], [ -0.182104438609585, 54.15294135775779 ], [ -0.181186219890817, 54.15292749010036 ], [ -0.181174404043337, 54.153196976794391 ], [ -0.182092628720125, 54.153210844588408 ] ] ] } },
{ "type": "Feature", "properties": { "Period": "1990-2026", "Area_m2": 1800.0, "Area_ha": 0.18 }, "geometry": { "type": "Polygon", "coordinates": [ [ [ -0.162601625997309, 54.147251980219359 ], [ -0.16262549355258, 54.146713011861941 ], [ -0.162166457987048, 54.146706005188001 ], [ -0.162142584476219, 54.147244973407403 ], [ -0.162601625997309, 54.147251980219359 ] ] ] } },
{ "type": "Feature", "properties": { "Period": "1990-2026", "Area_m2": 1800.0, "Area_ha": 0.18 }, "geometry": { "type": "Polygon", "coordinates": [ [ [ -0.341295019685, 54.135554561076638 ], [ -0.341305788499552, 54.135285050708958 ], [ -0.340387882832926, 54.135272399800854 ], [ -0.340377108064738, 54.135541910043933 ], [ -0.341295019685, 54.135554561076638 ] ] ] } },
{ "type": "Feature", "properties": { "Period": "1990-2026", "Area_m2": 2700.0, "Area_ha": 0.27 }, "geometry": { "type": "Polygon", "coordinates": [ [ [ -0.114006083909606, 54.124926963163794 ], [ -0.114042801513158, 54.124118529892101 ], [ -0.113584028351937, 54.124111340038432 ], [ -0.113547301828223, 54.12491977309778 ], [ -0.114006083909606, 54.124926963163794 ] ] ] } },
{ "type": "Feature", "properties": { "Period": "1990-2026", "Area_m2": 1800.0, "Area_ha": 0.18 }, "geometry": { "type": "Polygon", "coordinates": [ [ [ -0.122759529606796, 54.124254805038589 ], [ -0.122783894021107, 54.123715846770651 ], [ -0.122325123006312, 54.123708690265303 ], [ -0.122300752645301, 54.124247648392341 ], [ -0.122759529606796, 54.124254805038589 ] ] ] } },
{ "type": "Feature", "properties": { "Period": "1990-2026", "Area_m2": 3600.0, "Area_ha": 0.36 }, "geometry": { "type": "Polygon", "coordinates": [ [ [ -0.123267022905138, 54.123184043063333 ], [ -0.123279201440803, 54.122914563809857 ], [ -0.123737963934875, 54.12292171660846 ], [ -0.123762314461604, 54.122382757918601 ], [ -0.123303557913763, 54.122375605260849 ], [ -0.12329137977701, 54.122645084542363 ], [ -0.122832620455531, 54.12263793006651 ], [ -0.12280825763734, 54.123176888446629 ], [ -0.123267022905138, 54.123184043063333 ] ] ] } },
{ "type": "Feature", "properties": { "Period": "1990-2026", "Area_m2": 1800.0, "Area_ha": 0.18 }, "geometry": { "type": "Polygon", "coordinates": [ [ [ -0.139263606620481, 54.104285938825704 ], [ -0.139275673001889, 54.104016456264077 ], [ -0.138358557461789, 54.104002270691289 ], [ -0.138346485140624, 54.104271753113316 ], [ -0.139263606620481, 54.104285938825704 ] ] ] } },
{ "type": "Feature", "properties": { "Period": "1990-2026", "Area_m2": 1800.0, "Area_ha": 0.18 }, "geometry": { "type": "Polygon", "coordinates": [ [ [ -0.130092427444448, 54.104143767326008 ], [ -0.130104553222635, 54.103874286163745 ], [ -0.129187445605598, 54.103860030730637 ], [ -0.129175313887829, 54.104129511752582 ], [ -0.130092427444448, 54.104143767326008 ] ] ] } },
{ "type": "Feature", "properties": { "Period": "1990-2026", "Area_m2": 1800.0, "Area_ha": 0.18 }, "geometry": { "type": "Polygon", "coordinates": [ [ [ -0.181064237508248, 54.103307064770426 ], [ -0.181087827206012, 54.102768086905314 ], [ -0.180629272350128, 54.102761154410572 ], [ -0.180605676712447, 54.103300132139204 ], [ -0.181064237508248, 54.103307064770426 ] ] ] } },
{ "type": "Feature", "properties": { "Period": "1990-2026", "Area_m2": 4500.0, "Area_ha": 0.45 }, "geometry": { "type": "Polygon", "coordinates": [ [ [ -0.186461206360616, 54.084781479522213 ], [ -0.18649646167868, 54.083973007781879 ], [ -0.186038112671829, 54.083966097515216 ], [ -0.186026358124878, 54.084235588041217 ], [ -0.185568006343809, 54.084228675961164 ], [ -0.185544490739509, 54.084767656835432 ], [ -0.186461206360616, 54.084781479522213 ] ] ] } },
{ "type": "Feature", "properties": { "Period": "1990-2026", "Area_m2": 1800.0, "Area_ha": 0.18 }, "geometry": { "type": "Polygon", "coordinates": [ [ [ -0.210400453793335, 54.082712971557733 ], [ -0.210423645571299, 54.082173983136663 ], [ -0.209965310361178, 54.082167164168339 ], [ -0.209942112650338, 54.082706152455195 ], [ -0.210400453793335, 54.082712971557733 ] ] ] } },
{ "type": "Feature", "properties": { "Period": "1990-2026", "Area_m2": 1800.0, "Area_ha": 0.18 }, "geometry": { "type": "Polygon", "coordinates": [ [ [ -0.196778826488016, 54.079543224484617 ], [ -0.196790509360759, 54.079273732148984 ], [ -0.195873909882662, 54.079259989101928 ], [ -0.195862221078318, 54.079529481302323 ], [ -0.196778826488016, 54.079543224484617 ] ] ] } },
{ "type": "Feature", "properties": { "Period": "1990-2026", "Area_m2": 1800.0, "Area_ha": 0.18 }, "geometry": { "type": "Polygon", "coordinates": [ [ [ -0.197260489102401, 54.079011108637722 ], [ -0.197272168627101, 54.078741616206727 ], [ -0.196355580629544, 54.078727876920283 ], [ -0.196343895173429, 54.078997369216083 ], [ -0.197260489102401, 54.079011108637722 ] ] ] } },
{ "type": "Feature", "properties": { "Period": "1990-2026", "Area_m2": 13500.0, "Area_ha": 1.35 }, "geometry": { "type": "Polygon", "coordinates": [ [ [ -0.238631642641673, 54.065871011118617 ], [ -0.238665860196636, 54.065062513831066 ], [ -0.236375093160361, 54.065028946621752 ], [ -0.23634083115208, 54.065837442918465 ], [ -0.238631642641673, 54.065871011118617 ] ] ] } },
{ "type": "Feature", "properties": { "Period": "1990-2026", "Area_m2": 5400.0, "Area_ha": 0.54 }, "geometry": { "type": "Polygon", "coordinates": [ [ [ -0.258445591071969, 54.063462877782051 ], [ -0.258456867826151, 54.063193375739573 ], [ -0.258915006062711, 54.06320000842009 ], [ -0.258926279669167, 54.062930506298592 ], [ -0.258468144395867, 54.062923873683339 ], [ -0.25847942078112, 54.062654371613313 ], [ -0.257563156714366, 54.06264110128074 ], [ -0.257540591906481, 54.063180105145861 ], [ -0.257998729774058, 54.063186741314823 ], [ -0.257987450056573, 54.06345624329203 ], [ -0.258445591071969, 54.063462877782051 ] ] ] } },
{ "type": "Feature", "properties": { "Period": "1990-2026", "Area_m2": 1800.0, "Area_ha": 0.18 }, "geometry": { "type": "Polygon", "coordinates": [ [ [ -0.25261423014347, 54.06041197948533 ], [ -0.252625543384451, 54.060142478141231 ], [ -0.251709337455429, 54.060129163638912 ], [ -0.251698018289016, 54.060398664852016 ], [ -0.25261423014347, 54.06041197948533 ] ] ] } },
{ "type": "Feature", "properties": { "Period": "1990-2026", "Area_m2": 100800.0, "Area_ha": 10.08 }, "geometry": { "type": "Polygon", "coordinates": [ [ [ -0.214334790544478, 54.044478677705904 ], [ -0.214346344826135, 54.044209181200166 ], [ -0.214804263390988, 54.044215980257839 ], [ -0.214919766223861, 54.041521013769803 ], [ -0.215377655384059, 54.041527810415964 ], [ -0.215562373301036, 54.037215860084657 ], [ -0.21602021531035, 54.037222653918796 ], [ -0.216031755617542, 54.036953156838543 ], [ -0.215573916566547, 54.036946363071237 ], [ -0.215597002531424, 54.036407369002838 ], [ -0.216054835665927, 54.036414162636497 ], [ -0.216066375407128, 54.036144665514726 ], [ -0.215608545230799, 54.036137871947858 ], [ -0.215631630063443, 54.03559887779636 ], [ -0.216089454323568, 54.035605671229561 ], [ -0.216250985612045, 54.03183270968254 ], [ -0.215793202759936, 54.031825917184698 ], [ -0.215804742251915, 54.031556419894287 ], [ -0.216262522146671, 54.031563212325317 ], [ -0.216389411581893, 54.028598740481833 ], [ -0.215931664214839, 54.028591948785611 ], [ -0.216081633479151, 54.025088480769369 ], [ -0.215623924734931, 54.025081688199727 ], [ -0.215658537369856, 54.024273195448622 ], [ -0.216116237245792, 54.024279987817849 ], [ -0.21615083931575, 54.023471494741685 ], [ -0.215693148307663, 54.023464702572852 ], [ -0.215773900563275, 54.021578218711269 ], [ -0.215316230433676, 54.021571425268519 ], [ -0.215154675300973, 54.025344391377587 ], [ -0.215612386812799, 54.025351185755746 ], [ -0.215450836099601, 54.029124150085522 ], [ -0.215908589191753, 54.029130943657272 ], [ -0.215873975242649, 54.029939435860932 ], [ -0.215416213279607, 54.029932642088717 ], [ -0.215381588761709, 54.030741133967254 ], [ -0.215839359596074, 54.030747927939935 ], [ -0.215816281555262, 54.03128692259002 ], [ -0.21535850480644, 54.031280128483687 ], [ -0.215289248412255, 54.032897111700613 ], [ -0.215747042905606, 54.032903906207878 ], [ -0.215700880032819, 54.033981895009461 ], [ -0.215243073708815, 54.033975100234876 ], [ -0.215196895985877, 54.035053088547542 ], [ -0.215654714141305, 54.035059883589462 ], [ -0.21564317219672, 54.035329380699828 ], [ -0.215185351083315, 54.035322585591089 ], [ -0.215000606970922, 54.039634536404066 ], [ -0.214542738712128, 54.039627738483247 ], [ -0.214508084934069, 54.040436228665349 ], [ -0.214965962069387, 54.040443026786782 ], [ -0.214942864524278, 54.040982020305997 ], [ -0.214484981471035, 54.040975222050818 ], [ -0.214357898918867, 54.043939684680566 ], [ -0.213899983502501, 54.04393288394688 ], [ -0.213876869208939, 54.044471876838429 ], [ -0.214334790544478, 54.044478677705904 ] ] ] } },
{ "type": "Feature", "properties": { "Period": "1990-2026", "Area_m2": 1800.0, "Area_ha": 0.18 }, "geometry": { "type": "Polygon", "coordinates": [ [ [ -0.303192296136392, 54.022843832782428 ], [ -0.303214237366262, 54.022304812375708 ], [ -0.302756538015759, 54.022298351710013 ], [ -0.302734590873362, 54.022837371989652 ], [ -0.303192296136392, 54.022843832782428 ] ] ] } },
{ "type": "Feature", "properties": { "Period": "1990-2026", "Area_m2": 3600.0, "Area_ha": 0.36 }, "geometry": { "type": "Polygon", "coordinates": [ [ [ -0.215316230433676, 54.021571425268519 ], [ -0.215362382253811, 54.020493434453009 ], [ -0.214904724134527, 54.020486639536074 ], [ -0.214858560492652, 54.021564630084292 ], [ -0.215316230433676, 54.021571425268519 ] ] ] } },
{ "type": "Feature", "properties": { "Period": "1990-2026", "Area_m2": 5400.0, "Area_ha": 0.54 }, "geometry": { "type": "Polygon", "coordinates": [ [ [ -0.214927804823806, 54.019947644178849 ], [ -0.214997042365415, 54.018330657774705 ], [ -0.214539408075871, 54.018323861651062 ], [ -0.214470152803702, 54.019940847654176 ], [ -0.214927804823806, 54.019947644178849 ] ] ] } },
{ "type": "Feature", "properties": { "Period": "1990-2026", "Area_m2": 1800.0, "Area_ha": 0.18 }, "geometry": { "type": "Polygon", "coordinates": [ [ [ -0.214539408075871, 54.018323861651062 ], [ -0.214562491657576, 54.017784866205858 ], [ -0.214104863466446, 54.017778068474634 ], [ -0.214081773974949, 54.018317063786142 ], [ -0.214539408075871, 54.018323861651062 ] ] ] } },
{ "type": "Feature", "properties": { "Period": "1990-2026", "Area_m2": 1800.0, "Area_ha": 0.18 }, "geometry": { "type": "Polygon", "coordinates": [ [ [ -0.214104863466446, 54.017778068474634 ], [ -0.214127952203297, 54.017239073107717 ], [ -0.21367033011042, 54.01723227376899 ], [ -0.213647235463978, 54.017771269002182 ], [ -0.214104863466446, 54.017778068474634 ] ] ] } },
{ "type": "Feature", "properties": { "Period": "1990-2026", "Area_m2": 5400.0, "Area_ha": 0.54 }, "geometry": { "type": "Polygon", "coordinates": [ [ [ -0.214597115615542, 54.01697637293416 ], [ -0.214666358439361, 54.01535938601674 ], [ -0.214208756839912, 54.015352588887104 ], [ -0.21413949628874, 54.016969575403486 ], [ -0.214597115615542, 54.01697637293416 ] ] ] } },
{ "type": "Feature", "properties": { "Period": "1990-2026", "Area_m2": 4500.0, "Area_ha": 0.45 }, "geometry": { "type": "Polygon", "coordinates": [ [ [ -0.214208756839912, 54.015352588887104 ], [ -0.214266468778687, 54.014005099742469 ], [ -0.21380888213931, 54.013998301206051 ], [ -0.213751155429087, 54.015345790016411 ], [ -0.214208756839912, 54.015352588887104 ] ] ] } },
{ "type": "Feature", "properties": { "Period": "1990-2026", "Area_m2": 5400.0, "Area_ha": 0.54 }, "geometry": { "type": "Polygon", "coordinates": [ [ [ -0.213820426915383, 54.013728803402429 ], [ -0.213878147966121, 54.012381314176409 ], [ -0.212963010701589, 54.012367712683087 ], [ -0.212951460960916, 54.012637210422255 ], [ -0.21340903245274, 54.012644012106236 ], [ -0.213362843418799, 54.013722003191859 ], [ -0.213820426915383, 54.013728803402429 ] ] ] } },
{ "type": "Feature", "properties": { "Period": "1990-2026", "Area_m2": 7200.0, "Area_ha": 0.72 }, "geometry": { "type": "Polygon", "coordinates": [ [ [ -0.302671931010182, 54.013128538330385 ], [ -0.302726780022848, 54.011780985381868 ], [ -0.301811612729417, 54.011768060299936 ], [ -0.301778686133213, 54.012576591728823 ], [ -0.302236278553464, 54.012583055331007 ], [ -0.302214332501586, 54.013122076342235 ], [ -0.302671931010182, 54.013128538330385 ] ] ] } },
{ "type": "Feature", "properties": { "Period": "1990-2026", "Area_m2": 9900.0, "Area_ha": 0.99 }, "geometry": { "type": "Polygon", "coordinates": [ [ [ -0.300493781520891, 54.010401107917595 ], [ -0.300515747619153, 54.009862087141158 ], [ -0.298685500054634, 54.009836196974028 ], [ -0.298696494650327, 54.009566686819845 ], [ -0.29778137785365, 54.009553731418073 ], [ -0.297770377350103, 54.00982324144487 ], [ -0.298227938612518, 54.009829720079921 ], [ -0.298216940883195, 54.010099230156705 ], [ -0.298674505279289, 54.010105707114519 ], [ -0.298663510324286, 54.01037521724129 ], [ -0.300493781520891, 54.010401107917595 ] ] ] } },
{ "type": "Feature", "properties": { "Period": "1990-2026", "Area_m2": 10800.0, "Area_ha": 1.08 }, "geometry": { "type": "Polygon", "coordinates": [ [ [ -0.213066949875616, 54.009942232407106 ], [ -0.213124687257, 54.0085947428799 ], [ -0.212667160257215, 54.008587940458419 ], [ -0.212736456607278, 54.006970952969816 ], [ -0.212278947514472, 54.006964149209089 ], [ -0.212198080440784, 54.008850634095658 ], [ -0.212655610205067, 54.008857438324682 ], [ -0.212609408109265, 54.009935429651172 ], [ -0.213066949875616, 54.009942232407106 ] ] ] } },
{ "type": "Feature", "properties": { "Period": "1990-2026", "Area_m2": 2700.0, "Area_ha": 0.27 }, "geometry": { "type": "Polygon", "coordinates": [ [ [ -0.29327198113354, 54.007871793334026 ], [ -0.293283009914604, 54.007602283849259 ], [ -0.29282547426179, 54.007595786575202 ], [ -0.29283650581615, 54.007326277140628 ], [ -0.292378973297074, 54.007319778189689 ], [ -0.292356904101075, 54.007858796917319 ], [ -0.29327198113354, 54.007871793334026 ] ] ] } },
{ "type": "Feature", "properties": { "Period": "1990-2026", "Area_m2": 1800.0, "Area_ha": 0.18 }, "geometry": { "type": "Polygon", "coordinates": [ [ [ -0.292847537190266, 54.007056767692319 ], [ -0.29286959939778, 54.006517748754625 ], [ -0.292412075738891, 54.006511249995391 ], [ -0.292390007624634, 54.007050268805287 ], [ -0.292847537190266, 54.007056767692319 ] ] ] } },
{ "type": "Feature", "properties": { "Period": "1990-2026", "Area_m2": 3600.0, "Area_ha": 0.36 }, "geometry": { "type": "Polygon", "coordinates": [ [ [ -0.211856101955042, 54.006148850177894 ], [ -0.211902317105112, 54.005070858610623 ], [ -0.211444829058885, 54.00506405183733 ], [ -0.211398602098213, 54.00614204313689 ], [ -0.211856101955042, 54.006148850177894 ] ] ] } },
{ "type": "Feature", "properties": { "Period": "1990-2026", "Area_m2": 2700.0, "Area_ha": 0.27 }, "geometry": { "type": "Polygon", "coordinates": [ [ [ -0.211467941406385, 54.004525056104391 ], [ -0.211502608511684, 54.00371656240101 ], [ -0.211045135416408, 54.003709754222022 ], [ -0.211010459453964, 54.004518247724562 ], [ -0.211467941406385, 54.004525056104391 ] ] ] } },
{ "type": "Feature", "properties": { "Period": "1990-2026", "Area_m2": 2700.0, "Area_ha": 0.27 }, "geometry": { "type": "Polygon", "coordinates": [ [ [ -0.211056693692889, 54.003440256360129 ], [ -0.211091367389391, 54.002631762691252 ], [ -0.210633906291779, 54.002624953039756 ], [ -0.210599223738724, 54.003433446507763 ], [ -0.211056693692889, 54.003440256360129 ] ] ] } },
{ "type": "Feature", "properties": { "Period": "1990-2026", "Area_m2": 6300.0, "Area_ha": 0.63 }, "geometry": { "type": "Polygon", "coordinates": [ [ [ -0.210645466765069, 54.00235545518936 ], [ -0.210691706769687, 54.001277463649167 ], [ -0.210234260620877, 54.001270652592261 ], [ -0.210257385393761, 54.000731656872922 ], [ -0.209799945337472, 54.000724844209792 ], [ -0.209765249039296, 54.001533337567054 ], [ -0.210222697951103, 54.001540150431133 ], [ -0.210188008808404, 54.002348643864565 ], [ -0.210645466765069, 54.00235545518936 ] ] ] } },
{ "type": "Feature", "properties": { "Period": "1990-2026", "Area_m2": 2700.0, "Area_ha": 0.27 }, "geometry": { "type": "Polygon", "coordinates": [ [ [ -0.209811510392333, 54.000455346396301 ], [ -0.209846204423384, 53.999646852872687 ], [ -0.209388776362689, 53.999640038737418 ], [ -0.209354073476711, 54.000448532060048 ], [ -0.209811510392333, 54.000455346396301 ] ] ] } },
{ "type": "Feature", "properties": { "Period": "1990-2026", "Area_m2": 3600.0, "Area_ha": 0.36 }, "geometry": { "type": "Polygon", "coordinates": [ [ [ -0.208977628166044, 53.99855523183917 ], [ -0.209023904817257, 53.997477240594428 ], [ -0.208566500745487, 53.997470423515232 ], [ -0.20852021228918, 53.998548414491893 ], [ -0.208977628166044, 53.99855523183917 ] ] ] } },
{ "type": "Feature", "properties": { "Period": "1990-2026", "Area_m2": 41400.0, "Area_ha": 4.14 }, "geometry": { "type": "Polygon", "coordinates": [ [ [ -0.208566500745487, 53.997470423515232 ], [ -0.208612786177418, 53.996392432316732 ], [ -0.208155394098976, 53.996385613765767 ], [ -0.208178541582747, 53.995846618217385 ], [ -0.207721155595217, 53.995839798060672 ], [ -0.207767460097367, 53.994761807065693 ], [ -0.207310086102048, 53.994754985437417 ], [ -0.207333243119907, 53.994215989990877 ], [ -0.206875875214977, 53.994209166757003 ], [ -0.206933779202448, 53.992861678233297 ], [ -0.206476426238974, 53.992854853595176 ], [ -0.206499592410498, 53.992315858222796 ], [ -0.206042245536788, 53.992309031979303 ], [ -0.206077002225692, 53.991500539018013 ], [ -0.205619664391699, 53.991493711236274 ], [ -0.205666015794474, 53.990415720695538 ], [ -0.205208689949705, 53.990408891442804 ], [ -0.205220280277127, 53.990139393840067 ], [ -0.204762957571521, 53.990132562915065 ], [ -0.204809328787268, 53.989054572633989 ], [ -0.204352018069966, 53.989047740238185 ], [ -0.204363613350194, 53.988778242700413 ], [ -0.203906305771882, 53.98877140863241 ], [ -0.203871510514078, 53.989579901002593 ], [ -0.20432882694138, 53.989586735272141 ], [ -0.204294038828114, 53.990395227718992 ], [ -0.204751364294235, 53.990402060450641 ], [ -0.204728177171615, 53.990941055480164 ], [ -0.205185508726957, 53.990947886606648 ], [ -0.205150735473011, 53.991756379248386 ], [ -0.205608076067844, 53.991763208836794 ], [ -0.205573309960627, 53.992571701555093 ], [ -0.20603065959536, 53.992578529605318 ], [ -0.205984313937232, 53.993656519970685 ], [ -0.206441675562731, 53.993663346549759 ], [ -0.206406923183635, 53.994471839379457 ], [ -0.206864293850002, 53.994478664420136 ], [ -0.206841130552536, 53.995017659704807 ], [ -0.207298507309432, 53.995024483139908 ], [ -0.207252190247618, 53.996102473811121 ], [ -0.207709578996953, 53.99610929577473 ], [ -0.207686425233124, 53.996648291161264 ], [ -0.20814382007351, 53.996655111519161 ], [ -0.20810909686274, 53.997463604696108 ], [ -0.208566500745487, 53.997470423515232 ] ] ] } },
{ "type": "Feature", "properties": { "Period": "1990-2026", "Area_m2": 1800.0, "Area_ha": 0.18 }, "geometry": { "type": "Polygon", "coordinates": [ [ [ -0.203929501663315, 53.988232413649577 ], [ -0.203952696797103, 53.987693418611236 ], [ -0.203495401206174, 53.987686583072666 ], [ -0.2034722001735, 53.988225577976607 ], [ -0.203929501663315, 53.988232413649577 ] ] ] } },
{ "type": "Feature", "properties": { "Period": "1990-2026", "Area_m2": 1800.0, "Area_ha": 0.18 }, "geometry": { "type": "Polygon", "coordinates": [ [ [ -0.213144800373668, 53.986751768524925 ], [ -0.213156337914447, 53.986482269589196 ], [ -0.212241768856804, 53.986468667013618 ], [ -0.212230225417506, 53.986738165815616 ], [ -0.213144800373668, 53.986751768524925 ] ] ] } },
{ "type": "Feature", "properties": { "Period": "1990-2026", "Area_m2": 6300.0, "Area_ha": 0.63 }, "geometry": { "type": "Polygon", "coordinates": [ [ [ -0.203061311978253, 53.987140750969786 ], [ -0.203119324096136, 53.985793263664398 ], [ -0.202662049528683, 53.985786425117823 ], [ -0.20267365433286, 53.985516927682347 ], [ -0.202216382903946, 53.985510087463858 ], [ -0.202193167207983, 53.986049082186476 ], [ -0.202650444534988, 53.986055922539443 ], [ -0.20260402266495, 53.987133912087103 ], [ -0.203061311978253, 53.987140750969786 ] ] ] } },
{ "type": "Feature", "properties": { "Period": "1990-2026", "Area_m2": 2700.0, "Area_ha": 0.27 }, "geometry": { "type": "Polygon", "coordinates": [ [ [ -0.201817162331614, 53.984155758793086 ], [ -0.201851990456729, 53.983347266598642 ], [ -0.201394742997361, 53.983340423440019 ], [ -0.201359906026216, 53.984148915432662 ], [ -0.201817162331614, 53.984155758793086 ] ] ] } },
{ "type": "Feature", "properties": { "Period": "1990-2026", "Area_m2": 9000.0, "Area_ha": 0.9 }, "geometry": { "type": "Polygon", "coordinates": [ [ [ -0.201394742997361, 53.983340423440019 ], [ -0.201417966696662, 53.982801428708854 ], [ -0.200960725324023, 53.982794583945811 ], [ -0.201007182240902, 53.981716594586025 ], [ -0.200549952851541, 53.981709748353197 ], [ -0.200561569554916, 53.981440251045846 ], [ -0.20010434330353, 53.981433403141423 ], [ -0.200069483779333, 53.982241894819879 ], [ -0.200526718875701, 53.982248742926252 ], [ -0.200491866489154, 53.983057234681723 ], [ -0.200949110620654, 53.983064081251044 ], [ -0.200937495727616, 53.983333578542386 ], [ -0.201394742997361, 53.983340423440019 ] ] ] } },
{ "type": "Feature", "properties": { "Period": "1990-2026", "Area_m2": 2700.0, "Area_ha": 0.27 }, "geometry": { "type": "Polygon", "coordinates": [ [ [ -0.200115962765445, 53.981163905887499 ], [ -0.200150820012799, 53.980355414042435 ], [ -0.199693605743773, 53.980348564668439 ], [ -0.199658739652026, 53.981157056311517 ], [ -0.200115962765445, 53.981163905887499 ] ] ] } },
{ "type": "Feature", "properties": { "Period": "1990-2026", "Area_m2": 1800.0, "Area_ha": 0.18 }, "geometry": { "type": "Polygon", "coordinates": [ [ [ -0.199693605743773, 53.980348564668439 ], [ -0.199716848856078, 53.979809570170289 ], [ -0.199259640672836, 53.979802719192158 ], [ -0.199236391664518, 53.98034171355561 ], [ -0.199693605743773, 53.980348564668439 ] ] ] } },
{ "type": "Feature", "properties": { "Period": "1990-2026", "Area_m2": 10800.0, "Area_ha": 1.08 }, "geometry": { "type": "Polygon", "coordinates": [ [ [ -0.199271264892278, 53.97953322198962 ], [ -0.199306136411785, 53.978724730298637 ], [ -0.198848940209787, 53.978717877851146 ], [ -0.198883818864223, 53.977909386237279 ], [ -0.198426631695124, 53.977902532253196 ], [ -0.198449889077396, 53.977363537909248 ], [ -0.197992707993297, 53.9773566823213 ], [ -0.197946180678807, 53.978434670684095 ], [ -0.198403373553345, 53.978441526541609 ], [ -0.198368484916525, 53.979250017870058 ], [ -0.198825686824295, 53.97925687219098 ], [ -0.198814059846776, 53.979526369340071 ], [ -0.199271264892278, 53.97953322198962 ] ] ] } },
{ "type": "Feature", "properties": { "Period": "1990-2026", "Area_m2": 3600.0, "Area_ha": 0.36 }, "geometry": { "type": "Polygon", "coordinates": [ [ [ -0.295855710703256, 53.978245128335722 ], [ -0.295877710799851, 53.977706105953864 ], [ -0.294963293683716, 53.97769313427316 ], [ -0.29494128179418, 53.97823215639999 ], [ -0.295855710703256, 53.978245128335722 ] ] ] } },
{ "type": "Feature", "properties": { "Period": "1990-2026", "Area_m2": 22500.0, "Area_ha": 2.25 }, "geometry": { "type": "Polygon", "coordinates": [ [ [ -0.197992707993297, 53.9773566823213 ], [ -0.19803923226912, 53.976278693736297 ], [ -0.197582063164591, 53.976271836679331 ], [ -0.19761696321923, 53.975463345296937 ], [ -0.197159803146373, 53.975456486703656 ], [ -0.197194710332885, 53.97464799539852 ], [ -0.196737559291288, 53.974641135269017 ], [ -0.196772473608908, 53.973832644041146 ], [ -0.196315331598164, 53.973825782375535 ], [ -0.19633861275352, 53.973286788289059 ], [ -0.195881476826471, 53.973279925019973 ], [ -0.195904763115091, 53.972740931012844 ], [ -0.195447633271574, 53.972734066140355 ], [ -0.195401048146886, 53.973812053829128 ], [ -0.195858189777474, 53.973818918971531 ], [ -0.195834901968068, 53.974357912867532 ], [ -0.19629204968259, 53.974364776406446 ], [ -0.196257125383748, 53.975173267348637 ], [ -0.196714282129454, 53.975180129351479 ], [ -0.196691004207512, 53.975719123378383 ], [ -0.197148167037575, 53.9757259837776 ], [ -0.197113257571237, 53.97653447491605 ], [ -0.197570429433155, 53.976541333778997 ], [ -0.197535527099114, 53.977349824994711 ], [ -0.197992707993297, 53.9773566823213 ] ] ] } },
{ "type": "Feature", "properties": { "Period": "1990-2026", "Area_m2": 18000.0, "Area_ha": 1.8 }, "geometry": { "type": "Polygon", "coordinates": [ [ [ -0.195447633271574, 53.972734066140355 ], [ -0.195459279077402, 53.972464569183408 ], [ -0.19591640597427, 53.972471433988446 ], [ -0.195928048643368, 53.972201936950164 ], [ -0.195470924693099, 53.9721950722126 ], [ -0.195494215354124, 53.971656078229273 ], [ -0.195037097487027, 53.971649211888398 ], [ -0.195083688313224, 53.970571224024987 ], [ -0.194626582421793, 53.970564356215846 ], [ -0.194638232599217, 53.970294859282767 ], [ -0.194181129844234, 53.970287989802998 ], [ -0.194227740436573, 53.969210002201741 ], [ -0.193770649656337, 53.96920313125392 ], [ -0.193700714949357, 53.970820112167232 ], [ -0.194157823406641, 53.970826983520254 ], [ -0.194134516208054, 53.971365977181911 ], [ -0.19459163074833, 53.971372846931772 ], [ -0.194568328681651, 53.971911840672895 ], [ -0.195025449305077, 53.97191870881953 ], [ -0.194990503618193, 53.972727199529515 ], [ -0.195447633271574, 53.972734066140355 ] ] ] } },
{ "type": "Feature", "properties": { "Period": "1990-2026", "Area_m2": 1800.0, "Area_ha": 0.18 }, "geometry": { "type": "Polygon", "coordinates": [ [ [ -0.193770649656337, 53.96920313125392 ], [ -0.193793959703115, 53.968664137504987 ], [ -0.193336875005107, 53.96865726495416 ], [ -0.193313559066372, 53.969196258568005 ], [ -0.193770649656337, 53.96920313125392 ] ] ] } },
{ "type": "Feature", "properties": { "Period": "1990-2026", "Area_m2": 3600.0, "Area_ha": 0.36 }, "geometry": { "type": "Polygon", "coordinates": [ [ [ -0.193360190182599, 53.96811827128473 ], [ -0.193371847485888, 53.967848774429157 ], [ -0.192914771815755, 53.967841900342968 ], [ -0.192938091742912, 53.967302906725259 ], [ -0.192481022154585, 53.96729603103622 ], [ -0.192446033141069, 53.968104521239212 ], [ -0.193360190182599, 53.96811827128473 ] ] ] } },
{ "type": "Feature", "properties": { "Period": "1990-2026", "Area_m2": 3600.0, "Area_ha": 0.36 }, "geometry": { "type": "Polygon", "coordinates": [ [ [ -0.192492684778313, 53.967026534274105 ], [ -0.192539333369449, 53.965948547086626 ], [ -0.192082278699296, 53.965941669997534 ], [ -0.192035618326025, 53.967019656914673 ], [ -0.192492684778313, 53.967026534274105 ] ] ] } },
{ "type": "Feature", "properties": { "Period": "1990-2026", "Area_m2": 3600.0, "Area_ha": 0.36 }, "geometry": { "type": "Polygon", "coordinates": [ [ [ -0.192082278699296, 53.965941669997534 ], [ -0.192128936025958, 53.964863682858009 ], [ -0.19167189332757, 53.964856804301483 ], [ -0.191625224219557, 53.965934791170582 ], [ -0.192082278699296, 53.965941669997534 ] ] ] } },
{ "type": "Feature", "properties": { "Period": "1990-2026", "Area_m2": 5400.0, "Area_ha": 0.54 }, "geometry": { "type": "Polygon", "coordinates": [ [ [ -0.191238190121328, 53.964310930624407 ], [ -0.191273197645266, 53.963502440446057 ], [ -0.190816170053378, 53.963495558752058 ], [ -0.190839513340197, 53.962956565365573 ], [ -0.190382491828712, 53.962949682069166 ], [ -0.190347467777812, 53.963758171925072 ], [ -0.190804498124192, 53.963765055424446 ], [ -0.190781153694246, 53.964304048727527 ], [ -0.191238190121328, 53.964310930624407 ] ] ] } },
{ "type": "Feature", "properties": { "Period": "1990-2026", "Area_m2": 6300.0, "Area_ha": 0.63 }, "geometry": { "type": "Polygon", "coordinates": [ [ [ -0.190394166131222, 53.962680185422698 ], [ -0.190440861435758, 53.961602198697882 ], [ -0.189983854838676, 53.961595314002061 ], [ -0.190007207236902, 53.961056320691569 ], [ -0.189550206719598, 53.961049434393523 ], [ -0.189515169002521, 53.961857924135373 ], [ -0.189972178353686, 53.961864810636456 ], [ -0.18993714775516, 53.962673300456252 ], [ -0.190394166131222, 53.962680185422698 ] ] ] } },
{ "type": "Feature", "properties": { "Period": "1990-2026", "Area_m2": 18900.0, "Area_ha": 1.89 }, "geometry": { "type": "Polygon", "coordinates": [ [ [ -0.206470922319149, 53.961033571089139 ], [ -0.206482492037871, 53.960764071974246 ], [ -0.206939493685272, 53.960770893847204 ], [ -0.206951060270569, 53.960501394651416 ], [ -0.207408059162176, 53.960508214719773 ], [ -0.207419622614144, 53.960238715443083 ], [ -0.207876618749949, 53.960245533706846 ], [ -0.207911299140105, 53.959437035592558 ], [ -0.207454311837643, 53.959430217529807 ], [ -0.207465874534688, 53.95916071819763 ], [ -0.206551906384679, 53.959147076993666 ], [ -0.206528769024386, 53.959686075376034 ], [ -0.205614789852198, 53.959672426953851 ], [ -0.205591639958779, 53.96021142501246 ], [ -0.206048635339346, 53.960218250226447 ], [ -0.206013917915962, 53.961026747411523 ], [ -0.206470922319149, 53.961033571089139 ] ] ] } },
{ "type": "Feature", "properties": { "Period": "1990-2026", "Area_m2": 14400.0, "Area_ha": 1.44 }, "geometry": { "type": "Polygon", "coordinates": [ [ [ -0.189561885577368, 53.960779937785063 ], [ -0.189585242721048, 53.960240944526461 ], [ -0.189128251227788, 53.960234056693906 ], [ -0.189163294346708, 53.959425566904791 ], [ -0.188706311877081, 53.959418677537833 ], [ -0.188729678891522, 53.958879684410959 ], [ -0.188272702500993, 53.958872793441991 ], [ -0.18831944601788, 53.957794807292238 ], [ -0.187862481594295, 53.957787914856773 ], [ -0.187874169940642, 53.957518418352308 ], [ -0.187417208651751, 53.957511524247209 ], [ -0.187393825880387, 53.958050517106777 ], [ -0.187850793057182, 53.95805741134734 ], [ -0.187804037000976, 53.959135397170535 ], [ -0.188261016144942, 53.959142289944666 ], [ -0.188237642860616, 53.959681282908278 ], [ -0.188694628083819, 53.959688174080412 ], [ -0.188659575559812, 53.960496663624696 ], [ -0.189116569806832, 53.960503553262484 ], [ -0.189104888195211, 53.960773049817121 ], [ -0.189561885577368, 53.960779937785063 ] ] ] } },
{ "type": "Feature", "properties": { "Period": "1990-2026", "Area_m2": 23400.0, "Area_ha": 2.34 }, "geometry": { "type": "Polygon", "coordinates": [ [ [ -0.187417208651751, 53.957511524247209 ], [ -0.187428899751214, 53.957242027796589 ], [ -0.187885858096225, 53.957248921833909 ], [ -0.187909233835122, 53.956709928755416 ], [ -0.187452281377727, 53.956703034853589 ], [ -0.187475662241047, 53.956164041854954 ], [ -0.187018715861866, 53.956157146351373 ], [ -0.187042101849252, 53.95561815343261 ], [ -0.186585161548124, 53.95561125632733 ], [ -0.186631943006835, 53.95453327059397 ], [ -0.186175014670423, 53.954526372022656 ], [ -0.186198410141231, 53.953987379208094 ], [ -0.185741487882351, 53.953980479035216 ], [ -0.185788288305873, 53.952902493510386 ], [ -0.185331378010594, 53.952895591871695 ], [ -0.185272862287896, 53.954243073403866 ], [ -0.185729787299111, 53.954249975381664 ], [ -0.185694684403664, 53.955058464337476 ], [ -0.186151618435982, 53.955065364781554 ], [ -0.186104823676066, 53.956143350132457 ], [ -0.186561769673523, 53.956150249110522 ], [ -0.18653837703538, 53.956689241838085 ], [ -0.18699532911113, 53.956696139214479 ], [ -0.186960247553671, 53.957504628404827 ], [ -0.187417208651751, 53.957511524247209 ] ] ] } },
{ "type": "Feature", "properties": { "Period": "1990-2026", "Area_m2": 12600.0, "Area_ha": 1.26 }, "geometry": { "type": "Polygon", "coordinates": [ [ [ -0.185331378010594, 53.952895591871695 ], [ -0.185366485152433, 53.952087102785427 ], [ -0.184909583877107, 53.952080199613214 ], [ -0.184921288818678, 53.95181070329113 ], [ -0.184464390677258, 53.951803798449752 ], [ -0.184511220304566, 53.950725813293673 ], [ -0.184054334125274, 53.950718906986815 ], [ -0.184066043997134, 53.95044941073084 ], [ -0.183609160951575, 53.950442502754967 ], [ -0.18358573513143, 53.950981495117212 ], [ -0.184042624062323, 53.950988403228834 ], [ -0.183995781899548, 53.952066388057794 ], [ -0.184452682792797, 53.952073294704007 ], [ -0.184417557993022, 53.952881783383205 ], [ -0.185331378010594, 53.952895591871695 ] ] ] } },
{ "type": "Feature", "properties": { "Period": "1990-2026", "Area_m2": 2700.0, "Area_ha": 0.27 }, "geometry": { "type": "Polygon", "coordinates": [ [ [ -0.183620873574946, 53.95017300655298 ], [ -0.183656010298304, 53.949364517863543 ], [ -0.183199139213955, 53.949357608422339 ], [ -0.18316399366311, 53.950166096908134 ], [ -0.183620873574946, 53.95017300655298 ] ] ] } },
{ "type": "Feature", "properties": { "Period": "1990-2026", "Area_m2": 3600.0, "Area_ha": 0.36 }, "geometry": { "type": "Polygon", "coordinates": [ [ [ -0.182753986064444, 53.949081201122503 ], [ -0.182800855127115, 53.948003216495884 ], [ -0.182343999136615, 53.947996303920711 ], [ -0.182297118304862, 53.949074288275625 ], [ -0.182753986064444, 53.949081201122503 ] ] ] } },
{ "type": "Feature", "properties": { "Period": "1990-2026", "Area_m2": 1800.0, "Area_ha": 0.18 }, "geometry": { "type": "Polygon", "coordinates": [ [ [ -0.182343999136615, 53.947996303920711 ], [ -0.182367438405043, 53.947457311659747 ], [ -0.181910588490029, 53.947450397483721 ], [ -0.181887143337356, 53.947989389608814 ], [ -0.182343999136615, 53.947996303920711 ] ] ] } },
{ "type": "Feature", "properties": { "Period": "1990-2026", "Area_m2": 1800.0, "Area_ha": 0.18 }, "geometry": { "type": "Polygon", "coordinates": [ [ [ -0.181910588490029, 53.947450397483721 ], [ -0.18193403287759, 53.946911405302941 ], [ -0.1814771890379, 53.946904489526148 ], [ -0.181453738766293, 53.947443481571021 ], [ -0.181910588490029, 53.947450397483721 ] ] ] } },
{ "type": "Feature", "properties": { "Period": "1990-2026", "Area_m2": 2700.0, "Area_ha": 0.27 }, "geometry": { "type": "Polygon", "coordinates": [ [ [ -0.181488913886724, 53.946634993482824 ], [ -0.181524087285333, 53.945826505269338 ], [ -0.181067255404461, 53.945819588027774 ], [ -0.181032073180299, 53.946628076037342 ], [ -0.181488913886724, 53.946634993482824 ] ] ] } },
{ "type": "Feature", "properties": { "Period": "1990-2026", "Area_m2": 1800.0, "Area_ha": 0.18 }, "geometry": { "type": "Polygon", "coordinates": [ [ [ -0.181067255404461, 53.945819588027774 ], [ -0.181090709263817, 53.945280595951786 ], [ -0.180633883457748, 53.945273677109604 ], [ -0.180610423714938, 53.945812669049623 ], [ -0.181067255404461, 53.945819588027774 ] ] ] } },
{ "type": "Feature", "properties": { "Period": "1990-2026", "Area_m2": 1800.0, "Area_ha": 0.18 }, "geometry": { "type": "Polygon", "coordinates": [ [ [ -0.180633883457748, 53.945273677109604 ], [ -0.180657342435006, 53.944734685113879 ], [ -0.180200522703578, 53.944727764671136 ], [ -0.180177057843067, 53.945266756530863 ], [ -0.180633883457748, 53.945273677109604 ] ] ] } },
{ "type": "Feature", "properties": { "Period": "1990-2026", "Area_m2": 5400.0, "Area_ha": 0.54 }, "geometry": { "type": "Polygon", "coordinates": [ [ [ -0.180200522703578, 53.944727764671136 ], [ -0.1802474501275, 53.943649780784575 ], [ -0.179790642353417, 53.943642858877389 ], [ -0.179802376672219, 53.943373362938956 ], [ -0.179345572030949, 53.943366439363359 ], [ -0.179322097319129, 53.943905431090243 ], [ -0.179778907843156, 53.943912354801903 ], [ -0.17974370316358, 53.944720842491883 ], [ -0.180200522703578, 53.944727764671136 ] ] ] } },
{ "type": "Feature", "properties": { "Period": "1990-2026", "Area_m2": 1800.0, "Area_ha": 0.18 }, "geometry": { "type": "Polygon", "coordinates": [ [ [ -0.179345572030949, 53.943366439363359 ], [ -0.179369045976759, 53.942827447580754 ], [ -0.17891224740955, 53.942820522404816 ], [ -0.178888767581183, 53.94335951405133 ], [ -0.179345572030949, 53.943366439363359 ] ] ] } },
{ "type": "Feature", "properties": { "Period": "1990-2026", "Area_m2": 23400.0, "Area_ha": 2.34 }, "geometry": { "type": "Polygon", "coordinates": [ [ [ -0.178923987036418, 53.942551026560686 ], [ -0.178970943628557, 53.941473043044816 ], [ -0.178514159958424, 53.941466116472796 ], [ -0.178525901568609, 53.941196620627061 ], [ -0.178069121031004, 53.941189692386807 ], [ -0.178104353534778, 53.940381204970279 ], [ -0.177647582011363, 53.940374275198003 ], [ -0.177671075270683, 53.939835283653501 ], [ -0.177214309820387, 53.939828352281197 ], [ -0.177237808194428, 53.939289360817185 ], [ -0.176781048817089, 53.93928242784493 ], [ -0.176816303762116, 53.938473940748771 ], [ -0.176359553398037, 53.938467006244764 ], [ -0.176383061616927, 53.937928014913936 ], [ -0.175926317325383, 53.937921078810113 ], [ -0.175891045888174, 53.938729565581028 ], [ -0.176347799000951, 53.938736501889281 ], [ -0.176312534659079, 53.939544988739264 ], [ -0.176769296785298, 53.939551923515793 ], [ -0.176734039539525, 53.940360410444775 ], [ -0.177190810679596, 53.940367343689502 ], [ -0.177167310772023, 53.940906335042065 ], [ -0.177624087985451, 53.940913266686778 ], [ -0.177600593192915, 53.941452258119838 ], [ -0.178057376479861, 53.941459188164458 ], [ -0.178033886802719, 53.941998179677988 ], [ -0.178490676163344, 53.942005108122466 ], [ -0.178467191601954, 53.942544099716429 ], [ -0.178923987036418, 53.942551026560686 ] ] ] } },
{ "type": "Feature", "properties": { "Period": "1990-2026", "Area_m2": 9000.0, "Area_ha": 0.9 }, "geometry": { "type": "Polygon", "coordinates": [ [ [ -0.175926317325383, 53.937921078810113 ], [ -0.175949830657842, 53.937382087559833 ], [ -0.175493092438674, 53.937375149856273 ], [ -0.175516610884344, 53.936836158686589 ], [ -0.175059878737392, 53.936829219383362 ], [ -0.17510692508695, 53.935751237149475 ], [ -0.174650204892033, 53.935744296383014 ], [ -0.17459138177508, 53.93709177379958 ], [ -0.175048116670311, 53.937098714906995 ], [ -0.175024591960495, 53.937637705912465 ], [ -0.17548133292808, 53.937644645420214 ], [ -0.175469573225641, 53.937914140970236 ], [ -0.175926317325383, 53.937921078810113 ] ] ] } },
{ "type": "Feature", "properties": { "Period": "1990-2026", "Area_m2": 1800.0, "Area_ha": 0.18 }, "geometry": { "type": "Polygon", "coordinates": [ [ [ -0.174650204892033, 53.935744296383014 ], [ -0.174673732795406, 53.935205305318838 ], [ -0.174217018672185, 53.935198362952868 ], [ -0.17419348488903, 53.935737353880626 ], [ -0.174650204892033, 53.935744296383014 ] ] ] } },
{ "type": "Feature", "properties": { "Period": "1990-2026", "Area_m2": 2700.0, "Area_ha": 0.27 }, "geometry": { "type": "Polygon", "coordinates": [ [ [ -0.174217018672185, 53.935198362952868 ], [ -0.174252317907299, 53.934389876456713 ], [ -0.17379561279533, 53.934382932559508 ], [ -0.173760304740914, 53.935191418851019 ], [ -0.174217018672185, 53.935198362952868 ] ] ] } },
{ "type": "Feature", "properties": { "Period": "1990-2026", "Area_m2": 4500.0, "Area_ha": 0.45 }, "geometry": { "type": "Polygon", "coordinates": [ [ [ -0.173807381762825, 53.934113437101139 ], [ -0.173830919121873, 53.933574446142572 ], [ -0.173374223020748, 53.933567500714247 ], [ -0.173397765490903, 53.933028509836397 ], [ -0.172941075460791, 53.933021562808783 ], [ -0.17290575264897, 53.9338300488999 ], [ -0.173362451497641, 53.933836996132264 ], [ -0.173350679782509, 53.93410649153634 ], [ -0.173807381762825, 53.934113437101139 ] ] ] } },
{ "type": "Feature", "properties": { "Period": "1990-2026", "Area_m2": 2700.0, "Area_ha": 0.27 }, "geometry": { "type": "Polygon", "coordinates": [ [ [ -0.172941075460791, 53.933021562808783 ], [ -0.172976396544068, 53.932213076592227 ], [ -0.172519715524132, 53.93220612803367 ], [ -0.172484385622741, 53.933014614045419 ], [ -0.172941075460791, 53.933021562808783 ] ] ] } },
{ "type": "Feature", "properties": { "Period": "1990-2026", "Area_m2": 5400.0, "Area_ha": 0.54 }, "geometry": { "type": "Polygon", "coordinates": [ [ [ -0.160491282397587, 53.914763254956597 ], [ -0.160562356559632, 53.913146288703665 ], [ -0.160105886755077, 53.913139294621466 ], [ -0.160034794977198, 53.914756260462227 ], [ -0.160491282397587, 53.914763254956597 ] ] ] } },
{ "type": "Feature", "properties": { "Period": "1990-2026", "Area_m2": 1800.0, "Area_ha": 0.18 }, "geometry": { "type": "Polygon", "coordinates": [ [ [ -0.158831327174737, 53.910962348381162 ], [ -0.158855037410204, 53.910423359844742 ], [ -0.158398597734408, 53.910416359512318 ], [ -0.158374881628178, 53.910955347911226 ], [ -0.158831327174737, 53.910962348381162 ] ] ] } },
{ "type": "Feature", "properties": { "Period": "1990-2026", "Area_m2": 2700.0, "Area_ha": 0.27 }, "geometry": { "type": "Polygon", "coordinates": [ [ [ -0.270788681921877, 53.898604054751559 ], [ -0.270822069611884, 53.897795520976658 ], [ -0.270365739749804, 53.897788947278769 ], [ -0.270332343258158, 53.898597480860005 ], [ -0.270788681921877, 53.898604054751559 ] ] ] } },
{ "type": "Feature", "properties": { "Period": "1990-2026", "Area_m2": 2700.0, "Area_ha": 0.27 }, "geometry": { "type": "Polygon", "coordinates": [ [ [ -0.269419666475188, 53.898584327875433 ], [ -0.269453080570076, 53.897775794681721 ], [ -0.268996751252523, 53.897769215782567 ], [ -0.268963328356031, 53.898577748782436 ], [ -0.269419666475188, 53.898584327875433 ] ] ] } },
{ "type": "Feature", "properties": { "Period": "1990-2026", "Area_m2": 6300.0, "Area_ha": 0.63 }, "geometry": { "type": "Polygon", "coordinates": [ [ [ -0.281295583094069, 53.89848526299636 ], [ -0.281306644843738, 53.898215750257847 ], [ -0.280850307887315, 53.898209216372798 ], [ -0.280861372390588, 53.897939703684713 ], [ -0.27903603810469, 53.897913551063176 ], [ -0.279024961865762, 53.898183063494386 ], [ -0.279937634515614, 53.898196143401222 ], [ -0.279926563964043, 53.898465655947149 ], [ -0.281295583094069, 53.89848526299636 ] ] ] } },
{ "type": "Feature", "properties": { "Period": "1990-2026", "Area_m2": 1800.0, "Area_ha": 0.18 }, "geometry": { "type": "Polygon", "coordinates": [ [ [ -0.154570846478496, 53.893637635392068 ], [ -0.154582721586431, 53.893368140993523 ], [ -0.153670216343687, 53.893354109124665 ], [ -0.153658335371149, 53.893623603385414 ], [ -0.154570846478496, 53.893637635392068 ] ] ] } },
{ "type": "Feature", "properties": { "Period": "1990-2026", "Area_m2": 155700.0, "Area_ha": 15.57 }, "geometry": { "type": "Polygon", "coordinates": [ [ [ -0.156822059921708, 53.90472896505608 ], [ -0.156928841929791, 53.902303516405354 ], [ -0.156472491259034, 53.902296509466339 ], [ -0.156508090581835, 53.901488026537713 ], [ -0.156051748905935, 53.901481018071422 ], [ -0.156063617893705, 53.901211523802772 ], [ -0.15560727934499, 53.901204513671608 ], [ -0.155642893948287, 53.900396030988297 ], [ -0.155186564393909, 53.900389019330042 ], [ -0.155198438474822, 53.900119525143197 ], [ -0.154742112047507, 53.900112511820154 ], [ -0.154765865495538, 53.899573523542252 ], [ -0.154309545128686, 53.899566508623387 ], [ -0.154321424495665, 53.89929701453238 ], [ -0.153865107255806, 53.899289997948841 ], [ -0.153888871275419, 53.89875100986265 ], [ -0.1534325600958, 53.898743991683396 ], [ -0.153456329207069, 53.898205003679152 ], [ -0.15300002408753, 53.89819798390424 ], [ -0.153023798290099, 53.897658995981928 ], [ -0.152567499230479, 53.897651974611435 ], [ -0.15259127852399, 53.897112986771113 ], [ -0.152134985524129, 53.897105963805082 ], [ -0.152158769908228, 53.896566976046785 ], [ -0.151702482967967, 53.896559951485315 ], [ -0.15171437780207, 53.896290457654153 ], [ -0.151258093988491, 53.896283431428294 ], [ -0.151293786125677, 53.895474950057945 ], [ -0.150837511304132, 53.895467922305762 ], [ -0.150861310957855, 53.894928934793619 ], [ -0.150405042195428, 53.894921905446196 ], [ -0.150428846938313, 53.894382918016177 ], [ -0.149972584234843, 53.894375887073537 ], [ -0.149996394066535, 53.89383689972567 ], [ -0.149540137421864, 53.893829867187897 ], [ -0.149563952342005, 53.893290879922198 ], [ -0.149107701755971, 53.893283845789369 ], [ -0.149119611857145, 53.893014352204631 ], [ -0.148663364397432, 53.893007316407704 ], [ -0.148687189881712, 53.892468329334406 ], [ -0.148230948480416, 53.892461291942553 ], [ -0.148254779052156, 53.891922304951514 ], [ -0.147798543709116, 53.891915265964769 ], [ -0.147810461635656, 53.891645772517364 ], [ -0.147354229418807, 53.891638731866713 ], [ -0.14738999082861, 53.890830251647984 ], [ -0.146933767601603, 53.890823209471719 ], [ -0.146945690614752, 53.890553716106638 ], [ -0.146489470513815, 53.89054667226651 ], [ -0.146513321820543, 53.890007685632725 ], [ -0.146057107777321, 53.890000640197961 ], [ -0.146069036070763, 53.889731146929265 ], [ -0.145612825153542, 53.889724099830765 ], [ -0.145636687020304, 53.88918511338975 ], [ -0.145180482160578, 53.889178064696736 ], [ -0.14519241573376, 53.88890857152446 ], [ -0.145648617662032, 53.888915620148268 ], [ -0.14566054810933, 53.888646126892787 ], [ -0.144748150310074, 53.888632028050715 ], [ -0.14476008642566, 53.888362534919672 ], [ -0.145216282296697, 53.888369585137909 ], [ -0.145228215286459, 53.88810009192364 ], [ -0.144315829601513, 53.888085989892787 ], [ -0.144339706722582, 53.887547003699211 ], [ -0.143883520034379, 53.887539950223044 ], [ -0.14389546123424, 53.887270457174523 ], [ -0.143439277671788, 53.887263402034847 ], [ -0.143463165349889, 53.88672441603434 ], [ -0.14300698784423, 53.886717359300469 ], [ -0.143030880605755, 53.886178373382528 ], [ -0.142574709156729, 53.886171315054533 ], [ -0.142586658176384, 53.885901822143872 ], [ -0.14213048985298, 53.885894762152489 ], [ -0.142154393169801, 53.88535577642778 ], [ -0.141698230902809, 53.885348714842394 ], [ -0.141722139302065, 53.884809729200349 ], [ -0.140809827075428, 53.884795601109062 ], [ -0.140785906953283, 53.885334586473661 ], [ -0.14124206883062, 53.885341651524335 ], [ -0.141230111407993, 53.885611144255023 ], [ -0.141686276410977, 53.885618207642409 ], [ -0.141662366842889, 53.886157193200425 ], [ -0.142118537902424, 53.886164254993837 ], [ -0.142094633417005, 53.88670324063451 ], [ -0.142550810533253, 53.886710300833847 ], [ -0.142526911130859, 53.887249286557186 ], [ -0.142983094303978, 53.887256345162399 ], [ -0.142959199984966, 53.887795330968316 ], [ -0.143415389215117, 53.88780238797937 ], [ -0.143403444694807, 53.888071880930625 ], [ -0.143859637050856, 53.88807893627812 ], [ -0.143847695267184, 53.888348429284662 ], [ -0.14430389074914, 53.888355482968599 ], [ -0.144280012460698, 53.888894469078188 ], [ -0.144736213999966, 53.888901521167774 ], [ -0.144712340796172, 53.889440507359872 ], [ -0.145168548392914, 53.889447557855028 ], [ -0.145144680274123, 53.889986544129606 ], [ -0.145600893928499, 53.889993593030269 ], [ -0.145577030895068, 53.890532579387298 ], [ -0.146033250607237, 53.890539626693403 ], [ -0.146009392659523, 53.891078613132862 ], [ -0.146465618429645, 53.891085658844339 ], [ -0.146453692096011, 53.891355152112254 ], [ -0.146909920992352, 53.891362196159882 ], [ -0.1468860736058, 53.89190118279209 ], [ -0.147342308560314, 53.891908225244968 ], [ -0.147330387507536, 53.892177718609254 ], [ -0.147786625588339, 53.892184759398191 ], [ -0.147750870060533, 53.892993239614441 ], [ -0.148207117131878, 53.893000278877665 ], [ -0.148183285006511, 53.8935392657568 ], [ -0.148639538136511, 53.893546303425062 ], [ -0.148591883284614, 53.894624277291904 ], [ -0.149048148338268, 53.894631313503361 ], [ -0.149036237072332, 53.89490080700417 ], [ -0.149492505252619, 53.894907841551451 ], [ -0.149468688003447, 53.89544682864932 ], [ -0.149924962242969, 53.895453861601432 ], [ -0.149913056259873, 53.895723355198449 ], [ -0.150369333626097, 53.895730386486328 ], [ -0.150345526943159, 53.89626937377647 ], [ -0.150801810368839, 53.896276403469066 ], [ -0.150778008775454, 53.896815390841347 ], [ -0.151234298260751, 53.896822418938619 ], [ -0.151198603214629, 53.897630900099216 ], [ -0.151654901692696, 53.897637926670079 ], [ -0.151631109891687, 53.898176914178556 ], [ -0.152087414429792, 53.898183939153938 ], [ -0.152063627719484, 53.898722926744462 ], [ -0.152519938317785, 53.898729950124306 ], [ -0.152496156698534, 53.899268937796862 ], [ -0.152952473357194, 53.899275959581068 ], [ -0.152940585190168, 53.899545453465336 ], [ -0.153396904975952, 53.899552473584933 ], [ -0.153373133927374, 53.900091461449385 ], [ -0.153829459773736, 53.900098479973266 ], [ -0.153805693817206, 53.900637467919658 ], [ -0.154262025724306, 53.900644484847724 ], [ -0.15423826486018, 53.901183472876035 ], [ -0.15469460282818, 53.901190488208258 ], [ -0.154670847056814, 53.901729476318437 ], [ -0.155127191085873, 53.901736490054716 ], [ -0.155103440407625, 53.90227547824675 ], [ -0.155559790497903, 53.902282490387023 ], [ -0.155524171830418, 53.903090972776887 ], [ -0.155980530916066, 53.903097983389962 ], [ -0.15596866057384, 53.903367477560799 ], [ -0.156425022787037, 53.903374486508895 ], [ -0.156365682844097, 53.904721957497706 ], [ -0.156822059921708, 53.90472896505608 ] ] ] } },
{ "type": "Feature", "properties": { "Period": "1990-2026", "Area_m2": 9000.0, "Area_ha": 0.9 }, "geometry": { "type": "Polygon", "coordinates": [ [ [ -0.291785844515467, 53.887578479982253 ], [ -0.291807824045455, 53.887039450551512 ], [ -0.289526737212067, 53.887006967909741 ], [ -0.289504728361387, 53.887545996702542 ], [ -0.291785844515467, 53.887578479982253 ] ] ] } },
{ "type": "Feature", "properties": { "Period": "1990-2026", "Area_m2": 9900.0, "Area_ha": 0.99 }, "geometry": { "type": "Polygon", "coordinates": [ [ [ -0.293154516357621, 53.887597949152067 ], [ -0.293165497415842, 53.887328434252375 ], [ -0.29453416207234, 53.887347887632558 ], [ -0.294545134155379, 53.887078372528116 ], [ -0.294088915356408, 53.887071889864856 ], [ -0.29409989019266, 53.886802374810365 ], [ -0.293643674504576, 53.88679589047765 ], [ -0.293632696736298, 53.887065405468476 ], [ -0.293176478295101, 53.887058919338948 ], [ -0.293187458995399, 53.886789404411807 ], [ -0.292731243665179, 53.886782916612852 ], [ -0.292742227118492, 53.886513401735698 ], [ -0.29228601489924, 53.88650691226735 ], [ -0.292242068283804, 53.887584971438706 ], [ -0.293154516357621, 53.887597949152067 ] ] ] } },
{ "type": "Feature", "properties": { "Period": "1990-2026", "Area_m2": 1800.0, "Area_ha": 0.18 }, "geometry": { "type": "Polygon", "coordinates": [ [ [ -0.140809827075428, 53.884795601109062 ], [ -0.140833746418014, 53.884256615688464 ], [ -0.140377596458248, 53.884249549182655 ], [ -0.140353671254422, 53.884788534464505 ], [ -0.140809827075428, 53.884795601109062 ] ] ] } },
{ "type": "Feature", "properties": { "Period": "1990-2026", "Area_m2": 5400.0, "Area_ha": 0.54 }, "geometry": { "type": "Polygon", "coordinates": [ [ [ -0.296826230831534, 53.887110759847133 ], [ -0.296859102027875, 53.886302213497395 ], [ -0.29594668041334, 53.886289264150719 ], [ -0.295913791625005, 53.887097810118973 ], [ -0.296826230831534, 53.887110759847133 ] ] ] } },
{ "type": "Feature", "properties": { "Period": "1990-2026", "Area_m2": 1800.0, "Area_ha": 0.18 }, "geometry": { "type": "Polygon", "coordinates": [ [ [ -0.292753210392806, 53.886243886844824 ], [ -0.292775176404452, 53.885704857021928 ], [ -0.292318972980811, 53.885698367744737 ], [ -0.292297001105472, 53.886237397440183 ], [ -0.292753210392806, 53.886243886844824 ] ] ] } },
{ "type": "Feature", "properties": { "Period": "1990-2026", "Area_m2": 1800.0, "Area_ha": 0.18 }, "geometry": { "type": "Polygon", "coordinates": [ [ [ -0.318376943391625, 53.884717898042048 ], [ -0.318398578555704, 53.884178860944999 ], [ -0.317942385705201, 53.884172469160553 ], [ -0.317920744677658, 53.884711506132085 ], [ -0.318376943391625, 53.884717898042048 ] ] ] } },
{ "type": "Feature", "properties": { "Period": "1990-2026", "Area_m2": 1800.0, "Area_ha": 0.18 }, "geometry": { "type": "Polygon", "coordinates": [ [ [ -0.299238631207482, 53.883908913886849 ], [ -0.299249571651438, 53.883639397968537 ], [ -0.298337206886131, 53.883626467222705 ], [ -0.298326260579187, 53.883895983014057 ], [ -0.299238631207482, 53.883908913886849 ] ] ] } },
{ "type": "Feature", "properties": { "Period": "1990-2026", "Area_m2": 15300.0, "Area_ha": 1.53 }, "geometry": { "type": "Polygon", "coordinates": [ [ [ -0.292852051807321, 53.883818252209565 ], [ -0.29286303329186, 53.883548737181499 ], [ -0.294231574277743, 53.883568193086312 ], [ -0.294242546789124, 53.88329867785346 ], [ -0.292874014597443, 53.883279222139699 ], [ -0.292884995724075, 53.883009707084156 ], [ -0.29197264768699, 53.882996728071262 ], [ -0.291961660697671, 53.883266242999341 ], [ -0.290593131190987, 53.883246761292078 ], [ -0.290582135228477, 53.883516276015129 ], [ -0.289669777257151, 53.8835032794182 ], [ -0.289658775252609, 53.883772793999903 ], [ -0.292852051807321, 53.883818252209565 ] ] ] } },
{ "type": "Feature", "properties": { "Period": "1990-2026", "Area_m2": 1800.0, "Area_ha": 0.18 }, "geometry": { "type": "Polygon", "coordinates": [ [ [ -0.344668064071984, 53.877802270879343 ], [ -0.344678709940652, 53.877532748420123 ], [ -0.343766456895292, 53.877520163900392 ], [ -0.343755805165255, 53.877789686236049 ], [ -0.344668064071984, 53.877802270879343 ] ] ] } },
{ "type": "Feature", "properties": { "Period": "1990-2026", "Area_m2": 1800.0, "Area_ha": 0.18 }, "geometry": { "type": "Polygon", "coordinates": [ [ [ -0.336457758937337, 53.877688759585389 ], [ -0.33647915600388, 53.877149716882379 ], [ -0.336023035455613, 53.877143394363266 ], [ -0.336001632527883, 53.877682436942109 ], [ -0.336457758937337, 53.877688759585389 ] ] ] } },
{ "type": "Feature", "properties": { "Period": "1990-2026", "Area_m2": 19800.0, "Area_ha": 1.98 }, "geometry": { "type": "Polygon", "coordinates": [ [ [ -0.33052812922966, 53.877606430076376 ], [ -0.330538865947822, 53.877336909540091 ], [ -0.331451108889089, 53.877349594552889 ], [ -0.331461839571252, 53.877080073878389 ], [ -0.331917958373658, 53.877086413723603 ], [ -0.331928685950489, 53.876816892973196 ], [ -0.329648108339805, 53.876785176732483 ], [ -0.329637366110594, 53.877054697171481 ], [ -0.32735677822351, 53.877022937304446 ], [ -0.327346021166738, 53.87729245741793 ], [ -0.326889901184471, 53.877286100184321 ], [ -0.326879141021878, 53.87755562022172 ], [ -0.33052812922966, 53.877606430076376 ] ] ] } },
{ "type": "Feature", "properties": { "Period": "1990-2026", "Area_m2": 4500.0, "Area_ha": 0.45 }, "geometry": { "type": "Polygon", "coordinates": [ [ [ -0.338314326489366, 53.876905468012524 ], [ -0.338346385093578, 53.876096903070319 ], [ -0.337890275570166, 53.876090587729742 ], [ -0.337900964353676, 53.875821066117062 ], [ -0.337444857934772, 53.875814749105928 ], [ -0.337423474332852, 53.876353792193598 ], [ -0.33787958661249, 53.876360109328786 ], [ -0.337858208174627, 53.876899152485912 ], [ -0.338314326489366, 53.876905468012524 ] ] ] } },
{ "type": "Feature", "properties": { "Period": "1990-2026", "Area_m2": 5400.0, "Area_ha": 0.54 }, "geometry": { "type": "Polygon", "coordinates": [ [ [ -0.348476960150067, 53.862213912341332 ], [ -0.348487575468262, 53.861944388659929 ], [ -0.34894353356412, 53.861950662618383 ], [ -0.348954145781496, 53.861681138861748 ], [ -0.348498190613543, 53.861674864964904 ], [ -0.348530035011934, 53.860866293798068 ], [ -0.348074088800308, 53.860860018354359 ], [ -0.348020999299175, 53.862207636589588 ], [ -0.348476960150067, 53.862213912341332 ] ] ] } },
{ "type": "Feature", "properties": { "Period": "1990-2026", "Area_m2": 3600.0, "Area_ha": 0.36 }, "geometry": { "type": "Polygon", "coordinates": [ [ [ -0.170703674737248, 53.84830913409845 ], [ -0.170715426542587, 53.848039635215358 ], [ -0.16889237249508, 53.848011825641017 ], [ -0.168880608992226, 53.848281324251161 ], [ -0.170703674737248, 53.84830913409845 ] ] ] } },
{ "type": "Feature", "properties": { "Period": "1990-2026", "Area_m2": 2700.0, "Area_ha": 0.27 }, "geometry": { "type": "Polygon", "coordinates": [ [ [ -0.096645173620948, 53.832054908850147 ], [ -0.096669613826127, 53.83151593231787 ], [ -0.096214048623462, 53.831508702806175 ], [ -0.096201825699349, 53.831778191008411 ], [ -0.095746257774661, 53.83177095969662 ], [ -0.09573403173058, 53.832040447813803 ], [ -0.096645173620948, 53.832054908850147 ] ] ] } },
{ "type": "Feature", "properties": { "Period": "1990-2026", "Area_m2": 611100.0, "Area_ha": 61.11 }, "geometry": { "type": "Polygon", "coordinates": [ [ [ -0.132983355723754, 53.876044403007512 ], [ -0.13304338505776, 53.874696943365116 ], [ -0.132587341152171, 53.874689848111743 ], [ -0.13261135737418, 53.874150864295949 ], [ -0.132155319521779, 53.874143767449979 ], [ -0.132179340818637, 53.873604783717447 ], [ -0.131723309019265, 53.873597685278931 ], [ -0.131747335390616, 53.873058701629681 ], [ -0.131291309644113, 53.873051601598696 ], [ -0.1313153410896, 53.872512618032765 ], [ -0.130859321395805, 53.872505516409383 ], [ -0.130871339753334, 53.872236024675097 ], [ -0.130415323183734, 53.872228921389627 ], [ -0.130439365168092, 53.871689938018442 ], [ -0.129983354650979, 53.871682833140682 ], [ -0.129995378277668, 53.871413341503803 ], [ -0.129539370884681, 53.871406234964056 ], [ -0.129563423406807, 53.87086725178775 ], [ -0.129107422066088, 53.870860143655818 ], [ -0.129131479660733, 53.870321160562966 ], [ -0.128675484372119, 53.870314050838935 ], [ -0.128699547038927, 53.869775067829558 ], [ -0.12824355780226, 53.869767956513499 ], [ -0.128255591769584, 53.869498465057553 ], [ -0.127799605656852, 53.869491352079677 ], [ -0.127823678859066, 53.868952369265408 ], [ -0.127367698798059, 53.868945254695618 ], [ -0.127391777071449, 53.868406271964879 ], [ -0.126479829248727, 53.868392037910027 ], [ -0.126503918448187, 53.86785305540262 ], [ -0.126047950686349, 53.867845935917678 ], [ -0.126072044956075, 53.867306953493916 ], [ -0.125616083245523, 53.867299832417274 ], [ -0.125640182585161, 53.866760850077213 ], [ -0.125184226925733, 53.86675372740892 ], [ -0.125196279228489, 53.866484236287747 ], [ -0.124740326692728, 53.866477111957977 ], [ -0.124764436563841, 53.865938129813379 ], [ -0.124308490078985, 53.865931003892115 ], [ -0.124320547647204, 53.865661512868712 ], [ -0.123864604285945, 53.865654385286042 ], [ -0.123888724687433, 53.86511540333705 ], [ -0.123432787376859, 53.865108274162971 ], [ -0.12344485020999, 53.864838783237417 ], [ -0.122988916022944, 53.864831652402003 ], [ -0.12300098158659, 53.864562161532398 ], [ -0.122545050523063, 53.864555029035706 ], [ -0.122569186914621, 53.864016047394394 ], [ -0.122113261901498, 53.864008913306478 ], [ -0.122137403360441, 53.863469931749052 ], [ -0.121681484397559, 53.863462796069982 ], [ -0.121705630923532, 53.862923814596485 ], [ -0.120793805294624, 53.862909538324971 ], [ -0.120842119399472, 53.86183157576999 ], [ -0.119930317970011, 53.861817293134564 ], [ -0.119954485547777, 53.861278312053201 ], [ -0.119042696611221, 53.861264022773881 ], [ -0.119066875107027, 53.860725041916851 ], [ -0.118610986786695, 53.860717894820901 ], [ -0.118623078665495, 53.860448404441456 ], [ -0.118167193468339, 53.860441255684641 ], [ -0.118191382487461, 53.859902275023963 ], [ -0.117735503339602, 53.859895124676484 ], [ -0.117747600479785, 53.859625634395279 ], [ -0.117291724455032, 53.859618482387035 ], [ -0.117315923996371, 53.859079501922814 ], [ -0.116860054020697, 53.859072348324069 ], [ -0.116872156421713, 53.85880285814109 ], [ -0.116416289569075, 53.858795702881643 ], [ -0.116440499631531, 53.858256722614001 ], [ -0.115984638827751, 53.858249565764154 ], [ -0.115996746489052, 53.857980075679521 ], [ -0.115540888808239, 53.85797291716905 ], [ -0.115552999198089, 53.857703427140606 ], [ -0.115097144640233, 53.857696266969583 ], [ -0.115109257758538, 53.857426776997372 ], [ -0.114653406323632, 53.857419615165796 ], [ -0.114677637819648, 53.85688063531979 ], [ -0.114221792433258, 53.856873471898034 ], [ -0.114246028991054, 53.856334492136412 ], [ -0.11379018965302, 53.856327327124532 ], [ -0.113802310561326, 53.856057837292951 ], [ -0.113346474346112, 53.856050670620661 ], [ -0.113358597982404, 53.855781180845391 ], [ -0.112902764890001, 53.85577401251274 ], [ -0.112914891254186, 53.85550452279373 ], [ -0.112459061284585, 53.855497352800768 ], [ -0.11248331927103, 53.854958373461365 ], [ -0.112027495349443, 53.854951201878464 ], [ -0.112039626971565, 53.854681712258063 ], [ -0.111583806172711, 53.854674539014937 ], [ -0.111608074674481, 53.854135559872724 ], [ -0.111152259923421, 53.854128385039807 ], [ -0.111164396802931, 53.853858895518051 ], [ -0.110708585174535, 53.853851719024973 ], [ -0.110732864190531, 53.853312740080106 ], [ -0.109821253226613, 53.853298382184065 ], [ -0.109845543151275, 53.852759403464773 ], [ -0.109389743815632, 53.852752222061909 ], [ -0.10940189140608, 53.852482732751653 ], [ -0.108946095193013, 53.852475549688776 ], [ -0.108958245510368, 53.852206060434945 ], [ -0.10850245241987, 53.852198875712105 ], [ -0.108514605464036, 53.851929386514726 ], [ -0.108058815496098, 53.851922200131952 ], [ -0.108095282214936, 53.851113732666974 ], [ -0.107639501218621, 53.851106544765415 ], [ -0.107651659320167, 53.850837055652818 ], [ -0.10719588144629, 53.850829866091395 ], [ -0.107220202904245, 53.850290887965144 ], [ -0.106764431077159, 53.850283696814522 ], [ -0.106788757591647, 53.849744718773117 ], [ -0.105421460844623, 53.849723135362815 ], [ -0.105445804112026, 53.849184157688796 ], [ -0.104990044774364, 53.849176959899353 ], [ -0.105014393097194, 53.848637982310322 ], [ -0.104558639805919, 53.848630782931941 ], [ -0.104570816594003, 53.848361294186958 ], [ -0.104115066425003, 53.848354093149013 ], [ -0.104139425254239, 53.847815115758152 ], [ -0.103683681131406, 53.847807913131376 ], [ -0.103695863172419, 53.847538424485521 ], [ -0.10324012217179, 53.847531220199286 ], [ -0.103264491506336, 53.846992243006738 ], [ -0.102808756551655, 53.846985037131766 ], [ -0.102820943845048, 53.846715548585095 ], [ -0.102365212012502, 53.846708341050743 ], [ -0.102377402031117, 53.846438852560738 ], [ -0.101921673320696, 53.846431643367026 ], [ -0.101933866064438, 53.846162154933666 ], [ -0.101478140476136, 53.846154944080645 ], [ -0.101502531215124, 53.845615967313222 ], [ -0.101046811672427, 53.845608754871705 ], [ -0.101059009667534, 53.845339266537643 ], [ -0.100603293246885, 53.845332052436895 ], [ -0.100627694488055, 53.844793075868132 ], [ -0.099716273936212, 53.844778642759856 ], [ -0.099740686075921, 53.844239666418034 ], [ -0.099284981944606, 53.844232447410647 ], [ -0.099309399135759, 53.843693471154154 ], [ -0.098853701049547, 53.843686250558527 ], [ -0.098865912270073, 53.843416762480011 ], [ -0.098410217305762, 53.84340954022538 ], [ -0.098422431250524, 53.843140052203651 ], [ -0.097966739408107, 53.843132828290017 ], [ -0.097978956077011, 53.842863340325096 ], [ -0.097523267356476, 53.842856114752493 ], [ -0.097547705943444, 53.842317138922184 ], [ -0.097092023267671, 53.842309911761589 ], [ -0.097104245185596, 53.842040423896222 ], [ -0.096648565631638, 53.842033195076745 ], [ -0.0966730147161, 53.841494219445622 ], [ -0.096217341206682, 53.841486989038266 ], [ -0.09622956837308, 53.841217501272517 ], [ -0.095773897985407, 53.841210269206378 ], [ -0.095798357566266, 53.840671293774541 ], [ -0.094887029078704, 53.840656824737025 ], [ -0.09491149955323, 53.840117849532753 ], [ -0.094455841453221, 53.840110612561489 ], [ -0.094480316975844, 53.83957163744288 ], [ -0.094024664919873, 53.839564398884001 ], [ -0.094049145490238, 53.839025423851091 ], [ -0.093137853665362, 53.839010941828661 ], [ -0.09316234512753, 53.838471967023565 ], [ -0.092251065788869, 53.83845747836714 ], [ -0.092275568142079, 53.837918503789986 ], [ -0.091819934616083, 53.837911257009651 ], [ -0.091844442015577, 53.837372282518331 ], [ -0.091388814533057, 53.837365034150736 ], [ -0.091413326978483, 53.836826059745242 ], [ -0.09095770553928, 53.836818809790429 ], [ -0.090969964384557, 53.836549322637687 ], [ -0.090514346066735, 53.836542071024617 ], [ -0.090526607634237, 53.836272583928903 ], [ -0.090070992437787, 53.836265330657547 ], [ -0.09008325672742, 53.835995843618925 ], [ -0.089627644652332, 53.835988588689375 ], [ -0.089639911664001, 53.835719101707824 ], [ -0.089184302710267, 53.835711845120073 ], [ -0.089208841977763, 53.835172871257051 ], [ -0.088297636355892, 53.835158353178365 ], [ -0.088322186510494, 53.834619379543838 ], [ -0.087866589842235, 53.834612118052981 ], [ -0.087891145040406, 53.834073144504515 ], [ -0.087435554414781, 53.834065881426902 ], [ -0.087447834635416, 53.833796394702773 ], [ -0.086992247130998, 53.83378912996718 ], [ -0.087004530073013, 53.833519643300207 ], [ -0.086548945689792, 53.833512376906683 ], [ -0.08657351681642, 53.83297340367303 ], [ -0.086117938475551, 53.832966135692892 ], [ -0.086130226660025, 53.832696649126198 ], [ -0.085674651440285, 53.832689379488215 ], [ -0.085699233051281, 53.832150406455156 ], [ -0.085243663873672, 53.83214313523068 ], [ -0.085255957300057, 53.831873648764343 ], [ -0.084800391243508, 53.831866375882079 ], [ -0.084824983337778, 53.831327403049762 ], [ -0.084369423323139, 53.831320128581147 ], [ -0.084394020458459, 53.830781155835098 ], [ -0.083938466485573, 53.83077387978021 ], [ -0.083950767673688, 53.830504393457396 ], [ -0.08349521682173, 53.830497115744848 ], [ -0.0835198244386, 53.829958143199697 ], [ -0.082608735018046, 53.829943582873241 ], [ -0.082633353516052, 53.82940461055734 ], [ -0.082177814947335, 53.829397327943539 ], [ -0.082202438484858, 53.828858355714061 ], [ -0.08174690595739, 53.828851071514244 ], [ -0.081771534534074, 53.82831209937121 ], [ -0.081316008047697, 53.828304813585454 ], [ -0.081328324955672, 53.828035327564244 ], [ -0.080417278424864, 53.828020750949065 ], [ -0.080429600972795, 53.827751265056754 ], [ -0.079974080928399, 53.827743974227396 ], [ -0.079986406195933, 53.827474488392482 ], [ -0.080441923320176, 53.827481779150318 ], [ -0.080454245467011, 53.827212293229742 ], [ -0.079998731262874, 53.827205002543465 ], [ -0.080011056129227, 53.826935516680301 ], [ -0.079555545045731, 53.826928224336761 ], [ -0.079567872631506, 53.826658738531016 ], [ -0.079112364668644, 53.826651444530249 ], [ -0.079137025078177, 53.826112473019514 ], [ -0.078681523155843, 53.826105177433121 ], [ -0.078706188602376, 53.825566206009015 ], [ -0.077795197039191, 53.825551609936468 ], [ -0.077819873361827, 53.825012638742258 ], [ -0.077364383720857, 53.82500533825619 ], [ -0.077389065079586, 53.824466367148716 ], [ -0.076933581478702, 53.824459065077257 ], [ -0.076958267873173, 53.82392009405654 ], [ -0.076047312952173, 53.823905485014407 ], [ -0.076072010220884, 53.823366514223814 ], [ -0.075616538900647, 53.823359207253219 ], [ -0.075628890152919, 53.823089721908424 ], [ -0.075173421953029, 53.823082413280979 ], [ -0.075198129693136, 53.822543442692357 ], [ -0.07474266753283, 53.822536132479811 ], [ -0.074755024020528, 53.822266647236034 ], [ -0.074299564980498, 53.822259335366738 ], [ -0.074311924186264, 53.821989850180536 ], [ -0.073856468266504, 53.821982536654509 ], [ -0.073881191912819, 53.821443566383223 ], [ -0.073425742032362, 53.82143625127226 ], [ -0.073450470711982, 53.820897281087916 ], [ -0.0725395832306, 53.82088264596787 ], [ -0.072551953106399, 53.820613160998079 ], [ -0.07209651258651, 53.820605840917274 ], [ -0.072108885179861, 53.820336356005171 ], [ -0.071653447780146, 53.820329034267807 ], [ -0.071678198200386, 53.819790064544826 ], [ -0.071222766839572, 53.819782741222795 ], [ -0.071235144666323, 53.819513256411931 ], [ -0.070779716425611, 53.819505931433447 ], [ -0.070754954733274, 53.820044900897322 ], [ -0.071210388811403, 53.820052226019513 ], [ -0.071185632150793, 53.820591195570522 ], [ -0.07164107226796, 53.820598519108081 ], [ -0.071616320639431, 53.821137488746196 ], [ -0.072071766795796, 53.821144810699053 ], [ -0.072059393598423, 53.821414295568751 ], [ -0.072514842875116, 53.821421615865006 ], [ -0.072490101714425, 53.821960585705554 ], [ -0.072945557030536, 53.821967904417008 ], [ -0.072933189067356, 53.822237389387887 ], [ -0.073388647503865, 53.82224470644266 ], [ -0.073363916812105, 53.822783676485557 ], [ -0.073819381288253, 53.82279099195538 ], [ -0.073807018559812, 53.82306047702739 ], [ -0.074262486156427, 53.823067790840462 ], [ -0.074250126146131, 53.82333727597009 ], [ -0.074705596863223, 53.823344588126353 ], [ -0.074693239571167, 53.8236140733136 ], [ -0.075148713408744, 53.823621383813041 ], [ -0.075124004060247, 53.82416035428853 ], [ -0.075579483937804, 53.824167663202815 ], [ -0.075567131881501, 53.824437148491057 ], [ -0.076022614879612, 53.82444445574842 ], [ -0.075997916003166, 53.824983426425909 ], [ -0.076453405041479, 53.824990732098016 ], [ -0.076441058221473, 53.825260217487241 ], [ -0.076896550380411, 53.825267521502305 ], [ -0.076884206279207, 53.82553700694907 ], [ -0.077339701558776, 53.825544309307119 ], [ -0.077315018593308, 53.826083280301511 ], [ -0.07777051991336, 53.826090581074126 ], [ -0.077745841984296, 53.826629552155268 ], [ -0.078201349344992, 53.82663685134235 ], [ -0.078189012999225, 53.826906336933362 ], [ -0.079100034162868, 53.826920930264407 ], [ -0.079075372549273, 53.827459901690361 ], [ -0.079530889272283, 53.827467195905861 ], [ -0.079506232696274, 53.82800616741843 ], [ -0.079961755460268, 53.828013460048183 ], [ -0.079937103922196, 53.828552431647346 ], [ -0.080392632727335, 53.828559722691303 ], [ -0.080380309577728, 53.828829208541229 ], [ -0.080835841503777, 53.828836497927831 ], [ -0.080811200443693, 53.829375469728383 ], [ -0.081266738411108, 53.829382757529046 ], [ -0.081254420500768, 53.829652243479643 ], [ -0.081709961589163, 53.829659529622845 ], [ -0.081685331008161, 53.830198501624622 ], [ -0.082140878138142, 53.830205786181814 ], [ -0.082128565467617, 53.830475272232995 ], [ -0.082584115718646, 53.830482555132654 ], [ -0.082571805768415, 53.830752041241162 ], [ -0.083027359140503, 53.830759322483225 ], [ -0.083015051910659, 53.83102880864908 ], [ -0.083470608403813, 53.831036088233503 ], [ -0.083445999184814, 53.831575060665699 ], [ -0.083901561719897, 53.8315823386639 ], [ -0.083889259730881, 53.831851824930204 ], [ -0.0843448253871, 53.831859101270716 ], [ -0.084320226650305, 53.832398073903818 ], [ -0.084775798348672, 53.832405348657943 ], [ -0.084751204653236, 53.832944321377312 ], [ -0.085206782393912, 53.832951594545037 ], [ -0.085194488167108, 53.833221080954921 ], [ -0.08565006902905, 53.833228352464793 ], [ -0.085625485817542, 53.833767325384905 ], [ -0.086081072722013, 53.833774595308256 ], [ -0.086068783737447, 53.834044081818462 ], [ -0.086524373763254, 53.834051350083875 ], [ -0.086512087500007, 53.834320836651315 ], [ -0.086967680647159, 53.834328103258763 ], [ -0.086943113363545, 53.834867076493872 ], [ -0.087398712553507, 53.83487434151462 ], [ -0.08737415031314, 53.835413314835868 ], [ -0.087829755546073, 53.83542057826984 ], [ -0.087817477047626, 53.835690064980561 ], [ -0.088273085402032, 53.835697326756431 ], [ -0.08824853364888, 53.836236300278074 ], [ -0.088704148046477, 53.836243560467075 ], [ -0.08869187479191, 53.836513047277961 ], [ -0.089147492311052, 53.836520305808769 ], [ -0.089122951046209, 53.837059279530699 ], [ -0.089578574608762, 53.837066536474481 ], [ -0.089566306598625, 53.837336023385497 ], [ -0.090021933282791, 53.837343278671042 ], [ -0.090009667994904, 53.837612765639143 ], [ -0.090465297800693, 53.83762001926636 ], [ -0.090440772469991, 53.838158993302599 ], [ -0.090896408319471, 53.83816624534267 ], [ -0.090884148276794, 53.838435732410787 ], [ -0.091339787247967, 53.838442982792444 ], [ -0.091327529927869, 53.838712469917631 ], [ -0.091783172020742, 53.838719718640867 ], [ -0.091770917423318, 53.838989205823061 ], [ -0.0922265626379, 53.838996452887869 ], [ -0.092214310763245, 53.839265940127063 ], [ -0.092669959099546, 53.839273185533372 ], [ -0.092645460596554, 53.839812160111691 ], [ -0.093101114976949, 53.839819403930555 ], [ -0.093076621521182, 53.84035837859463 ], [ -0.093532281945832, 53.840365620825985 ], [ -0.093520037841404, 53.840635108207934 ], [ -0.093975701387902, 53.840642348780662 ], [ -0.093951218426226, 53.841181323644399 ], [ -0.0944068880172, 53.84118856262949 ], [ -0.094394649160091, 53.841458050111257 ], [ -0.094850321872982, 53.841465287437643 ], [ -0.094838085739341, 53.841734774976338 ], [ -0.095293761574158, 53.841742010643955 ], [ -0.09526929455484, 53.842280985821048 ], [ -0.095724976434414, 53.842288219900901 ], [ -0.095712745548873, 53.842557707539299 ], [ -0.096168430550443, 53.842564939960319 ], [ -0.0961562023887, 53.842834427655582 ], [ -0.096611890512273, 53.84284165841774 ], [ -0.096587439437531, 53.843380633907913 ], [ -0.097043133606142, 53.843387863082107 ], [ -0.097030910693281, 53.843657350876995 ], [ -0.097486607983966, 53.843664578392236 ], [ -0.097462167407536, 53.844203554081609 ], [ -0.09791787074348, 53.84421078000878 ], [ -0.097905653080049, 53.844480267903236 ], [ -0.098361359538136, 53.844487492171353 ], [ -0.098349144599063, 53.844756980122632 ], [ -0.098804854179301, 53.844764202731675 ], [ -0.09878042955123, 53.845303178733715 ], [ -0.099236145177007, 53.845310399754538 ], [ -0.099223935488147, 53.845579887805286 ], [ -0.099679654236145, 53.845587107166935 ], [ -0.099667447271971, 53.845856595274434 ], [ -0.100123169142199, 53.845863812976894 ], [ -0.100110964902805, 53.846133301141172 ], [ -0.100566689895272, 53.846140517184395 ], [ -0.100554488380754, 53.846410005405382 ], [ -0.101010216495468, 53.846417219789352 ], [ -0.100985818717755, 53.846956196330687 ], [ -0.101441552878411, 53.846963409126147 ], [ -0.101429356615353, 53.847232897446474 ], [ -0.101885093898325, 53.847240108582575 ], [ -0.10186070662408, 53.847779085322529 ], [ -0.102316449953216, 53.847786294870012 ], [ -0.102304258942166, 53.848055783289624 ], [ -0.102760005393688, 53.848062991177663 ], [ -0.102735628624008, 53.848601968116114 ], [ -0.103191381121912, 53.848609174415408 ], [ -0.10317919536342, 53.848878662934254 ], [ -0.10363495098378, 53.848885867574026 ], [ -0.103622767950959, 53.849155356149481 ], [ -0.104078526693783, 53.849162559129709 ], [ -0.104066346386727, 53.849432047761788 ], [ -0.104522108252023, 53.849439249082423 ], [ -0.104509930670828, 53.849708737771103 ], [ -0.104965695658605, 53.849715937432116 ], [ -0.104953520803367, 53.849985426177355 ], [ -0.105409288913634, 53.849992624178725 ], [ -0.105384944457058, 53.850531601768282 ], [ -0.105840718614172, 53.850538798180587 ], [ -0.105828549012972, 53.850808287024869 ], [ -0.106284326292644, 53.850815481777431 ], [ -0.106272159417729, 53.851084970678265 ], [ -0.10672793981997, 53.85109216377105 ], [ -0.106703611324822, 53.851631141671682 ], [ -0.107159397774191, 53.851638333175238 ], [ -0.107135074335964, 53.852177311160766 ], [ -0.10759086683262, 53.852184501075001 ], [ -0.107578707741144, 53.852453990117233 ], [ -0.108034503360497, 53.852461178371556 ], [ -0.108010190433091, 53.853000156554913 ], [ -0.108465992099954, 53.853007343219829 ], [ -0.108453838264163, 53.853276832360919 ], [ -0.108909643053792, 53.85328401736583 ], [ -0.108897491944985, 53.853553506563408 ], [ -0.10935329985739, 53.853560689908271 ], [ -0.109341151475663, 53.853830179162259 ], [ -0.109796962510853, 53.853837360847081 ], [ -0.109772671003961, 53.854376339453808 ], [ -0.110228488087001, 53.854383519548996 ], [ -0.110204201639199, 53.85492249824042 ], [ -0.11066002477025, 53.854929676745911 ], [ -0.110647884174926, 53.855199166140984 ], [ -0.11110371042889, 53.855206342986257 ], [ -0.111079434495669, 53.855745321875084 ], [ -0.111535266797864, 53.855752497130553 ], [ -0.111523131460105, 53.856021986624292 ], [ -0.111978966885285, 53.856029160219464 ], [ -0.111966834275305, 53.856298649769556 ], [ -0.112422672823476, 53.85630582170441 ], [ -0.112398412861727, 53.856844800903204 ], [ -0.11285425745841, 53.856851971248076 ], [ -0.112842130106778, 53.857121460896749 ], [ -0.113297977826523, 53.857128629581219 ], [ -0.113285853203, 53.857398119286181 ], [ -0.113741704045814, 53.857405286310204 ], [ -0.113729582150495, 53.857674776071484 ], [ -0.114185436116388, 53.857681941435011 ], [ -0.114161197584974, 53.858220921056031 ], [ -0.114617057599722, 53.858228084829371 ], [ -0.114604940963766, 53.858497574689117 ], [ -0.115060804101661, 53.858504736801883 ], [ -0.115036576089523, 53.85904371661978 ], [ -0.115492445276493, 53.859050877142245 ], [ -0.115480333900449, 53.859320367100395 ], [ -0.115936206210637, 53.859327525962186 ], [ -0.115911988718872, 53.859866505976889 ], [ -0.116367867078354, 53.859873663248244 ], [ -0.116355760962772, 53.860143153304776 ], [ -0.116811642445541, 53.860150308915401 ], [ -0.116787435475249, 53.860689289126746 ], [ -0.117243323007534, 53.860696443146836 ], [ -0.117219121101305, 53.861235423442416 ], [ -0.117675014683265, 53.86124257587187 ], [ -0.117662916360882, 53.861512066068798 ], [ -0.118118813066259, 53.861519216837387 ], [ -0.118094621683232, 53.862058197329461 ], [ -0.118550524438506, 53.862065346507315 ], [ -0.118538431377999, 53.862334836802468 ], [ -0.118994337256758, 53.862341984319343 ], [ -0.118970156398032, 53.862880965007804 ], [ -0.119881980452663, 53.862895255128734 ], [ -0.119845725247932, 53.863703726476871 ], [ -0.1203016463507, 53.863710869150914 ], [ -0.120289563815594, 53.863980359642312 ], [ -0.120745488041986, 53.863987500655227 ], [ -0.120721328235159, 53.864526481736064 ], [ -0.12117725851211, 53.864533621157911 ], [ -0.121165181240527, 53.864803111747364 ], [ -0.121621114641172, 53.864810249507954 ], [ -0.121609040099895, 53.865079740153426 ], [ -0.12206497662424, 53.865086876252796 ], [ -0.122052904813366, 53.865356366954259 ], [ -0.122508844461421, 53.865363501392345 ], [ -0.122496775381041, 53.86563299214982 ], [ -0.122952718152816, 53.865640124926571 ], [ -0.122928585256694, 53.86617910653942 ], [ -0.123384534079429, 53.866186237724826 ], [ -0.123360406251713, 53.866725219421525 ], [ -0.123816361125569, 53.8667323490155 ], [ -0.123804299844325, 53.867001839912788 ], [ -0.12426025784203, 53.867008967845329 ], [ -0.124236140545045, 53.867547949737698 ], [ -0.124692104594091, 53.867555076078702 ], [ -0.124667992366498, 53.86809405805483 ], [ -0.125123962467046, 53.868101182804246 ], [ -0.1250998553092, 53.868640164864125 ], [ -0.12555583146141, 53.868647288021862 ], [ -0.125543780515692, 53.868916779100665 ], [ -0.125999759791941, 53.868923900596755 ], [ -0.125987711577698, 53.869193391731422 ], [ -0.126443693977994, 53.86920051156585 ], [ -0.126419602816424, 53.869739493932912 ], [ -0.126875591268664, 53.869746612175497 ], [ -0.126863548321476, 53.870016103407856 ], [ -0.127319539897831, 53.870023219988667 ], [ -0.127295459270924, 53.870562202551021 ], [ -0.127751456899443, 53.870569317539889 ], [ -0.127727381344179, 53.871108300185796 ], [ -0.128183385025021, 53.871115413582658 ], [ -0.128171349881419, 53.871384904954404 ], [ -0.128627356686508, 53.871392016689349 ], [ -0.128615324275082, 53.87166150811688 ], [ -0.129071334204427, 53.871668618189894 ], [ -0.129059304525271, 53.871938109673188 ], [ -0.129515317578878, 53.871945218084264 ], [ -0.129491263489368, 53.872484201148339 ], [ -0.129947282595642, 53.872491307967167 ], [ -0.129935258185426, 53.872760799547933 ], [ -0.130391280416032, 53.872767904704695 ], [ -0.130355214795631, 53.873576379572128 ], [ -0.130811246007715, 53.873583483206268 ], [ -0.130799226671178, 53.873852974870438 ], [ -0.131255261007716, 53.873860076842426 ], [ -0.131231227604624, 53.874399060268132 ], [ -0.131687267994369, 53.874406160647631 ], [ -0.131663239665805, 53.874945144156655 ], [ -0.132119286108915, 53.874952242943614 ], [ -0.132095262855236, 53.875491226535914 ], [ -0.132551315351872, 53.87549832373027 ], [ -0.132527297173431, 53.876037307405852 ], [ -0.132983355723754, 53.876044403007512 ] ] ] } },
{ "type": "Feature", "properties": { "Period": "1990-2026", "Area_m2": 2700.0, "Area_ha": 0.27 }, "geometry": { "type": "Polygon", "coordinates": [ [ [ -0.140522219308817, 53.819259077466739 ], [ -0.140546085056011, 53.81872008620914 ], [ -0.139635209495496, 53.818705960938615 ], [ -0.139623270880968, 53.818975456435844 ], [ -0.140078711483123, 53.818982520004617 ], [ -0.140066775593376, 53.819252015557112 ], [ -0.140522219308817, 53.819259077466739 ] ] ] } },
{ "type": "Feature", "properties": { "Period": "1990-2026", "Area_m2": 1800.0, "Area_ha": 0.18 }, "geometry": { "type": "Polygon", "coordinates": [ [ [ -0.139215595441324, 53.817890409342944 ], [ -0.13923947675959, 53.817351418361042 ], [ -0.138784054059322, 53.817344351751366 ], [ -0.138760166903483, 53.817883342594584 ], [ -0.139215595441324, 53.817890409342944 ] ] ] } },
{ "type": "Feature", "properties": { "Period": "1990-2026", "Area_m2": 46800.0, "Area_ha": 4.68 }, "geometry": { "type": "Polygon", "coordinates": [ [ [ -0.070779716425611, 53.819505931433447 ], [ -0.070804477312105, 53.818966961913013 ], [ -0.070349055110074, 53.818959635350012 ], [ -0.070361438169679, 53.81869015064045 ], [ -0.069906019087681, 53.81868282242106 ], [ -0.069930790439335, 53.81814385310328 ], [ -0.069475377395796, 53.818136523299458 ], [ -0.069500153778043, 53.817597554068918 ], [ -0.068589339969185, 53.817582889564378 ], [ -0.068614127218192, 53.817043920564963 ], [ -0.06815872645275, 53.817036585864336 ], [ -0.068171122692949, 53.816767101415365 ], [ -0.067715725047393, 53.816759765058578 ], [ -0.067728124004023, 53.816490280667409 ], [ -0.067272729478343, 53.816482942654496 ], [ -0.06729753262249, 53.815943973973702 ], [ -0.066842144134707, 53.815936634376669 ], [ -0.066866952307639, 53.815397665783273 ], [ -0.065956187609416, 53.815382981693162 ], [ -0.065993415862162, 53.814574529129054 ], [ -0.06553804256938, 53.814567184708089 ], [ -0.065550454500882, 53.814297700563785 ], [ -0.065095084327776, 53.814290354486928 ], [ -0.06511991342026, 53.813751386299998 ], [ -0.06466454928445, 53.813744038639328 ], [ -0.064676966445294, 53.813474554596702 ], [ -0.064221605429092, 53.813467205280205 ], [ -0.064234025305436, 53.813197721295545 ], [ -0.063778667408833, 53.813190370323248 ], [ -0.063791090000584, 53.812920886396526 ], [ -0.06333573522357, 53.81291353376848 ], [ -0.063310884002959, 53.813452501463502 ], [ -0.063766244614965, 53.813459854235816 ], [ -0.063741398420857, 53.813998822018469 ], [ -0.064196765070175, 53.814006173207105 ], [ -0.064171923902924, 53.814545141077339 ], [ -0.064627296589713, 53.814552490682239 ], [ -0.064614878620717, 53.81482197466822 ], [ -0.065070254427322, 53.814829322617236 ], [ -0.06504542371886, 53.815368290690891 ], [ -0.065500805563157, 53.815375637056043 ], [ -0.065488392823828, 53.815645121143689 ], [ -0.065943777788009, 53.815652465852871 ], [ -0.065931367764681, 53.815921949998433 ], [ -0.066386755848755, 53.81592929305161 ], [ -0.066374348541522, 53.816198777255046 ], [ -0.066829739745499, 53.816206118652154 ], [ -0.066804930361574, 53.816745087160626 ], [ -0.067260327603585, 53.816752426973643 ], [ -0.067247925527032, 53.817021911278665 ], [ -0.067703325889015, 53.817029249435564 ], [ -0.067678526966996, 53.817568218147095 ], [ -0.068133933367232, 53.817575554719816 ], [ -0.068121536521904, 53.817845039126354 ], [ -0.068576946042184, 53.817852374042836 ], [ -0.068552157583162, 53.818391342957348 ], [ -0.069007573141916, 53.81839867628954 ], [ -0.06899518152836, 53.818668160797507 ], [ -0.069450600207225, 53.818675492473403 ], [ -0.069425822212294, 53.819214461590775 ], [ -0.07033667184897, 53.819229120045428 ], [ -0.070324288386361, 53.819498604726675 ], [ -0.070779716425611, 53.819505931433447 ] ] ] } },
{ "type": "Feature", "properties": { "Period": "1990-2026", "Area_m2": 2700.0, "Area_ha": 0.27 }, "geometry": { "type": "Polygon", "coordinates": [ [ [ -0.087482086484616, 53.813031354335344 ], [ -0.087494356962433, 53.812761866652814 ], [ -0.086128279395131, 53.812740073567603 ], [ -0.086116000164508, 53.813009561036338 ], [ -0.087482086484616, 53.813031354335344 ] ] ] } },
{ "type": "Feature", "properties": { "Period": "1990-2026", "Area_m2": 3600.0, "Area_ha": 0.36 }, "geometry": { "type": "Polygon", "coordinates": [ [ [ -0.06333573522357, 53.81291353376848 ], [ -0.063360585635541, 53.812374566016786 ], [ -0.062905236895482, 53.812367211805167 ], [ -0.062917664715563, 53.812097727980216 ], [ -0.062462319095024, 53.812090372112948 ], [ -0.062437457417972, 53.812629339604321 ], [ -0.062892808873202, 53.812636695615957 ], [ -0.062880380648718, 53.812906179412543 ], [ -0.06333573522357, 53.81291353376848 ] ] ] } },
{ "type": "Feature", "properties": { "Period": "1990-2026", "Area_m2": 1800.0, "Area_ha": 0.18 }, "geometry": { "type": "Polygon", "coordinates": [ [ [ -0.33984864733212, 53.803576179611944 ], [ -0.339869942972454, 53.803037129280604 ], [ -0.339414626351452, 53.80303082553143 ], [ -0.339393324876073, 53.803569875739086 ], [ -0.33984864733212, 53.803576179611944 ] ] ] } },
{ "type": "Feature", "properties": { "Period": "1990-2026", "Area_m2": 128700.0, "Area_ha": 12.87 }, "geometry": { "type": "Polygon", "coordinates": [ [ [ -0.062462319095024, 53.812090372112948 ], [ -0.062487179963108, 53.811551404564881 ], [ -0.062031840379301, 53.81154404711414 ], [ -0.062056706272757, 53.811005079653754 ], [ -0.061601372725524, 53.810997720619618 ], [ -0.061613808285917, 53.810728236940371 ], [ -0.061158477858074, 53.810720876250684 ], [ -0.061183354205922, 53.810181908994132 ], [ -0.060728029814432, 53.810174546721171 ], [ -0.060740470601749, 53.809905063143866 ], [ -0.06028514932958, 53.809897699215433 ], [ -0.060310036130728, 53.809358732162806 ], [ -0.059399405861137, 53.809343999412022 ], [ -0.059411854791599, 53.809074516008963 ], [ -0.058956542877338, 53.809067147114391 ], [ -0.058981445964082, 53.80852818041037 ], [ -0.058526140085771, 53.808520809932801 ], [ -0.058551048195452, 53.807981843316654 ], [ -0.058095748352932, 53.807974471256124 ], [ -0.058108205020387, 53.807704987999131 ], [ -0.057652908297029, 53.807697614283406 ], [ -0.057665367678306, 53.807428131084549 ], [ -0.057210074074104, 53.807420755713643 ], [ -0.057222536169109, 53.80715127257298 ], [ -0.056767245684053, 53.807143895546936 ], [ -0.056804639501653, 53.806335446256945 ], [ -0.055894076637777, 53.806320687456711 ], [ -0.055919016500446, 53.805781721482063 ], [ -0.055463741205142, 53.805774339635626 ], [ -0.05548868608859, 53.805235373749063 ], [ -0.055033416828354, 53.805227990320084 ], [ -0.055045891881757, 53.804958507427969 ], [ -0.054590625740467, 53.80495112234405 ], [ -0.054615581070361, 53.804412156662167 ], [ -0.054160320963918, 53.804404769995827 ], [ -0.054172801240272, 53.804135287206051 ], [ -0.053717544252705, 53.804127898884886 ], [ -0.053730027241857, 53.803858416153425 ], [ -0.053274773373158, 53.803851026177448 ], [ -0.053287259075014, 53.803581543504279 ], [ -0.052832008325173, 53.803574151873541 ], [ -0.052844496739639, 53.803304669258694 ], [ -0.052389249108647, 53.803297275973215 ], [ -0.052414231159423, 53.802758310846031 ], [ -0.051958989562877, 53.802750915978386 ], [ -0.051983976631999, 53.802211950939522 ], [ -0.051073505710742, 53.802197156312886 ], [ -0.05111100228275, 53.801388709083554 ], [ -0.050655775873272, 53.80138130939725 ], [ -0.05066827723931, 53.801111827031676 ], [ -0.050213053948482, 53.801104425690838 ], [ -0.050238061900997, 53.80056546106232 ], [ -0.049327627590456, 53.8005506534899 ], [ -0.049352646389969, 53.800011689095101 ], [ -0.048897435370135, 53.800004282863597 ], [ -0.048922459185838, 53.799465318557317 ], [ -0.048467254199568, 53.799457910744138 ], [ -0.04849228303111, 53.798918946526399 ], [ -0.048037084078243, 53.798911537131559 ], [ -0.048062117925272, 53.798372573002418 ], [ -0.047151732289652, 53.798357749322733 ], [ -0.047176776981271, 53.797818785427587 ], [ -0.046721590298397, 53.797811371142849 ], [ -0.046746640004601, 53.797272407336344 ], [ -0.046291459354689, 53.797264991470193 ], [ -0.046303986816784, 53.796995509618398 ], [ -0.045848809285173, 53.796988092098125 ], [ -0.045861339458018, 53.796718610304893 ], [ -0.0454061650447, 53.796711191130584 ], [ -0.045431230607871, 53.796172227647041 ], [ -0.044520894050473, 53.796157384409234 ], [ -0.044558508352318, 53.795348939514135 ], [ -0.043648190096367, 53.795334089806225 ], [ -0.043610558308774, 53.796142534264348 ], [ -0.044065726077638, 53.796149960200168 ], [ -0.044053184654791, 53.796419441730627 ], [ -0.044508355542015, 53.796426866012503 ], [ -0.044495816829628, 53.796696347601589 ], [ -0.044950990835221, 53.796703770229485 ], [ -0.044938454833388, 53.796973251877183 ], [ -0.045393631957358, 53.79698067285107 ], [ -0.04536856517114, 53.797519636249426 ], [ -0.045823748328089, 53.797527055642028 ], [ -0.045811217543842, 53.797796537392678 ], [ -0.046266403819238, 53.797803955131187 ], [ -0.046241347468738, 53.798342918735393 ], [ -0.046696539777333, 53.798350334892518 ], [ -0.046671488441373, 53.798889298585429 ], [ -0.047126686783327, 53.798896713161078 ], [ -0.047114163724639, 53.799166195058959 ], [ -0.047569365185169, 53.799173607980393 ], [ -0.047544324286646, 53.799712571878985 ], [ -0.047999531780756, 53.799719983218843 ], [ -0.047987013941058, 53.799989465219539 ], [ -0.048442224553816, 53.799996874905084 ], [ -0.048429709425601, 53.800266356964272 ], [ -0.048884923157015, 53.800273764995467 ], [ -0.048859898120214, 53.80081272921656 ], [ -0.04931511788549, 53.800820135666001 ], [ -0.049290097865111, 53.801359099975649 ], [ -0.049745323664405, 53.801366504843315 ], [ -0.049732816264325, 53.801635987049458 ], [ -0.050188045182406, 53.801643390262612 ], [ -0.050163035602737, 53.802182354777599 ], [ -0.05061827055506, 53.802189756408829 ], [ -0.050605768375608, 53.802459238717638 ], [ -0.051061006446786, 53.802466638694291 ], [ -0.051036007308918, 53.803005603414526 ], [ -0.051491251414557, 53.803013001809155 ], [ -0.051478754456278, 53.803282484220553 ], [ -0.051934001680845, 53.803289880960506 ], [ -0.051909012985868, 53.803828845885867 ], [ -0.052364266245116, 53.803836241043662 ], [ -0.052351774508556, 53.804105723557626 ], [ -0.0528070308868, 53.804113117060659 ], [ -0.052794541862883, 53.804382599632952 ], [ -0.053249801360132, 53.804389991481223 ], [ -0.053237315048954, 53.804659474111823 ], [ -0.053692577665216, 53.804666864305275 ], [ -0.053667610265451, 53.805205829668921 ], [ -0.054122878916737, 53.805213218280009 ], [ -0.054110397828288, 53.805482701013048 ], [ -0.054565669598658, 53.805490087969233 ], [ -0.054540712644898, 53.806029053537642 ], [ -0.054995990450511, 53.806036438911349 ], [ -0.054983514585337, 53.806305921746748 ], [ -0.055438795510104, 53.806313305465444 ], [ -0.055426322358228, 53.806582788359087 ], [ -0.055881606402156, 53.806590170422766 ], [ -0.05585666532232, 53.807129136312355 ], [ -0.056311955401774, 53.807136516793371 ], [ -0.056299487473951, 53.807405999789296 ], [ -0.056754780672637, 53.807413378615216 ], [ -0.056729850041454, 53.807952344709321 ], [ -0.05764044871306, 53.807967097468072 ], [ -0.057615528937028, 53.808506063794887 ], [ -0.058070834410071, 53.808513437727647 ], [ -0.058058377134656, 53.808782920942122 ], [ -0.058513685727017, 53.80879029321958 ], [ -0.058488776401661, 53.809329259750676 ], [ -0.058944091030111, 53.809336630445173 ], [ -0.058931638980307, 53.80960611376176 ], [ -0.059386956728144, 53.809613482800899 ], [ -0.059362057854555, 53.810152449536133 ], [ -0.059817381638701, 53.810159816992183 ], [ -0.059804934815054, 53.81042930041081 ], [ -0.060260261718659, 53.810436666211416 ], [ -0.060247817609522, 53.810706149688151 ], [ -0.060703147632594, 53.810713513833292 ], [ -0.060678264641119, 53.811252480888719 ], [ -0.06113360070078, 53.811259843450586 ], [ -0.061121161818578, 53.81152932702927 ], [ -0.061576500997776, 53.811536687935593 ], [ -0.061564064830413, 53.811806171572329 ], [ -0.062019407129156, 53.811813530823066 ], [ -0.062006973676726, 53.812083014517818 ], [ -0.062462319095024, 53.812090372112948 ] ] ] } },
{ "type": "Feature", "properties": { "Period": "1990-2026", "Area_m2": 1800.0, "Area_ha": 0.18 }, "geometry": { "type": "Polygon", "coordinates": [ [ [ -0.316355679985207, 53.798664212435646 ], [ -0.316366476613027, 53.798394690282578 ], [ -0.315455955033637, 53.798381903360358 ], [ -0.315445152572738, 53.798651425387966 ], [ -0.316355679985207, 53.798664212435646 ] ] ] } },
{ "type": "Feature", "properties": { "Period": "1990-2026", "Area_m2": 2700.0, "Area_ha": 0.27 }, "geometry": { "type": "Polygon", "coordinates": [ [ [ -0.229448950564742, 53.79633382881876 ], [ -0.229460303442211, 53.79606431889566 ], [ -0.228094659593601, 53.796044146877371 ], [ -0.228083297969352, 53.796313656602592 ], [ -0.229448950564742, 53.79633382881876 ] ] ] } },
{ "type": "Feature", "properties": { "Period": "1990-2026", "Area_m2": 15300.0, "Area_ha": 1.53 }, "geometry": { "type": "Polygon", "coordinates": [ [ [ -0.043648190096367, 53.795334089806225 ], [ -0.043673276934725, 53.794795126763113 ], [ -0.043218123941067, 53.794787699464777 ], [ -0.043243215791581, 53.794248736510553 ], [ -0.042788068830101, 53.794241307631275 ], [ -0.042800617363299, 53.79397182620572 ], [ -0.042345473519896, 53.793964395672674 ], [ -0.042370575801903, 53.793425432924721 ], [ -0.041915437990457, 53.793418000810824 ], [ -0.041940545283643, 53.79287903815181 ], [ -0.041485413503996, 53.792871604457183 ], [ -0.041497969758101, 53.792602123179279 ], [ -0.040587712638938, 53.79258725075622 ], [ -0.040575150557354, 53.792856731888243 ], [ -0.04103028192855, 53.792864169036008 ], [ -0.041005162980104, 53.793403131403331 ], [ -0.041460300383175, 53.793410566970373 ], [ -0.04144774351645, 53.793680048205673 ], [ -0.041902884037621, 53.793687482119033 ], [ -0.041877775519439, 53.794226444692804 ], [ -0.042332922072706, 53.794233877025363 ], [ -0.042320370421386, 53.794503358363833 ], [ -0.042775520092821, 53.79451078904264 ], [ -0.042750422005994, 53.795049751822702 ], [ -0.043205577709746, 53.795057180920573 ], [ -0.043193031274376, 53.795326662362179 ], [ -0.043648190096367, 53.795334089806225 ] ] ] } },
{ "type": "Feature", "properties": { "Period": "1990-2026", "Area_m2": 1800.0, "Area_ha": 0.18 }, "geometry": { "type": "Polygon", "coordinates": [ [ [ -0.040587712638938, 53.79258725075622 ], [ -0.040612836189235, 53.792048288449507 ], [ -0.040157713763392, 53.792040849794091 ], [ -0.040132584385772, 53.792579811954887 ], [ -0.040587712638938, 53.79258725075622 ] ] ] } },
{ "type": "Feature", "properties": { "Period": "1990-2026", "Area_m2": 3600.0, "Area_ha": 0.36 }, "geometry": { "type": "Polygon", "coordinates": [ [ [ -0.040157713763392, 53.792040849794091 ], [ -0.040182842323691, 53.791501887576452 ], [ -0.039727725929304, 53.79149444734049 ], [ -0.03974029281646, 53.791224966283316 ], [ -0.039285179539931, 53.791217524393893 ], [ -0.039260039734226, 53.791756486348049 ], [ -0.039715158837779, 53.791763928383446 ], [ -0.03970259154188, 53.792033409412191 ], [ -0.040157713763392, 53.792040849794091 ] ] ] } },
{ "type": "Feature", "properties": { "Period": "1990-2026", "Area_m2": 6300.0, "Area_ha": 0.63 }, "geometry": { "type": "Polygon", "coordinates": [ [ [ -0.035327711977221, 53.78818618516911 ], [ -0.035365492055109, 53.787377743634913 ], [ -0.034910421608058, 53.787370285505276 ], [ -0.034923017470532, 53.78710080503857 ], [ -0.034467950141031, 53.787093345255904 ], [ -0.03448054871137, 53.786823864848145 ], [ -0.034025484499411, 53.786816403412487 ], [ -0.034000281328467, 53.787355364067452 ], [ -0.034455351365827, 53.787362825649453 ], [ -0.034442752385755, 53.787632306028762 ], [ -0.034897825540761, 53.787639765957749 ], [ -0.034872632791684, 53.788178726820036 ], [ -0.035327711977221, 53.78818618516911 ] ] ] } },
{ "type": "Feature", "properties": { "Period": "1990-2026", "Area_m2": 3600.0, "Area_ha": 0.36 }, "geometry": { "type": "Polygon", "coordinates": [ [ [ -0.034025484499411, 53.786816403412487 ], [ -0.034050686850726, 53.786277442700644 ], [ -0.033595628668877, 53.786269979685223 ], [ -0.033608232449716, 53.786000499381132 ], [ -0.03315317738534, 53.785993034712824 ], [ -0.033127963793616, 53.786531995160331 ], [ -0.033583024683093, 53.786539459975074 ], [ -0.033570420492358, 53.786808940250687 ], [ -0.034025484499411, 53.786816403412487 ] ] ] } },
{ "type": "Feature", "properties": { "Period": "1990-2026", "Area_m2": 3600.0, "Area_ha": 0.36 }, "geometry": { "type": "Polygon", "coordinates": [ [ [ -0.032710731926803, 53.785716088146543 ], [ -0.032735950113417, 53.785177127760136 ], [ -0.032280904196332, 53.785169659859328 ], [ -0.032293515894432, 53.784900179718022 ], [ -0.031838473094741, 53.784892710164435 ], [ -0.031813243668778, 53.785431670286322 ], [ -0.032268292293163, 53.785439139986423 ], [ -0.03225568018492, 53.785708620099271 ], [ -0.032710731926803, 53.785716088146543 ] ] ] } },
{ "type": "Feature", "properties": { "Period": "1990-2026", "Area_m2": 20700.0, "Area_ha": 2.07 }, "geometry": { "type": "Polygon", "coordinates": [ [ [ -0.031838473094741, 53.784892710164435 ], [ -0.031863701700256, 53.784353749985655 ], [ -0.031408664930175, 53.784346278852581 ], [ -0.031421281837453, 53.784076798815107 ], [ -0.030966248184694, 53.784069326029346 ], [ -0.030978867798952, 53.783799846050925 ], [ -0.030523837263508, 53.783792371612499 ], [ -0.030549081700563, 53.783253411759574 ], [ -0.030094057194447, 53.783245935741824 ], [ -0.030106682017106, 53.782976455867335 ], [ -0.029651660628235, 53.782968978197012 ], [ -0.029676915481549, 53.782430018551977 ], [ -0.029221900121785, 53.782422539302438 ], [ -0.029234530152302, 53.782153059531929 ], [ -0.028779517909712, 53.782145578629915 ], [ -0.028792150646651, 53.781876098918538 ], [ -0.028337141521229, 53.781868616364022 ], [ -0.028349776964494, 53.781599136711776 ], [ -0.027894770956228, 53.781591652504879 ], [ -0.027869494040777, 53.782130611648341 ], [ -0.028324505872522, 53.782138096002036 ], [ -0.028311870018371, 53.782407575625811 ], [ -0.028766884967376, 53.782415058327075 ], [ -0.028741618466492, 53.782954017678669 ], [ -0.029196639444681, 53.782961498800788 ], [ -0.029184008798086, 53.783230978528607 ], [ -0.029639032893605, 53.783238457998181 ], [ -0.029613776808376, 53.783777417557793 ], [ -0.030068806933301, 53.783784895448122 ], [ -0.030056181494805, 53.784054375279915 ], [ -0.03051121473713, 53.784061851517627 ], [ -0.030485969068646, 53.784600811285152 ], [ -0.031396047817747, 53.784615758875823 ], [ -0.031383430500163, 53.784885238884826 ], [ -0.031838473094741, 53.784892710164435 ] ] ] } },
{ "type": "Feature", "properties": { "Period": "1990-2026", "Area_m2": 1800.0, "Area_ha": 0.18 }, "geometry": { "type": "Polygon", "coordinates": [ [ [ -0.320113429219689, 53.78442419647687 ], [ -0.320134962897411, 53.783885149829885 ], [ -0.319679858215827, 53.783878772704782 ], [ -0.319658318710035, 53.784417819226661 ], [ -0.320113429219689, 53.78442419647687 ] ] ] } },
{ "type": "Feature", "properties": { "Period": "1990-2026", "Area_m2": 1800.0, "Area_ha": 0.18 }, "geometry": { "type": "Polygon", "coordinates": [ [ [ -0.320590067754085, 53.783891525228306 ], [ -0.320611594903556, 53.783352478401532 ], [ -0.32015649587477, 53.783346103128181 ], [ -0.320134962897411, 53.783885149829885 ], [ -0.320590067754085, 53.783891525228306 ] ] ] } },
{ "type": "Feature", "properties": { "Period": "1990-2026", "Area_m2": 3600.0, "Area_ha": 0.36 }, "geometry": { "type": "Polygon", "coordinates": [ [ [ -0.181417958054926, 53.779973559156737 ], [ -0.181441265517295, 53.77943455198384 ], [ -0.180531219990721, 53.779420744078905 ], [ -0.180507900878797, 53.779959750980957 ], [ -0.181417958054926, 53.779973559156737 ] ] ] } },
{ "type": "Feature", "properties": { "Period": "1990-2026", "Area_m2": 1800.0, "Area_ha": 0.18 }, "geometry": { "type": "Polygon", "coordinates": [ [ [ -0.345293252957324, 53.780998910546806 ], [ -0.345314461250393, 53.780459856689397 ], [ -0.344859387803212, 53.7804535753978 ], [ -0.344838173682978, 53.780992629131987 ], [ -0.345293252957324, 53.780998910546806 ] ] ] } },
{ "type": "Feature", "properties": { "Period": "1990-2026", "Area_m2": 2700.0, "Area_ha": 0.27 }, "geometry": { "type": "Polygon", "coordinates": [ [ [ -0.345335668853723, 53.779920802777433 ], [ -0.345356875767344, 53.779381748810913 ], [ -0.344446752352971, 53.77936918499411 ], [ -0.344436143155638, 53.779638711860969 ], [ -0.344891207689956, 53.779644994694216 ], [ -0.344880601233517, 53.779914521609051 ], [ -0.345335668853723, 53.779920802777433 ] ] ] } },
{ "type": "Feature", "properties": { "Period": "1990-2026", "Area_m2": 1800.0, "Area_ha": 0.18 }, "geometry": { "type": "Polygon", "coordinates": [ [ [ -0.347621598516101, 53.779682655437284 ], [ -0.347632187319796, 53.779413128139431 ], [ -0.346722062181934, 53.779400581587467 ], [ -0.346711467551466, 53.779670108762268 ], [ -0.347621598516101, 53.779682655437284 ] ] ] } },
{ "type": "Feature", "properties": { "Period": "1990-2026", "Area_m2": 1800.0, "Area_ha": 0.18 }, "geometry": { "type": "Polygon", "coordinates": [ [ [ -0.344923026024461, 53.778836413867886 ], [ -0.34494423738516, 53.778297359915506 ], [ -0.344489187417196, 53.77829107739035 ], [ -0.344467970230097, 53.778830131219507 ], [ -0.344923026024461, 53.778836413867886 ] ] ] } },
{ "type": "Feature", "properties": { "Period": "1990-2026", "Area_m2": 1800.0, "Area_ha": 0.18 }, "geometry": { "type": "Polygon", "coordinates": [ [ [ -0.338171749859154, 53.776855310276495 ], [ -0.338182398111609, 53.776585784137644 ], [ -0.337272338489231, 53.776573166311543 ], [ -0.337261684411108, 53.776842692326639 ], [ -0.338171749859154, 53.776855310276495 ] ] ] } },
{ "type": "Feature", "properties": { "Period": "1990-2026", "Area_m2": 82800.0, "Area_ha": 8.28 }, "geometry": { "type": "Polygon", "coordinates": [ [ [ -0.027894770956228, 53.781591652504879 ], [ -0.027920047049745, 53.78105269330446 ], [ -0.027465047070245, 53.781045207518574 ], [ -0.027477687720359, 53.780775727970415 ], [ -0.027022690857946, 53.78076824053219 ], [ -0.027035334214061, 53.780498761043219 ], [ -0.026580340468727, 53.780491271952684 ], [ -0.026605632387167, 53.779952313078923 ], [ -0.026150644670316, 53.779944822409561 ], [ -0.026163293232504, 53.779675343024792 ], [ -0.025708308632662, 53.779667850703213 ], [ -0.025733610962704, 53.779128892037839 ], [ -0.025278632391125, 53.779121398137562 ], [ -0.025291286158841, 53.778851918857015 ], [ -0.024836310704201, 53.778844423304598 ], [ -0.02484896717736, 53.77857494408331 ], [ -0.02439399483965, 53.778567446878803 ], [ -0.024406654018158, 53.778297967716789 ], [ -0.023951684797368, 53.778290468860199 ], [ -0.023977008359042, 53.777751510640506 ], [ -0.023067082179199, 53.777736508044818 ], [ -0.023092416561236, 53.777197550062368 ], [ -0.02263745960206, 53.777190046323376 ], [ -0.022650129395039, 53.776920567384366 ], [ -0.022195175552697, 53.776913061993461 ], [ -0.022207848050509, 53.776643583113803 ], [ -0.02175289732499, 53.776636076071028 ], [ -0.021778247524033, 53.776097118416168 ], [ -0.020868358334134, 53.776082099448736 ], [ -0.020893719351481, 53.775543142031445 ], [ -0.02043878088698, 53.775535630106894 ], [ -0.020451463996994, 53.775266151450523 ], [ -0.019541593507693, 53.775251122572591 ], [ -0.019566970751079, 53.774712165511843 ], [ -0.019112041636757, 53.774704648632195 ], [ -0.019124732859444, 53.774435170154163 ], [ -0.018669806861832, 53.774427651622936 ], [ -0.018682500788553, 53.774158173204334 ], [ -0.018227577907641, 53.774150653021515 ], [ -0.018240274538303, 53.773881174662414 ], [ -0.017785354774081, 53.77387365282803 ], [ -0.017798054108589, 53.773604174528444 ], [ -0.017343137461049, 53.773596651042553 ], [ -0.017368541331087, 53.773057694548122 ], [ -0.016458720296155, 53.773042642695714 ], [ -0.016471427741635, 53.772773164574687 ], [ -0.016016520444086, 53.772765636134459 ], [ -0.016041940535373, 53.772226679997296 ], [ -0.015587039264454, 53.772219149979527 ], [ -0.015599751910123, 53.771949671963384 ], [ -0.015144853755788, 53.771942140294279 ], [ -0.015157569104695, 53.771672662337721 ], [ -0.014702674066935, 53.771665129017315 ], [ -0.014728109964301, 53.771126173209154 ], [ -0.013818332148254, 53.771111101688497 ], [ -0.01380560848338, 53.771380579451922 ], [ -0.014260500197792, 53.771388116148714 ], [ -0.014235058067251, 53.771927071780567 ], [ -0.014689955808148, 53.771934606899997 ], [ -0.014664518670343, 53.772473562622551 ], [ -0.015119422437884, 53.772481096164562 ], [ -0.015106706468878, 53.772750574078323 ], [ -0.015561613353152, 53.772758105968997 ], [ -0.015548900087511, 53.773027583942351 ], [ -0.016003810088524, 53.773035114181646 ], [ -0.015991099526342, 53.773304592214565 ], [ -0.016446012644104, 53.773312120802444 ], [ -0.016433304785476, 53.773581598894935 ], [ -0.016888221019996, 53.773589125831371 ], [ -0.016875515865016, 53.773858603983406 ], [ -0.017330435216303, 53.773866129268363 ], [ -0.017317732765066, 53.77413560747992 ], [ -0.017772655233129, 53.774143131113384 ], [ -0.01775995548573, 53.774412609384449 ], [ -0.018214881070578, 53.774420131366355 ], [ -0.018189486777232, 53.774959088013226 ], [ -0.018644418389311, 53.774966608417309 ], [ -0.018631723843502, 53.775236086793107 ], [ -0.019086658572435, 53.775243605545526 ], [ -0.019073966730788, 53.775513083980826 ], [ -0.019528904576586, 53.775520601081581 ], [ -0.019516215439198, 53.775790079576311 ], [ -0.019971156401868, 53.775797595025359 ], [ -0.019945783329552, 53.776336552119453 ], [ -0.020400730319796, 53.776344065990457 ], [ -0.020388046385004, 53.776613544589814 ], [ -0.02084299649219, 53.776621056809027 ], [ -0.020830315261983, 53.776890535467786 ], [ -0.021285268486121, 53.776898046035178 ], [ -0.021259911228943, 53.777437003457237 ], [ -0.022169829939004, 53.77745201971004 ], [ -0.022157156823115, 53.777721498546953 ], [ -0.022612119398163, 53.777729004158658 ], [ -0.022586778370315, 53.778267961936947 ], [ -0.0230417469734, 53.778275465970282 ], [ -0.023029079061579, 53.778544944911637 ], [ -0.023484050781712, 53.778552447292967 ], [ -0.023471385575085, 53.778821926293638 ], [ -0.023926360412275, 53.778829427022927 ], [ -0.023913697910936, 53.779098906082901 ], [ -0.024368675865193, 53.7791064051601 ], [ -0.024356016069236, 53.779375884279375 ], [ -0.02481099714057, 53.779383381704463 ], [ -0.024798340050088, 53.779652860883026 ], [ -0.025253324238508, 53.779660356655945 ], [ -0.025240669853598, 53.779929835893761 ], [ -0.025695657159111, 53.779937330014505 ], [ -0.025670353594926, 53.780476288594414 ], [ -0.026125346928999, 53.780483781136397 ], [ -0.026112697749861, 53.78075326047847 ], [ -0.026567694201098, 53.780760751368206 ], [ -0.026555047727857, 53.781030230769481 ], [ -0.027010047296266, 53.781037720006914 ], [ -0.026997403529017, 53.781307199467399 ], [ -0.027452406214608, 53.781314687052493 ], [ -0.027439765153446, 53.781584166572166 ], [ -0.027894770956228, 53.781591652504879 ] ] ] } },
{ "type": "Feature", "properties": { "Period": "1990-2026", "Area_m2": 4500.0, "Area_ha": 0.45 }, "geometry": { "type": "Polygon", "coordinates": [ [ [ -0.339081815999771, 53.776867921321141 ], [ -0.339103100680271, 53.776328868782443 ], [ -0.338648073349055, 53.776322564246954 ], [ -0.338658718342491, 53.776053038018958 ], [ -0.337748670024853, 53.776040423892852 ], [ -0.337738019205931, 53.776309949997128 ], [ -0.338193046190925, 53.776316257985165 ], [ -0.338182398111609, 53.776585784137644 ], [ -0.338637428182531, 53.776592090461293 ], [ -0.338626782842915, 53.776861616661968 ], [ -0.339081815999771, 53.776867921321141 ] ] ] } },
{ "type": "Feature", "properties": { "Period": "1990-2026", "Area_m2": 1800.0, "Area_ha": 0.18 }, "geometry": { "type": "Polygon", "coordinates": [ [ [ -0.327727469434979, 53.77617073751653 ], [ -0.327738184333241, 53.77590121277764 ], [ -0.326828144353151, 53.77588851579219 ], [ -0.326817423629585, 53.77615804040655 ], [ -0.327727469434979, 53.77617073751653 ] ] ] } },
{ "type": "Feature", "properties": { "Period": "1990-2026", "Area_m2": 1800.0, "Area_ha": 0.18 }, "geometry": { "type": "Polygon", "coordinates": [ [ [ -0.337748670024853, 53.776040423892852 ], [ -0.337759320670597, 53.775770897774933 ], [ -0.33684927887105, 53.775758276867606 ], [ -0.336838622399931, 53.776027802861734 ], [ -0.337748670024853, 53.776040423892852 ] ] ] } },
{ "type": "Feature", "properties": { "Period": "1990-2026", "Area_m2": 7200.0, "Area_ha": 0.72 }, "geometry": { "type": "Polygon", "coordinates": [ [ [ -0.013818332148254, 53.771111101688497 ], [ -0.013856501901956, 53.77030266831261 ], [ -0.013401622033178, 53.770295130186362 ], [ -0.01341434778037, 53.770025652439784 ], [ -0.012959471028028, 53.770018112662413 ], [ -0.012972199477898, 53.7697486349755 ], [ -0.012517325841984, 53.769741093547033 ], [ -0.01249186291624, 53.770280048758714 ], [ -0.012946742371256, 53.770287590335059 ], [ -0.012921284436997, 53.770826545637554 ], [ -0.013376169918219, 53.770834085636722 ], [ -0.013363443550442, 53.771103563340503 ], [ -0.013818332148254, 53.771111101688497 ] ] ] } },
{ "type": "Feature", "properties": { "Period": "1990-2026", "Area_m2": 1800.0, "Area_ha": 0.18 }, "geometry": { "type": "Polygon", "coordinates": [ [ [ -0.325050994236624, 53.77478500350955 ], [ -0.325061725738274, 53.774515479076086 ], [ -0.32415171697595, 53.774502761999692 ], [ -0.324140979649516, 53.774772286308448 ], [ -0.325050994236624, 53.77478500350955 ] ] ] } },
{ "type": "Feature", "properties": { "Period": "1990-2026", "Area_m2": 2700.0, "Area_ha": 0.27 }, "geometry": { "type": "Polygon", "coordinates": [ [ [ -0.315950879835735, 53.774657520794527 ], [ -0.315961669584537, 53.774387997611356 ], [ -0.315506668615716, 53.774381605414014 ], [ -0.315517461101359, 53.774112082279835 ], [ -0.315062463220281, 53.774105688419098 ], [ -0.315040872248937, 53.774644734548318 ], [ -0.315950879835735, 53.774657520794527 ] ] ] } },
{ "type": "Feature", "properties": { "Period": "1990-2026", "Area_m2": 2700.0, "Area_ha": 0.27 }, "geometry": { "type": "Polygon", "coordinates": [ [ [ -0.344182679392643, 53.774511415669942 ], [ -0.344203896885489, 53.773972361527584 ], [ -0.343748893866837, 53.773966076535984 ], [ -0.343738282294247, 53.774235603552341 ], [ -0.343283276535721, 53.774229316772931 ], [ -0.343272661878138, 53.774498843713992 ], [ -0.344182679392643, 53.774511415669942 ] ] ] } },
{ "type": "Feature", "properties": { "Period": "1990-2026", "Area_m2": 1800.0, "Area_ha": 0.18 }, "geometry": { "type": "Polygon", "coordinates": [ [ [ -0.315983248555859, 53.773848951203945 ], [ -0.315994037778385, 53.773579427979719 ], [ -0.315084053489543, 53.77356664223511 ], [ -0.31507325844267, 53.773836165333947 ], [ -0.315983248555859, 53.773848951203945 ] ] ] } },
{ "type": "Feature", "properties": { "Period": "1990-2026", "Area_m2": 1800.0, "Area_ha": 0.18 }, "geometry": { "type": "Polygon", "coordinates": [ [ [ -0.314629061608368, 53.773560246773727 ], [ -0.314650656999775, 53.773021200660445 ], [ -0.314195671118345, 53.773014803598507 ], [ -0.314174069902753, 53.773553849586314 ], [ -0.314629061608368, 53.773560246773727 ] ] ] } },
{ "type": "Feature", "properties": { "Period": "1990-2026", "Area_m2": 2700.0, "Area_ha": 0.27 }, "geometry": { "type": "Polygon", "coordinates": [ [ [ -0.326036085597596, 53.77291104161209 ], [ -0.326046810053803, 53.772641516958288 ], [ -0.3246818572815, 53.772622450420293 ], [ -0.324671124089093, 53.772891974887109 ], [ -0.326036085597596, 53.77291104161209 ] ] ] } },
{ "type": "Feature", "properties": { "Period": "1990-2026", "Area_m2": 4500.0, "Area_ha": 0.45 }, "geometry": { "type": "Polygon", "coordinates": [ [ [ -0.26007591179875, 53.771702199091003 ], [ -0.260087058283572, 53.77143268363556 ], [ -0.25963210254614, 53.771426079657843 ], [ -0.259643251761161, 53.771156564253388 ], [ -0.258733346652936, 53.771143351250188 ], [ -0.25871103639592, 53.771682381786142 ], [ -0.26007591179875, 53.771702199091003 ] ] ] } },
{ "type": "Feature", "properties": { "Period": "1990-2026", "Area_m2": 1800.0, "Area_ha": 0.18 }, "geometry": { "type": "Polygon", "coordinates": [ [ [ -0.316058769429899, 53.771962288346863 ], [ -0.316069557424581, 53.771692765026785 ], [ -0.315159613903522, 53.771679980159909 ], [ -0.315148820085155, 53.771949503354591 ], [ -0.316058769429899, 53.771962288346863 ] ] ] } },
{ "type": "Feature", "properties": { "Period": "1990-2026", "Area_m2": 2700.0, "Area_ha": 0.27 }, "geometry": { "type": "Polygon", "coordinates": [ [ [ -0.338057468456343, 53.768224160930956 ], [ -0.338078759533712, 53.767685107889704 ], [ -0.337623825906037, 53.767678800155316 ], [ -0.337613177542614, 53.767948326620896 ], [ -0.337158241176779, 53.767942017098896 ], [ -0.337147589728928, 53.76821154348896 ], [ -0.338057468456343, 53.768224160930956 ] ] ] } },
{ "type": "Feature", "properties": { "Period": "1990-2026", "Area_m2": 2700.0, "Area_ha": 0.27 }, "geometry": { "type": "Polygon", "coordinates": [ [ [ -0.162942554980473, 53.765129078600332 ], [ -0.162966086409793, 53.7645900756347 ], [ -0.162511228740835, 53.764583103744265 ], [ -0.162499460212158, 53.764852605165693 ], [ -0.16204459982485, 53.764845631481791 ], [ -0.162032828195198, 53.765115132820881 ], [ -0.162942554980473, 53.765129078600332 ] ] ] } },
{ "type": "Feature", "properties": { "Period": "1990-2026", "Area_m2": 1800.0, "Area_ha": 0.18 }, "geometry": { "type": "Polygon", "coordinates": [ [ [ -0.330853299843392, 53.766236349169766 ], [ -0.330863990832586, 53.765966823552162 ], [ -0.32995416423443, 53.765954151880393 ], [ -0.329943467423385, 53.766223677373759 ], [ -0.330853299843392, 53.766236349169766 ] ] ] } },
{ "type": "Feature", "properties": { "Period": "1990-2026", "Area_m2": 1800.0, "Area_ha": 0.18 }, "geometry": { "type": "Polygon", "coordinates": [ [ [ -0.337677065126608, 53.766331167622617 ], [ -0.337698359603185, 53.765792114513964 ], [ -0.337243446526169, 53.765785805486964 ], [ -0.337222146227671, 53.766324858471862 ], [ -0.337677065126608, 53.766331167622617 ] ] ] } },
{ "type": "Feature", "properties": { "Period": "1990-2026", "Area_m2": 2700.0, "Area_ha": 0.27 }, "geometry": { "type": "Polygon", "coordinates": [ [ [ -0.206679249315047, 53.76417331277343 ], [ -0.206702219809796, 53.763634296672322 ], [ -0.206247361456275, 53.763627490799337 ], [ -0.20623587339249, 53.763896998790109 ], [ -0.20578101231595, 53.76389019112522 ], [ -0.205769521155633, 53.764159699035332 ], [ -0.206679249315047, 53.76417331277343 ] ] ] } },
{ "type": "Feature", "properties": { "Period": "1990-2026", "Area_m2": 2700.0, "Area_ha": 0.27 }, "geometry": { "type": "Polygon", "coordinates": [ [ [ -0.339518013641596, 53.765817333365874 ], [ -0.339528648976663, 53.765547806543758 ], [ -0.338163916921054, 53.765528895178704 ], [ -0.338153272853283, 53.765798421815369 ], [ -0.339518013641596, 53.765817333365874 ] ] ] } },
{ "type": "Feature", "properties": { "Period": "1990-2026", "Area_m2": 1800.0, "Area_ha": 0.18 }, "geometry": { "type": "Polygon", "coordinates": [ [ [ -0.200357271088556, 53.762999843177411 ], [ -0.200380321557625, 53.762460828836844 ], [ -0.19992547746094, 53.76245399907976 ], [ -0.199902421172807, 53.762993013286398 ], [ -0.200357271088556, 53.762999843177411 ] ] ] } },
{ "type": "Feature", "properties": { "Period": "1990-2026", "Area_m2": 1800.0, "Area_ha": 0.18 }, "geometry": { "type": "Polygon", "coordinates": [ [ [ -0.299107627810306, 53.763363037870441 ], [ -0.299129413935357, 53.762823995153781 ], [ -0.298674541936373, 53.762817540025175 ], [ -0.298652749990904, 53.763356582615231 ], [ -0.299107627810306, 53.763363037870441 ] ] ] } },
{ "type": "Feature", "properties": { "Period": "1990-2026", "Area_m2": 1800.0, "Area_ha": 0.18 }, "geometry": { "type": "Polygon", "coordinates": [ [ [ -0.327331821801002, 53.763220843497372 ], [ -0.327342534161821, 53.762951318226847 ], [ -0.326432774381601, 53.762938620315367 ], [ -0.326422056200032, 53.76320814546137 ], [ -0.327331821801002, 53.763220843497372 ] ] ] } },
{ "type": "Feature", "properties": { "Period": "1990-2026", "Area_m2": 4500.0, "Area_ha": 0.45 }, "geometry": { "type": "Polygon", "coordinates": [ [ [ -0.338280990247349, 53.76256410127457 ], [ -0.338291632239002, 53.762294574474105 ], [ -0.33920138358225, 53.762307182292631 ], [ -0.339222655405562, 53.761768128403475 ], [ -0.338767785467996, 53.761761825480541 ], [ -0.338757146732544, 53.762031352370116 ], [ -0.337847401555781, 53.762018741224487 ], [ -0.337826111924853, 53.762557794715377 ], [ -0.338280990247349, 53.76256410127457 ] ] ] } },
{ "type": "Feature", "properties": { "Period": "1990-2026", "Area_m2": 1800.0, "Area_ha": 0.18 }, "geometry": { "type": "Polygon", "coordinates": [ [ [ -0.207340768878686, 53.759328968943898 ], [ -0.207352247950708, 53.759059460583586 ], [ -0.206442629974256, 53.759045852831321 ], [ -0.206431145084327, 53.759315361058206 ], [ -0.207340768878686, 53.759328968943898 ] ] ] } },
{ "type": "Feature", "properties": { "Period": "1990-2026", "Area_m2": 112500.0, "Area_ha": 11.25 }, "geometry": { "type": "Polygon", "coordinates": [ [ [ -0.012517325841984, 53.769741093547033 ], [ -0.01254278793996, 53.769202138278274 ], [ -0.012087920329891, 53.769194595272708 ], [ -0.012113387418849, 53.768655640094806 ], [ -0.011658525834466, 53.768648095512212 ], [ -0.011671261977768, 53.768378617975841 ], [ -0.011216403509681, 53.768371071742308 ], [ -0.011241880993662, 53.767832116774684 ], [ -0.010787028551041, 53.767824568964244 ], [ -0.010799769891583, 53.767555091533048 ], [ -0.010344920565189, 53.767547542071725 ], [ -0.010357664607715, 53.767278064700292 ], [ -0.009902818397538, 53.767270513588137 ], [ -0.009941058009255, 53.7664620816102 ], [ -0.009486220733191, 53.766454528995382 ], [ -0.009498969764964, 53.766185051714899 ], [ -0.009044135604996, 53.766177497449348 ], [ -0.009056887338385, 53.765908020228665 ], [ -0.008602056294504, 53.765900464312395 ], [ -0.008627564957029, 53.765361509976366 ], [ -0.008172739937952, 53.765353952483558 ], [ -0.00818549686695, 53.765084475368219 ], [ -0.007730674963889, 53.765076916224793 ], [ -0.007743434594179, 53.764807439169296 ], [ -0.007288615807126, 53.764799878375285 ], [ -0.007314140262675, 53.764260924369701 ], [ -0.00640451494508, 53.764245797904231 ], [ -0.006430050204764, 53.763706844138163 ], [ -0.005975243674099, 53.763699278466788 ], [ -0.005988013901059, 53.763429801636505 ], [ -0.005533210486314, 53.763422234314731 ], [ -0.005545983414049, 53.76315275754434 ], [ -0.005091183115216, 53.763145188572175 ], [ -0.00511673416442, 53.762606235136992 ], [ -0.004661939889706, 53.762598664588673 ], [ -0.004674718011038, 53.762329187923875 ], [ -0.004219926852165, 53.76232161572527 ], [ -0.004232707673947, 53.762052139120442 ], [ -0.003777919630905, 53.762044565271552 ], [ -0.003803486467429, 53.761505612167511 ], [ -0.002893922636819, 53.761490459593361 ], [ -0.002919500274117, 53.760951506729292 ], [ -0.002464724486427, 53.760943928004117 ], [ -0.002477515901187, 53.760674451624951 ], [ -0.00202274322924, 53.760666871249661 ], [ -0.002035537343937, 53.760397394930536 ], [ -0.001580767787725, 53.760389812905153 ], [ -0.001593564602264, 53.760120336646061 ], [ -0.001138798161777, 53.760112752970642 ], [ -0.001164396982344, 53.759573800558272 ], [ -0.000709636565232, 53.759566215307217 ], [ -0.000735240368972, 53.7590272629864 ], [ -0.000280485975076, 53.75901967615976 ], [ -0.000293290472398, 53.758750200052297 ], [ 0.000161460805905, 53.758742611575727 ], [ 0.000148653609203, 53.758473135528362 ], [ 0.000603401771921, 53.758465545401947 ], [ 0.000590591875932, 53.758196069414687 ], [ 0.001045336923075, 53.758188477638427 ], [ 0.001019711940926, 53.757649525769899 ], [ 0.001929189781212, 53.757634337342409 ], [ 0.001903554002952, 53.757095385714493 ], [ 0.002358286796218, 53.757087789063391 ], [ 0.002332646036852, 53.756548837527198 ], [ 0.002787372807527, 53.756541239300901 ], [ 0.002774549833282, 53.756271763585843 ], [ 0.003229273488529, 53.756264163709915 ], [ 0.00321644781565, 53.755994688055061 ], [ 0.003671168355479, 53.755987086529508 ], [ 0.003658339984059, 53.755717610934902 ], [ 0.004113057408481, 53.755710007759781 ], [ 0.004087395477248, 53.755171056676687 ], [ 0.00499681807305, 53.75515584545245 ], [ 0.005009654748112, 53.755425320852034 ], [ 0.004554940647636, 53.75543292740074 ], [ 0.004580608809709, 53.75597187830612 ], [ 0.004125888686848, 53.755979483279859 ], [ 0.004138720173723, 53.756248958785662 ], [ 0.003683996935358, 53.75625656210984 ], [ 0.003696825723702, 53.756526037675854 ], [ 0.003242099369825, 53.756533639350444 ], [ 0.003254925459545, 53.756803114976691 ], [ 0.002800195990147, 53.756810715001656 ], [ 0.002838666788302, 53.757619142018065 ], [ 0.00238392838893, 53.757626740542349 ], [ 0.002396749497803, 53.757896216260384 ], [ 0.001942007982789, 53.757903813134931 ], [ 0.001954826392669, 53.758173288913142 ], [ 0.001500081762002, 53.758180884137907 ], [ 0.001512897472795, 53.758450359976287 ], [ 0.001058149726467, 53.75845795355125 ], [ 0.001070962738077, 53.758727429449756 ], [ 0.000616211876079, 53.75873502137491 ], [ 0.000641832708928, 53.759273973277914 ], [ 0.0001870758237, 53.759281563627596 ], [ 0.000199883644801, 53.759551039632058 ], [ -0.000254876356168, 53.759558628331803 ], [ -0.00022926590488, 53.760097580446669 ], [ -0.0006840319293, 53.760105167570849 ], [ -0.00067122929925, 53.76037464368121 ], [ -0.001125998439481, 53.760382229155383 ], [ -0.00110039837084, 53.76092118148199 ], [ -0.001555173534741, 53.760928765380463 ], [ -0.001542376096288, 53.761198241596666 ], [ -0.001997154376069, 53.761205823845053 ], [ -0.001984359637585, 53.761475300121319 ], [ -0.002439141033256, 53.761482880719583 ], [ -0.002413556748521, 53.762021833377872 ], [ -0.003323131795622, 53.762036989698146 ], [ -0.003310345157614, 53.762306466154463 ], [ -0.003765135901007, 53.762314041802142 ], [ -0.003739567817918, 53.762852994820435 ], [ -0.004194364585447, 53.762860568892101 ], [ -0.004181583140503, 53.763130045454062 ], [ -0.004636383024018, 53.763137617875415 ], [ -0.004623604279652, 53.763407094497346 ], [ -0.005078407279163, 53.76341466526835 ], [ -0.005065631235471, 53.763684141950215 ], [ -0.005520437350986, 53.763691711070791 ], [ -0.005494890457534, 53.764230664540115 ], [ -0.005949702597527, 53.764238232084502 ], [ -0.005936931747904, 53.764507708871953 ], [ -0.006391747003972, 53.764515274765841 ], [ -0.006366210499203, 53.765054228446211 ], [ -0.006821031779968, 53.765061792763781 ], [ -0.006808266124959, 53.765331269656706 ], [ -0.00726309052187, 53.765338832323707 ], [ -0.00723756440687, 53.765877786215029 ], [ -0.007692394828699, 53.765885347305584 ], [ -0.007679634368846, 53.76615482430396 ], [ -0.008134467906889, 53.766162383743875 ], [ -0.008108952182746, 53.766701337846015 ], [ -0.00856379174593, 53.766708895709343 ], [ -0.008551036481778, 53.766978372813114 ], [ -0.009005879161245, 53.766985929025715 ], [ -0.008980373829046, 53.767524883338567 ], [ -0.009435222533872, 53.767532437974502 ], [ -0.009422472465964, 53.76780191518359 ], [ -0.009877324287145, 53.7678094681687 ], [ -0.009864576921161, 53.768078945437566 ], [ -0.010319431858705, 53.768086496771829 ], [ -0.010293942323617, 53.768625451414827 ], [ -0.010748803286803, 53.768633001172233 ], [ -0.010736061117838, 53.768902478546323 ], [ -0.011190925197456, 53.768910026652833 ], [ -0.011178185730741, 53.769179504086665 ], [ -0.011633052926801, 53.769187050542186 ], [ -0.011620316162431, 53.769456528035761 ], [ -0.012075186474943, 53.769464072840272 ], [ -0.012062452413011, 53.769733550393553 ], [ -0.012517325841984, 53.769741093547033 ] ] ] } },
{ "type": "Feature", "properties": { "Period": "1990-2026", "Area_m2": 1800.0, "Area_ha": 0.18 }, "geometry": { "type": "Polygon", "coordinates": [ [ [ -0.208273339741052, 53.758803552928825 ], [ -0.20828481262221, 53.758534044407398 ], [ -0.207375205535059, 53.758520443821304 ], [ -0.207363726836165, 53.758789952209391 ], [ -0.208273339741052, 53.758803552928825 ] ] ] } },
{ "type": "Feature", "properties": { "Period": "1990-2026", "Area_m2": 1800.0, "Area_ha": 0.18 }, "geometry": { "type": "Polygon", "coordinates": [ [ [ 0.00499681807305, 53.75515584545245 ], [ 0.004971145348686, 53.754616894610386 ], [ 0.005425850520189, 53.754609286561369 ], [ 0.005451529058093, 53.755148237254268 ], [ 0.00499681807305, 53.75515584545245 ] ] ] } },
{ "type": "Feature", "properties": { "Period": "1990-2026", "Area_m2": 2700.0, "Area_ha": 0.27 }, "geometry": { "type": "Polygon", "coordinates": [ [ [ -0.280633960955686, 53.758784656099301 ], [ -0.280644970559506, 53.758515137137017 ], [ -0.281099791792448, 53.758521660318053 ], [ -0.281110798308054, 53.758252141278064 ], [ -0.280201161839654, 53.758239093318913 ], [ -0.280179136992367, 53.758778131129262 ], [ -0.280633960955686, 53.758784656099301 ] ] ] } },
{ "type": "Feature", "properties": { "Period": "1990-2026", "Area_m2": 5400.0, "Area_ha": 0.54 }, "geometry": { "type": "Polygon", "coordinates": [ [ [ 0.005867713620361, 53.754332201495039 ], [ 0.005842030520951, 53.753793250865485 ], [ 0.006296726555227, 53.753785639592301 ], [ 0.006283882411966, 53.753516164330676 ], [ 0.00673857533099, 53.75350855140816 ], [ 0.006725728489933, 53.753239076206874 ], [ 0.007180418293716, 53.753231461635046 ], [ 0.00720611799761, 53.753770411874029 ], [ 0.006751422380796, 53.753778026595157 ], [ 0.006764269639354, 53.754047501767815 ], [ 0.006309570907196, 53.754055114839616 ], [ 0.006322415467874, 53.754324590072585 ], [ 0.005867713620361, 53.754332201495039 ] ] ] } },
{ "type": "Feature", "properties": { "Period": "1990-2026", "Area_m2": 1800.0, "Area_ha": 0.18 }, "geometry": { "type": "Polygon", "coordinates": [ [ [ -0.337530932788305, 53.75850858484587 ], [ -0.337552223048296, 53.757969531069129 ], [ -0.337097394540915, 53.757963222110938 ], [ -0.33707609846175, 53.758502275763966 ], [ -0.337530932788305, 53.75850858484587 ] ] ] } },
{ "type": "Feature", "properties": { "Period": "1990-2026", "Area_m2": 11700.0, "Area_ha": 1.17 }, "geometry": { "type": "Polygon", "coordinates": [ [ [ 0.007180418293716, 53.753231461635046 ], [ 0.007154719424989, 53.752692511338829 ], [ 0.007609403207147, 53.752684895192417 ], [ 0.007596551179613, 53.752415420097506 ], [ 0.008051231846598, 53.752407802301867 ], [ 0.008038377121595, 53.752138327267325 ], [ 0.008493054673419, 53.752130707822531 ], [ 0.008467340037571, 53.75159175785987 ], [ 0.008922011568051, 53.751584136840641 ], [ 0.008909151657344, 53.751314661912559 ], [ 0.009363820072731, 53.751307039244239 ], [ 0.00935095746488, 53.751037564376567 ], [ 0.009805622765184, 53.751029940059198 ], [ 0.009831354002105, 53.751568889630775 ], [ 0.009376682889578, 53.751576514097614 ], [ 0.009389545915425, 53.751845988936665 ], [ 0.008934871687712, 53.75185361175442 ], [ 0.008960592553908, 53.752392561539033 ], [ 0.008505912304712, 53.752400182782388 ], [ 0.008518770144925, 53.752669657727949 ], [ 0.008064086780475, 53.752677277322114 ], [ 0.008076941923227, 53.752946752328036 ], [ 0.007622255443511, 53.752954370273024 ], [ 0.007635107888708, 53.753223845339321 ], [ 0.007180418293716, 53.753231461635046 ] ] ] } },
{ "type": "Feature", "properties": { "Period": "1990-2026", "Area_m2": 3600.0, "Area_ha": 0.36 }, "geometry": { "type": "Polygon", "coordinates": [ [ [ -0.328487794495412, 53.757034447089119 ], [ -0.328530603604509, 53.755956344169718 ], [ -0.328075798932513, 53.755950001144903 ], [ -0.328032978186508, 53.757028103815514 ], [ -0.328487794495412, 53.757034447089119 ] ] ] } },
{ "type": "Feature", "properties": { "Period": "1990-2026", "Area_m2": 2700.0, "Area_ha": 0.27 }, "geometry": { "type": "Polygon", "coordinates": [ [ [ 0.009805622765184, 53.751029940059198 ], [ 0.009779892364415, 53.750490990430372 ], [ 0.010689210713821, 53.75047573692337 ], [ 0.010702081621663, 53.750745211595401 ], [ 0.010247419645513, 53.75075283928556 ], [ 0.010260287856451, 53.751022314018059 ], [ 0.009805622765184, 53.751029940059198 ] ] ] } },
{ "type": "Feature", "properties": { "Period": "1990-2026", "Area_m2": 1800.0, "Area_ha": 0.18 }, "geometry": { "type": "Polygon", "coordinates": [ [ [ -0.321708551814389, 53.755861017676537 ], [ -0.321719297293049, 53.755591492847238 ], [ -0.32080969917129, 53.755578753448845 ], [ -0.320798947874529, 53.755848278153216 ], [ -0.321708551814389, 53.755861017676537 ] ] ] } },
{ "type": "Feature", "properties": { "Period": "1990-2026", "Area_m2": 1800.0, "Area_ha": 0.18 }, "geometry": { "type": "Polygon", "coordinates": [ [ [ -0.264460441805396, 53.753697368641589 ], [ -0.264482663796492, 53.753158334835057 ], [ -0.264027904481181, 53.753151749056514 ], [ -0.264005676673481, 53.753690782733891 ], [ -0.264460441805396, 53.753697368641589 ] ] ] } },
{ "type": "Feature", "properties": { "Period": "1990-2026", "Area_m2": 1800.0, "Area_ha": 0.18 }, "geometry": { "type": "Polygon", "coordinates": [ [ [ -0.313608519364419, 53.753589923571582 ], [ -0.313619315801609, 53.753320399759424 ], [ -0.312709770524231, 53.753307599268226 ], [ -0.312698968269835, 53.75357712295488 ], [ -0.313608519364419, 53.753589923571582 ] ] ] } },
{ "type": "Feature", "properties": { "Period": "1990-2026", "Area_m2": 19800.0, "Area_ha": 1.98 }, "geometry": { "type": "Polygon", "coordinates": [ [ [ 0.010689210713821, 53.75047573692337 ], [ 0.010663469525503, 53.749936787536335 ], [ 0.011118122574727, 53.749929158346795 ], [ 0.011092376411234, 53.749390209052045 ], [ 0.012001670258921, 53.749374945801137 ], [ 0.011975913309179, 53.748835996748348 ], [ 0.012430554107763, 53.748828362687057 ], [ 0.012417673041114, 53.748558888214021 ], [ 0.012872310724782, 53.748551252503951 ], [ 0.012859426961828, 53.748281778091439 ], [ 0.013314061530589, 53.748274140732612 ], [ 0.013301175071424, 53.748004666380652 ], [ 0.013755806525289, 53.747997027373131 ], [ 0.013742917370007, 53.747727553081717 ], [ 0.014197545708983, 53.747719912425502 ], [ 0.014184653857678, 53.747450438194662 ], [ 0.014639279081776, 53.74744279588981 ], [ 0.014626384534543, 53.747173321719572 ], [ 0.01508100664377, 53.747165677766105 ], [ 0.015106801758526, 53.747704625942411 ], [ 0.014652173838506, 53.747712270045739 ], [ 0.014665068804736, 53.747981744187321 ], [ 0.014210437769742, 53.747989386642018 ], [ 0.014223330039959, 53.748258860844196 ], [ 0.013768695889983, 53.7482665016502 ], [ 0.013781585464093, 53.748535975912965 ], [ 0.013326948199125, 53.748543615070268 ], [ 0.013339835077032, 53.748813089393572 ], [ 0.012885194697063, 53.748820726902132 ], [ 0.012898078878675, 53.749090201285995 ], [ 0.012443435383697, 53.749097837145769 ], [ 0.012469198563434, 53.74963678602024 ], [ 0.012014549047658, 53.749644420306041 ], [ 0.012027428045646, 53.749913894796613 ], [ 0.011572775414791, 53.749921527433564 ], [ 0.011585651716157, 53.750191001984646 ], [ 0.011130995970213, 53.75019863297269 ], [ 0.011143869574865, 53.750468107584254 ], [ 0.010689210713821, 53.75047573692337 ] ] ] } },
{ "type": "Feature", "properties": { "Period": "1990-2026", "Area_m2": 5400.0, "Area_ha": 0.54 }, "geometry": { "type": "Polygon", "coordinates": [ [ [ -0.319542135645208, 53.753133910146694 ], [ -0.319552893920489, 53.752864385492991 ], [ -0.320007663281906, 53.752870760604296 ], [ -0.320029173490969, 53.752331711130786 ], [ -0.319574409946539, 53.752325336144516 ], [ -0.319585167697316, 53.752055811449743 ], [ -0.319130407236137, 53.752049434801272 ], [ -0.319087363550069, 53.753127533248119 ], [ -0.319542135645208, 53.753133910146694 ] ] ] } },
{ "type": "Feature", "properties": { "Period": "1990-2026", "Area_m2": 3600.0, "Area_ha": 0.36 }, "geometry": { "type": "Polygon", "coordinates": [ [ [ -0.325475629528594, 53.752677601929776 ], [ -0.325497069584771, 53.752138550931356 ], [ -0.32458754429852, 53.7521258407522 ], [ -0.324566092608381, 53.752664891501389 ], [ -0.325475629528594, 53.752677601929776 ] ] ] } },
{ "type": "Feature", "properties": { "Period": "1990-2026", "Area_m2": 4500.0, "Area_ha": 0.45 }, "geometry": { "type": "Polygon", "coordinates": [ [ [ -0.315005209930259, 53.752800539518788 ], [ -0.315015997115665, 53.752531015477416 ], [ -0.315470761818088, 53.752537407773509 ], [ -0.315492329846165, 53.751998359524329 ], [ -0.314582812250252, 53.75198557345815 ], [ -0.314550442494669, 53.752794145435274 ], [ -0.315005209930259, 53.752800539518788 ] ] ] } },
{ "type": "Feature", "properties": { "Period": "1990-2026", "Area_m2": 2700.0, "Area_ha": 0.27 }, "geometry": { "type": "Polygon", "coordinates": [ [ [ -0.185870096483608, 53.75064580964775 ], [ -0.185904934453738, 53.749837292892614 ], [ -0.185450230345454, 53.74983040931474 ], [ -0.185415383653578, 53.750638925867385 ], [ -0.185870096483608, 53.75064580964775 ] ] ] } },
{ "type": "Feature", "properties": { "Period": "1990-2026", "Area_m2": 1800.0, "Area_ha": 0.18 }, "geometry": { "type": "Polygon", "coordinates": [ [ [ -0.32866971399032, 53.75245250817126 ], [ -0.328691112979619, 53.751913456274146 ], [ -0.328236351939305, 53.751907114182202 ], [ -0.328214947133062, 53.752446165954943 ], [ -0.32866971399032, 53.75245250817126 ] ] ] } },
{ "type": "Feature", "properties": { "Period": "1990-2026", "Area_m2": 4500.0, "Area_ha": 0.45 }, "geometry": { "type": "Polygon", "coordinates": [ [ [ -0.186779522709744, 53.750659572035623 ], [ -0.186802736582751, 53.750120560609602 ], [ -0.187257444164194, 53.75012743908222 ], [ -0.187269047910574, 53.749857933280872 ], [ -0.186814343236345, 53.749851054875684 ], [ -0.186825949701338, 53.749581549127853 ], [ -0.186371248122872, 53.7495746690659 ], [ -0.186324809502345, 53.750652691703834 ], [ -0.186779522709744, 53.750659572035623 ] ] ] } },
{ "type": "Feature", "properties": { "Period": "1990-2026", "Area_m2": 4500.0, "Area_ha": 0.45 }, "geometry": { "type": "Polygon", "coordinates": [ [ [ -0.318675646949833, 53.752043056428079 ], [ -0.318686410342521, 53.751773531844712 ], [ -0.319141167720458, 53.751779910155335 ], [ -0.31916268816449, 53.751240860822428 ], [ -0.318253185216718, 53.751228102726664 ], [ -0.318220886838451, 53.752036676330214 ], [ -0.318675646949833, 53.752043056428079 ] ] ] } },
{ "type": "Feature", "properties": { "Period": "1990-2026", "Area_m2": 1800.0, "Area_ha": 0.18 }, "geometry": { "type": "Polygon", "coordinates": [ [ [ -0.294140693187107, 53.751157020759443 ], [ -0.294151613271026, 53.750887499550892 ], [ -0.293242129706178, 53.75087455174814 ], [ -0.293231203806139, 53.751144072829746 ], [ -0.294140693187107, 53.751157020759443 ] ] ] } },
{ "type": "Feature", "properties": { "Period": "1990-2026", "Area_m2": 1800.0, "Area_ha": 0.18 }, "geometry": { "type": "Polygon", "coordinates": [ [ [ -0.299142897460904, 53.751228111064506 ], [ -0.299164673473939, 53.750689067239612 ], [ -0.298709932561364, 53.750682613234162 ], [ -0.298688150732168, 53.751221656932493 ], [ -0.299142897460904, 53.751228111064506 ] ] ] } },
{ "type": "Feature", "properties": { "Period": "1990-2026", "Area_m2": 5400.0, "Area_ha": 0.54 }, "geometry": { "type": "Polygon", "coordinates": [ [ [ -0.271403672599984, 53.750831253045178 ], [ -0.271436868507165, 53.750022698960521 ], [ -0.270527414442085, 53.750009578962072 ], [ -0.270516343503968, 53.750279096875417 ], [ -0.270971073354346, 53.7502856578012 ], [ -0.270960005144135, 53.750555175765108 ], [ -0.27005053980766, 53.750542052060389 ], [ -0.270039465601864, 53.75081156988184 ], [ -0.271403672599984, 53.750831253045178 ] ] ] } },
{ "type": "Feature", "properties": { "Period": "1990-2026", "Area_m2": 5400.0, "Area_ha": 0.54 }, "geometry": { "type": "Polygon", "coordinates": [ [ [ -0.249587760759878, 53.750244945080262 ], [ -0.249598965633105, 53.749975430158074 ], [ -0.248689523127916, 53.749962144484876 ], [ -0.248700733634222, 53.749692629679124 ], [ -0.247791297672871, 53.749679337238675 ], [ -0.247768864847706, 53.750218366575695 ], [ -0.249587760759878, 53.750244945080262 ] ] ] } },
{ "type": "Feature", "properties": { "Period": "1990-2026", "Area_m2": 9000.0, "Area_ha": 0.9 }, "geometry": { "type": "Polygon", "coordinates": [ [ [ -0.186837555977733, 53.749312043366118 ], [ -0.18687237367538, 53.7485035259973 ], [ -0.185962993963434, 53.748489764688848 ], [ -0.185951382438861, 53.748759270357453 ], [ -0.185496689958911, 53.748752387049507 ], [ -0.18550830439045, 53.748482881448375 ], [ -0.185053615006188, 53.748475996483776 ], [ -0.185018762424363, 53.749284513042873 ], [ -0.185928158823674, 53.749298281652891 ], [ -0.185939770725609, 53.749028776012125 ], [ -0.186394466301255, 53.749035657663377 ], [ -0.186382857306383, 53.749305163371602 ], [ -0.186837555977733, 53.749312043366118 ] ] ] } },
{ "type": "Feature", "properties": { "Period": "1990-2026", "Area_m2": 2700.0, "Area_ha": 0.27 }, "geometry": { "type": "Polygon", "coordinates": [ [ [ -0.323731674967699, 53.75076549718537 ], [ -0.323742405496171, 53.750495971846583 ], [ -0.322378172269906, 53.750476884417125 ], [ -0.322367433016934, 53.750746409568769 ], [ -0.323731674967699, 53.75076549718537 ] ] ] } },
{ "type": "Feature", "properties": { "Period": "1990-2026", "Area_m2": 13500.0, "Area_ha": 1.35 }, "geometry": { "type": "Polygon", "coordinates": [ [ [ 0.01508100664377, 53.747165677766105 ], [ 0.015055212367171, 53.746626729532494 ], [ 0.015509828456263, 53.746619084005403 ], [ 0.015496928727034, 53.746349609942058 ], [ 0.015951541701327, 53.746341962766436 ], [ 0.015938639276494, 53.746072488763716 ], [ 0.016393249135996, 53.746064839939635 ], [ 0.016380344015655, 53.745795365997544 ], [ 0.016834950760376, 53.745787715524997 ], [ 0.016809135338563, 53.745248767747832 ], [ 0.017263736063492, 53.745241115701866 ], [ 0.017250825762157, 53.74497164186679 ], [ 0.018160020772807, 53.744956332754768 ], [ 0.018172936884074, 53.745225806439763 ], [ 0.017718336578677, 53.7452334619325 ], [ 0.017744163620658, 53.745772409409589 ], [ 0.017289557295393, 53.745780063329022 ], [ 0.017302468225969, 53.746049537121088 ], [ 0.016847858785837, 53.746057189392076 ], [ 0.016860767021007, 53.746326663244815 ], [ 0.016406154466, 53.746334313867372 ], [ 0.016419060005671, 53.746603787780778 ], [ 0.01596444433578, 53.746611436754826 ], [ 0.015977347179856, 53.746880910728891 ], [ 0.01552272839507, 53.74688855805443 ], [ 0.015535628543459, 53.747158032089132 ], [ 0.01508100664377, 53.747165677766105 ] ] ] } },
{ "type": "Feature", "properties": { "Period": "1990-2026", "Area_m2": 3600.0, "Area_ha": 0.36 }, "geometry": { "type": "Polygon", "coordinates": [ [ [ -0.265525429957464, 53.749937295672218 ], [ -0.26553653270034, 53.749667778453819 ], [ -0.265991254753724, 53.749674358219714 ], [ -0.266002354408551, 53.749404840922992 ], [ -0.265092916297456, 53.749391679795842 ], [ -0.265081810827374, 53.749661196963508 ], [ -0.264627089134876, 53.749654613748781 ], [ -0.264615980576658, 53.74992413083811 ], [ -0.265525429957464, 53.749937295672218 ] ] ] } },
{ "type": "Feature", "properties": { "Period": "1990-2026", "Area_m2": 2700.0, "Area_ha": 0.27 }, "geometry": { "type": "Polygon", "coordinates": [ [ [ -0.249621374833324, 53.749436400272231 ], [ -0.24964378330526, 53.748897370331179 ], [ -0.249189073591645, 53.748890728617248 ], [ -0.249177866539271, 53.74916024352958 ], [ -0.24872315410033, 53.74915360002619 ], [ -0.248711943958359, 53.74942311485956 ], [ -0.249621374833324, 53.749436400272231 ] ] ] } },
{ "type": "Feature", "properties": { "Period": "1990-2026", "Area_m2": 1800.0, "Area_ha": 0.18 }, "geometry": { "type": "Polygon", "coordinates": [ [ [ -0.325128083377023, 53.749975992661874 ], [ -0.325149525765269, 53.749436941514567 ], [ -0.324694792291328, 53.749430586185802 ], [ -0.32467334408705, 53.749969637208487 ], [ -0.325128083377023, 53.749975992661874 ] ] ] } },
{ "type": "Feature", "properties": { "Period": "1990-2026", "Area_m2": 1800.0, "Area_ha": 0.18 }, "geometry": { "type": "Polygon", "coordinates": [ [ [ -0.321944912008693, 53.749931468271939 ], [ -0.321966395109011, 53.749392417997726 ], [ -0.321511662855952, 53.74938605059716 ], [ -0.321490173939655, 53.749925100746502 ], [ -0.321944912008693, 53.749931468271939 ] ] ] } },
{ "type": "Feature", "properties": { "Period": "1990-2026", "Area_m2": 2700.0, "Area_ha": 0.27 }, "geometry": { "type": "Polygon", "coordinates": [ [ [ -0.242823156744093, 53.748797563568125 ], [ -0.242856898915815, 53.747989021488557 ], [ -0.242402200660667, 53.747982354105908 ], [ -0.242368449767088, 53.748790895989359 ], [ -0.242823156744093, 53.748797563568125 ] ] ] } },
{ "type": "Feature", "properties": { "Period": "1990-2026", "Area_m2": 1800.0, "Area_ha": 0.18 }, "geometry": { "type": "Polygon", "coordinates": [ [ [ -0.34152004649298, 53.749664584786572 ], [ -0.341530662737183, 53.749395056960381 ], [ -0.34062118929344, 53.749382468871303 ], [ -0.340610567233076, 53.74965199657408 ], [ -0.34152004649298, 53.749664584786572 ] ] ] } },
{ "type": "Feature", "properties": { "Period": "1990-2026", "Area_m2": 1800.0, "Area_ha": 0.18 }, "geometry": { "type": "Polygon", "coordinates": [ [ [ -0.261943264981004, 53.748537011302965 ], [ -0.261954390081206, 53.748267494532335 ], [ -0.261044978481215, 53.74825430288336 ], [ -0.261033847566207, 53.748523819524657 ], [ -0.261943264981004, 53.748537011302965 ] ] ] } },
{ "type": "Feature", "properties": { "Period": "1990-2026", "Area_m2": 19800.0, "Area_ha": 1.98 }, "geometry": { "type": "Polygon", "coordinates": [ [ [ -0.245051760397883, 53.74990893281624 ], [ -0.245062994164663, 53.749639418532219 ], [ -0.245517710959939, 53.749646075960882 ], [ -0.245540172130914, 53.749107047220839 ], [ -0.245085461150586, 53.749100389922702 ], [ -0.245107927406355, 53.748561361257906 ], [ -0.243743813005031, 53.748541379409318 ], [ -0.243755054581021, 53.748271865252086 ], [ -0.244209756291556, 53.748278527527269 ], [ -0.244220994777627, 53.748009013290918 ], [ -0.243311597353723, 53.747995687146947 ], [ -0.243244128809503, 53.749612771573794 ], [ -0.244608277551934, 53.749632759379161 ], [ -0.244597040877613, 53.749902273597904 ], [ -0.245051760397883, 53.74990893281624 ] ] ] } },
{ "type": "Feature", "properties": { "Period": "1990-2026", "Area_m2": 1800.0, "Area_ha": 0.18 }, "geometry": { "type": "Polygon", "coordinates": [ [ [ -0.250120895129875, 53.748364980194232 ], [ -0.250143296330779, 53.747825950012491 ], [ -0.249688598064404, 53.747819310283319 ], [ -0.249666191048942, 53.74835834033486 ], [ -0.250120895129875, 53.748364980194232 ] ] ] } },
{ "type": "Feature", "properties": { "Period": "1990-2026", "Area_m2": 1800.0, "Area_ha": 0.18 }, "geometry": { "type": "Polygon", "coordinates": [ [ [ -0.262409096152391, 53.748274087770334 ], [ -0.262431339995789, 53.747735054058417 ], [ -0.261976639739282, 53.747728460949709 ], [ -0.261954390081206, 53.748267494532335 ], [ -0.262409096152391, 53.748274087770334 ] ] ] } },
{ "type": "Feature", "properties": { "Period": "1990-2026", "Area_m2": 2700.0, "Area_ha": 0.27 }, "geometry": { "type": "Polygon", "coordinates": [ [ [ -0.2678655830901, 53.748353072128289 ], [ -0.267898843919844, 53.747544519216568 ], [ -0.267444144405094, 53.747537946863908 ], [ -0.267410874853262, 53.74834649958234 ], [ -0.2678655830901, 53.748353072128289 ] ] ] } },
{ "type": "Feature", "properties": { "Period": "1990-2026", "Area_m2": 1800.0, "Area_ha": 0.18 }, "geometry": { "type": "Polygon", "coordinates": [ [ [ -0.249699801299062, 53.747549795236836 ], [ -0.249722207222252, 53.747010765102416 ], [ -0.249267517859394, 53.747004123844327 ], [ -0.249245106121938, 53.74754315384849 ], [ -0.249699801299062, 53.747549795236836 ] ] ] } },
{ "type": "Feature", "properties": { "Period": "1990-2026", "Area_m2": 1800.0, "Area_ha": 0.18 }, "geometry": { "type": "Polygon", "coordinates": [ [ [ 0.02125164746095, 53.743016384060198 ], [ 0.021225778141631, 53.742477437497904 ], [ 0.02168034771986, 53.742469768969805 ], [ 0.021706222848234, 53.743008715381762 ], [ 0.02125164746095, 53.743016384060198 ] ] ] } },
{ "type": "Feature", "properties": { "Period": "1990-2026", "Area_m2": 11700.0, "Area_ha": 1.17 }, "geometry": { "type": "Polygon", "coordinates": [ [ [ -0.244686929159775, 53.747746159461023 ], [ -0.244720634253135, 53.746937616431701 ], [ -0.245630009515462, 53.746950931707872 ], [ -0.245652467036921, 53.746411902691477 ], [ -0.243833740498457, 53.746385265764644 ], [ -0.243788778212996, 53.747463322697534 ], [ -0.244243471201921, 53.747469984776743 ], [ -0.244232233081081, 53.747739499040748 ], [ -0.244686929159775, 53.747746159461023 ] ] ] } },
{ "type": "Feature", "properties": { "Period": "1990-2026", "Area_m2": 4500.0, "Area_ha": 0.45 }, "geometry": { "type": "Polygon", "coordinates": [ [ [ -0.29565767149092, 53.747403128886425 ], [ -0.295668580368543, 53.747133607295396 ], [ -0.295213878673198, 53.747127140317787 ], [ -0.295224790280924, 53.746857618776424 ], [ -0.294315393236933, 53.746844679775066 ], [ -0.294293558214641, 53.747383722590307 ], [ -0.29565767149092, 53.747403128886425 ] ] ] } },
{ "type": "Feature", "properties": { "Period": "1990-2026", "Area_m2": 3600.0, "Area_ha": 0.36 }, "geometry": { "type": "Polygon", "coordinates": [ [ [ -0.249278723454997, 53.746734608821512 ], [ -0.24928992886852, 53.746465093784899 ], [ -0.24838056231723, 53.746451806356617 ], [ -0.248391773362603, 53.746182291436462 ], [ -0.247937093267143, 53.746175645201198 ], [ -0.247914665180268, 53.746714674897376 ], [ -0.249278723454997, 53.746734608821512 ] ] ] } },
{ "type": "Feature", "properties": { "Period": "1990-2026", "Area_m2": 3600.0, "Area_ha": 0.36 }, "geometry": { "type": "Polygon", "coordinates": [ [ [ -0.278379021636017, 53.747156169120522 ], [ -0.278401060170083, 53.746617130767326 ], [ -0.277946368152911, 53.746610598330058 ], [ -0.277957390058534, 53.746341079196846 ], [ -0.277502701127627, 53.746334545099387 ], [ -0.277480651322902, 53.746873583223916 ], [ -0.277935346068188, 53.746880117449493 ], [ -0.277924323804364, 53.747149636555164 ], [ -0.278379021636017, 53.747156169120522 ] ] ] } },
{ "type": "Feature", "properties": { "Period": "1990-2026", "Area_m2": 2700.0, "Area_ha": 0.27 }, "geometry": { "type": "Polygon", "coordinates": [ [ [ -0.126101539656252, 53.744062813299742 ], [ -0.126113532135985, 53.743793316488414 ], [ -0.125658908566812, 53.743786206650299 ], [ -0.12567090375741, 53.743516709894628 ], [ -0.125216283288822, 53.743509598402518 ], [ -0.125192286901293, 53.744048591760361 ], [ -0.126101539656252, 53.744062813299742 ] ] ] } },
{ "type": "Feature", "properties": { "Period": "1990-2026", "Area_m2": 1800.0, "Area_ha": 0.18 }, "geometry": { "type": "Polygon", "coordinates": [ [ [ -0.296155999088489, 53.746331507503037 ], [ -0.296166904349856, 53.746061985793702 ], [ -0.295257524040278, 53.746049054069992 ], [ -0.29524661296446, 53.746318575652538 ], [ -0.296155999088489, 53.746331507503037 ] ] ] } },
{ "type": "Feature", "properties": { "Period": "1990-2026", "Area_m2": 5400.0, "Area_ha": 0.54 }, "geometry": { "type": "Polygon", "coordinates": [ [ [ -0.262509187755132, 53.745848435632432 ], [ -0.2625203081408, 53.745578918659255 ], [ -0.261610954322167, 53.745565731751903 ], [ -0.26162208034092, 53.74529621489426 ], [ -0.260712733059189, 53.74528302121962 ], [ -0.260690469213281, 53.745822054662412 ], [ -0.262509187755132, 53.745848435632432 ] ] ] } },
{ "type": "Feature", "properties": { "Period": "1990-2026", "Area_m2": 1800.0, "Area_ha": 0.18 }, "geometry": { "type": "Polygon", "coordinates": [ [ [ -0.308443607749215, 53.746235889006826 ], [ -0.308465260750949, 53.745696842136951 ], [ -0.308010571554206, 53.745690423818949 ], [ -0.30798891273795, 53.746229470562938 ], [ -0.308443607749215, 53.746235889006826 ] ] ] } },
{ "type": "Feature", "properties": { "Period": "1990-2026", "Area_m2": 1800.0, "Area_ha": 0.18 }, "geometry": { "type": "Polygon", "coordinates": [ [ [ -0.316184226983408, 53.746075214236491 ], [ -0.316195003972683, 53.745805689727504 ], [ -0.315285619785948, 53.745792909993014 ], [ -0.315274836982071, 53.746062434376704 ], [ -0.316184226983408, 53.746075214236491 ] ] ] } },
{ "type": "Feature", "properties": { "Period": "1990-2026", "Area_m2": 3600.0, "Area_ha": 0.36 }, "geometry": { "type": "Polygon", "coordinates": [ [ [ -0.24569737989045, 53.745333844492848 ], [ -0.245708607647733, 53.745064329908637 ], [ -0.246617942943427, 53.745077637374699 ], [ -0.246629164704873, 53.744808122646212 ], [ -0.245265170755057, 53.744788159056725 ], [ -0.245242709609484, 53.745327188108433 ], [ -0.24569737989045, 53.745333844492848 ] ] ] } },
{ "type": "Feature", "properties": { "Period": "1990-2026", "Area_m2": 9900.0, "Area_ha": 0.99 }, "geometry": { "type": "Polygon", "coordinates": [ [ [ -0.276149668764929, 53.746045413570947 ], [ -0.276171734937054, 53.745506375748462 ], [ -0.276626414609213, 53.745512914826314 ], [ -0.276637444519401, 53.745243395830315 ], [ -0.276182767754207, 53.745236856816568 ], [ -0.276193800392092, 53.744967337870925 ], [ -0.274829779893041, 53.744947710677117 ], [ -0.27479665527896, 53.745756266895469 ], [ -0.275706019540735, 53.745769353800412 ], [ -0.275694983457978, 53.746038872640661 ], [ -0.276149668764929, 53.746045413570947 ] ] ] } },
{ "type": "Feature", "properties": { "Period": "1990-2026", "Area_m2": 3600.0, "Area_ha": 0.36 }, "geometry": { "type": "Polygon", "coordinates": [ [ [ -0.262531428345776, 53.74530940167233 ], [ -0.262553668213671, 53.744770367657104 ], [ -0.261189663918431, 53.744750585291683 ], [ -0.261178535354448, 53.745020102112242 ], [ -0.262087877184114, 53.745033292209285 ], [ -0.262076754252981, 53.745302809145372 ], [ -0.262531428345776, 53.74530940167233 ] ] ] } },
{ "type": "Feature", "properties": { "Period": "1990-2026", "Area_m2": 1800.0, "Area_ha": 0.18 }, "geometry": { "type": "Polygon", "coordinates": [ [ [ -0.234796641126062, 53.744904102404973 ], [ -0.234819235611417, 53.744365076336827 ], [ -0.234364578442861, 53.744358378771416 ], [ -0.234341978144354, 53.744897404708247 ], [ -0.234796641126062, 53.744904102404973 ] ] ] } },
{ "type": "Feature", "properties": { "Period": "1990-2026", "Area_m2": 2700.0, "Area_ha": 0.27 }, "geometry": { "type": "Polygon", "coordinates": [ [ [ -0.349842708126846, 53.746273691063308 ], [ -0.349853269793494, 53.746004161952072 ], [ -0.348489163994633, 53.74598537275503 ], [ -0.348478593605386, 53.74625490168205 ], [ -0.349842708126846, 53.746273691063308 ] ] ] } },
{ "type": "Feature", "properties": { "Period": "1990-2026", "Area_m2": 1800.0, "Area_ha": 0.18 }, "geometry": { "type": "Polygon", "coordinates": [ [ [ -0.258905183945537, 53.74498709669755 ], [ -0.258916327043403, 53.744717580200579 ], [ -0.258006993560455, 53.744704366095462 ], [ -0.257995844649065, 53.744973882462872 ], [ -0.258905183945537, 53.74498709669755 ] ] ] } },
{ "type": "Feature", "properties": { "Period": "1990-2026", "Area_m2": 7200.0, "Area_ha": 0.72 }, "geometry": { "type": "Polygon", "coordinates": [ [ [ -0.253892651533905, 53.745183848833321 ], [ -0.253915001859597, 53.744644817279941 ], [ -0.252551007892632, 53.744624936641301 ], [ -0.252562191503123, 53.744355421038826 ], [ -0.2521075301175, 53.744348790776129 ], [ -0.252085156901431, 53.744887821837274 ], [ -0.252539824100424, 53.744894452229971 ], [ -0.252528640126496, 53.745163967804842 ], [ -0.253892651533905, 53.745183848833321 ] ] ] } },
{ "type": "Feature", "properties": { "Period": "1990-2026", "Area_m2": 2700.0, "Area_ha": 0.27 }, "geometry": { "type": "Polygon", "coordinates": [ [ [ -0.318933920104727, 53.745574462649458 ], [ -0.318955438321325, 53.745035412812058 ], [ -0.318500753812077, 53.74502903434044 ], [ -0.318489991884006, 53.745298559203434 ], [ -0.318035304642447, 53.745292178945 ], [ -0.318024539632275, 53.745561703731752 ], [ -0.318933920104727, 53.745574462649458 ] ] ] } },
{ "type": "Feature", "properties": { "Period": "1990-2026", "Area_m2": 2700.0, "Area_ha": 0.27 }, "geometry": { "type": "Polygon", "coordinates": [ [ [ -0.281206223165089, 53.744769651824363 ], [ -0.281228223594513, 53.744230612455745 ], [ -0.280318889917828, 53.744217567699238 ], [ -0.280307883978857, 53.744487087262549 ], [ -0.280762553634621, 53.744493610566806 ], [ -0.280751550423677, 53.744763130180303 ], [ -0.281206223165089, 53.744769651824363 ] ] ] } },
{ "type": "Feature", "properties": { "Period": "1990-2026", "Area_m2": 1800.0, "Area_ha": 0.18 }, "geometry": { "type": "Polygon", "coordinates": [ [ [ -0.257563478727634, 53.744428240140344 ], [ -0.257585781457955, 53.74388920746614 ], [ -0.257131123889357, 53.743882596297794 ], [ -0.257108815345766, 53.744421628842353 ], [ -0.257563478727634, 53.744428240140344 ] ] ] } },
{ "type": "Feature", "properties": { "Period": "1990-2026", "Area_m2": 1800.0, "Area_ha": 0.18 }, "geometry": { "type": "Polygon", "coordinates": [ [ [ -0.308043058458855, 53.744881853600162 ], [ -0.308053887075158, 53.744612330166461 ], [ -0.30714453246653, 53.744599488861226 ], [ -0.307133698036141, 53.744869012168998 ], [ -0.308043058458855, 53.744881853600162 ] ] ] } },
{ "type": "Feature", "properties": { "Period": "1990-2026", "Area_m2": 11700.0, "Area_ha": 1.17 }, "geometry": { "type": "Polygon", "coordinates": [ [ [ -0.268009701643014, 53.744849341948658 ], [ -0.268020786424644, 53.744579824146101 ], [ -0.266656784352976, 53.744560104042144 ], [ -0.266667877674733, 53.744290586419154 ], [ -0.265758549674934, 53.744277431191648 ], [ -0.265769648629821, 53.744007913683838 ], [ -0.264860327164747, 53.743994751689023 ], [ -0.264871431752564, 53.74372523429647 ], [ -0.264416774197277, 53.743718650777524 ], [ -0.264383451172504, 53.744527202720178 ], [ -0.266202117356192, 53.74455352722596 ], [ -0.266191020947399, 53.744823044770705 ], [ -0.268009701643014, 53.744849341948658 ] ] ] } },
{ "type": "Feature", "properties": { "Period": "1990-2026", "Area_m2": 5400.0, "Area_ha": 0.54 }, "geometry": { "type": "Polygon", "coordinates": [ [ [ -0.137084166936072, 53.742615942884562 ], [ -0.137108009898867, 53.742076945744159 ], [ -0.136653402006217, 53.742069877760287 ], [ -0.136665326102571, 53.741800379238327 ], [ -0.136210721309119, 53.741793309600155 ], [ -0.136198794307292, 53.742062808052815 ], [ -0.135744186802139, 53.742055736621701 ], [ -0.135732256701025, 53.742325234991007 ], [ -0.136186867111693, 53.74233230649142 ], [ -0.136174939722316, 53.742601804916021 ], [ -0.137084166936072, 53.742615942884562 ] ] ] } },
{ "type": "Feature", "properties": { "Period": "1990-2026", "Area_m2": 2700.0, "Area_ha": 0.27 }, "geometry": { "type": "Polygon", "coordinates": [ [ [ -0.256665309414207, 53.744145499619776 ], [ -0.256687623408495, 53.743606467177251 ], [ -0.256232969108966, 53.743599852625692 ], [ -0.256221809295906, 53.743869368788985 ], [ -0.255767152271149, 53.743862752448536 ], [ -0.255755989370162, 53.744132268533157 ], [ -0.256665309414207, 53.744145499619776 ] ] ] } },
{ "type": "Feature", "properties": { "Period": "1990-2026", "Area_m2": 3600.0, "Area_ha": 0.36 }, "geometry": { "type": "Polygon", "coordinates": [ [ [ -0.098921626733155, 53.741477226722097 ], [ -0.098933791969173, 53.741207734009862 ], [ -0.098479203418842, 53.741200521318518 ], [ -0.098491371362296, 53.740931028662899 ], [ -0.098036785914709, 53.740923814318791 ], [ -0.098024615066189, 53.741193306903675 ], [ -0.097570026911264, 53.741186090765389 ], [ -0.097557852959911, 53.741455583265456 ], [ -0.098921626733155, 53.741477226722097 ] ] ] } },
{ "type": "Feature", "properties": { "Period": "1990-2026", "Area_m2": 1800.0, "Area_ha": 0.18 }, "geometry": { "type": "Polygon", "coordinates": [ [ [ -0.258051587394551, 53.743626300487854 ], [ -0.258062735400229, 53.743356784051443 ], [ -0.257153431708016, 53.743343563698033 ], [ -0.257142277889301, 53.743613080004799 ], [ -0.258051587394551, 53.743626300487854 ] ] ] } },
{ "type": "Feature", "properties": { "Period": "1990-2026", "Area_m2": 1800.0, "Area_ha": 0.18 }, "geometry": { "type": "Polygon", "coordinates": [ [ [ -0.242138775993865, 53.743393946420944 ], [ -0.242150025725403, 53.743124432262526 ], [ -0.241240734773411, 53.743111091230489 ], [ -0.241229479229114, 53.74338060525811 ], [ -0.242138775993865, 53.743393946420944 ] ] ] } },
{ "type": "Feature", "properties": { "Period": "1990-2026", "Area_m2": 4500.0, "Area_ha": 0.45 }, "geometry": { "type": "Polygon", "coordinates": [ [ [ -0.255778314990761, 53.743593236350101 ], [ -0.255800639885878, 53.743054204111836 ], [ -0.254436696058513, 53.743034345330365 ], [ -0.254425524982288, 53.743303861261687 ], [ -0.254880175649748, 53.743310482644418 ], [ -0.254869007298508, 53.743579998626863 ], [ -0.255778314990761, 53.743593236350101 ] ] ] } },
{ "type": "Feature", "properties": { "Period": "1990-2026", "Area_m2": 23400.0, "Area_ha": 2.34 }, "geometry": { "type": "Polygon", "coordinates": [ [ [ -0.261655457312508, 53.744487664238591 ], [ -0.261677707723048, 53.743948630399196 ], [ -0.262132367101383, 53.743955224327074 ], [ -0.262154610975718, 53.743416190303236 ], [ -0.261245304026121, 53.743403000982063 ], [ -0.26125643150524, 53.743133484078776 ], [ -0.260347131091844, 53.743120287990919 ], [ -0.260324864326712, 53.743659321524945 ], [ -0.259870208578294, 53.743652720765596 ], [ -0.25989248115646, 53.743113687360989 ], [ -0.258983181828552, 53.743100480929115 ], [ -0.258994323659108, 53.742830964335589 ], [ -0.2576303847444, 53.742811141952203 ], [ -0.257619234194553, 53.743080658351367 ], [ -0.258528532436125, 53.743093875127194 ], [ -0.258517387518056, 53.743363391642148 ], [ -0.259426692296912, 53.743376601651512 ], [ -0.259415553010821, 53.743646118282193 ], [ -0.258960897624341, 53.743639514074765 ], [ -0.258949755250677, 53.743909030626909 ], [ -0.259404413543737, 53.743915634899082 ], [ -0.259393273895655, 53.744185151502187 ], [ -0.26121192050394, 53.744211551609197 ], [ -0.261200792301594, 53.744481068457347 ], [ -0.261655457312508, 53.744487664238591 ] ] ] } },
{ "type": "Feature", "properties": { "Period": "1990-2026", "Area_m2": 1800.0, "Area_ha": 0.18 }, "geometry": { "type": "Polygon", "coordinates": [ [ [ -0.252163459976949, 53.743001212881659 ], [ -0.252174645403604, 53.742731697261334 ], [ -0.251265358055573, 53.742718432344098 ], [ -0.251254166816173, 53.742987947834351 ], [ -0.252163459976949, 53.743001212881659 ] ] ] } },
{ "type": "Feature", "properties": { "Period": "1990-2026", "Area_m2": 1800.0, "Area_ha": 0.18 }, "geometry": { "type": "Polygon", "coordinates": [ [ [ -0.3262839741292, 53.743789604033303 ], [ -0.326294685590265, 53.743520078027416 ], [ -0.325385346047831, 53.743507375283869 ], [ -0.325374628772844, 53.743776901165205 ], [ -0.3262839741292, 53.743789604033303 ] ] ] } },
{ "type": "Feature", "properties": { "Period": "1990-2026", "Area_m2": 60300.0, "Area_ha": 6.03 }, "geometry": { "type": "Polygon", "coordinates": [ [ [ -0.305737128210927, 53.745658306364753 ], [ -0.305758815394875, 53.7451192601957 ], [ -0.305304133068924, 53.745112831658105 ], [ -0.305336671244475, 53.744304262490786 ], [ -0.305791344849348, 53.744310690839299 ], [ -0.305802187648469, 53.744041167693091 ], [ -0.305347516950528, 53.744034739407624 ], [ -0.305380053011345, 53.743226170075786 ], [ -0.304016068136532, 53.743206875441842 ], [ -0.303994360164706, 53.743745921298419 ], [ -0.303539693078821, 53.743739486179386 ], [ -0.303572263492349, 53.7429309175632 ], [ -0.301753631794568, 53.742905160603151 ], [ -0.301655811142157, 53.745330863808569 ], [ -0.303474547488571, 53.745356623041459 ], [ -0.303517978587755, 53.744278531854917 ], [ -0.303972651487425, 53.744284967100157 ], [ -0.303929232016377, 53.745363058539077 ], [ -0.304383916720571, 53.745369492312449 ], [ -0.304373064319008, 53.745639015200986 ], [ -0.305737128210927, 53.745658306364753 ] ] ] } },
{ "type": "Feature", "properties": { "Period": "1990-2026", "Area_m2": 5400.0, "Area_ha": 0.54 }, "geometry": { "type": "Polygon", "coordinates": [ [ [ -0.098036785914709, 53.740923814318791 ], [ -0.098061127018587, 53.740384829106702 ], [ -0.097606547578703, 53.740377613180627 ], [ -0.097618720738989, 53.740108120624186 ], [ -0.097164144401781, 53.740100903045452 ], [ -0.097176320269179, 53.739831410545648 ], [ -0.096721747034637, 53.739824191314305 ], [ -0.096697389292262, 53.740363176158247 ], [ -0.097151968336578, 53.740370395531151 ], [ -0.097139792073569, 53.740639888002754 ], [ -0.097594374220656, 53.740647105722978 ], [ -0.097582200664844, 53.740916598251246 ], [ -0.098036785914709, 53.740923814318791 ] ] ] } },
{ "type": "Feature", "properties": { "Period": "1990-2026", "Area_m2": 4500.0, "Area_ha": 0.45 }, "geometry": { "type": "Polygon", "coordinates": [ [ [ -0.28762645654843, 53.743513170812967 ], [ -0.287637415265668, 53.743243650173433 ], [ -0.288092073242426, 53.743250145572929 ], [ -0.288113984329503, 53.742711104125299 ], [ -0.2872046801805, 53.742698111856988 ], [ -0.28717179584305, 53.743506673625689 ], [ -0.28762645654843, 53.743513170812967 ] ] ] } },
{ "type": "Feature", "properties": { "Period": "1990-2026", "Area_m2": 4500.0, "Area_ha": 0.45 }, "geometry": { "type": "Polygon", "coordinates": [ [ [ -0.136234574731472, 53.741254312652785 ], [ -0.136246501152006, 53.740984814158075 ], [ -0.136701097229325, 53.740991883588343 ], [ -0.136724943678612, 53.740452886418225 ], [ -0.135815763338762, 53.74043874611138 ], [ -0.135779975942581, 53.741247241429647 ], [ -0.136234574731472, 53.741254312652785 ] ] ] } },
{ "type": "Feature", "properties": { "Period": "1990-2026", "Area_m2": 4500.0, "Area_ha": 0.45 }, "geometry": { "type": "Polygon", "coordinates": [ [ [ -0.308097199780899, 53.743534236294714 ], [ -0.308108027517487, 53.743264712792531 ], [ -0.307653364659693, 53.7432582933167 ], [ -0.307675025418555, 53.742719246397044 ], [ -0.30722036855021, 53.742712825323011 ], [ -0.307209535352055, 53.742982348726727 ], [ -0.306754875753019, 53.742975925865636 ], [ -0.306744039472088, 53.743245449192685 ], [ -0.307198701977877, 53.743251872116751 ], [ -0.307187868427675, 53.743521395493069 ], [ -0.308097199780899, 53.743534236294714 ] ] ] } },
{ "type": "Feature", "properties": { "Period": "1990-2026", "Area_m2": 13500.0, "Area_ha": 1.35 }, "geometry": { "type": "Polygon", "coordinates": [ [ [ -0.290798147921097, 53.743828123920387 ], [ -0.290830963032163, 53.743019560665587 ], [ -0.291740275840187, 53.743032525476259 ], [ -0.291729343460897, 53.743302046702048 ], [ -0.29218400303805, 53.743308526584798 ], [ -0.292194932510667, 53.743039005295479 ], [ -0.293104246384326, 53.743051959761722 ], [ -0.293126093170381, 53.742512916887883 ], [ -0.292671441958005, 53.742506440643794 ], [ -0.292660515747132, 53.742775962024091 ], [ -0.290387247816231, 53.742743554625299 ], [ -0.290365365795424, 53.743282596709243 ], [ -0.28945604824057, 53.743269621426954 ], [ -0.289434153881756, 53.743808663201506 ], [ -0.290798147921097, 53.743828123920387 ] ] ] } },
{ "type": "Feature", "properties": { "Period": "1990-2026", "Area_m2": 1800.0, "Area_ha": 0.18 }, "geometry": { "type": "Polygon", "coordinates": [ [ [ -0.340854830956676, 53.743452855957251 ], [ -0.34087606696652, 53.742913799910241 ], [ -0.34042140028319, 53.742907504760332 ], [ -0.340400158459413, 53.7434465606839 ], [ -0.340854830956676, 53.743452855957251 ] ] ] } },
{ "type": "Feature", "properties": { "Period": "1990-2026", "Area_m2": 1800.0, "Area_ha": 0.18 }, "geometry": { "type": "Polygon", "coordinates": [ [ [ -0.096721747034637, 53.739824191314305 ], [ -0.096746103985628, 53.739285206413925 ], [ -0.09629153675851, 53.739277985600765 ], [ -0.096267173997941, 53.739816970359577 ], [ -0.096721747034637, 53.739824191314305 ] ] ] } },
{ "type": "Feature", "properties": { "Period": "1990-2026", "Area_m2": 1800.0, "Area_ha": 0.18 }, "geometry": { "type": "Polygon", "coordinates": [ [ [ -0.249036964132511, 53.741607179084326 ], [ -0.249048168993416, 53.741337663850423 ], [ -0.248138913254694, 53.741324375449302 ], [ -0.248127702581569, 53.741593890552927 ], [ -0.249036964132511, 53.741607179084326 ] ] ] } },
{ "type": "Feature", "properties": { "Period": "1990-2026", "Area_m2": 5400.0, "Area_ha": 0.54 }, "geometry": { "type": "Polygon", "coordinates": [ [ [ -0.279486634214943, 53.742317879613772 ], [ -0.279519664642225, 53.741509320936345 ], [ -0.278610390527323, 53.741496263667131 ], [ -0.278577342661797, 53.742304821960516 ], [ -0.279486634214943, 53.742317879613772 ] ] ] } },
{ "type": "Feature", "properties": { "Period": "1990-2026", "Area_m2": 9900.0, "Area_ha": 0.99 }, "geometry": { "type": "Polygon", "coordinates": [ [ [ -0.095812601159138, 53.739809747681477 ], [ -0.095836969729276, 53.739270763064269 ], [ -0.09629153675851, 53.739277985600765 ], [ -0.096303717841967, 53.73900849320021 ], [ -0.095849153717447, 53.739001270734519 ], [ -0.095861337507689, 53.738731778390651 ], [ -0.095406776485758, 53.738724554272459 ], [ -0.095394589790853, 53.738994046545507 ], [ -0.094940026062235, 53.738986820633187 ], [ -0.094952215661798, 53.738717328430944 ], [ -0.094043094607974, 53.73870287157807 ], [ -0.094018703592127, 53.739241855684959 ], [ -0.094927836264651, 53.739256312821276 ], [ -0.09491564626904, 53.739525804995282 ], [ -0.095370215807116, 53.739533031049298 ], [ -0.095358028518276, 53.739802523280019 ], [ -0.095812601159138, 53.739809747681477 ] ] ] } },
{ "type": "Feature", "properties": { "Period": "1990-2026", "Area_m2": 6300.0, "Area_ha": 0.63 }, "geometry": { "type": "Polygon", "coordinates": [ [ [ -0.261323192583369, 53.741516382369461 ], [ -0.261334318796995, 53.741246865369646 ], [ -0.260425059071951, 53.741233670187356 ], [ -0.260436190917054, 53.740964153303096 ], [ -0.259072311404418, 53.740944347794738 ], [ -0.259061170840978, 53.741213864484799 ], [ -0.259515800070362, 53.741220468109532 ], [ -0.259504662232073, 53.74148998485056 ], [ -0.261323192583369, 53.741516382369461 ] ] ] } },
{ "type": "Feature", "properties": { "Period": "1990-2026", "Area_m2": 1800.0, "Area_ha": 0.18 }, "geometry": { "type": "Polygon", "coordinates": [ [ [ -0.095406776485758, 53.738724554272459 ], [ -0.095431149281663, 53.738185569684042 ], [ -0.094976594266878, 53.738178343984217 ], [ -0.094952215661798, 53.738717328430944 ], [ -0.095406776485758, 53.738724554272459 ] ] ] } },
{ "type": "Feature", "properties": { "Period": "1990-2026", "Area_m2": 1800.0, "Area_ha": 0.18 }, "geometry": { "type": "Polygon", "coordinates": [ [ [ -0.344090530254575, 53.742149232214949 ], [ -0.344111723844802, 53.741610175168361 ], [ -0.343657070488933, 53.741603892395737 ], [ -0.343635871085192, 53.742142949319131 ], [ -0.344090530254575, 53.742149232214949 ] ] ] } },
{ "type": "Feature", "properties": { "Period": "1990-2026", "Area_m2": 7200.0, "Area_ha": 0.72 }, "geometry": { "type": "Polygon", "coordinates": [ [ [ -0.094043094607974, 53.73870287157807 ], [ -0.094067484831377, 53.73816388741475 ], [ -0.094976594266878, 53.738178343984217 ], [ -0.094988783272402, 53.737908851739675 ], [ -0.094079679645923, 53.73789439531194 ], [ -0.09409187426237, 53.737624903194998 ], [ -0.093637325650711, 53.737617672467131 ], [ -0.093625128129807, 53.737887164513189 ], [ -0.093170576811836, 53.737879931991216 ], [ -0.093146175366542, 53.738418915899196 ], [ -0.093600732493559, 53.738426148562958 ], [ -0.093588534378205, 53.738695640566689 ], [ -0.094043094607974, 53.73870287157807 ] ] ] } },
{ "type": "Feature", "properties": { "Period": "1990-2026", "Area_m2": 3600.0, "Area_ha": 0.36 }, "geometry": { "type": "Polygon", "coordinates": [ [ [ -0.250479227002163, 53.739740490658001 ], [ -0.250490421871464, 53.739470975132129 ], [ -0.250035813706602, 53.739464337420621 ], [ -0.250047011299772, 53.739194821946036 ], [ -0.249137801327346, 53.739181541481962 ], [ -0.249126597922696, 53.739451056826354 ], [ -0.249581205723664, 53.739457697985365 ], [ -0.249570005042781, 53.739727213381052 ], [ -0.250479227002163, 53.739740490658001 ] ] ] } },
{ "type": "Feature", "properties": { "Period": "1990-2026", "Area_m2": 1800.0, "Area_ha": 0.18 }, "geometry": { "type": "Polygon", "coordinates": [ [ [ -0.270493360514408, 53.739761327908347 ], [ -0.270504427345079, 53.739491809522214 ], [ -0.269595201091083, 53.739478684196612 ], [ -0.269584128448576, 53.739748202454074 ], [ -0.270493360514408, 53.739761327908347 ] ] ] } },
{ "type": "Feature", "properties": { "Period": "1990-2026", "Area_m2": 1800.0, "Area_ha": 0.18 }, "geometry": { "type": "Polygon", "coordinates": [ [ [ -0.252353587516722, 53.738419445458767 ], [ -0.252375952010429, 53.737880413734928 ], [ -0.251921360552207, 53.737873783308437 ], [ -0.2518989902474, 53.738412814902247 ], [ -0.252353587516722, 53.738419445458767 ] ] ] } },
{ "type": "Feature", "properties": { "Period": "1990-2026", "Area_m2": 2700.0, "Area_ha": 0.27 }, "geometry": { "type": "Polygon", "coordinates": [ [ [ -0.254183149125611, 53.738176434333077 ], [ -0.254194319659486, 53.73790691820443 ], [ -0.253739727474891, 53.737900294672535 ], [ -0.253750900732785, 53.737630778595019 ], [ -0.253296311635203, 53.737624153404411 ], [ -0.253273959126862, 53.738163185415758 ], [ -0.254183149125611, 53.738176434333077 ] ] ] } },
{ "type": "Feature", "properties": { "Period": "1990-2026", "Area_m2": 2700.0, "Area_ha": 0.27 }, "geometry": { "type": "Polygon", "coordinates": [ [ [ -0.254205490011885, 53.737637402061992 ], [ -0.254216660182813, 53.737367885905712 ], [ -0.254671246737934, 53.737374507584136 ], [ -0.254682413821989, 53.737104991349163 ], [ -0.253773246704021, 53.737091746398576 ], [ -0.253750900732785, 53.737630778595019 ], [ -0.254205490011885, 53.737637402061992 ] ] ] } },
{ "type": "Feature", "properties": { "Period": "1990-2026", "Area_m2": 1800.0, "Area_ha": 0.18 }, "geometry": { "type": "Polygon", "coordinates": [ [ [ -0.346057346560361, 53.738400942637867 ], [ -0.346067929406889, 53.738131413684208 ], [ -0.345158697057172, 53.7381188618076 ], [ -0.345148108398378, 53.738388390638178 ], [ -0.346057346560361, 53.738400942637867 ] ] ] } },
{ "type": "Feature", "properties": { "Period": "1990-2026", "Area_m2": 3600.0, "Area_ha": 0.36 }, "geometry": { "type": "Polygon", "coordinates": [ [ [ -0.248784045215317, 53.736749260529294 ], [ -0.248806454013201, 53.73621022968068 ], [ -0.247897309052796, 53.736196940307423 ], [ -0.24787488863398, 53.736735970895481 ], [ -0.248784045215317, 53.736749260529294 ] ] ] } },
{ "type": "Feature", "properties": { "Period": "1990-2026", "Area_m2": 1800.0, "Area_ha": 0.18 }, "geometry": { "type": "Polygon", "coordinates": [ [ [ -0.255613903668127, 53.736579196634423 ], [ -0.255625064397406, 53.736309680228267 ], [ -0.254715913985671, 53.736296442561432 ], [ -0.254704747445853, 53.736565958837808 ], [ -0.255613903668127, 53.736579196634423 ] ] ] } },
{ "type": "Feature", "properties": { "Period": "1990-2026", "Area_m2": 11700.0, "Area_ha": 1.17 }, "geometry": { "type": "Polygon", "coordinates": [ [ [ -0.249261026766451, 53.736216871782005 ], [ -0.249283429025975, 53.735677840747933 ], [ -0.249737996150898, 53.735684480995523 ], [ -0.249760391872465, 53.735145449775992 ], [ -0.248851269424791, 53.735132167817724 ], [ -0.248840065844905, 53.735401683304168 ], [ -0.248385501989023, 53.735395039674707 ], [ -0.248407914776792, 53.73485600881822 ], [ -0.247953356912954, 53.734849363595529 ], [ -0.247942147705122, 53.73511887896553 ], [ -0.247487587118408, 53.735112231954254 ], [ -0.247465162346375, 53.735651262522502 ], [ -0.248374295322061, 53.735664555082224 ], [ -0.248363088473044, 53.735934070475913 ], [ -0.248817658139114, 53.73594071423566 ], [ -0.248806454013201, 53.73621022968068 ], [ -0.249261026766451, 53.736216871782005 ] ] ] } },
{ "type": "Feature", "properties": { "Period": "1990-2026", "Area_m2": 2700.0, "Area_ha": 0.27 }, "geometry": { "type": "Polygon", "coordinates": [ [ [ -0.349778778057184, 53.736294845736722 ], [ -0.349810452217407, 53.735486257032996 ], [ -0.349355863641437, 53.735479996361626 ], [ -0.349324180763991, 53.736288584881201 ], [ -0.349778778057184, 53.736294845736722 ] ] ] } },
{ "type": "Feature", "properties": { "Period": "1990-2026", "Area_m2": 3600.0, "Area_ha": 0.36 }, "geometry": { "type": "Polygon", "coordinates": [ [ [ -0.183897398217246, 53.733086616335129 ], [ -0.183920634055716, 53.732547604178038 ], [ -0.183011600216737, 53.732533823256311 ], [ -0.18298835276154, 53.733072835143247 ], [ -0.183897398217246, 53.733086616335129 ] ] ] } },
{ "type": "Feature", "properties": { "Period": "1990-2026", "Area_m2": 2700.0, "Area_ha": 0.27 }, "geometry": { "type": "Polygon", "coordinates": [ [ [ -0.145417864986947, 53.728991332720717 ], [ -0.145441589496928, 53.728452331800874 ], [ -0.144987126441057, 53.728445296636714 ], [ -0.144975261379207, 53.728714797034684 ], [ -0.144520795612857, 53.72870776007877 ], [ -0.144508927455056, 53.728977260393755 ], [ -0.145417864986947, 53.728991332720717 ] ] ] } },
{ "type": "Feature", "properties": { "Period": "1990-2026", "Area_m2": 2700.0, "Area_ha": 0.27 }, "geometry": { "type": "Polygon", "coordinates": [ [ [ -0.209545692094935, 53.728888022278099 ], [ -0.209580048162743, 53.728079492048245 ], [ -0.209125572924394, 53.728072700145972 ], [ -0.209091208145819, 53.728881230176079 ], [ -0.209545692094935, 53.728888022278099 ] ] ] } },
{ "type": "Feature", "properties": { "Period": "1990-2026", "Area_m2": 2700.0, "Area_ha": 0.27 }, "geometry": { "type": "Polygon", "coordinates": [ [ [ 0.035808276241078, 53.724161169638862 ], [ 0.035782238615233, 53.723622226223263 ], [ 0.036236600735093, 53.723614504331003 ], [ 0.036249622343413, 53.723883975970303 ], [ 0.036703987152918, 53.723876252280341 ], [ 0.036717011873834, 53.724145723829579 ], [ 0.035808276241078, 53.724161169638862 ] ] ] } },
{ "type": "Feature", "properties": { "Period": "1990-2026", "Area_m2": 1800.0, "Area_ha": 0.18 }, "geometry": { "type": "Polygon", "coordinates": [ [ [ 0.043506365863808, 53.723490719865772 ], [ 0.043480230449826, 53.72295177897022 ], [ 0.043934583166755, 53.722944027956345 ], [ 0.043960724382639, 53.723482968700011 ], [ 0.043506365863808, 53.723490719865772 ] ] ] } },
{ "type": "Feature", "properties": { "Period": "1990-2026", "Area_m2": 1800.0, "Area_ha": 0.18 }, "geometry": { "type": "Polygon", "coordinates": [ [ [ 0.043934583166755, 53.722944027956345 ], [ 0.043908442799829, 53.722405087155174 ], [ 0.044362789502815, 53.722397334571333 ], [ 0.044388935671446, 53.722936275220569 ], [ 0.043934583166755, 53.722944027956345 ] ] ] } },
{ "type": "Feature", "properties": { "Period": "1990-2026", "Area_m2": 1800.0, "Area_ha": 0.18 }, "geometry": { "type": "Polygon", "coordinates": [ [ [ -0.113332063840852, 53.724445110958051 ], [ -0.113356194707273, 53.723906119491907 ], [ -0.112901788988443, 53.72389896306624 ], [ -0.112877652317604, 53.72443795439208 ], [ -0.113332063840852, 53.724445110958051 ] ] ] } },
{ "type": "Feature", "properties": { "Period": "1990-2026", "Area_m2": 6300.0, "Area_ha": 0.63 }, "geometry": { "type": "Polygon", "coordinates": [ [ [ -0.06711907198255, 53.720741895065132 ], [ -0.06714379043928, 53.720202917769967 ], [ -0.067598144209755, 53.720210247361017 ], [ -0.067610500235901, 53.719940758620368 ], [ -0.066247448230126, 53.719918764896519 ], [ -0.066210353438729, 53.720727230429382 ], [ -0.06711907198255, 53.720741895065132 ] ] ] } },
{ "type": "Feature", "properties": { "Period": "1990-2026", "Area_m2": 27900.0, "Area_ha": 2.79 }, "geometry": { "type": "Polygon", "coordinates": [ [ [ -0.10025861882448, 53.711832943865637 ], [ -0.100270762346891, 53.711563449602764 ], [ -0.103450652788958, 53.711613835832516 ], [ -0.103474898643896, 53.711074846276887 ], [ -0.100749312472557, 53.71103166409118 ], [ -0.100761452503707, 53.710762169715387 ], [ -0.100307191731201, 53.710754966729482 ], [ -0.100295048800248, 53.711024461034675 ], [ -0.099840785325086, 53.711017256256611 ], [ -0.099828639297138, 53.711286750477086 ], [ -0.098011575769575, 53.711257913866504 ], [ -0.098023733396866, 53.71098841992864 ], [ -0.097569470908151, 53.710981206542705 ], [ -0.097557310381035, 53.711250700409927 ], [ -0.096194515400214, 53.711229049710617 ], [ -0.096182345976074, 53.711498543351539 ], [ -0.097545149656486, 53.711520194263031 ], [ -0.097532988734497, 53.711789688102023 ], [ -0.099350074672006, 53.711818532164266 ], [ -0.099362223994293, 53.711549038042605 ], [ -0.09981649307199, 53.711556244683479 ], [ -0.099804346649639, 53.711825738875753 ], [ -0.10025861882448, 53.711832943865637 ] ] ] } },
{ "type": "Feature", "properties": { "Period": "1990-2026", "Area_m2": 6300.0, "Area_ha": 0.63 }, "geometry": { "type": "Polygon", "coordinates": [ [ [ -0.095285986400799, 53.711214607303184 ], [ -0.095334685319523, 53.710136633164481 ], [ -0.095788938121488, 53.710143854945898 ], [ -0.095813280595736, 53.709604867650398 ], [ -0.095359033592954, 53.709597646010508 ], [ -0.095346859555063, 53.709867139594557 ], [ -0.09489260985036, 53.709859916162422 ], [ -0.094831722197572, 53.711207383517078 ], [ -0.095285986400799, 53.711214607303184 ] ] ] } },
{ "type": "Feature", "properties": { "Period": "1990-2026", "Area_m2": 14400.0, "Area_ha": 1.44 }, "geometry": { "type": "Polygon", "coordinates": [ [ [ -0.098035890826773, 53.710718925976643 ], [ -0.098060205094455, 53.710179938030336 ], [ -0.097605951304934, 53.710172724856477 ], [ -0.097618111042354, 53.709903230932859 ], [ -0.098526613019491, 53.709917655417705 ], [ -0.098538766760315, 53.709648161338635 ], [ -0.098084518572657, 53.709640950027641 ], [ -0.098096675015714, 53.70937145600513 ], [ -0.097642429924961, 53.709364243043339 ], [ -0.097630270582362, 53.709633736995144 ], [ -0.096267527796115, 53.709612087568807 ], [ -0.096255359557364, 53.709881581294361 ], [ -0.096709609854869, 53.70988879956203 ], [ -0.096697444318188, 53.710158293344215 ], [ -0.096243191121059, 53.710151075005832 ], [ -0.09621885365577, 53.710690062386433 ], [ -0.098035890826773, 53.710718925976643 ] ] ] } },
{ "type": "Feature", "properties": { "Period": "1990-2026", "Area_m2": 38700.0, "Area_ha": 3.87 }, "geometry": { "type": "Polygon", "coordinates": [ [ [ -0.125686192596195, 53.71250317371004 ], [ -0.125698173909624, 53.712233675534129 ], [ -0.126152457247639, 53.712240782388641 ], [ -0.126188391320357, 53.711432287567696 ], [ -0.126642666152428, 53.711439392491592 ], [ -0.126714511647733, 53.709822402052708 ], [ -0.126260254215243, 53.709815297546534 ], [ -0.126272230683814, 53.709545799160523 ], [ -0.124909468252466, 53.709524475521604 ], [ -0.124897483084624, 53.709793973698652 ], [ -0.12444322643019, 53.709786862306231 ], [ -0.124431238167968, 53.710056360399548 ], [ -0.123976978808376, 53.710049247215842 ], [ -0.123964987451679, 53.710318745225408 ], [ -0.12441924971111, 53.710325858478811 ], [ -0.124371293937234, 53.711403850655387 ], [ -0.124825567991147, 53.711410962465969 ], [ -0.124801594736485, 53.711949958609353 ], [ -0.125255874785219, 53.711957068837606 ], [ -0.125231906552482, 53.712496065064151 ], [ -0.125686192596195, 53.71250317371004 ] ] ] } },
{ "type": "Feature", "properties": { "Period": "1990-2026", "Area_m2": 3600.0, "Area_ha": 0.36 }, "geometry": { "type": "Polygon", "coordinates": [ [ [ -0.100355761483622, 53.709676989367786 ], [ -0.100380045177055, 53.709138000602366 ], [ -0.099471559019114, 53.70912359031319 ], [ -0.099447263727526, 53.709662578796198 ], [ -0.100355761483622, 53.709676989367786 ] ] ] } },
{ "type": "Feature", "properties": { "Period": "1990-2026", "Area_m2": 8100.0, "Area_ha": 0.81 }, "geometry": { "type": "Polygon", "coordinates": [ [ [ -0.103093384029245, 53.70945068496782 ], [ -0.10315400381573, 53.708103210761905 ], [ -0.102699771053877, 53.708096017088799 ], [ -0.10266339107427, 53.708904501443143 ], [ -0.101754908744833, 53.708890108509621 ], [ -0.101730642842655, 53.709429097726627 ], [ -0.103093384029245, 53.70945068496782 ] ] ] } },
{ "type": "Feature", "properties": { "Period": "1990-2026", "Area_m2": 29700.0, "Area_ha": 2.97 }, "geometry": { "type": "Polygon", "coordinates": [ [ [ -0.099017316235939, 53.709116382586409 ], [ -0.099041616537555, 53.708577394188289 ], [ -0.099495853521854, 53.708584601773786 ], [ -0.099544440160927, 53.707506624525813 ], [ -0.097273315198181, 53.707470570797334 ], [ -0.097261154338112, 53.707740064777163 ], [ -0.096806927038433, 53.707732848796724 ], [ -0.096746105279888, 53.709080318130816 ], [ -0.099017316235939, 53.709116382586409 ] ] ] } },
{ "type": "Feature", "properties": { "Period": "1990-2026", "Area_m2": 2700.0, "Area_ha": 0.27 }, "geometry": { "type": "Polygon", "coordinates": [ [ [ -0.135883106004168, 53.708077631437469 ], [ -0.135895020222689, 53.707808131494744 ], [ -0.13453230646113, 53.707786917769837 ], [ -0.134520383544056, 53.708056417504672 ], [ -0.135883106004168, 53.708077631437469 ] ] ] } },
{ "type": "Feature", "properties": { "Period": "1990-2026", "Area_m2": 1800.0, "Area_ha": 0.18 }, "geometry": { "type": "Polygon", "coordinates": [ [ [ -0.13187852197927, 53.706127447634103 ], [ -0.131902399699918, 53.705588448786379 ], [ -0.131448186523009, 53.705581364328467 ], [ -0.131424303004098, 53.706120363037357 ], [ -0.13187852197927, 53.706127447634103 ] ] ] } },
{ "type": "Feature", "properties": { "Period": "1990-2026", "Area_m2": 392400.0, "Area_ha": 39.24 }, "geometry": { "type": "Polygon", "coordinates": [ [ [ 0.044362789502815, 53.722397334571333 ], [ 0.044310499712835, 53.721319453100094 ], [ 0.044764834600719, 53.721311699098351 ], [ 0.044699462636541, 53.719964347315411 ], [ 0.045153782809669, 53.719956591971844 ], [ 0.045140706153348, 53.719687121648086 ], [ 0.045595023213803, 53.719679364658823 ], [ 0.04556886473758, 53.71914042412012 ], [ 0.046023175785126, 53.719132665561204 ], [ 0.04601009396536, 53.718863195346287 ], [ 0.046464401900302, 53.718855435141727 ], [ 0.046451317392793, 53.718585964988485 ], [ 0.046905622215142, 53.718578203138321 ], [ 0.046892535019984, 53.718308733046733 ], [ 0.047346836729747, 53.718300969551031 ], [ 0.047333746847034, 53.718031499521103 ], [ 0.047788045444221, 53.718023734379884 ], [ 0.047774952874048, 53.717754264411653 ], [ 0.048229248358669, 53.717746497624937 ], [ 0.048203058056204, 53.717207557797515 ], [ 0.048657347528379, 53.717199789441459 ], [ 0.048631152276722, 53.716660849708667 ], [ 0.049539718983804, 53.71664530813652 ], [ 0.049513512983872, 53.716106368650713 ], [ 0.050422067241147, 53.716090820497257 ], [ 0.050395850493692, 53.715551881258556 ], [ 0.050850121503897, 53.715544104752034 ], [ 0.050837010549862, 53.715274635187285 ], [ 0.051291278447669, 53.715266857035523 ], [ 0.051265051379253, 53.714727918015207 ], [ 0.051719313265238, 53.714720138294496 ], [ 0.051706197150993, 53.714450668838978 ], [ 0.05216045592465, 53.714442887473133 ], [ 0.052147337124011, 53.714173418079447 ], [ 0.05260159278535, 53.714165635068525 ], [ 0.052588471298411, 53.713896165736699 ], [ 0.053042723847441, 53.713888381080707 ], [ 0.053029599674295, 53.713618911810734 ], [ 0.053483849111025, 53.713611125509715 ], [ 0.053457595605617, 53.713072187079142 ], [ 0.05391183903093, 53.713064399209443 ], [ 0.053898709698804, 53.712794930048844 ], [ 0.054352950011887, 53.712787140534196 ], [ 0.05433981799388, 53.712517671435542 ], [ 0.054794055194742, 53.712509880275967 ], [ 0.054780920490945, 53.712240411239229 ], [ 0.055235154579598, 53.712232618434804 ], [ 0.05520888001389, 53.711693680470745 ], [ 0.055663108091467, 53.711685886097882 ], [ 0.055649968229692, 53.711416417170604 ], [ 0.056104193195127, 53.711408621152913 ], [ 0.056091050647888, 53.711139152287629 ], [ 0.056545272501193, 53.711131354625188 ], [ 0.05651898224937, 53.710592417004143 ], [ 0.05697319809188, 53.710584617773399 ], [ 0.056960050387432, 53.710315149017674 ], [ 0.057414263117881, 53.710307348142273 ], [ 0.057401112728294, 53.710037879448556 ], [ 0.057855322346692, 53.710030076928504 ], [ 0.057842169272058, 53.70976060829684 ], [ 0.058296375778414, 53.709752804132187 ], [ 0.058283220018826, 53.709483335562552 ], [ 0.05873742341315, 53.709475529753334 ], [ 0.058724264968705, 53.709206061245759 ], [ 0.059178465251005, 53.709198253792017 ], [ 0.059152143206231, 53.708659316886632 ], [ 0.059606337478201, 53.708651507864872 ], [ 0.059593173878008, 53.708382039467061 ], [ 0.060047365038024, 53.708374228800878 ], [ 0.060034198753296, 53.708104760465154 ], [ 0.06048838680137, 53.708096948154555 ], [ 0.060475217832201, 53.707827479880962 ], [ 0.06092940276834, 53.707819665925989 ], [ 0.060916231114825, 53.707550197714511 ], [ 0.061370412939039, 53.707542382115193 ], [ 0.061330890567288, 53.706733977623941 ], [ 0.06178506348361, 53.706726160533513 ], [ 0.061771886889468, 53.706456692417497 ], [ 0.062226056693986, 53.70644887368281 ], [ 0.062212877415864, 53.706179405628987 ], [ 0.06266704410859, 53.706171585250068 ], [ 0.06265386214658, 53.705902117258439 ], [ 0.06310802572752, 53.705894295235382 ], [ 0.063094841081719, 53.705624827305925 ], [ 0.063549001550885, 53.705617003638721 ], [ 0.063522627105937, 53.705078067889851 ], [ 0.063976781565678, 53.705070242655218 ], [ 0.063950402181751, 53.70453130700195 ], [ 0.064858698868567, 53.704515651677227 ], [ 0.064832308751037, 53.70397671627299 ], [ 0.065286450978235, 53.703968886182999 ], [ 0.065273253343319, 53.703699418535948 ], [ 0.065727392458891, 53.703691586802009 ], [ 0.06571419214083, 53.703422119217251 ], [ 0.066168328144787, 53.703414285839436 ], [ 0.066155125143675, 53.703144818316979 ], [ 0.066609258036025, 53.703136983295302 ], [ 0.066596052351956, 53.702867515835173 ], [ 0.06705018213271, 53.702859679169642 ], [ 0.067036973765777, 53.702590211771856 ], [ 0.067491100434944, 53.702582373462548 ], [ 0.067477889385241, 53.702312906127112 ], [ 0.067932012942829, 53.70230506617402 ], [ 0.06790558569254, 53.701766131613439 ], [ 0.068813820575971, 53.701750446852948 ], [ 0.068787382595627, 53.701211512541938 ], [ 0.069241493921591, 53.701203667734632 ], [ 0.069228272356342, 53.700934200634308 ], [ 0.069682380570818, 53.700926354183402 ], [ 0.069655932290437, 53.700387420093179 ], [ 0.070110034496637, 53.700379572075576 ], [ 0.07009680778164, 53.700110105085699 ], [ 0.07055090687642, 53.700102255424561 ], [ 0.070537677479395, 53.699832788497112 ], [ 0.070991773462768, 53.699824937192489 ], [ 0.070978541383808, 53.699555470327525 ], [ 0.07143263425578, 53.699547617379451 ], [ 0.071406164948975, 53.699008683760049 ], [ 0.072314338462216, 53.698992973010618 ], [ 0.072327578801301, 53.699262439673618 ], [ 0.071873489255562, 53.699270295985457 ], [ 0.071899964785189, 53.699809229422065 ], [ 0.071445869231381, 53.699817084167492 ], [ 0.071459104421787, 53.700086550941073 ], [ 0.071005005756486, 53.700094404043014 ], [ 0.071044703926237, 53.700902804507848 ], [ 0.070590596355811, 53.700910656120165 ], [ 0.07060382661173, 53.701180122989804 ], [ 0.07014971592969, 53.701187972958579 ], [ 0.070162943503411, 53.701457439890653 ], [ 0.069708829709745, 53.701465288215829 ], [ 0.069735279707255, 53.702004222190453 ], [ 0.069281159904919, 53.702012068948903 ], [ 0.069307604966839, 53.702551003019479 ], [ 0.068853479155674, 53.702558848211119 ], [ 0.068866699111378, 53.702828315301609 ], [ 0.068412570188456, 53.7028361588495 ], [ 0.068425787461503, 53.703105626002397 ], [ 0.067971655426816, 53.703113467906547 ], [ 0.067998084821897, 53.703652402322675 ], [ 0.0675439467781, 53.703660242659844 ], [ 0.0675571589, 53.703929709923045 ], [ 0.067103017744366, 53.703937548616381 ], [ 0.067129436836613, 53.704476483253075 ], [ 0.066675289671648, 53.704484320379315 ], [ 0.066688496641861, 53.704753787752779 ], [ 0.06623434636499, 53.704761623235086 ], [ 0.066260755153324, 53.705300558092269 ], [ 0.0658065988669, 53.705308392007339 ], [ 0.065833002717167, 53.705847326960289 ], [ 0.065378840421032, 53.705855159308115 ], [ 0.065405239332882, 53.706394094356767 ], [ 0.064951071026876, 53.706401925137257 ], [ 0.064964267906309, 53.706671392716636 ], [ 0.064510096488204, 53.706679221853022 ], [ 0.064536485093822, 53.707218157121908 ], [ 0.064082307665626, 53.707225984690844 ], [ 0.064095499391673, 53.707495452380336 ], [ 0.063641318851308, 53.707503278305069 ], [ 0.063654507893413, 53.707772746056783 ], [ 0.063200324240868, 53.707780570337277 ], [ 0.063226697171058, 53.708319505950776 ], [ 0.062772507508141, 53.708327328663671 ], [ 0.062785691396089, 53.708596796525399 ], [ 0.062331498620922, 53.70860461759397 ], [ 0.062344679824604, 53.708874085517913 ], [ 0.061890483937179, 53.70888190494211 ], [ 0.0619036624565, 53.70915137292824 ], [ 0.061449463456807, 53.709159190708064 ], [ 0.061462639291673, 53.70942865875638 ], [ 0.061008437179703, 53.70943647489176 ], [ 0.06102161033002, 53.709705943002241 ], [ 0.060567405105765, 53.709713757493162 ], [ 0.060593746250918, 53.710252693823954 ], [ 0.059685323566968, 53.710268317948881 ], [ 0.059711653972903, 53.710807254528156 ], [ 0.059257436513087, 53.710815064162041 ], [ 0.059270599137948, 53.71108453250654 ], [ 0.058816378565756, 53.711092340495838 ], [ 0.058829538505556, 53.711361808902431 ], [ 0.05837531482098, 53.711369615247065 ], [ 0.05840162954387, 53.71190855216998 ], [ 0.057947399848052, 53.711916356946418 ], [ 0.057960554631005, 53.712185825462704 ], [ 0.057506321822732, 53.712193628594406 ], [ 0.057519473920301, 53.712463097172751 ], [ 0.057065237999564, 53.712470898659696 ], [ 0.057078387411654, 53.71274036730005 ], [ 0.056624148378443, 53.712748167142209 ], [ 0.056637295104961, 53.713017635844565 ], [ 0.056183052959266, 53.71302543404186 ], [ 0.056196197000117, 53.713294902806226 ], [ 0.055741951741931, 53.713302699358692 ], [ 0.055755093097021, 53.713572168185017 ], [ 0.055300844726333, 53.713579963092577 ], [ 0.055327122278111, 53.714118900854764 ], [ 0.054872867895657, 53.714126694193737 ], [ 0.05489914050203, 53.714665632050995 ], [ 0.05444488010765, 53.714673423821353 ], [ 0.054458013831345, 53.7149428928047 ], [ 0.054003750324331, 53.714950682930002 ], [ 0.054016881361804, 53.715220151975288 ], [ 0.053562614742149, 53.715227940455541 ], [ 0.053575743093307, 53.715497409562701 ], [ 0.053121473361, 53.715505196397828 ], [ 0.05313459902575, 53.715774665566933 ], [ 0.052680326180781, 53.715782450756912 ], [ 0.052693449159029, 53.716051919987869 ], [ 0.052239173201389, 53.716059703532686 ], [ 0.05225229349304, 53.71632917282551 ], [ 0.051798014422722, 53.716336954725108 ], [ 0.051811132027681, 53.716606424079771 ], [ 0.051356849844673, 53.716614204334128 ], [ 0.051369964762848, 53.71688367375063 ], [ 0.050915679467143, 53.716891452359718 ], [ 0.050941904142629, 53.717430391301939 ], [ 0.050487612834349, 53.717438168341928 ], [ 0.050500722591524, 53.717707637867626 ], [ 0.050046428170476, 53.717715413262255 ], [ 0.050059535240542, 53.717984882849748 ], [ 0.049605237706717, 53.717992656598966 ], [ 0.049631446685213, 53.718531595883128 ], [ 0.049177143138533, 53.71853936806307 ], [ 0.049203347167855, 53.719078307441926 ], [ 0.04874903760816, 53.719086078052541 ], [ 0.048762137041712, 53.719355547796511 ], [ 0.048307824369108, 53.719363316761601 ], [ 0.048334018073727, 53.719902256358608 ], [ 0.047425380489437, 53.719917789428145 ], [ 0.047438471859998, 53.720187259357246 ], [ 0.046984149848612, 53.720195023385536 ], [ 0.046997238531322, 53.72046449337634 ], [ 0.046542913406988, 53.720472255758935 ], [ 0.046555999401753, 53.720741725811429 ], [ 0.046101671164464, 53.720749486548314 ], [ 0.046127837990355, 53.721288426762193 ], [ 0.045673503739526, 53.721296185929404 ], [ 0.045686584570517, 53.721565656090768 ], [ 0.045232247206663, 53.721573413612177 ], [ 0.045258403704465, 53.722112354043794 ], [ 0.04480406032685, 53.72212010999538 ], [ 0.044817135993526, 53.722389580265613 ], [ 0.044362789502815, 53.722397334571333 ] ] ] } },
{ "type": "Feature", "properties": { "Period": "1990-2026", "Area_m2": 1800.0, "Area_ha": 0.18 }, "geometry": { "type": "Polygon", "coordinates": [ [ [ 0.072314338462216, 53.698992973010618 ], [ 0.072287858428696, 53.698454039641234 ], [ 0.072741939070086, 53.698446181839984 ], [ 0.072768424896531, 53.6989851150554 ], [ 0.072314338462216, 53.698992973010618 ] ] ] } },
{ "type": "Feature", "properties": { "Period": "1990-2026", "Area_m2": 5400.0, "Area_ha": 0.54 }, "geometry": { "type": "Polygon", "coordinates": [ [ [ 0.074491990755158, 53.697067401680975 ], [ 0.074465484768481, 53.696528468879343 ], [ 0.07491954406119, 53.696520603016076 ], [ 0.07490628849443, 53.696251136670639 ], [ 0.075360344675978, 53.696243269164249 ], [ 0.075347086428348, 53.69597380288144 ], [ 0.075801139498745, 53.695965933731976 ], [ 0.075827662001188, 53.696504866128969 ], [ 0.075373603138774, 53.696512735432599 ], [ 0.075386861816742, 53.696782201686496 ], [ 0.074932799843075, 53.696790069347053 ], [ 0.074946055840089, 53.697059535663563 ], [ 0.074491990755158, 53.697067401680975 ] ] ] } },
{ "type": "Feature", "properties": { "Period": "1990-2026", "Area_m2": 1800.0, "Area_ha": 0.18 }, "geometry": { "type": "Polygon", "coordinates": [ [ [ -0.068131870820445, 53.698643779511585 ], [ -0.068156556392842, 53.698104799893869 ], [ -0.067702440563611, 53.698097474469343 ], [ -0.067677749196421, 53.698636453943529 ], [ -0.068131870820445, 53.698643779511585 ] ] ] } },
{ "type": "Feature", "properties": { "Period": "1990-2026", "Area_m2": 1800.0, "Area_ha": 0.18 }, "geometry": { "type": "Polygon", "coordinates": [ [ [ 0.075801139498745, 53.695965933731976 ], [ 0.075774617857137, 53.695427001277153 ], [ 0.076228664920506, 53.695419130561767 ], [ 0.076255192353933, 53.695958062862388 ], [ 0.075801139498745, 53.695965933731976 ] ] ] } },
{ "type": "Feature", "properties": { "Period": "1990-2026", "Area_m2": 3600.0, "Area_ha": 0.36 }, "geometry": { "type": "Polygon", "coordinates": [ [ [ 0.060350052216216, 53.695963050971436 ], [ 0.060336889965928, 53.695693582125074 ], [ 0.059882835398488, 53.695701392635669 ], [ 0.059869676257807, 53.695431923698379 ], [ 0.060777779387082, 53.695416301110079 ], [ 0.060790944319764, 53.695685769894311 ], [ 0.061244998459949, 53.69567795594341 ], [ 0.061258166502322, 53.695947424636664 ], [ 0.060350052216216, 53.695963050971436 ] ] ] } },
{ "type": "Feature", "properties": { "Period": "1990-2026", "Area_m2": 2700.0, "Area_ha": 0.27 }, "geometry": { "type": "Polygon", "coordinates": [ [ [ 0.077110220245784, 53.694864451920793 ], [ 0.077083682951429, 53.694325519813006 ], [ 0.077991752405004, 53.694309766958874 ], [ 0.078005026735883, 53.694579232865678 ], [ 0.077550989221099, 53.694587110229925 ], [ 0.077564260871671, 53.694856576199442 ], [ 0.077110220245784, 53.694864451920793 ] ] ] } },
{ "type": "Feature", "properties": { "Period": "1990-2026", "Area_m2": 1800.0, "Area_ha": 0.18 }, "geometry": { "type": "Polygon", "coordinates": [ [ [ -0.293022072374486, 53.700172004422022 ], [ -0.293043886011719, 53.699632957688443 ], [ -0.292589697055484, 53.699626484644163 ], [ -0.292567877620032, 53.700165531250875 ], [ -0.293022072374486, 53.700172004422022 ] ] ] } },
{ "type": "Feature", "properties": { "Period": "1990-2026", "Area_m2": 1800.0, "Area_ha": 0.18 }, "geometry": { "type": "Polygon", "coordinates": [ [ [ 0.077991752405004, 53.694309766958874 ], [ 0.077965204389488, 53.693770835101887 ], [ 0.078419233001968, 53.693762956249131 ], [ 0.078445786808694, 53.694301887951767 ], [ 0.077991752405004, 53.694309766958874 ] ] ] } },
{ "type": "Feature", "properties": { "Period": "1990-2026", "Area_m2": 26100.0, "Area_ha": 2.61 }, "geometry": { "type": "Polygon", "coordinates": [ [ [ 0.030796953567757, 53.695658739670243 ], [ 0.030783980202035, 53.695389265841975 ], [ 0.030329920539673, 53.695396964311577 ], [ 0.03030398023213, 53.694858016461112 ], [ 0.029849926151562, 53.694865713059642 ], [ 0.029823992478065, 53.694326765000902 ], [ 0.03073208884452, 53.694311370385279 ], [ 0.030719116531462, 53.694041896485182 ], [ 0.031173161502956, 53.69403419667254 ], [ 0.031147211716588, 53.693495248980128 ], [ 0.032055289444256, 53.693479844496252 ], [ 0.032068270023901, 53.693749318198719 ], [ 0.032522311467646, 53.693741613301142 ], [ 0.032574247476744, 53.694819507665386 ], [ 0.031666141210731, 53.694834916344256 ], [ 0.031705078053216, 53.695643337419462 ], [ 0.030796953567757, 53.695658739670243 ] ] ] } },
{ "type": "Feature", "properties": { "Period": "1990-2026", "Area_m2": 8100.0, "Area_ha": 0.81 }, "geometry": { "type": "Polygon", "coordinates": [ [ [ 0.079741462392997, 53.692930912403511 ], [ 0.079714893368561, 53.69239198101949 ], [ 0.080168906641841, 53.692384095673063 ], [ 0.080155619557698, 53.692114630036599 ], [ 0.080609629720087, 53.692106743047525 ], [ 0.08058305040822, 53.691567811885719 ], [ 0.081491058505179, 53.691552033057079 ], [ 0.081517649397841, 53.692090963909742 ], [ 0.081063639666817, 53.692098854338582 ], [ 0.081076932541507, 53.692368319820496 ], [ 0.080622919699507, 53.692376208606731 ], [ 0.080636209894589, 53.692645674151464 ], [ 0.0801821939416, 53.69265356129506 ], [ 0.08019548145698, 53.692923026902569 ], [ 0.079741462392997, 53.692930912403511 ] ] ] } },
{ "type": "Feature", "properties": { "Period": "1990-2026", "Area_m2": 7200.0, "Area_ha": 0.72 }, "geometry": { "type": "Polygon", "coordinates": [ [ [ 0.081491058505179, 53.691552033057079 ], [ 0.081464468475489, 53.691013102146549 ], [ 0.081918466410181, 53.691005210307075 ], [ 0.081905168823911, 53.690735744907386 ], [ 0.0823591636478, 53.69072785142545 ], [ 0.082332563332676, 53.690188920737327 ], [ 0.083240540753159, 53.690173128923462 ], [ 0.083253846592656, 53.690442594120057 ], [ 0.082799855095425, 53.690450490964217 ], [ 0.082826461632178, 53.6909894214687 ], [ 0.082372464129093, 53.69099731674779 ], [ 0.082385764826214, 53.691266782055671 ], [ 0.081931764212232, 53.691274675692263 ], [ 0.081945062230068, 53.691544141062984 ], [ 0.081491058505179, 53.691552033057079 ] ] ] } },
{ "type": "Feature", "properties": { "Period": "1990-2026", "Area_m2": 3600.0, "Area_ha": 0.36 }, "geometry": { "type": "Polygon", "coordinates": [ [ [ 0.083240540753159, 53.690173128923462 ], [ 0.08321392972188, 53.689634198486822 ], [ 0.084121894699365, 53.68961840010347 ], [ 0.084148517310014, 53.690157330230591 ], [ 0.083240540753159, 53.690173128923462 ] ] ] } },
{ "type": "Feature", "properties": { "Period": "1990-2026", "Area_m2": 79200.0, "Area_ha": 7.92 }, "geometry": { "type": "Polygon", "coordinates": [ [ [ 0.084121894699365, 53.68961840010347 ], [ 0.084095272952681, 53.689079469918475 ], [ 0.084549249327978, 53.689071568302019 ], [ 0.084535935883939, 53.688802103265182 ], [ 0.08498990914854, 53.688794200006498 ], [ 0.084976593025906, 53.688524735032594 ], [ 0.085430563179822, 53.68851683013169 ], [ 0.085403925793658, 53.68797790029533 ], [ 0.085857889942381, 53.687969993829668 ], [ 0.085844568678986, 53.687700528967227 ], [ 0.086298529717095, 53.68769262085943 ], [ 0.086285205775428, 53.687423156059957 ], [ 0.08673916370293, 53.687415246310053 ], [ 0.08671251067947, 53.68687631682262 ], [ 0.087620414308379, 53.686860492474125 ], [ 0.08759375057285, 53.686321563238778 ], [ 0.08804769627438, 53.686313648640287 ], [ 0.088034361836917, 53.686044184078426 ], [ 0.088488304427931, 53.686036267837984 ], [ 0.088474967312706, 53.685766803339163 ], [ 0.088928906793213, 53.685758885456806 ], [ 0.088915567000321, 53.68548942102106 ], [ 0.089369503370331, 53.68548150149681 ], [ 0.089356160899864, 53.685212037124145 ], [ 0.089810094159384, 53.685204115958065 ], [ 0.089796749011438, 53.684934651648504 ], [ 0.090250679160481, 53.684926728840594 ], [ 0.090237331335146, 53.684657264594144 ], [ 0.09069125837372, 53.684649340144446 ], [ 0.090677907871093, 53.684379875961142 ], [ 0.091131831799207, 53.684371949869707 ], [ 0.09111847861938, 53.684102485749534 ], [ 0.091572399437045, 53.684094558016383 ], [ 0.091559043580112, 53.683825093959385 ], [ 0.092012961287336, 53.683817164584546 ], [ 0.091999602753391, 53.683547700590744 ], [ 0.092453517350185, 53.68353976957426 ], [ 0.092426795145231, 53.683000841698494 ], [ 0.092880703738005, 53.682992909118106 ], [ 0.092867340067133, 53.682723445236178 ], [ 0.093321245549546, 53.682715511014266 ], [ 0.093294513071275, 53.682176583362327 ], [ 0.093748412549889, 53.682168647576603 ], [ 0.093735043742627, 53.681899183806621 ], [ 0.094642836262339, 53.681883307233029 ], [ 0.094616087725186, 53.681344379960592 ], [ 0.09506997787296, 53.681336439250558 ], [ 0.0950566010366, 53.681066975670369 ], [ 0.095510488074111, 53.681059033318967 ], [ 0.095483729266094, 53.680520106270649 ], [ 0.096391491117227, 53.680504216721687 ], [ 0.096364721605142, 53.679965289926628 ], [ 0.096818596418885, 53.679957342729168 ], [ 0.096805209095559, 53.679687879387721 ], [ 0.097259080799131, 53.67967993054905 ], [ 0.097232301018176, 53.679141003978337 ], [ 0.097686166718697, 53.679133053576358 ], [ 0.097726345394773, 53.679941443177036 ], [ 0.097272471015445, 53.679949393812635 ], [ 0.09728586144899, 53.68021885706171 ], [ 0.096831983959396, 53.680226806056112 ], [ 0.096858759691988, 53.680765732666458 ], [ 0.096404876198986, 53.680773680097452 ], [ 0.096418261497898, 53.681043143458709 ], [ 0.095964374894559, 53.681051089248406 ], [ 0.095991140357346, 53.681590016083078 ], [ 0.095537247750379, 53.681597960309254 ], [ 0.095550627914119, 53.681867423782634 ], [ 0.095096732196744, 53.681875366367429 ], [ 0.095110109684179, 53.682144829904111 ], [ 0.094656210856389, 53.682152770847509 ], [ 0.094669585667425, 53.682422234447479 ], [ 0.094215683729209, 53.682430173749395 ], [ 0.094229055863754, 53.682699637412618 ], [ 0.093775150815102, 53.68270757507306 ], [ 0.093801889947929, 53.683246502511523 ], [ 0.093347978895244, 53.683254438608181 ], [ 0.09336134589339, 53.683523902383392 ], [ 0.092907431730199, 53.683531836838476 ], [ 0.092934160589691, 53.684070764500852 ], [ 0.092026320038016, 53.68408662856389 ], [ 0.0920530381896, 53.684625556479055 ], [ 0.091599111800994, 53.684633486086909 ], [ 0.091612468308021, 53.68490295010043 ], [ 0.091158538808819, 53.684910878066553 ], [ 0.091171892638613, 53.685180342143234 ], [ 0.090717960028807, 53.685188268467591 ], [ 0.090731311181275, 53.685457732607411 ], [ 0.090277375460855, 53.685465657289981 ], [ 0.090290723935903, 53.685735121492947 ], [ 0.089836785104859, 53.685743044533702 ], [ 0.089850130902394, 53.686012508799763 ], [ 0.089396188960717, 53.686020430198653 ], [ 0.089409532080646, 53.686289894527832 ], [ 0.088955587028325, 53.686297814284806 ], [ 0.088968927470553, 53.686567278677082 ], [ 0.088514979307579, 53.686575196792134 ], [ 0.088528317072013, 53.686844661247477 ], [ 0.088074365798379, 53.686852577720565 ], [ 0.088087700884925, 53.687122042238968 ], [ 0.08763374650062, 53.68712995707007 ], [ 0.087647078909184, 53.687399421651513 ], [ 0.087193121414197, 53.68740733484055 ], [ 0.087206451144686, 53.687676799485033 ], [ 0.08675249053901, 53.687684711032034 ], [ 0.086779144859893, 53.688223640432525 ], [ 0.08632517824901, 53.688231550414905 ], [ 0.086338502839268, 53.688501015170885 ], [ 0.085884533117624, 53.688508923511108 ], [ 0.085897855029484, 53.688778388330093 ], [ 0.085443882197072, 53.688786295028123 ], [ 0.085457201430438, 53.689055759910104 ], [ 0.085003225487245, 53.6890636649659 ], [ 0.085016542042026, 53.689333129910814 ], [ 0.084562562988045, 53.689341033324368 ], [ 0.084575876864145, 53.689610498332222 ], [ 0.084121894699365, 53.68961840010347 ] ] ] } },
{ "type": "Feature", "properties": { "Period": "1990-2026", "Area_m2": 3600.0, "Area_ha": 0.36 }, "geometry": { "type": "Polygon", "coordinates": [ [ [ 0.098126636851623, 53.678855638304 ], [ 0.098099846802875, 53.67831671195777 ], [ 0.098553703390462, 53.67830875835147 ], [ 0.098540305799343, 53.678039295234477 ], [ 0.098994159276898, 53.678031339987129 ], [ 0.099020960461903, 53.678570266050741 ], [ 0.098567101198925, 53.678578221453932 ], [ 0.098580499224735, 53.678847684541886 ], [ 0.098126636851623, 53.678855638304 ] ] ] } },
{ "type": "Feature", "properties": { "Period": "1990-2026", "Area_m2": 3600.0, "Area_ha": 0.36 }, "geometry": { "type": "Polygon", "coordinates": [ [ [ 0.098994159276898, 53.678031339987129 ], [ 0.098967358961434, 53.67749241386548 ], [ 0.099421206436378, 53.677484457055044 ], [ 0.09940780371217, 53.677214994050388 ], [ 0.099861648077154, 53.677207035599004 ], [ 0.099888459528116, 53.677745961437907 ], [ 0.099434609378009, 53.677753920045191 ], [ 0.099448012537068, 53.678023383020843 ], [ 0.098994159276898, 53.678031339987129 ] ] ] } },
{ "type": "Feature", "properties": { "Period": "1990-2026", "Area_m2": 1800.0, "Area_ha": 0.18 }, "geometry": { "type": "Polygon", "coordinates": [ [ [ 0.099861648077154, 53.677207035599004 ], [ 0.09983483749605, 53.676668109702035 ], [ 0.100288675858643, 53.676660149687685 ], [ 0.100315492224673, 53.67719907542871 ], [ 0.099861648077154, 53.677207035599004 ] ] ] } },
{ "type": "Feature", "properties": { "Period": "1990-2026", "Area_m2": 1800.0, "Area_ha": 0.18 }, "geometry": { "type": "Polygon", "coordinates": [ [ [ 0.100729103254586, 53.676382725140158 ], [ 0.100702282408917, 53.675843799467998 ], [ 0.101156111659452, 53.675835836249924 ], [ 0.101182938289746, 53.676374761766105 ], [ 0.100729103254586, 53.676382725140158 ] ] ] } },
{ "type": "Feature", "properties": { "Period": "1990-2026", "Area_m2": 5400.0, "Area_ha": 0.54 }, "geometry": { "type": "Polygon", "coordinates": [ [ [ 0.101156111659452, 53.675835836249924 ], [ 0.101129285899482, 53.675296910675684 ], [ 0.101583109148006, 53.675288945894835 ], [ 0.101569693702236, 53.675019483163943 ], [ 0.102023513841002, 53.675011516742344 ], [ 0.102010095720753, 53.674742054074983 ], [ 0.10246391274977, 53.67473408601267 ], [ 0.10249075499215, 53.675273011176827 ], [ 0.10203693217891, 53.675280979395211 ], [ 0.102050350734484, 53.675550442033554 ], [ 0.101596524811393, 53.675558408611209 ], [ 0.101609940692404, 53.675827871313054 ], [ 0.101156111659452, 53.675835836249924 ] ] ] } },
{ "type": "Feature", "properties": { "Period": "1990-2026", "Area_m2": 5400.0, "Area_ha": 0.54 }, "geometry": { "type": "Polygon", "coordinates": [ [ [ 0.10246391274977, 53.67473408601267 ], [ 0.102437071378201, 53.674195160790433 ], [ 0.102890882405489, 53.674187191165522 ], [ 0.102877459154303, 53.673917728610675 ], [ 0.103331267071914, 53.673909757345129 ], [ 0.103317841146572, 53.67364029485384 ], [ 0.103771645954513, 53.673632321947721 ], [ 0.103798503806798, 53.674171246759592 ], [ 0.103344693215037, 53.674179219821916 ], [ 0.103358119575946, 53.674448682284144 ], [ 0.102904305874413, 53.674456653705832 ], [ 0.102917729561084, 53.674726116231639 ], [ 0.10246391274977, 53.67473408601267 ] ] ] } },
{ "type": "Feature", "properties": { "Period": "1990-2026", "Area_m2": 2700.0, "Area_ha": 0.27 }, "geometry": { "type": "Polygon", "coordinates": [ [ [ 0.103771645954513, 53.673632321947721 ], [ 0.103744788973525, 53.673093397077757 ], [ 0.104652386368651, 53.673077446421971 ], [ 0.104665820533807, 53.673346908707991 ], [ 0.10421201905339, 53.673354884973307 ], [ 0.10422545054463, 53.673624347322942 ], [ 0.103771645954513, 53.673632321947721 ] ] ] } },
{ "type": "Feature", "properties": { "Period": "1990-2026", "Area_m2": 1800.0, "Area_ha": 0.18 }, "geometry": { "type": "Polygon", "coordinates": [ [ [ 0.104652386368651, 53.673077446421971 ], [ 0.104625518692059, 53.672538521806366 ], [ 0.105079311279366, 53.672530544056798 ], [ 0.105106184739375, 53.673069468516132 ], [ 0.104652386368651, 53.673077446421971 ] ] ] } },
{ "type": "Feature", "properties": { "Period": "1990-2026", "Area_m2": 3600.0, "Area_ha": 0.36 }, "geometry": { "type": "Polygon", "coordinates": [ [ [ 0.105519664354011, 53.672253102415368 ], [ 0.105492786418533, 53.671714178025148 ], [ 0.105946569895157, 53.671706197072929 ], [ 0.105933128362901, 53.671436734934211 ], [ 0.106386908730015, 53.67142875234164 ], [ 0.106413797795569, 53.671967676448197 ], [ 0.10596001164544, 53.671975659197138 ], [ 0.105973453613752, 53.672245121306808 ], [ 0.105519664354011, 53.672253102415368 ] ] ] } },
{ "type": "Feature", "properties": { "Period": "1990-2026", "Area_m2": 5400.0, "Area_ha": 0.54 }, "geometry": { "type": "Polygon", "coordinates": [ [ [ 0.107254119498862, 53.670604396201405 ], [ 0.107227221048842, 53.670065472262365 ], [ 0.107680986304972, 53.670057484905399 ], [ 0.107667534515982, 53.669788022992307 ], [ 0.108121296662745, 53.669780033995181 ], [ 0.108107842200796, 53.669510572145803 ], [ 0.108561601238201, 53.669502581508539 ], [ 0.108588516162636, 53.670041505036238 ], [ 0.108134751342919, 53.670049495830028 ], [ 0.108148206241324, 53.670318957650352 ], [ 0.107694438312146, 53.670326946803975 ], [ 0.107707890537509, 53.670596408687985 ], [ 0.107254119498862, 53.670604396201405 ] ] ] } },
{ "type": "Feature", "properties": { "Period": "1990-2026", "Area_m2": 5400.0, "Area_ha": 0.54 }, "geometry": { "type": "Polygon", "coordinates": [ [ [ 0.108561601238201, 53.669502581508539 ], [ 0.108534687186836, 53.668963657922667 ], [ 0.10898844022386, 53.668955665723573 ], [ 0.108974980634579, 53.6686862039871 ], [ 0.109428730562317, 53.668678210147952 ], [ 0.1094152683004, 53.668408748475251 ], [ 0.10986901511886, 53.668400752996043 ], [ 0.109895945642946, 53.668939676170297 ], [ 0.109442193042579, 53.668947671806116 ], [ 0.109455655741193, 53.669217133449742 ], [ 0.109001900031444, 53.669225127445493 ], [ 0.109015360057339, 53.669494589152876 ], [ 0.108561601238201, 53.669502581508539 ] ] ] } },
{ "type": "Feature", "properties": { "Period": "1990-2026", "Area_m2": 1800.0, "Area_ha": 0.18 }, "geometry": { "type": "Polygon", "coordinates": [ [ [ 0.110309293893593, 53.668123294267922 ], [ 0.110282358898207, 53.667584371163116 ], [ 0.11073609660736, 53.667576372482308 ], [ 0.110763037384354, 53.668115295430447 ], [ 0.110309293893593, 53.668123294267922 ] ] ] } },
{ "type": "Feature", "properties": { "Period": "1990-2026", "Area_m2": 6300.0, "Area_ha": 0.63 }, "geometry": { "type": "Polygon", "coordinates": [ [ [ 0.11073609660736, 53.667576372482308 ], [ 0.110709156704237, 53.667037449475991 ], [ 0.11116288841351, 53.667029449233631 ], [ 0.111135943602996, 53.666490526325866 ], [ 0.112043394803559, 53.666474520999934 ], [ 0.112070351176492, 53.667013443594215 ], [ 0.111616619904277, 53.667021447273029 ], [ 0.111630095527966, 53.667290908626732 ], [ 0.111176361146522, 53.6672989106657 ], [ 0.111189834098044, 53.667568372083231 ], [ 0.11073609660736, 53.667576372482308 ] ] ] } },
{ "type": "Feature", "properties": { "Period": "1990-2026", "Area_m2": 24300.0, "Area_ha": 2.43 }, "geometry": { "type": "Polygon", "coordinates": [ [ [ -0.249585343919216, 53.67365575104904 ], [ -0.249596517501567, 53.673386232659354 ], [ -0.250050413897463, 53.673392866490154 ], [ -0.250072754729976, 53.672853829539349 ], [ -0.249618864122433, 53.672847195838507 ], [ -0.249641210018213, 53.672308158962423 ], [ -0.2491873253801, 53.672301523672019 ], [ -0.249209676338795, 53.671762486870655 ], [ -0.248301919182466, 53.671749211391329 ], [ -0.248290738005861, 53.672018729668871 ], [ -0.247382975787223, 53.672005447181434 ], [ -0.247360601313732, 53.672544483434805 ], [ -0.24781448812036, 53.672551125668441 ], [ -0.24779211870908, 53.673090161996676 ], [ -0.248246011485392, 53.673096802640835 ], [ -0.248223647136675, 53.673635839043918 ], [ -0.249585343919216, 53.67365575104904 ] ] ] } },
{ "type": "Feature", "properties": { "Period": "1990-2026", "Area_m2": 21600.0, "Area_ha": 2.16 }, "geometry": { "type": "Polygon", "coordinates": [ [ [ 0.112043394803559, 53.666474520999934 ], [ 0.112016439304982, 53.665935598347502 ], [ 0.112470158796393, 53.665927593264058 ], [ 0.112443198391314, 53.66538867071025 ], [ 0.112896911883287, 53.665380664065474 ], [ 0.112883429118339, 53.665111202845189 ], [ 0.113337139501318, 53.665103194560736 ], [ 0.113310168846872, 53.664564272233342 ], [ 0.113763873230632, 53.664556262387691 ], [ 0.113736897670646, 53.664017340158999 ], [ 0.114644294221269, 53.664001315627367 ], [ 0.114617307975968, 53.663462393654342 ], [ 0.115071000142953, 53.663454378968474 ], [ 0.115057504458547, 53.663184918038631 ], [ 0.115511193516688, 53.663176901713271 ], [ 0.115538190884371, 53.663715823401404 ], [ 0.115084496046223, 53.663723839883765 ], [ 0.115124985069267, 53.664532222542341 ], [ 0.114671281341877, 53.664540237542177 ], [ 0.114684775230433, 53.664809698477768 ], [ 0.114231068393983, 53.66481771183804 ], [ 0.11424455961111, 53.665087172837538 ], [ 0.11379084966559, 53.66509518455819 ], [ 0.113804338211195, 53.665364645621615 ], [ 0.113350625156597, 53.665372655702619 ], [ 0.113377597123291, 53.665911577942758 ], [ 0.112923878069179, 53.665919586462486 ], [ 0.112937361490133, 53.666189047639165 ], [ 0.11248363932687, 53.666197054519152 ], [ 0.112497120075979, 53.666466515759708 ], [ 0.112043394803559, 53.666474520999934 ] ] ] } },
{ "type": "Feature", "properties": { "Period": "1990-2026", "Area_m2": 12600.0, "Area_ha": 1.26 }, "geometry": { "type": "Polygon", "coordinates": [ [ [ 0.115511193516688, 53.663176901713271 ], [ 0.115484197024629, 53.662637979966959 ], [ 0.115937880084053, 53.662629962080658 ], [ 0.115910878687958, 53.662091040433168 ], [ 0.116364555748826, 53.662083020986024 ], [ 0.116351052489444, 53.661813560218995 ], [ 0.116804726441601, 53.66180553913248 ], [ 0.116777714800437, 53.661266617711846 ], [ 0.117685050489018, 53.661250570699529 ], [ 0.117712073688799, 53.661789491805848 ], [ 0.117258400174734, 53.661797516328114 ], [ 0.117285418471488, 53.662336437533376 ], [ 0.116831738958854, 53.662344460494893 ], [ 0.116845245546026, 53.662613921154282 ], [ 0.116391562924535, 53.662621942476441 ], [ 0.116405066840872, 53.662891403199808 ], [ 0.115951381110514, 53.662899422882568 ], [ 0.115964882355922, 53.663168883669933 ], [ 0.115511193516688, 53.663176901713271 ] ] ] } },
{ "type": "Feature", "properties": { "Period": "1990-2026", "Area_m2": 5400.0, "Area_ha": 0.54 }, "geometry": { "type": "Polygon", "coordinates": [ [ [ -0.244827739325886, 53.667922790649335 ], [ -0.244861343586566, 53.66711423671574 ], [ -0.244407515922775, 53.667107583748908 ], [ -0.244418719872662, 53.66683806580857 ], [ -0.243964895283692, 53.666831411187722 ], [ -0.243931274209419, 53.667639964771709 ], [ -0.244385107477742, 53.667646619588119 ], [ -0.244373902982589, 53.667916137486976 ], [ -0.244827739325886, 53.667922790649335 ] ] ] } },
{ "type": "Feature", "properties": { "Period": "1990-2026", "Area_m2": 2700.0, "Area_ha": 0.27 }, "geometry": { "type": "Polygon", "coordinates": [ [ [ 0.117685050489018, 53.661250570699529 ], [ 0.117644517332634, 53.660442188930872 ], [ 0.118098176179696, 53.660434163083721 ], [ 0.118138718004672, 53.661242544616584 ], [ 0.117685050489018, 53.661250570699529 ] ] ] } },
{ "type": "Feature", "properties": { "Period": "1990-2026", "Area_m2": 1800.0, "Area_ha": 0.18 }, "geometry": { "type": "Polygon", "coordinates": [ [ [ 0.118524802241188, 53.659887214581325 ], [ 0.11849777055146, 53.65934829358563 ], [ 0.11895141740277, 53.659340264617406 ], [ 0.118978454871119, 53.659879185455857 ], [ 0.118524802241188, 53.659887214581325 ] ] ] } },
{ "type": "Feature", "properties": { "Period": "1990-2026", "Area_m2": 4500.0, "Area_ha": 0.45 }, "geometry": { "type": "Polygon", "coordinates": [ [ [ -0.242704354120476, 53.664385777272358 ], [ -0.242726781344542, 53.663846741622969 ], [ -0.243180573567437, 53.663853400683784 ], [ -0.243191784014135, 53.663583882773125 ], [ -0.242737994683737, 53.663577223777516 ], [ -0.242749207841046, 53.663307705918243 ], [ -0.24229542158498, 53.663301045268909 ], [ -0.242250556294346, 53.664379116362056 ], [ -0.242704354120476, 53.664385777272358 ] ] ] } },
{ "type": "Feature", "properties": { "Period": "1990-2026", "Area_m2": 3600.0, "Area_ha": 0.36 }, "geometry": { "type": "Polygon", "coordinates": [ [ [ -0.256805548271111, 53.663782853309925 ], [ -0.256816671760638, 53.663513333436448 ], [ -0.25727046381372, 53.663519939078327 ], [ -0.257292704466484, 53.662980899160544 ], [ -0.256838918198406, 53.66297429364807 ], [ -0.256827795069736, 53.663243813549144 ], [ -0.256374006089606, 53.663237206252965 ], [ -0.25635175350589, 53.663776245884286 ], [ -0.256805548271111, 53.663782853309925 ] ] ] } },
{ "type": "Feature", "properties": { "Period": "1990-2026", "Area_m2": 1800.0, "Area_ha": 0.18 }, "geometry": { "type": "Polygon", "coordinates": [ [ [ 0.116108031260796, 53.656963263923942 ], [ 0.11608103328036, 53.656424341822337 ], [ 0.116534649447702, 53.656416322306654 ], [ 0.116561653205777, 53.656955244251193 ], [ 0.116108031260796, 53.656963263923942 ] ] ] } },
{ "type": "Feature", "properties": { "Period": "1990-2026", "Area_m2": 1800.0, "Area_ha": 0.18 }, "geometry": { "type": "Polygon", "coordinates": [ [ [ 0.120644240852856, 53.656882989905625 ], [ 0.120617185096451, 53.656344069376175 ], [ 0.121070799072419, 53.656336032685118 ], [ 0.121097860606369, 53.656874953057169 ], [ 0.120644240852856, 53.656882989905625 ] ] ] } },
{ "type": "Feature", "properties": { "Period": "1990-2026", "Area_m2": 8100.0, "Area_ha": 0.81 }, "geometry": { "type": "Polygon", "coordinates": [ [ [ 0.111558329568794, 53.656773904356179 ], [ 0.111531389802114, 53.656234980656677 ], [ 0.114253079315812, 53.656186941323 ], [ 0.114280053748201, 53.656725864081601 ], [ 0.113826433598106, 53.656733875087973 ], [ 0.113812949161386, 53.656464413637494 ], [ 0.112452096065869, 53.656488436115907 ], [ 0.112465571836099, 53.656757897801647 ], [ 0.111558329568794, 53.656773904356179 ] ] ] } },
{ "type": "Feature", "properties": { "Period": "1990-2026", "Area_m2": 1800.0, "Area_ha": 0.18 }, "geometry": { "type": "Polygon", "coordinates": [ [ [ -0.252799444745146, 53.661836689271958 ], [ -0.252810593001765, 53.661567169884911 ], [ -0.251903053182137, 53.661553923410438 ], [ -0.251891899141112, 53.661823442667753 ], [ -0.252799444745146, 53.661836689271958 ] ] ] } },
{ "type": "Feature", "properties": { "Period": "1990-2026", "Area_m2": 9000.0, "Area_ha": 0.9 }, "geometry": { "type": "Polygon", "coordinates": [ [ [ -0.246015253468581, 53.661198135310904 ], [ -0.246048826752708, 53.660389579949673 ], [ -0.245141315505973, 53.660376282430377 ], [ -0.245130118808869, 53.660645800767703 ], [ -0.244222602504659, 53.660632496242961 ], [ -0.244200196997545, 53.661171532615477 ], [ -0.246015253468581, 53.661198135310904 ] ] ] } },
{ "type": "Feature", "properties": { "Period": "1990-2026", "Area_m2": 1800.0, "Area_ha": 0.18 }, "geometry": { "type": "Polygon", "coordinates": [ [ [ 0.12235040835287, 53.654695152258256 ], [ 0.122323332998665, 53.654156232125551 ], [ 0.122776922988621, 53.65414818919448 ], [ 0.122804004119583, 53.654687109169672 ], [ 0.12235040835287, 53.654695152258256 ] ] ] } },
{ "type": "Feature", "properties": { "Period": "1990-2026", "Area_m2": 1800.0, "Area_ha": 0.18 }, "geometry": { "type": "Polygon", "coordinates": [ [ [ -0.246060017484389, 53.660120061468284 ], [ -0.246082398403232, 53.659581024464025 ], [ -0.24562865136468, 53.659574376759124 ], [ -0.245606264662154, 53.660113413633148 ], [ -0.246060017484389, 53.660120061468284 ] ] ] } },
{ "type": "Feature", "properties": { "Period": "1990-2026", "Area_m2": 3600.0, "Area_ha": 0.36 }, "geometry": { "type": "Polygon", "coordinates": [ [ [ 0.005264331971353, 53.655634963741107 ], [ 0.005238748994592, 53.655096003976183 ], [ 0.006599648909914, 53.655073200362409 ], [ 0.006612448962684, 53.655342680028717 ], [ 0.005705176781219, 53.655357884304578 ], [ 0.005717971262729, 53.655627364105456 ], [ 0.005264331971353, 53.655634963741107 ] ] ] } },
{ "type": "Feature", "properties": { "Period": "1990-2026", "Area_m2": 4500.0, "Area_ha": 0.45 }, "geometry": { "type": "Polygon", "coordinates": [ [ [ 0.123216969634566, 53.65387068461537 ], [ 0.123176341578649, 53.653062304735954 ], [ 0.123629919576555, 53.653054258685287 ], [ 0.123616374442284, 53.652784798775123 ], [ 0.124069949332465, 53.652776751085952 ], [ 0.124097045596885, 53.653315670734052 ], [ 0.123643464930443, 53.653323718580864 ], [ 0.12367055629709, 53.653862638328334 ], [ 0.123216969634566, 53.65387068461537 ] ] ] } },
{ "type": "Feature", "properties": { "Period": "1990-2026", "Area_m2": 6300.0, "Area_ha": 0.63 }, "geometry": { "type": "Polygon", "coordinates": [ [ [ 0.020169886173038, 53.654035881569939 ], [ 0.020157000277328, 53.653766404087747 ], [ 0.020610615362498, 53.653758748214841 ], [ 0.020597726786742, 53.65348927079328 ], [ 0.022412173481163, 53.653458630425156 ], [ 0.022425073612823, 53.653728107546677 ], [ 0.021517844905825, 53.653743431316073 ], [ 0.021530739468623, 53.6540129085733 ], [ 0.020169886173038, 53.654035881569939 ] ] ] } },
{ "type": "Feature", "properties": { "Period": "1990-2026", "Area_m2": 2700.0, "Area_ha": 0.27 }, "geometry": { "type": "Polygon", "coordinates": [ [ [ -0.23163027703517, 53.657750346630287 ], [ -0.231652840100123, 53.657211313588455 ], [ -0.230745404135125, 53.657197907513137 ], [ -0.230734116911506, 53.657467423909665 ], [ -0.23118783769381, 53.657474127872256 ], [ -0.231176553178486, 53.657743644320597 ], [ -0.23163027703517, 53.657750346630287 ] ] ] } },
{ "type": "Feature", "properties": { "Period": "1990-2026", "Area_m2": 1800.0, "Area_ha": 0.18 }, "geometry": { "type": "Polygon", "coordinates": [ [ [ -0.230269106014228, 53.657730234545497 ], [ -0.230291686427191, 53.657191201897646 ], [ -0.229837968902365, 53.657184494563616 ], [ -0.229815382706747, 53.657723527080073 ], [ -0.230269106014228, 53.657730234545497 ] ] ] } },
{ "type": "Feature", "properties": { "Period": "1990-2026", "Area_m2": 1800.0, "Area_ha": 0.18 }, "geometry": { "type": "Polygon", "coordinates": [ [ [ 0.006082033107832, 53.653733404366214 ], [ 0.006069237189421, 53.653463924539558 ], [ 0.006976468506732, 53.653448717870546 ], [ 0.006989270203303, 53.653718197548308 ], [ 0.006082033107832, 53.653733404366214 ] ] ] } },
{ "type": "Feature", "properties": { "Period": "1990-2026", "Area_m2": 1800.0, "Area_ha": 0.18 }, "geometry": { "type": "Polygon", "coordinates": [ [ [ 0.035527861274701, 53.652427240973999 ], [ 0.035514878207006, 53.652157765978401 ], [ 0.036422065015719, 53.65214233647162 ], [ 0.036435053860698, 53.652411811316099 ], [ 0.035527861274701, 53.652427240973999 ] ] ] } },
{ "type": "Feature", "properties": { "Period": "1990-2026", "Area_m2": 13500.0, "Area_ha": 1.35 }, "geometry": { "type": "Polygon", "coordinates": [ [ [ 0.124056401529746, 53.652507291240028 ], [ 0.124029306583265, 53.651968371504474 ], [ 0.124482872589757, 53.651960322334453 ], [ 0.12446932255807, 53.651690862523637 ], [ 0.124922885456962, 53.651682811715212 ], [ 0.124882228016546, 53.650874432431841 ], [ 0.125335782032264, 53.650866380142723 ], [ 0.125322227103851, 53.650596920431305 ], [ 0.125775778012088, 53.650588866503881 ], [ 0.125748663039249, 53.65004994719505 ], [ 0.126202207952399, 53.650041891708213 ], [ 0.126242889404357, 53.650850270412981 ], [ 0.125789335828216, 53.650858326136444 ], [ 0.125816452119915, 53.651397245357835 ], [ 0.125362892548393, 53.651405299521848 ], [ 0.125390003943623, 53.651944218842672 ], [ 0.12493643837656, 53.651952271447193 ], [ 0.124963544874976, 53.652491190867423 ], [ 0.124056401529746, 53.652507291240028 ] ] ] } },
{ "type": "Feature", "properties": { "Period": "1990-2026", "Area_m2": 4500.0, "Area_ha": 0.45 }, "geometry": { "type": "Polygon", "coordinates": [ [ [ 0.052751283158423, 53.651863430583809 ], [ 0.052712005933245, 53.651055014157414 ], [ 0.05361915934202, 53.651039454579113 ], [ 0.053645355499928, 53.651578398573065 ], [ 0.053191773125003, 53.651586179373282 ], [ 0.053204868634097, 53.651855651424825 ], [ 0.052751283158423, 53.651863430583809 ] ] ] } },
{ "type": "Feature", "properties": { "Period": "1990-2026", "Area_m2": 1800.0, "Area_ha": 0.18 }, "geometry": { "type": "Polygon", "coordinates": [ [ [ 0.126202207952399, 53.650041891708213 ], [ 0.126175088083659, 53.649502972498851 ], [ 0.126628627001881, 53.649494915452699 ], [ 0.126655752645704, 53.650033834504278 ], [ 0.126202207952399, 53.650041891708213 ] ] ] } },
{ "type": "Feature", "properties": { "Period": "1990-2026", "Area_m2": 1800.0, "Area_ha": 0.18 }, "geometry": { "type": "Polygon", "coordinates": [ [ [ 0.126628627001881, 53.649494915452699 ], [ 0.126601502237585, 53.648955996342814 ], [ 0.127055035161038, 53.64894793773739 ], [ 0.127082165700221, 53.649486856689457 ], [ 0.126628627001881, 53.649494915452699 ] ] ] } },
{ "type": "Feature", "properties": { "Period": "1990-2026", "Area_m2": 3600.0, "Area_ha": 0.36 }, "geometry": { "type": "Polygon", "coordinates": [ [ [ -0.307058945897316, 53.656143835183187 ], [ -0.307080545424943, 53.655604780538667 ], [ -0.306626826536946, 53.65559836428897 ], [ -0.306637628929477, 53.655328837008994 ], [ -0.306183913108126, 53.655322419103534 ], [ -0.306162302364925, 53.655861473524062 ], [ -0.306616023969214, 53.655867891555239 ], [ -0.306605221226278, 53.656137418807823 ], [ -0.307058945897316, 53.656143835183187 ] ] ] } },
{ "type": "Feature", "properties": { "Period": "1990-2026", "Area_m2": 1800.0, "Area_ha": 0.18 }, "geometry": { "type": "Polygon", "coordinates": [ [ [ 0.127055035161038, 53.64894793773739 ], [ 0.127027905501531, 53.648409018727001 ], [ 0.127481432430374, 53.64840095856237 ], [ 0.127508567864572, 53.648939877414911 ], [ 0.127055035161038, 53.64894793773739 ] ] ] } },
{ "type": "Feature", "properties": { "Period": "1990-2026", "Area_m2": 5400.0, "Area_ha": 0.54 }, "geometry": { "type": "Polygon", "coordinates": [ [ [ 0.036344136368318, 53.650525487102669 ], [ 0.036305174887433, 53.649717062224035 ], [ 0.036758741980293, 53.649709345574486 ], [ 0.036745752352957, 53.649439870661759 ], [ 0.037199316347045, 53.649432152370423 ], [ 0.037238294525511, 53.650240576838762 ], [ 0.036784721866791, 53.650248295356811 ], [ 0.036797712125962, 53.650517770226415 ], [ 0.036344136368318, 53.650525487102669 ] ] ] } },
{ "type": "Feature", "properties": { "Period": "1990-2026", "Area_m2": 3600.0, "Area_ha": 0.36 }, "geometry": { "type": "Polygon", "coordinates": [ [ [ -0.306183913108126, 53.655322419103534 ], [ -0.306205523150354, 53.654783364628109 ], [ -0.30529810359891, 53.654770523912909 ], [ -0.305276481991203, 53.655309578136759 ], [ -0.306183913108126, 53.655322419103534 ] ] ] } },
{ "type": "Feature", "properties": { "Period": "1990-2026", "Area_m2": 9900.0, "Area_ha": 0.99 }, "geometry": { "type": "Polygon", "coordinates": [ [ [ 0.014131513252537, 53.651170988786006 ], [ 0.014118667206111, 53.650901510173014 ], [ 0.013211494539651, 53.650916770462366 ], [ 0.013185814625711, 53.650377812894497 ], [ 0.012732233757217, 53.650385440313535 ], [ 0.012706560452862, 53.64984648253899 ], [ 0.01361371042796, 53.649831226282245 ], [ 0.01362655275288, 53.650100705027306 ], [ 0.014080130316521, 53.650093074248062 ], [ 0.01410582136797, 53.650632031545697 ], [ 0.014559404500264, 53.650624398899531 ], [ 0.014585102161943, 53.651163355990356 ], [ 0.014131513252537, 53.651170988786006 ] ] ] } },
{ "type": "Feature", "properties": { "Period": "1990-2026", "Area_m2": 7200.0, "Area_ha": 0.72 }, "geometry": { "type": "Polygon", "coordinates": [ [ [ 0.053994135021814, 53.649414840343262 ], [ 0.053981035647503, 53.649145368314372 ], [ 0.055341702879847, 53.649122012515271 ], [ 0.055328595054104, 53.648852540700659 ], [ 0.056235699703969, 53.648836961734141 ], [ 0.056248813305562, 53.649106433396199 ], [ 0.056702368199523, 53.649098641260757 ], [ 0.056715484901694, 53.6493681128321 ], [ 0.053994135021814, 53.649414840343262 ] ] ] } },
{ "type": "Feature", "properties": { "Period": "1990-2026", "Area_m2": 1800.0, "Area_ha": 0.18 }, "geometry": { "type": "Polygon", "coordinates": [ [ [ 0.057155922880826, 53.649090847408054 ], [ 0.057142803503402, 53.648821375898599 ], [ 0.058049906452031, 53.648805783194085 ], [ 0.058063031605269, 53.649075254550851 ], [ 0.057155922880826, 53.649090847408054 ] ] ] } },
{ "type": "Feature", "properties": { "Period": "1990-2026", "Area_m2": 1800.0, "Area_ha": 0.18 }, "geometry": { "type": "Polygon", "coordinates": [ [ [ 0.127907818810393, 53.64785397792776 ], [ 0.127880679361497, 53.64731505911648 ], [ 0.1283341943016, 53.647306995833645 ], [ 0.128361339524793, 53.647845914487021 ], [ 0.127907818810393, 53.64785397792776 ] ] ] } },
{ "type": "Feature", "properties": { "Period": "1990-2026", "Area_m2": 4500.0, "Area_ha": 0.45 }, "geometry": { "type": "Polygon", "coordinates": [ [ [ 0.056676135433155, 53.64855969807482 ], [ 0.056663019368947, 53.64829022646019 ], [ 0.05711656538665, 53.648282432836439 ], [ 0.057103446647314, 53.648012961283726 ], [ 0.057556989564556, 53.648005166019097 ], [ 0.057543868150185, 53.647735694528272 ], [ 0.057997407966976, 53.647727897622779 ], [ 0.058023656783934, 53.648266840437294 ], [ 0.057570111191661, 53.648274637495476 ], [ 0.057583233031505, 53.648544108957431 ], [ 0.056676135433155, 53.64855969807482 ] ] ] } },
{ "type": "Feature", "properties": { "Period": "1990-2026", "Area_m2": 4500.0, "Area_ha": 0.45 }, "geometry": { "type": "Polygon", "coordinates": [ [ [ -0.244989880408095, 53.65309263251784 ], [ -0.245012269235163, 53.65255359518541 ], [ -0.24410492677023, 53.652540291132915 ], [ -0.244093726666293, 53.65280980967573 ], [ -0.243640052815668, 53.65280315500685 ], [ -0.24362884963947, 53.653072673470675 ], [ -0.244989880408095, 53.65309263251784 ] ] ] } },
{ "type": "Feature", "properties": { "Period": "1990-2026", "Area_m2": 3600.0, "Area_ha": 0.36 }, "geometry": { "type": "Polygon", "coordinates": [ [ [ -0.242312666807324, 53.651974625802914 ], [ -0.242335088867105, 53.651435589142089 ], [ -0.241881430195841, 53.651428927926219 ], [ -0.241892643843359, 53.651159409640293 ], [ -0.24143898824427, 53.65115274677148 ], [ -0.241416554986687, 53.65169178319897 ], [ -0.241870216366475, 53.651698446198317 ], [ -0.241859002355257, 53.651967964456567 ], [ -0.242312666807324, 53.651974625802914 ] ] ] } },
{ "type": "Feature", "properties": { "Period": "1990-2026", "Area_m2": 577800.0, "Area_ha": 57.78 }, "geometry": { "type": "Polygon", "coordinates": [ [ [ 0.050561826120878, 53.653519135364348 ], [ 0.050548746670014, 53.653249662942457 ], [ 0.05009514547838, 53.653257432177099 ], [ 0.050082069128275, 53.652987959664728 ], [ 0.049628470613302, 53.652995727105775 ], [ 0.049615397363861, 53.652726254502937 ], [ 0.044172233327488, 53.652819328916109 ], [ 0.044185271912864, 53.653088802430389 ], [ 0.04237086557678, 53.653119772577135 ], [ 0.04235783854624, 53.65285029875956 ], [ 0.041450639888088, 53.652865773376057 ], [ 0.041437618846124, 53.65259629939257 ], [ 0.040984022089012, 53.652604034048757 ], [ 0.04097100414681, 53.652334559975145 ], [ 0.040063815776684, 53.652350023983502 ], [ 0.040050803822749, 53.652080549744049 ], [ 0.039143620385912, 53.652096006730972 ], [ 0.039156626562637, 53.652365481121791 ], [ 0.037342245604269, 53.652396374788111 ], [ 0.037329250982023, 53.652126900094771 ], [ 0.037782843649155, 53.652119179330072 ], [ 0.037769846349025, 53.651849704697973 ], [ 0.035501895349819, 53.651888290968429 ], [ 0.035488912703136, 53.651618815944097 ], [ 0.034581736606715, 53.65163423827876 ], [ 0.034594713476282, 53.651903713454132 ], [ 0.033687530761104, 53.651919129069803 ], [ 0.033674559668672, 53.651649653743476 ], [ 0.03231379268438, 53.651672764059377 ], [ 0.032300830467857, 53.651403288492368 ], [ 0.029579308157203, 53.651449462299546 ], [ 0.02959225304241, 53.651718938318702 ], [ 0.029138662367188, 53.651726628017336 ], [ 0.029151604573671, 53.651996104097449 ], [ 0.027790822623248, 53.652019163114069 ], [ 0.027816690333599, 53.652558115682808 ], [ 0.027363090153235, 53.652565798737086 ], [ 0.027376021434211, 53.652835275075148 ], [ 0.026922418155399, 53.652842956487099 ], [ 0.026935346757225, 53.653112432886019 ], [ 0.026481740379953, 53.653120112655586 ], [ 0.026494666302537, 53.653389589115356 ], [ 0.022412173481163, 53.653458630425156 ], [ 0.022399273558675, 53.65318915328929 ], [ 0.025120919990797, 53.653143141658646 ], [ 0.025108002944317, 53.65287366495901 ], [ 0.026468814666956, 53.652850636181455 ], [ 0.026442963869705, 53.652311683190128 ], [ 0.026896561580627, 53.652304003646172 ], [ 0.026883633607675, 53.652034527204165 ], [ 0.027337228220293, 53.652026846017868 ], [ 0.027324297568318, 53.651757369636734 ], [ 0.027777889082639, 53.651749686808166 ], [ 0.027764955751735, 53.651480210487883 ], [ 0.028672132374056, 53.651464839828691 ], [ 0.028659193475785, 53.65119536364459 ], [ 0.029566363481882, 53.651179986266008 ], [ 0.029553419016445, 53.650910510218111 ], [ 0.032728487204837, 53.650856635820347 ], [ 0.032741451889472, 53.65112611134068 ], [ 0.033195035107234, 53.651118408052923 ], [ 0.033208002890565, 53.651387883483444 ], [ 0.037743852380971, 53.651310755390597 ], [ 0.037756849259631, 53.651580230051479 ], [ 0.039117608665106, 53.651557057906203 ], [ 0.03913061442007, 53.651826532325785 ], [ 0.040037792079789, 53.651811075490215 ], [ 0.040024780547801, 53.651541601221993 ], [ 0.04047836617272, 53.651533870303687 ], [ 0.04046535196324, 53.651264396096792 ], [ 0.040011769226778, 53.651272126939382 ], [ 0.039933705730688, 53.649655280941595 ], [ 0.039480140113061, 53.649663009612652 ], [ 0.03944111987696, 53.648854586192456 ], [ 0.04080179010423, 53.648831395708555 ], [ 0.040788775116643, 53.648561921433462 ], [ 0.041695881770536, 53.648546452675859 ], [ 0.041682861218093, 53.648276978537865 ], [ 0.042589961251727, 53.648261503062692 ], [ 0.042576935134629, 53.64799202906184 ], [ 0.043030481946811, 53.647984288824176 ], [ 0.043017453153076, 53.647714814884708 ], [ 0.043470996866206, 53.647707073005584 ], [ 0.043444934136921, 53.647168125235119 ], [ 0.045259083774315, 53.647137141153394 ], [ 0.045246041175907, 53.646867667549941 ], [ 0.046153108950763, 53.646852165357807 ], [ 0.046127012837957, 53.646313218411308 ], [ 0.047034068216346, 53.646297709654263 ], [ 0.047047121942081, 53.646567182982857 ], [ 0.048407712084965, 53.646543906741002 ], [ 0.048394649696612, 53.646274433640329 ], [ 0.049301702958033, 53.646258907712145 ], [ 0.049327839496711, 53.646797853595032 ], [ 0.050688435125008, 53.646774551368082 ], [ 0.050701512374976, 53.647044024059731 ], [ 0.051608580842399, 53.647028480503863 ], [ 0.051647831190557, 53.647836898035763 ], [ 0.052101373769182, 53.647829123453718 ], [ 0.052127547504157, 53.648368068250647 ], [ 0.051673999149929, 53.648375842984947 ], [ 0.051713252679981, 53.649184260300629 ], [ 0.052620366503752, 53.649168708657967 ], [ 0.052633457214071, 53.649438180915418 ], [ 0.053994135021814, 53.649414840343262 ], [ 0.054007234608508, 53.649684312357742 ], [ 0.053553672663541, 53.649692094341965 ], [ 0.053566769574537, 53.64996156641822 ], [ 0.052659639271441, 53.649977125387075 ], [ 0.05268582217782, 53.650516069801071 ], [ 0.05223225093153, 53.650523846861823 ], [ 0.052245339814868, 53.650793319123338 ], [ 0.051791765468119, 53.65080109454285 ], [ 0.051817938094829, 53.651340039174954 ], [ 0.052271518218209, 53.651332263603152 ], [ 0.05232387757167, 53.652410152389834 ], [ 0.051870285894469, 53.652417928266189 ], [ 0.051883373374868, 53.652687400502977 ], [ 0.05142977859689, 53.652695174737957 ], [ 0.051469033645325, 53.653503591590209 ], [ 0.050561826120878, 53.653519135364348 ] ] ] } },
{ "type": "Feature", "properties": { "Period": "1990-2026", "Area_m2": 12600.0, "Area_ha": 1.26 }, "geometry": { "type": "Polygon", "coordinates": [ [ [ 0.055755926695654, 53.648305808556081 ], [ 0.055742816619651, 53.648036336774439 ], [ 0.055289272851942, 53.648044125170287 ], [ 0.055249952562278, 53.647235709510142 ], [ 0.054796417245164, 53.647243495960033 ], [ 0.054783313794527, 53.646974023968234 ], [ 0.055236846224036, 53.646966237594569 ], [ 0.055197528484179, 53.646157821761371 ], [ 0.055651052038686, 53.646150033899353 ], [ 0.055664160626959, 53.646419505781914 ], [ 0.056117686856408, 53.646411716126543 ], [ 0.0561307985447, 53.646681187918404 ], [ 0.056584327449081, 53.646673396469645 ], [ 0.056597442237489, 53.64694286817079 ], [ 0.056143910445564, 53.646950659695847 ], [ 0.056157022559003, 53.647220131458887 ], [ 0.055703487666907, 53.647227921343081 ], [ 0.055729706756196, 53.647766864978415 ], [ 0.056183247423624, 53.647759074941654 ], [ 0.0562094731386, 53.648298018366738 ], [ 0.055755926695654, 53.648305808556081 ] ] ] } },
{ "type": "Feature", "properties": { "Period": "1990-2026", "Area_m2": 1800.0, "Area_ha": 0.18 }, "geometry": { "type": "Polygon", "coordinates": [ [ [ 0.052942998789004, 53.646466207655003 ], [ 0.052929907525563, 53.646196735315137 ], [ 0.053836956546039, 53.646181175044916 ], [ 0.053850053584442, 53.646450647232399 ], [ 0.052942998789004, 53.646466207655003 ] ] ] } },
{ "type": "Feature", "properties": { "Period": "1990-2026", "Area_m2": 3600.0, "Area_ha": 0.36 }, "geometry": { "type": "Polygon", "coordinates": [ [ [ 0.129586096423852, 53.645127122382327 ], [ 0.129531781018328, 53.644049285381769 ], [ 0.129985260436396, 53.644041216179318 ], [ 0.130039587388383, 53.645119052863834 ], [ 0.129586096423852, 53.645127122382327 ] ] ] } },
{ "type": "Feature", "properties": { "Period": "1990-2026", "Area_m2": 6300.0, "Area_ha": 0.63 }, "geometry": { "type": "Polygon", "coordinates": [ [ [ 0.129985260436396, 53.644041216179318 ], [ 0.129944517534095, 53.643232838512795 ], [ 0.13039798807266, 53.643224767830695 ], [ 0.130357238492741, 53.642416390269972 ], [ 0.130810700152207, 53.642408318108281 ], [ 0.130865044911113, 53.643486154510583 ], [ 0.130411571706344, 53.64349422698843 ], [ 0.130438739634304, 53.644033145260124 ], [ 0.129985260436396, 53.644041216179318 ] ] ] } },
{ "type": "Feature", "properties": { "Period": "1990-2026", "Area_m2": 2700.0, "Area_ha": 0.27 }, "geometry": { "type": "Polygon", "coordinates": [ [ [ -0.249727614488488, 53.648307701292936 ], [ -0.249738776827519, 53.648038181734407 ], [ -0.249285152824514, 53.648031548854739 ], [ -0.249296317872329, 53.647762029347334 ], [ -0.248842696940154, 53.647755394814624 ], [ -0.248820360883865, 53.648294433685621 ], [ -0.249727614488488, 53.648307701292936 ] ] ] } },
{ "type": "Feature", "properties": { "Period": "1990-2026", "Area_m2": 1800.0, "Area_ha": 0.18 }, "geometry": { "type": "Polygon", "coordinates": [ [ [ -0.252482814102697, 53.64753890299658 ], [ -0.2524939585605, 53.647269383007206 ], [ -0.251586725903205, 53.64725613653534 ], [ -0.251575575665974, 53.647525656394976 ], [ -0.252482814102697, 53.64753890299658 ] ] ] } },
{ "type": "Feature", "properties": { "Period": "1990-2026", "Area_m2": 1800.0, "Area_ha": 0.18 }, "geometry": { "type": "Polygon", "coordinates": [ [ [ -0.239327927708624, 53.647346154683753 ], [ -0.239339155966579, 53.647076636582071 ], [ -0.238431933832469, 53.647063290468708 ], [ -0.238420699795316, 53.647332808439707 ], [ -0.239327927708624, 53.647346154683753 ] ] ] } },
{ "type": "Feature", "properties": { "Period": "1990-2026", "Area_m2": 2700.0, "Area_ha": 0.27 }, "geometry": { "type": "Polygon", "coordinates": [ [ [ 0.130769943895395, 53.641599940653421 ], [ 0.130729189620468, 53.640791563067282 ], [ 0.13118263374318, 53.640783489663235 ], [ 0.131223396676161, 53.641591867012245 ], [ 0.130769943895395, 53.641599940653421 ] ] ] } },
{ "type": "Feature", "properties": { "Period": "1990-2026", "Area_m2": 1800.0, "Area_ha": 0.18 }, "geometry": { "type": "Polygon", "coordinates": [ [ [ -0.253401191940631, 53.647282622607143 ], [ -0.253412330438376, 53.647013102474276 ], [ -0.252505102837595, 53.646999863003998 ], [ -0.2524939585605, 53.647269383007206 ], [ -0.253401191940631, 53.647282622607143 ] ] ] } },
{ "type": "Feature", "properties": { "Period": "1990-2026", "Area_m2": 1800.0, "Area_ha": 0.18 }, "geometry": { "type": "Polygon", "coordinates": [ [ [ -0.24886503227208, 53.647216355888347 ], [ -0.248876199666416, 53.646946836404474 ], [ -0.247968975683478, 53.64693356257505 ], [ -0.247957802509872, 53.647203081928915 ], [ -0.24886503227208, 53.647216355888347 ] ] ] } },
{ "type": "Feature", "properties": { "Period": "1990-2026", "Area_m2": 4500.0, "Area_ha": 0.45 }, "geometry": { "type": "Polygon", "coordinates": [ [ [ -0.248002494117278, 53.646125004430495 ], [ -0.248024838833999, 53.645585965598364 ], [ -0.247117644470625, 53.64557268554745 ], [ -0.247128822335947, 53.645303166240708 ], [ -0.246675228315448, 53.645296523703529 ], [ -0.246652866624828, 53.64583556217309 ], [ -0.247560066404534, 53.645848845789807 ], [ -0.247548891066153, 53.646118365133937 ], [ -0.248002494117278, 53.646125004430495 ] ] ] } },
{ "type": "Feature", "properties": { "Period": "1990-2026", "Area_m2": 2700.0, "Area_ha": 0.27 }, "geometry": { "type": "Polygon", "coordinates": [ [ [ -0.250292827911795, 53.64561913566299 ], [ -0.250315143010532, 53.645080096125888 ], [ -0.2494079583937, 53.645066833513411 ], [ -0.24939679515615, 53.645336353158982 ], [ -0.249850390263405, 53.645342985389092 ], [ -0.249839229734211, 53.645612505085793 ], [ -0.250292827911795, 53.64561913566299 ] ] ] } },
{ "type": "Feature", "properties": { "Period": "1990-2026", "Area_m2": 2700.0, "Area_ha": 0.27 }, "geometry": { "type": "Polygon", "coordinates": [ [ [ -0.251653623529878, 53.645639017087333 ], [ -0.251664772501575, 53.645369497130972 ], [ -0.252118368513171, 53.645376120771772 ], [ -0.252129514414756, 53.645106600736746 ], [ -0.251222328351008, 53.645093351866997 ], [ -0.251200024809676, 53.645632391663746 ], [ -0.251653623529878, 53.645639017087333 ] ] ] } },
{ "type": "Feature", "properties": { "Period": "1990-2026", "Area_m2": 1800.0, "Area_ha": 0.18 }, "geometry": { "type": "Polygon", "coordinates": [ [ [ -0.251222328351008, 53.645093351866997 ], [ -0.25124463116907, 53.644554312014989 ], [ -0.250791044186918, 53.644547685133148 ], [ -0.250768735590338, 53.645086724855361 ], [ -0.251222328351008, 53.645093351866997 ] ] ] } },
{ "type": "Feature", "properties": { "Period": "1990-2026", "Area_m2": 1800.0, "Area_ha": 0.18 }, "geometry": { "type": "Polygon", "coordinates": [ [ [ 0.131513774767646, 53.638350282419552 ], [ 0.131486598773132, 53.637811364009508 ], [ 0.131940010712816, 53.637803288042221 ], [ 0.131967192478274, 53.638342206294112 ], [ 0.131513774767646, 53.638350282419552 ] ] ] } },
{ "type": "Feature", "properties": { "Period": "1990-2026", "Area_m2": 5400.0, "Area_ha": 0.54 }, "geometry": { "type": "Polygon", "coordinates": [ [ [ -0.245891080714624, 53.642318522336339 ], [ -0.245902265071623, 53.642049003058901 ], [ -0.244995147636623, 53.642035707522204 ], [ -0.245006337589724, 53.641766188361139 ], [ -0.243645671464187, 53.641746232369265 ], [ -0.243634472844958, 53.642015751334888 ], [ -0.244541589191243, 53.642029057177382 ], [ -0.244530396167953, 53.642298576259485 ], [ -0.245891080714624, 53.642318522336339 ] ] ] } },
{ "type": "Feature", "properties": { "Period": "1990-2026", "Area_m2": 18900.0, "Area_ha": 1.89 }, "geometry": { "type": "Polygon", "coordinates": [ [ [ -0.336585789101409, 53.644152454250786 ], [ -0.336596395970632, 53.643882922319563 ], [ -0.337049996066238, 53.643889224076901 ], [ -0.337060599873884, 53.643619692070331 ], [ -0.336607002667867, 53.643613390374696 ], [ -0.336649427737008, 53.642535262458587 ], [ -0.336195842260851, 53.642528959291923 ], [ -0.336217059542253, 53.64198989537536 ], [ -0.335309900663323, 53.641977284135415 ], [ -0.335299286330029, 53.642246815977032 ], [ -0.3348457042594, 53.642240507718498 ], [ -0.334824469297764, 53.642779571237178 ], [ -0.335278057147121, 53.642785879619247 ], [ -0.335267442297501, 53.64305541141988 ], [ -0.33572103320841, 53.643061718145809 ], [ -0.335678583646945, 53.644139845458689 ], [ -0.336585789101409, 53.644152454250786 ] ] ] } },
{ "type": "Feature", "properties": { "Period": "1990-2026", "Area_m2": 1800.0, "Area_ha": 0.18 }, "geometry": { "type": "Polygon", "coordinates": [ [ [ -0.212849925016783, 53.640211692194654 ], [ -0.21286131913492, 53.639942177629919 ], [ -0.211954263090672, 53.63992863212242 ], [ -0.211942863196148, 53.640198146554511 ], [ -0.212849925016783, 53.640211692194654 ] ] ] } },
{ "type": "Feature", "properties": { "Period": "1990-2026", "Area_m2": 15300.0, "Area_ha": 1.53 }, "geometry": { "type": "Polygon", "coordinates": [ [ [ 0.131912829828487, 53.637264369731959 ], [ 0.131872060154028, 53.63645599215716 ], [ 0.132325457446912, 53.636447914868953 ], [ 0.132298272994957, 53.635908996570969 ], [ 0.132751664297266, 53.63590091772469 ], [ 0.132724474956409, 53.635361999526523 ], [ 0.133177860268301, 53.635353919122259 ], [ 0.133137069254732, 53.634545541952946 ], [ 0.133590445691498, 53.634537460069851 ], [ 0.133549648006882, 53.633729083006557 ], [ 0.134003015568924, 53.633720999644758 ], [ 0.134057424461737, 53.6347988353834 ], [ 0.133604045360519, 53.634806919061752 ], [ 0.133644845690096, 53.635615295949925 ], [ 0.133191457713574, 53.635623378149511 ], [ 0.13321865326528, 53.636162296160272 ], [ 0.132765259298206, 53.636170376801871 ], [ 0.13279244996113, 53.636709294912507 ], [ 0.132339050003345, 53.636717373996042 ], [ 0.132366235777143, 53.637256292206501 ], [ 0.131912829828487, 53.637264369731959 ] ] ] } },
{ "type": "Feature", "properties": { "Period": "1990-2026", "Area_m2": 6300.0, "Area_ha": 0.63 }, "geometry": { "type": "Polygon", "coordinates": [ [ [ -0.277264164597135, 53.640886348977581 ], [ -0.277297115390438, 53.640077777462061 ], [ -0.276843570179053, 53.640071249648514 ], [ -0.27685455630924, 53.639801725846411 ], [ -0.276401014164543, 53.639795196379232 ], [ -0.276357057020513, 53.640873291249292 ], [ -0.277264164597135, 53.640886348977581 ] ] ] } },
{ "type": "Feature", "properties": { "Period": "1990-2026", "Area_m2": 5400.0, "Area_ha": 0.54 }, "geometry": { "type": "Polygon", "coordinates": [ [ [ 0.130843019707288, 53.634047006649844 ], [ 0.130829438007934, 53.633777547139687 ], [ 0.130376068904094, 53.633785618488908 ], [ 0.130348911935106, 53.63324669926682 ], [ 0.131255638383926, 53.633230555168382 ], [ 0.131269222527711, 53.63350001462868 ], [ 0.131722588306569, 53.63349193992633 ], [ 0.131736175555215, 53.633761399292986 ], [ 0.131282806891656, 53.633769474074377 ], [ 0.131296391475764, 53.634038933505494 ], [ 0.130843019707288, 53.634047006649844 ] ] ] } },
{ "type": "Feature", "properties": { "Period": "1990-2026", "Area_m2": 12600.0, "Area_ha": 1.26 }, "geometry": { "type": "Polygon", "coordinates": [ [ [ -0.299477679426061, 53.641473644019989 ], [ -0.299488521826118, 53.641204117097047 ], [ -0.299034959277576, 53.641197673257963 ], [ -0.299056649328068, 53.640658619497067 ], [ -0.298149536314033, 53.640645726918308 ], [ -0.298171237216308, 53.640106673355007 ], [ -0.297264136461057, 53.640093774158174 ], [ -0.297274992425715, 53.639824247482252 ], [ -0.296367898151895, 53.63981134154124 ], [ -0.296357036409854, 53.64008086809077 ], [ -0.296810586347426, 53.640087321983295 ], [ -0.296799727318016, 53.640356848582279 ], [ -0.297253280320388, 53.640363300820347 ], [ -0.297242424003703, 53.640632827468814 ], [ -0.297695980070882, 53.64063927805239 ], [ -0.297685126467016, 53.640908804750282 ], [ -0.29813868559901, 53.640915253679353 ], [ -0.298127834708056, 53.641184780426663 ], [ -0.298581396904872, 53.641191227701171 ], [ -0.298570548726925, 53.641460754497892 ], [ -0.299477679426061, 53.641473644019989 ] ] ] } },
{ "type": "Feature", "properties": { "Period": "1990-2026", "Area_m2": 1800.0, "Area_ha": 0.18 }, "geometry": { "type": "Polygon", "coordinates": [ [ [ -0.284553862958766, 53.640181988885146 ], [ -0.284575736829357, 53.639642939098238 ], [ -0.284122194551629, 53.639636438893668 ], [ -0.28410031490382, 53.640175488553261 ], [ -0.284553862958766, 53.640181988885146 ] ] ] } },
{ "type": "Feature", "properties": { "Period": "1990-2026", "Area_m2": 2700.0, "Area_ha": 0.27 }, "geometry": { "type": "Polygon", "coordinates": [ [ [ -0.237397061185094, 53.63922723692442 ], [ -0.237419535480235, 53.638688200530545 ], [ -0.236966014786967, 53.638681521771076 ], [ -0.236954774842354, 53.638951039909543 ], [ -0.236501251443181, 53.638944359367223 ], [ -0.236490008428168, 53.639213877426442 ], [ -0.237397061185094, 53.63922723692442 ] ] ] } },
{ "type": "Feature", "properties": { "Period": "1990-2026", "Area_m2": 14400.0, "Area_ha": 1.44 }, "geometry": { "type": "Polygon", "coordinates": [ [ [ -0.287275155010638, 53.640220954806487 ], [ -0.287286074702715, 53.639951429538321 ], [ -0.288193167692871, 53.639964404310703 ], [ -0.288214994991541, 53.639425353478984 ], [ -0.287761454185154, 53.639418867078625 ], [ -0.287772370457602, 53.639149341705654 ], [ -0.28731883271672, 53.639142853651265 ], [ -0.287329751700659, 53.638873328328081 ], [ -0.286422682526964, 53.63886034719377 ], [ -0.286411757766091, 53.639129872389823 ], [ -0.285958220556437, 53.639123379182784 ], [ -0.285947292729934, 53.639392904301495 ], [ -0.286400832828096, 53.639399397572134 ], [ -0.286368056951337, 53.640207973036517 ], [ -0.287275155010638, 53.640220954806487 ] ] ] } },
{ "type": "Feature", "properties": { "Period": "1990-2026", "Area_m2": 5400.0, "Area_ha": 0.54 }, "geometry": { "type": "Polygon", "coordinates": [ [ [ -0.296367898151895, 53.63981134154124 ], [ -0.296400482321428, 53.639002761810247 ], [ -0.295039868228877, 53.638983390585693 ], [ -0.295028998349501, 53.639252916986727 ], [ -0.295482539092722, 53.639259375842393 ], [ -0.295471671925697, 53.63952890229293 ], [ -0.295925215733693, 53.639535359494253 ], [ -0.295914351279114, 53.639804885994316 ], [ -0.296367898151895, 53.63981134154124 ] ] ] } },
{ "type": "Feature", "properties": { "Period": "1990-2026", "Area_m2": 9000.0, "Area_ha": 0.9 }, "geometry": { "type": "Polygon", "coordinates": [ [ [ -0.207011192876035, 53.638775954091706 ], [ -0.207034054166201, 53.638236926536209 ], [ -0.207487562732463, 53.638243718641114 ], [ -0.207498990211763, 53.637974204776015 ], [ -0.20704548453332, 53.637967412737602 ], [ -0.207056914715135, 53.637697898925104 ], [ -0.206603412109766, 53.637691105235938 ], [ -0.206591979040183, 53.637960618981914 ], [ -0.205231463673065, 53.637940227411136 ], [ -0.205208579650854, 53.638479254461991 ], [ -0.205662090363452, 53.638486053502689 ], [ -0.205673529579454, 53.638216539917636 ], [ -0.20612703758965, 53.638223337174459 ], [ -0.206115601261502, 53.638492850826076 ], [ -0.206569112344959, 53.638499646432152 ], [ -0.20655767871931, 53.638769160136427 ], [ -0.207011192876035, 53.638775954091706 ] ] ] } },
{ "type": "Feature", "properties": { "Period": "1990-2026", "Area_m2": 1800.0, "Area_ha": 0.18 }, "geometry": { "type": "Polygon", "coordinates": [ [ [ -0.235616702227304, 53.638391957232244 ], [ -0.235627950471563, 53.638122439262403 ], [ -0.234720922277954, 53.638109066548751 ], [ -0.234709668257654, 53.638378584387631 ], [ -0.235616702227304, 53.638391957232244 ] ] ] } },
{ "type": "Feature", "properties": { "Period": "1990-2026", "Area_m2": 1800.0, "Area_ha": 0.18 }, "geometry": { "type": "Polygon", "coordinates": [ [ [ -0.238349039427426, 53.638162516186497 ], [ -0.238371500713295, 53.637623479420384 ], [ -0.237917991207809, 53.637616804357208 ], [ -0.237895524145989, 53.638155840992596 ], [ -0.238349039427426, 53.638162516186497 ] ] ] } },
{ "type": "Feature", "properties": { "Period": "1990-2026", "Area_m2": 1800.0, "Area_ha": 0.18 }, "geometry": { "type": "Polygon", "coordinates": [ [ [ -0.208417423642856, 53.637718269688996 ], [ -0.208440266124347, 53.63717924162335 ], [ -0.207986768738639, 53.637172453218945 ], [ -0.207963920481727, 53.637711481151641 ], [ -0.208417423642856, 53.637718269688996 ] ] ] } },
{ "type": "Feature", "properties": { "Period": "1990-2026", "Area_m2": 1800.0, "Area_ha": 0.18 }, "geometry": { "type": "Polygon", "coordinates": [ [ [ 0.129841248621506, 53.632176929806725 ], [ 0.129814100061957, 53.631638010251628 ], [ 0.130267446309444, 53.631629941250488 ], [ 0.13029460063782, 53.63216886064761 ], [ 0.129841248621506, 53.632176929806725 ] ] ] } },
{ "type": "Feature", "properties": { "Period": "1990-2026", "Area_m2": 1800.0, "Area_ha": 0.18 }, "geometry": { "type": "Polygon", "coordinates": [ [ [ -0.239278520270422, 53.637636824394733 ], [ -0.239289744864431, 53.637367305860231 ], [ -0.238382731083128, 53.637353961016565 ], [ -0.238371500713295, 53.637623479420384 ], [ -0.239278520270422, 53.637636824394733 ] ] ] } },
{ "type": "Feature", "properties": { "Period": "1990-2026", "Area_m2": 1800.0, "Area_ha": 0.18 }, "geometry": { "type": "Polygon", "coordinates": [ [ [ -0.205277229491621, 53.636862173142568 ], [ -0.205288670482561, 53.636592659540703 ], [ -0.204381690041768, 53.636579057239786 ], [ -0.204370243275699, 53.636848570708473 ], [ -0.205277229491621, 53.636862173142568 ] ] ] } },
{ "type": "Feature", "properties": { "Period": "1990-2026", "Area_m2": 1800.0, "Area_ha": 0.18 }, "geometry": { "type": "Polygon", "coordinates": [ [ [ -0.239743252028061, 53.637373975706062 ], [ -0.239765694894482, 53.636834938464943 ], [ -0.239312193506547, 53.636828268749738 ], [ -0.239289744864431, 53.637367305860231 ], [ -0.239743252028061, 53.637373975706062 ] ] ] } },
{ "type": "Feature", "properties": { "Period": "1990-2026", "Area_m2": 20700.0, "Area_ha": 2.07 }, "geometry": { "type": "Polygon", "coordinates": [ [ [ 0.134003015568924, 53.633720999644758 ], [ 0.133962211213986, 53.632912622687535 ], [ 0.134415569901705, 53.632904537847132 ], [ 0.134374758877168, 53.632096160996014 ], [ 0.134828108690966, 53.632088074677064 ], [ 0.134814502572661, 53.63181861577668 ], [ 0.135267849281569, 53.631810527820917 ], [ 0.135227023596783, 53.631002151269712 ], [ 0.135680361432284, 53.630994061835587 ], [ 0.135639529079879, 53.630185685390607 ], [ 0.13654618678426, 53.630169501849942 ], [ 0.136587036441495, 53.630977877819632 ], [ 0.136133699047204, 53.630985970685572 ], [ 0.136160927486891, 53.631524888084151 ], [ 0.135707584103456, 53.631532979392595 ], [ 0.135734807656993, 53.632071896891226 ], [ 0.135281458284257, 53.632079986642118 ], [ 0.135322286615669, 53.632888363018175 ], [ 0.134868928368947, 53.632896451290662 ], [ 0.134882535369312, 53.633165910132654 ], [ 0.134429174017494, 53.633173996768278 ], [ 0.134456382910521, 53.633712914566864 ], [ 0.134003015568924, 53.633720999644758 ] ] ] } },
{ "type": "Feature", "properties": { "Period": "1990-2026", "Area_m2": 18900.0, "Area_ha": 1.89 }, "geometry": { "type": "Polygon", "coordinates": [ [ [ -0.224324110829298, 53.63714623753512 ], [ -0.224335430538832, 53.636876721151566 ], [ -0.224788928785045, 53.6368834476026 ], [ -0.224800245423379, 53.636613931139323 ], [ -0.225707236690748, 53.6366273787579 ], [ -0.225718547370321, 53.636357862149083 ], [ -0.226625533595827, 53.636371302767039 ], [ -0.226636838316815, 53.636101786012745 ], [ -0.225729857866535, 53.636088345526403 ], [ -0.2257524783089, 53.635549312239469 ], [ -0.224845510142182, 53.635535865147602 ], [ -0.224834194237653, 53.635805381666337 ], [ -0.223927221029695, 53.635791927574033 ], [ -0.223915899166621, 53.636061443947149 ], [ -0.223462409950383, 53.636054714259302 ], [ -0.223439759898374, 53.636593746832148 ], [ -0.223893254889841, 53.636600476651779 ], [ -0.223870609878857, 53.637139509300951 ], [ -0.224324110829298, 53.63714623753512 ] ] ] } },
{ "type": "Feature", "properties": { "Period": "1990-2026", "Area_m2": 30600.0, "Area_ha": 3.06 }, "geometry": { "type": "Polygon", "coordinates": [ [ [ 0.132094417690285, 53.631867107476054 ], [ 0.132067240727143, 53.631328188682062 ], [ 0.131613898244387, 53.631336264467961 ], [ 0.131600312977416, 53.631066804970018 ], [ 0.130240292861195, 53.631091021795051 ], [ 0.130226716467107, 53.63082156204544 ], [ 0.130680053841687, 53.63081349156537 ], [ 0.130666474783417, 53.630544031880184 ], [ 0.13111980905374, 53.630535959763243 ], [ 0.131092645829127, 53.629997040507163 ], [ 0.131545974111106, 53.629988966832414 ], [ 0.131532389944897, 53.62971950726152 ], [ 0.132892364817672, 53.629695276179341 ], [ 0.132878772219624, 53.629425816831088 ], [ 0.133785415265534, 53.629409654355371 ], [ 0.133799013631543, 53.6296791135454 ], [ 0.13334568933477, 53.629687195720294 ], [ 0.133359285037126, 53.629956654974862 ], [ 0.132905957635998, 53.629964735513013 ], [ 0.132919550674607, 53.630234194832084 ], [ 0.13382621102468, 53.630218031881689 ], [ 0.133839810051817, 53.630487491027928 ], [ 0.13338647710283, 53.630495573440193 ], [ 0.133400073466188, 53.630765032650977 ], [ 0.132946737412692, 53.630773113426457 ], [ 0.132987519172061, 53.631581491208586 ], [ 0.132534174245466, 53.631589570505447 ], [ 0.132547765721512, 53.631859029816063 ], [ 0.132094417690285, 53.631867107476054 ] ] ] } },
{ "type": "Feature", "properties": { "Period": "1990-2026", "Area_m2": 1800.0, "Area_ha": 0.18 }, "geometry": { "type": "Polygon", "coordinates": [ [ [ -0.256578716128746, 53.63627194747481 ], [ -0.256600943487118, 53.635732905286005 ], [ -0.256147449838615, 53.635726299435277 ], [ -0.256125216704723, 53.636265341494713 ], [ -0.256578716128746, 53.63627194747481 ] ] ] } },
{ "type": "Feature", "properties": { "Period": "1990-2026", "Area_m2": 2700.0, "Area_ha": 0.27 }, "geometry": { "type": "Polygon", "coordinates": [ [ [ 0.128826001118719, 53.630037383143147 ], [ 0.128798867614889, 53.629498463038871 ], [ 0.12970551462278, 53.629482331447882 ], [ 0.129719087032813, 53.629751791349406 ], [ 0.129265760754797, 53.629759858081776 ], [ 0.129279330500713, 53.630029318047669 ], [ 0.128826001118719, 53.630037383143147 ] ] ] } },
{ "type": "Feature", "properties": { "Period": "1990-2026", "Area_m2": 2700.0, "Area_ha": 0.27 }, "geometry": { "type": "Polygon", "coordinates": [ [ [ 0.127892219727584, 53.629514587766515 ], [ 0.127865098639021, 53.628975667288209 ], [ 0.128318416924647, 53.628967605940133 ], [ 0.128331980242992, 53.62923706610767 ], [ 0.128785301192757, 53.629229002964848 ], [ 0.128798867614889, 53.629498463038871 ], [ 0.127892219727584, 53.629514587766515 ] ] ] } },
{ "type": "Feature", "properties": { "Period": "1990-2026", "Area_m2": 13500.0, "Area_ha": 1.35 }, "geometry": { "type": "Polygon", "coordinates": [ [ [ -0.295181160625224, 53.635479546122248 ], [ -0.295192028037728, 53.635210019528898 ], [ -0.297913015199069, 53.635248741210773 ], [ -0.297934714841674, 53.634709687224507 ], [ -0.29566725397864, 53.634677424081488 ], [ -0.295656389806274, 53.634946950765567 ], [ -0.294295906738184, 53.634927572082383 ], [ -0.294274160537933, 53.635466625029771 ], [ -0.295181160625224, 53.635479546122248 ] ] ] } },
{ "type": "Feature", "properties": { "Period": "1990-2026", "Area_m2": 4500.0, "Area_ha": 0.45 }, "geometry": { "type": "Polygon", "coordinates": [ [ [ -0.298820012327181, 53.635261634699361 ], [ -0.298830856460706, 53.634992107586832 ], [ -0.300191344807661, 53.635011434750375 ], [ -0.300202180101913, 53.634741907434844 ], [ -0.298388207542132, 53.634716134701179 ], [ -0.2983665136752, 53.63525518881373 ], [ -0.298820012327181, 53.635261634699361 ] ] ] } },
{ "type": "Feature", "properties": { "Period": "1990-2026", "Area_m2": 12600.0, "Area_ha": 1.26 }, "geometry": { "type": "Polygon", "coordinates": [ [ [ 0.13654618678426, 53.630169501849942 ], [ 0.136491723663842, 53.629091667019317 ], [ 0.136945040649193, 53.629083572992165 ], [ 0.136931422536853, 53.628814114327255 ], [ 0.13738473641767, 53.628806018663568 ], [ 0.137343874753471, 53.627997642818968 ], [ 0.137797179762313, 53.627989545677337 ], [ 0.137769933989168, 53.627450628533119 ], [ 0.138223233009994, 53.627442529834362 ], [ 0.138264110651802, 53.628250905290912 ], [ 0.137810802980026, 53.62825900422753 ], [ 0.137851673957785, 53.629067379790541 ], [ 0.137398357413857, 53.629075477249231 ], [ 0.137425600068439, 53.629614394376759 ], [ 0.136972277535943, 53.629622490278209 ], [ 0.136999515305483, 53.630161407505845 ], [ 0.13654618678426, 53.630169501849942 ] ] ] } },
{ "type": "Feature", "properties": { "Period": "1990-2026", "Area_m2": 3600.0, "Area_ha": 0.36 }, "geometry": { "type": "Polygon", "coordinates": [ [ [ -0.253935636170914, 53.6343456406508 ], [ -0.253946766003758, 53.634076119854988 ], [ -0.253493290762525, 53.634069504089389 ], [ -0.253504423302332, 53.633799983344559 ], [ -0.252597479136079, 53.633786746791479 ], [ -0.252586340821513, 53.634056267406699 ], [ -0.253039815701761, 53.634062886606628 ], [ -0.253028680094056, 53.634332407272851 ], [ -0.253935636170914, 53.6343456406508 ] ] ] } },
{ "type": "Feature", "properties": { "Period": "1990-2026", "Area_m2": 9000.0, "Area_ha": 0.9 }, "geometry": { "type": "Polygon", "coordinates": [ [ [ -0.257098878320083, 53.634661424617462 ], [ -0.25710998812089, 53.634391903382443 ], [ -0.257563467691657, 53.634398505475382 ], [ -0.257574574424903, 53.634128984161912 ], [ -0.258028051288254, 53.634135584473007 ], [ -0.258039154954029, 53.633866063081115 ], [ -0.257132207182212, 53.633852860871016 ], [ -0.257121097741599, 53.634122382133647 ], [ -0.256214144915324, 53.634109172925562 ], [ -0.25622526013076, 53.633839651792293 ], [ -0.255771786875288, 53.633833044677218 ], [ -0.255738432026056, 53.634641607841523 ], [ -0.257098878320083, 53.634661424617462 ] ] ] } },
{ "type": "Feature", "properties": { "Period": "1990-2026", "Area_m2": 1800.0, "Area_ha": 0.18 }, "geometry": { "type": "Polygon", "coordinates": [ [ [ -0.294771140637679, 53.63439498023186 ], [ -0.294792879652502, 53.633855927048067 ], [ -0.294339397023525, 53.63384946602276 ], [ -0.294317652233371, 53.634388519080062 ], [ -0.294771140637679, 53.63439498023186 ] ] ] } },
{ "type": "Feature", "properties": { "Period": "1990-2026", "Area_m2": 1800.0, "Area_ha": 0.18 }, "geometry": { "type": "Polygon", "coordinates": [ [ [ 0.138223233009994, 53.627442529834362 ], [ 0.138195982352792, 53.626903612790294 ], [ 0.138649275385762, 53.626895512534439 ], [ 0.138676531810022, 53.6274344294199 ], [ 0.138223233009994, 53.627442529834362 ] ] ] } },
{ "type": "Feature", "properties": { "Period": "1990-2026", "Area_m2": 1800.0, "Area_ha": 0.18 }, "geometry": { "type": "Polygon", "coordinates": [ [ [ -0.073968591072578, 53.630506216810332 ], [ -0.073980866100036, 53.630236722996919 ], [ -0.073074089539722, 53.630222127145473 ], [ -0.073061808741065, 53.630491620815981 ], [ -0.073968591072578, 53.630506216810332 ] ] ] } },
{ "type": "Feature", "properties": { "Period": "1990-2026", "Area_m2": 4500.0, "Area_ha": 0.45 }, "geometry": { "type": "Polygon", "coordinates": [ [ [ -0.170091957163289, 53.632014453124548 ], [ -0.17010362034676, 53.631744944543705 ], [ -0.169650190833948, 53.631738011401723 ], [ -0.169661856714821, 53.631468502874782 ], [ -0.168301577970488, 53.631447693351824 ], [ -0.168289903430282, 53.631717201674995 ], [ -0.169196761510234, 53.631731076542962 ], [ -0.169185092553768, 53.632000584988013 ], [ -0.170091957163289, 53.632014453124548 ] ] ] } },
{ "type": "Feature", "properties": { "Period": "1990-2026", "Area_m2": 1800.0, "Area_ha": 0.18 }, "geometry": { "type": "Polygon", "coordinates": [ [ [ 0.138649275385762, 53.626895512534439 ], [ 0.138622019844846, 53.626356595590579 ], [ 0.139075306890118, 53.626348493777705 ], [ 0.139102568197894, 53.626887410562958 ], [ 0.138649275385762, 53.626895512534439 ] ] ] } },
{ "type": "Feature", "properties": { "Period": "1990-2026", "Area_m2": 1800.0, "Area_ha": 0.18 }, "geometry": { "type": "Polygon", "coordinates": [ [ [ -0.243572859688404, 53.632575926092599 ], [ -0.243584054842268, 53.632306406708089 ], [ -0.242677147512682, 53.632293095253345 ], [ -0.242665946584701, 53.632562614507499 ], [ -0.243572859688404, 53.632575926092599 ] ] ] } },
{ "type": "Feature", "properties": { "Period": "1990-2026", "Area_m2": 1800.0, "Area_ha": 0.18 }, "geometry": { "type": "Polygon", "coordinates": [ [ [ -0.296196769861302, 53.632797192529118 ], [ -0.296218489437415, 53.632258138801042 ], [ -0.295765023604908, 53.632251683306805 ], [ -0.295743298254002, 53.63279073690844 ], [ -0.296196769861302, 53.632797192529118 ] ] ] } },
{ "type": "Feature", "properties": { "Period": "1990-2026", "Area_m2": 5400.0, "Area_ha": 0.54 }, "geometry": { "type": "Polygon", "coordinates": [ [ [ 0.139075306890118, 53.626348493777705 ], [ 0.139020786925001, 53.625270660031937 ], [ 0.139474062216256, 53.625262556820758 ], [ 0.139460429893954, 53.62499309842714 ], [ 0.139913702081143, 53.624984993579751 ], [ 0.139940972713023, 53.625523910193714 ], [ 0.139487694759458, 53.625532015199767 ], [ 0.139528593714516, 53.626340390249212 ], [ 0.139075306890118, 53.626348493777705 ] ] ] } },
{ "type": "Feature", "properties": { "Period": "1990-2026", "Area_m2": 1800.0, "Area_ha": 0.18 }, "geometry": { "type": "Polygon", "coordinates": [ [ [ -0.239105642853204, 53.630892186885568 ], [ -0.239116865785913, 53.630622668070437 ], [ -0.238209996733677, 53.630609323059439 ], [ -0.238198768027489, 53.630878841743908 ], [ -0.239105642853204, 53.630892186885568 ] ] ] } },
{ "type": "Feature", "properties": { "Period": "1990-2026", "Area_m2": 1800.0, "Area_ha": 0.18 }, "geometry": { "type": "Polygon", "coordinates": [ [ [ -0.219211313332444, 53.629249427589542 ], [ -0.219222662358165, 53.628979911595358 ], [ -0.218315838273418, 53.628966416160324 ], [ -0.218304483475039, 53.629235932022361 ], [ -0.219211313332444, 53.629249427589542 ] ] ] } },
{ "type": "Feature", "properties": { "Period": "1990-2026", "Area_m2": 1800.0, "Area_ha": 0.18 }, "geometry": { "type": "Polygon", "coordinates": [ [ [ -0.195180571885953, 53.628889474879628 ], [ -0.195192073881698, 53.628619962409907 ], [ -0.194285269432086, 53.628606285003301 ], [ -0.194273761664111, 53.628875797339106 ], [ -0.195180571885953, 53.628889474879628 ] ] ] } },
{ "type": "Feature", "properties": { "Period": "1990-2026", "Area_m2": 1800.0, "Area_ha": 0.18 }, "geometry": { "type": "Polygon", "coordinates": [ [ [ -0.187019306780455, 53.628766129813123 ], [ -0.187030860725691, 53.628496618551104 ], [ -0.186124063004308, 53.628482879344851 ], [ -0.186112503286988, 53.62875239047235 ], [ -0.187019306780455, 53.628766129813123 ] ] ] } },
{ "type": "Feature", "properties": { "Period": "1990-2026", "Area_m2": 2700.0, "Area_ha": 0.27 }, "geometry": { "type": "Polygon", "coordinates": [ [ [ -0.217873784007701, 53.628690150057849 ], [ -0.21789649845666, 53.628151118396566 ], [ -0.216989692793675, 53.628137613057731 ], [ -0.216978329888883, 53.628407128763079 ], [ -0.217431735514487, 53.628413882356973 ], [ -0.217420375311739, 53.628683398114561 ], [ -0.217873784007701, 53.628690150057849 ] ] ] } },
{ "type": "Feature", "properties": { "Period": "1990-2026", "Area_m2": 1800.0, "Area_ha": 0.18 }, "geometry": { "type": "Polygon", "coordinates": [ [ [ -0.234219125939484, 53.6283930402601 ], [ -0.234230378984392, 53.628123522039893 ], [ -0.233323565897319, 53.628110140436455 ], [ -0.233312307079862, 53.628379658525652 ], [ -0.234219125939484, 53.6283930402601 ] ] ] } },
{ "type": "Feature", "properties": { "Period": "1990-2026", "Area_m2": 2700.0, "Area_ha": 0.27 }, "geometry": { "type": "Polygon", "coordinates": [ [ [ -0.216989692793675, 53.628137613057731 ], [ -0.217001055514294, 53.627868097338521 ], [ -0.215640857059601, 53.6278478266535 ], [ -0.215629485680621, 53.628117342174257 ], [ -0.216989692793675, 53.628137613057731 ] ] ] } },
{ "type": "Feature", "properties": { "Period": "1990-2026", "Area_m2": 1800.0, "Area_ha": 0.18 }, "geometry": { "type": "Polygon", "coordinates": [ [ [ -0.239217863994518, 53.628196998111555 ], [ -0.239229085108238, 53.627927479158039 ], [ -0.238322273785641, 53.627914135453686 ], [ -0.238311046899378, 53.628183654276562 ], [ -0.239217863994518, 53.628196998111555 ] ] ] } },
{ "type": "Feature", "properties": { "Period": "1990-2026", "Area_m2": 1800.0, "Area_ha": 0.18 }, "geometry": { "type": "Polygon", "coordinates": [ [ [ -0.246925838639315, 53.6283101434516 ], [ -0.24694818255115, 53.62777110331502 ], [ -0.246494776599622, 53.627764461571026 ], [ -0.246472426915152, 53.628303501577548 ], [ -0.246925838639315, 53.6283101434516 ] ] ] } },
{ "type": "Feature", "properties": { "Period": "1990-2026", "Area_m2": 3600.0, "Area_ha": 0.36 }, "geometry": { "type": "Polygon", "coordinates": [ [ [ -0.209746682940388, 53.627759808484704 ], [ -0.209769500181905, 53.627220779125196 ], [ -0.208862718478709, 53.627207212384221 ], [ -0.20883988969324, 53.62774624147805 ], [ -0.209746682940388, 53.627759808484704 ] ] ] } },
{ "type": "Feature", "properties": { "Period": "1990-2026", "Area_m2": 2700.0, "Area_ha": 0.27 }, "geometry": { "type": "Polygon", "coordinates": [ [ [ -0.215198832023998, 53.627571550856736 ], [ -0.215221579632417, 53.627032519878206 ], [ -0.214314799268935, 53.627018994468784 ], [ -0.214303419784968, 53.627288509832553 ], [ -0.214756812760477, 53.627295273461797 ], [ -0.214745435978078, 53.627564788877905 ], [ -0.215198832023998, 53.627571550856736 ] ] ] } },
{ "type": "Feature", "properties": { "Period": "1990-2026", "Area_m2": 1800.0, "Area_ha": 0.18 }, "geometry": { "type": "Polygon", "coordinates": [ [ [ -0.197969912305944, 53.627313388865339 ], [ -0.197992879244076, 53.626774362942264 ], [ -0.19753949600985, 53.626767535865284 ], [ -0.197516523300042, 53.62730656165467 ], [ -0.197969912305944, 53.627313388865339 ] ] ] } },
{ "type": "Feature", "properties": { "Period": "1990-2026", "Area_m2": 1800.0, "Area_ha": 0.18 }, "geometry": { "type": "Polygon", "coordinates": [ [ [ -0.1821129927436, 53.626803904522561 ], [ -0.182124577120705, 53.626534393903647 ], [ -0.181217823927258, 53.626520617875656 ], [ -0.181206233778813, 53.626790128359687 ], [ -0.1821129927436, 53.626803904522561 ] ] ] } },
{ "type": "Feature", "properties": { "Period": "1990-2026", "Area_m2": 2700.0, "Area_ha": 0.27 }, "geometry": { "type": "Polygon", "coordinates": [ [ [ -0.213861409363829, 53.627012229189134 ], [ -0.213884173550235, 53.626473198552439 ], [ -0.212977405837062, 53.626459663108328 ], [ -0.212966018064376, 53.626729178301119 ], [ -0.213419404714561, 53.626735946947711 ], [ -0.213408019643207, 53.627005462192862 ], [ -0.213861409363829, 53.627012229189134 ] ] ] } },
{ "type": "Feature", "properties": { "Period": "1990-2026", "Area_m2": 7200.0, "Area_ha": 0.72 }, "geometry": { "type": "Polygon", "coordinates": [ [ [ -0.251935659958903, 53.627844049192966 ], [ -0.251946799894214, 53.627574528389694 ], [ -0.252400205129314, 53.627581149467751 ], [ -0.252411341997816, 53.627311628585822 ], [ -0.252864744527178, 53.6273182478823 ], [ -0.252875878328964, 53.627048726921743 ], [ -0.251969079223157, 53.627035486741676 ], [ -0.251957939648965, 53.627305007572595 ], [ -0.25105113549298, 53.627291760395948 ], [ -0.251039989965745, 53.627561281083352 ], [ -0.25058658527247, 53.627554654855047 ], [ -0.250575436678297, 53.627824175463736 ], [ -0.251935659958903, 53.627844049192966 ] ] ] } },
{ "type": "Feature", "properties": { "Period": "1990-2026", "Area_m2": 7200.0, "Area_ha": 0.72 }, "geometry": { "type": "Polygon", "coordinates": [ [ [ -0.187100180464607, 53.626879550686354 ], [ -0.187123285546248, 53.626340527953296 ], [ -0.187576661601162, 53.626347394443577 ], [ -0.187588210975499, 53.626077882988902 ], [ -0.187134837806212, 53.626071016565852 ], [ -0.18715794176445, 53.625531993749163 ], [ -0.186704574553503, 53.625525125744105 ], [ -0.186681464824159, 53.626064148426302 ], [ -0.186228092029384, 53.626057278570251 ], [ -0.186204975779638, 53.626596301062172 ], [ -0.186658354345699, 53.626603171052736 ], [ -0.186646798825542, 53.626872682345066 ], [ -0.187100180464607, 53.626879550686354 ] ] ] } },
{ "type": "Feature", "properties": { "Period": "1990-2026", "Area_m2": 4500.0, "Area_ha": 0.45 }, "geometry": { "type": "Polygon", "coordinates": [ [ [ -0.208001615953185, 53.62611558095395 ], [ -0.208013035099889, 53.625846066463517 ], [ -0.207559659324972, 53.625839277417228 ], [ -0.207571081172271, 53.62556976297936 ], [ -0.206210963615428, 53.625549385740854 ], [ -0.206199533111141, 53.625818899979187 ], [ -0.207106283735177, 53.62583248665441 ], [ -0.207094858817041, 53.62610200101188 ], [ -0.208001615953185, 53.62611558095395 ] ] ] } },
{ "type": "Feature", "properties": { "Period": "1990-2026", "Area_m2": 1800.0, "Area_ha": 0.18 }, "geometry": { "type": "Polygon", "coordinates": [ [ [ -0.198492182764476, 53.62570313602221 ], [ -0.198515141698148, 53.625164109798511 ], [ -0.198061775591736, 53.625157284839077 ], [ -0.19803881088694, 53.625696310929122 ], [ -0.198492182764476, 53.62570313602221 ] ] ] } },
{ "type": "Feature", "properties": { "Period": "1990-2026", "Area_m2": 3600.0, "Area_ha": 0.36 }, "geometry": { "type": "Polygon", "coordinates": [ [ [ -0.205769024671573, 53.625273075709302 ], [ -0.205780457690908, 53.625003561509672 ], [ -0.203966994035051, 53.624976361493843 ], [ -0.203955549473512, 53.625245875427126 ], [ -0.205769024671573, 53.625273075709302 ] ] ] } },
{ "type": "Feature", "properties": { "Period": "1990-2026", "Area_m2": 5400.0, "Area_ha": 0.54 }, "geometry": { "type": "Polygon", "coordinates": [ [ [ -0.178567209680426, 53.624862187828818 ], [ -0.178613633134102, 53.62378414703857 ], [ -0.177706940656064, 53.623770344897999 ], [ -0.177695329304444, 53.624039854981348 ], [ -0.178148678334565, 53.624046756977371 ], [ -0.178137069679976, 53.624316267114352 ], [ -0.177683717764641, 53.624309365050749 ], [ -0.177672106036649, 53.624578875106209 ], [ -0.178125460837246, 53.624585777237371 ], [ -0.17811385180637, 53.624855287346463 ], [ -0.178567209680426, 53.624862187828818 ] ] ] } },
{ "type": "Feature", "properties": { "Period": "1990-2026", "Area_m2": 2700.0, "Area_ha": 0.27 }, "geometry": { "type": "Polygon", "coordinates": [ [ [ -0.190830999524153, 53.624508828047048 ], [ -0.190842527391056, 53.624239316024742 ], [ -0.19038917311074, 53.624232462086951 ], [ -0.190400703676097, 53.623962950117814 ], [ -0.189947352467938, 53.623956094530747 ], [ -0.189924285379744, 53.624495118320851 ], [ -0.190830999524153, 53.624508828047048 ] ] ] } },
{ "type": "Feature", "properties": { "Period": "1990-2026", "Area_m2": 8100.0, "Area_ha": 0.81 }, "geometry": { "type": "Polygon", "coordinates": [ [ [ -0.200793439780239, 53.624928695382152 ], [ -0.200804904354668, 53.624659181901649 ], [ -0.201711627442459, 53.624672809239591 ], [ -0.20172308606023, 53.624403295611764 ], [ -0.20081636874329, 53.624389668407254 ], [ -0.200827832946109, 53.624120154898932 ], [ -0.200374477451692, 53.624113338788781 ], [ -0.200385944354039, 53.623843825333289 ], [ -0.199932591930788, 53.623837007573478 ], [ -0.199886711664748, 53.624915061044973 ], [ -0.200793439780239, 53.624928695382152 ] ] ] } },
{ "type": "Feature", "properties": { "Period": "1990-2026", "Area_m2": 3600.0, "Area_ha": 0.36 }, "geometry": { "type": "Polygon", "coordinates": [ [ [ -0.194016012581887, 53.624287245530354 ], [ -0.194027520064866, 53.624017733024864 ], [ -0.194480872953198, 53.624024573164533 ], [ -0.194492377364409, 53.623755060578134 ], [ -0.193585677544778, 53.62374137871636 ], [ -0.193574167363033, 53.624010891168794 ], [ -0.193120814847745, 53.624004047596358 ], [ -0.193109301594148, 53.624273559967868 ], [ -0.194016012581887, 53.624287245530354 ] ] ] } },
{ "type": "Feature", "properties": { "Period": "1990-2026", "Area_m2": 7200.0, "Area_ha": 0.72 }, "geometry": { "type": "Polygon", "coordinates": [ [ [ -0.177683717764641, 53.624309365050749 ], [ -0.177695329304444, 53.624039854981348 ], [ -0.177241980462508, 53.624032951268973 ], [ -0.177253594699292, 53.62376344125321 ], [ -0.176800248930746, 53.623756535892113 ], [ -0.17682348260982, 53.623217515953954 ], [ -0.177276822608186, 53.623224421179827 ], [ -0.177288436280303, 53.622954911122214 ], [ -0.176381762241873, 53.622941099089381 ], [ -0.176335283343373, 53.624019138695203 ], [ -0.176788631808801, 53.624026045840274 ], [ -0.17677701449858, 53.624295555774481 ], [ -0.177683717764641, 53.624309365050749 ] ] ] } },
{ "type": "Feature", "properties": { "Period": "1990-2026", "Area_m2": 5400.0, "Area_ha": 0.54 }, "geometry": { "type": "Polygon", "coordinates": [ [ [ -0.172778358102419, 53.622346763503877 ], [ -0.172790000058523, 53.622077254081191 ], [ -0.173696653772441, 53.622091093167796 ], [ -0.173708289770278, 53.62182158359564 ], [ -0.172801641825958, 53.621807744644549 ], [ -0.172813283404729, 53.621538235193917 ], [ -0.172359962600288, 53.621531313211868 ], [ -0.172348318136771, 53.6218008225947 ], [ -0.171894994636295, 53.62179389882867 ], [ -0.171883347099279, 53.622063408129762 ], [ -0.172336673484543, 53.622070331963585 ], [ -0.1723250286436, 53.6223398413185 ], [ -0.172778358102419, 53.622346763503877 ] ] ] } },
{ "type": "Feature", "properties": { "Period": "1990-2026", "Area_m2": 1800.0, "Area_ha": 0.18 }, "geometry": { "type": "Polygon", "coordinates": [ [ [ -0.199548071826854, 53.622213107873328 ], [ -0.199559543198383, 53.621943594453974 ], [ -0.198652879673256, 53.621929951287512 ], [ -0.198641402531758, 53.622199464573292 ], [ -0.199548071826854, 53.622213107873328 ] ] ] } },
{ "type": "Feature", "properties": { "Period": "1990-2026", "Area_m2": 1800.0, "Area_ha": 0.18 }, "geometry": { "type": "Polygon", "coordinates": [ [ [ -0.20318620473141, 53.621998098468985 ], [ -0.203197652837365, 53.621728584502115 ], [ -0.202290992109918, 53.621714968929297 ], [ -0.202279538234022, 53.621984482762898 ], [ -0.20318620473141, 53.621998098468985 ] ] ] } },
{ "type": "Feature", "properties": { "Period": "1990-2026", "Area_m2": 1800.0, "Area_ha": 0.18 }, "geometry": { "type": "Polygon", "coordinates": [ [ [ -0.190504470355534, 53.621537341768835 ], [ -0.190527527562332, 53.620998317538074 ], [ -0.190074208089159, 53.620991462689283 ], [ -0.190051145112783, 53.621530486785829 ], [ -0.190504470355534, 53.621537341768835 ] ] ] } },
{ "type": "Feature", "properties": { "Period": "1990-2026", "Area_m2": 3600.0, "Area_ha": 0.36 }, "geometry": { "type": "Polygon", "coordinates": [ [ [ -0.180101227041244, 53.620840221824636 ], [ -0.180112821711896, 53.620570711236176 ], [ -0.180566134178421, 53.620577603773157 ], [ -0.180577725776595, 53.620308093103262 ], [ -0.179217797594493, 53.620287410546467 ], [ -0.179206197342585, 53.620556921013865 ], [ -0.179659509433269, 53.620563816983079 ], [ -0.179647911877991, 53.620833327504037 ], [ -0.180101227041244, 53.620840221824636 ] ] ] } },
{ "type": "Feature", "properties": { "Period": "1990-2026", "Area_m2": 1800.0, "Area_ha": 0.18 }, "geometry": { "type": "Polygon", "coordinates": [ [ [ -0.195990363025791, 53.620541415965818 ], [ -0.196001856359482, 53.620271902997658 ], [ -0.195095230430057, 53.620258233174091 ], [ -0.195083731327022, 53.620527746008428 ], [ -0.195990363025791, 53.620541415965818 ] ] ] } },
{ "type": "Feature", "properties": { "Period": "1990-2026", "Area_m2": 4500.0, "Area_ha": 0.45 }, "geometry": { "type": "Polygon", "coordinates": [ [ [ -0.183274438442632, 53.620888434016557 ], [ -0.18330916131442, 53.620079900793307 ], [ -0.18285585349066, 53.62007301868794 ], [ -0.18286743029064, 53.619803507653018 ], [ -0.182414125538996, 53.619796623898928 ], [ -0.182390965982363, 53.620335645820013 ], [ -0.182844276503071, 53.620342529708914 ], [ -0.182821121965051, 53.620881551709033 ], [ -0.183274438442632, 53.620888434016557 ] ] ] } },
{ "type": "Feature", "properties": { "Period": "1990-2026", "Area_m2": 12600.0, "Area_ha": 1.26 }, "geometry": { "type": "Polygon", "coordinates": [ [ [ -0.194234622871102, 53.61916650554501 ], [ -0.194257630565067, 53.618627479991027 ], [ -0.193351040740717, 53.618613797242041 ], [ -0.193374059226236, 53.618074771900261 ], [ -0.192014193194435, 53.618054235308577 ], [ -0.192002675392112, 53.618323747785368 ], [ -0.192455966767067, 53.618330595098975 ], [ -0.192432936371153, 53.618869620144849 ], [ -0.191526342270546, 53.618855923533424 ], [ -0.191514821023866, 53.61912543590136 ], [ -0.192874721107937, 53.619145978445523 ], [ -0.192886233701392, 53.618876465876468 ], [ -0.193339531218194, 53.61888330989202 ], [ -0.193328021509154, 53.6191528225281 ], [ -0.194234622871102, 53.61916650554501 ] ] ] } },
{ "type": "Feature", "properties": { "Period": "1990-2026", "Area_m2": 3600.0, "Area_ha": 0.36 }, "geometry": { "type": "Polygon", "coordinates": [ [ [ -0.214735710549673, 53.617046916248754 ], [ -0.214747083027819, 53.616777400357385 ], [ -0.214293802754614, 53.616770637594293 ], [ -0.214305177932616, 53.616501121755235 ], [ -0.213851900727879, 53.61649435734239 ], [ -0.213840522665743, 53.616763873115211 ], [ -0.213387242761249, 53.616757106920147 ], [ -0.213375861630556, 53.617026622612848 ], [ -0.214735710549673, 53.617046916248754 ] ] ] } },
{ "type": "Feature", "properties": { "Period": "1990-2026", "Area_m2": 1800.0, "Area_ha": 0.18 }, "geometry": { "type": "Polygon", "coordinates": [ [ [ -0.157752583485623, 53.613216704423913 ], [ -0.157764317247699, 53.612947196853142 ], [ -0.156857867512657, 53.612933238711776 ], [ -0.156846127984267, 53.613202746145909 ], [ -0.157752583485623, 53.613216704423913 ] ] ] } },
{ "type": "Feature", "properties": { "Period": "1990-2026", "Area_m2": 1800.0, "Area_ha": 0.18 }, "geometry": { "type": "Polygon", "coordinates": [ [ [ -0.158217542400421, 53.612954173350431 ], [ -0.158241003588036, 53.612415158030323 ], [ -0.157787784201499, 53.612408181669629 ], [ -0.157764317247699, 53.612947196853142 ], [ -0.158217542400421, 53.612954173350431 ] ] ] } },
{ "type": "Feature", "properties": { "Period": "1990-2026", "Area_m2": 5400.0, "Area_ha": 0.54 }, "geometry": { "type": "Polygon", "coordinates": [ [ [ -0.178356876132088, 53.608677757960834 ], [ -0.178368476764015, 53.608408247082124 ], [ -0.178821658531504, 53.608415145160194 ], [ -0.178833256093022, 53.608145634200035 ], [ -0.177473720001812, 53.608124935022389 ], [ -0.177462113792919, 53.608394445779922 ], [ -0.177008932589407, 53.608387542555754 ], [ -0.176997323309979, 53.608657053231781 ], [ -0.178356876132088, 53.608677757960834 ] ] ] } },
{ "type": "Feature", "properties": { "Period": "1990-2026", "Area_m2": 3600.0, "Area_ha": 0.36 }, "geometry": { "type": "Polygon", "coordinates": [ [ [ -0.181540753080698, 53.608456497605694 ], [ -0.181552333347356, 53.60818698624071 ], [ -0.182005513546671, 53.608193872243724 ], [ -0.182017090743269, 53.607924360797412 ], [ -0.181110736297139, 53.607910587210831 ], [ -0.181099153335656, 53.608180098522347 ], [ -0.180645973511619, 53.608173209088598 ], [ -0.180634387479991, 53.608442720318692 ], [ -0.181540753080698, 53.608456497605694 ] ] ] } },
{ "type": "Feature", "properties": { "Period": "1990-2026", "Area_m2": 9900.0, "Area_ha": 0.99 }, "geometry": { "type": "Polygon", "coordinates": [ [ [ -0.16613264023811, 53.608221350570282 ], [ -0.166144318507025, 53.607951841507173 ], [ -0.166597492301257, 53.607958785831656 ], [ -0.166620842506924, 53.607419767527581 ], [ -0.166167674477255, 53.607412823339047 ], [ -0.166179352178579, 53.607143314234015 ], [ -0.165273022451277, 53.60712942084713 ], [ -0.16528470572773, 53.60685991186412 ], [ -0.16483154403013, 53.606852962665819 ], [ -0.164808171523589, 53.607391980481793 ], [ -0.165261338985541, 53.607398929816149 ], [ -0.165237971486209, 53.607937947712287 ], [ -0.165691144901994, 53.607944895467369 ], [ -0.165679463750732, 53.608214404462494 ], [ -0.16613264023811, 53.608221350570282 ] ] ] } },
{ "type": "Feature", "properties": { "Period": "1990-2026", "Area_m2": 2700.0, "Area_ha": 0.27 }, "geometry": { "type": "Polygon", "coordinates": [ [ [ -0.177496931855499, 53.607585913465435 ], [ -0.177531748225836, 53.606777381025367 ], [ -0.177078584316326, 53.606770478206663 ], [ -0.177043759299198, 53.607579010443999 ], [ -0.177496931855499, 53.607585913465435 ] ] ] } },
{ "type": "Feature", "properties": { "Period": "1990-2026", "Area_m2": 5400.0, "Area_ha": 0.54 }, "geometry": { "type": "Polygon", "coordinates": [ [ [ -0.178856450652379, 53.607606612237817 ], [ -0.178868047650224, 53.607337101235807 ], [ -0.179774388689666, 53.607350891705813 ], [ -0.179785979735064, 53.607081380554831 ], [ -0.179332812003709, 53.607074486244983 ], [ -0.17934440574356, 53.606804975147561 ], [ -0.178438076608855, 53.606791181517004 ], [ -0.178403277532136, 53.607599714362351 ], [ -0.178856450652379, 53.607606612237817 ] ] ] } },
{ "type": "Feature", "properties": { "Period": "1990-2026", "Area_m2": 3600.0, "Area_ha": 0.36 }, "geometry": { "type": "Polygon", "coordinates": [ [ [ -0.181587073021654, 53.607378452062129 ], [ -0.181598652537874, 53.607108940641346 ], [ -0.182051821207692, 53.607115826374752 ], [ -0.182063397654056, 53.606846314872648 ], [ -0.18070390085421, 53.606825652728837 ], [ -0.180692315761085, 53.607095164028678 ], [ -0.181145484055657, 53.607102053192676 ], [ -0.181133901657135, 53.607371564546014 ], [ -0.181587073021654, 53.607378452062129 ] ] ] } },
{ "type": "Feature", "properties": { "Period": "1990-2026", "Area_m2": 1800.0, "Area_ha": 0.18 }, "geometry": { "type": "Polygon", "coordinates": [ [ [ -0.158487300163968, 53.606755493790381 ], [ -0.158510752610659, 53.606216477826699 ], [ -0.158057599521856, 53.606209503036546 ], [ -0.158034141311124, 53.606748518863682 ], [ -0.158487300163968, 53.606755493790381 ] ] ] } },
{ "type": "Feature", "properties": { "Period": "1990-2026", "Area_m2": 166500.0, "Area_ha": 16.65 }, "geometry": { "type": "Polygon", "coordinates": [ [ [ 0.139913702081143, 53.624984993579751 ], [ 0.139872797790376, 53.624176618549257 ], [ 0.140326061107422, 53.624168512224429 ], [ 0.140298786918991, 53.623629595623093 ], [ 0.140752044249173, 53.623621487741545 ], [ 0.140724765178896, 53.623082571240509 ], [ 0.141178016522371, 53.623074461802304 ], [ 0.141150732570593, 53.622535545401604 ], [ 0.141603977927521, 53.622527434406784 ], [ 0.141576689094587, 53.621988518106456 ], [ 0.142029928465127, 53.621980405555114 ], [ 0.141893468740499, 53.619285823970849 ], [ 0.142346679066248, 53.619277710498409 ], [ 0.142251150239403, 53.617391503075979 ], [ 0.142704340170271, 53.617383388444409 ], [ 0.14266339391568, 53.61657501385389 ], [ 0.14311657498023, 53.616566897745621 ], [ 0.143075622070945, 53.615758523261931 ], [ 0.143528794269578, 53.615750405677048 ], [ 0.14348783470632, 53.61494203130016 ], [ 0.143940998039439, 53.614933912238762 ], [ 0.143886376859867, 53.613856079849526 ], [ 0.144339528446671, 53.61384795939118 ], [ 0.144325870823662, 53.613578501336804 ], [ 0.144779019308057, 53.613570379243164 ], [ 0.144710720106646, 53.612223089149552 ], [ 0.145163853964717, 53.612214965738659 ], [ 0.145109207063378, 53.611137133718699 ], [ 0.145562329176962, 53.611129008911192 ], [ 0.14552133768276, 53.610320634981285 ], [ 0.145974450933126, 53.610312508697767 ], [ 0.145878791697055, 53.608426302906352 ], [ 0.146331884563341, 53.60841817546509 ], [ 0.146263548777544, 53.607070885573165 ], [ 0.146716627021929, 53.607062756815232 ], [ 0.146566276095798, 53.604098718641417 ], [ 0.147019322441799, 53.604090589044361 ], [ 0.147005652624615, 53.603821131020396 ], [ 0.146552609158059, 53.6038292605379 ], [ 0.146538942441676, 53.603559802419731 ], [ 0.146991983028835, 53.603551672981794 ], [ 0.146827965147259, 53.60031817537805 ], [ 0.147280970963922, 53.600310045180812 ], [ 0.147376664340319, 53.602196251815258 ], [ 0.147829690088384, 53.602188119346977 ], [ 0.147843364335532, 53.602457577299518 ], [ 0.148296392741281, 53.602449443037571 ], [ 0.148446855751945, 53.605413478674627 ], [ 0.14799379567246, 53.605421613812304 ], [ 0.148048504622252, 53.60649944483275 ], [ 0.147595432802103, 53.606507578574593 ], [ 0.147663809574189, 53.607854867419114 ], [ 0.147210723132546, 53.607862999844563 ], [ 0.147265417016772, 53.608940830975307 ], [ 0.146812318832801, 53.608948962004668 ], [ 0.146867004739369, 53.610026793219781 ], [ 0.146413894812331, 53.610034922852883 ], [ 0.14646857274004, 53.61111275415233 ], [ 0.146015451069198, 53.611120882389081 ], [ 0.146056453197825, 53.611929255948795 ], [ 0.1456033226633, 53.611937382709542 ], [ 0.145644318141905, 53.612745756376306 ], [ 0.145191178743295, 53.612753881660936 ], [ 0.14524583095646, 53.613831713330065 ], [ 0.144792679812217, 53.613839837218038 ], [ 0.144820001484451, 53.614378753123908 ], [ 0.144366844356466, 53.614386875456049 ], [ 0.144421478831295, 53.615464707410439 ], [ 0.143968309956584, 53.615472828345681 ], [ 0.14403659362122, 53.616820118357218 ], [ 0.143583410117377, 53.616828237974936 ], [ 0.143651684904544, 53.618175528018448 ], [ 0.143198486770401, 53.618183646318471 ], [ 0.14325309905434, 53.619261478408099 ], [ 0.142799889170877, 53.619269595310833 ], [ 0.142840842059977, 53.62007796946294 ], [ 0.142387623308751, 53.62008608488884 ], [ 0.142496817685723, 53.622241749287078 ], [ 0.142043575653682, 53.622249863633172 ], [ 0.142070870694179, 53.622788779745477 ], [ 0.141617622675615, 53.622796892535064 ], [ 0.141658558246454, 53.623605266832165 ], [ 0.141205301358342, 53.623613378144562 ], [ 0.141218944107913, 53.623882836293788 ], [ 0.140765684115826, 53.623890945970153 ], [ 0.140792964512185, 53.624429862383529 ], [ 0.140339698533097, 53.624437970503173 ], [ 0.140366974047389, 53.624976887016857 ], [ 0.139913702081143, 53.624984993579751 ] ] ] } },
{ "type": "Feature", "properties": { "Period": "1990-2026", "Area_m2": 1800.0, "Area_ha": 0.18 }, "geometry": { "type": "Polygon", "coordinates": [ [ [ 0.146361295270086, 53.600056845553077 ], [ 0.146333968255615, 53.59951792889273 ], [ 0.146786965657378, 53.599509800648093 ], [ 0.146814298429297, 53.600048717149363 ], [ 0.146361295270086, 53.600056845553077 ] ] ] } },
{ "type": "Feature", "properties": { "Period": "1990-2026", "Area_m2": 1800.0, "Area_ha": 0.18 }, "geometry": { "type": "Polygon", "coordinates": [ [ [ -0.173081550957065, 53.60482170420471 ], [ -0.173093183540079, 53.604552193942155 ], [ -0.172186905786433, 53.604538353368277 ], [ -0.172175267439816, 53.604807863495317 ], [ -0.173081550957065, 53.60482170420471 ] ] ] } },
{ "type": "Feature", "properties": { "Period": "1990-2026", "Area_m2": 5400.0, "Area_ha": 0.54 }, "geometry": { "type": "Polygon", "coordinates": [ [ [ 0.145867310335918, 53.599256596991829 ], [ 0.145839990406296, 53.598717680084683 ], [ 0.14538700119787, 53.598725804662969 ], [ 0.145346031598005, 53.597917428954098 ], [ 0.145799012170998, 53.597909304614333 ], [ 0.145826330773317, 53.598448221609189 ], [ 0.146279316882003, 53.598440095396569 ], [ 0.146320305080303, 53.599248470540616 ], [ 0.145867310335918, 53.599256596991829 ] ] ] } },
{ "type": "Feature", "properties": { "Period": "1990-2026", "Area_m2": 5400.0, "Area_ha": 0.54 }, "geometry": { "type": "Polygon", "coordinates": [ [ [ -0.17175704908346, 53.603992410348141 ], [ -0.171780330220206, 53.603453390131783 ], [ -0.172233457287528, 53.603460312720351 ], [ -0.17224509469148, 53.603190802523464 ], [ -0.171338846508527, 53.603176955766848 ], [ -0.171350489486985, 53.602907445691521 ], [ -0.170897368559913, 53.602900519808458 ], [ -0.170874076651323, 53.603439539809536 ], [ -0.171327203341456, 53.603446465828171 ], [ -0.171303916441455, 53.603985485908979 ], [ -0.17175704908346, 53.603992410348141 ] ] ] } },
{ "type": "Feature", "properties": { "Period": "1990-2026", "Area_m2": 1800.0, "Area_ha": 0.18 }, "geometry": { "type": "Polygon", "coordinates": [ [ [ -0.191299512341975, 53.602940973609563 ], [ -0.191322543785386, 53.602401947456542 ], [ -0.190869423248357, 53.602395097236531 ], [ -0.190846386041805, 53.60293412325543 ], [ -0.191299512341975, 53.602940973609563 ] ] ] } },
{ "type": "Feature", "properties": { "Period": "1990-2026", "Area_m2": 2700.0, "Area_ha": 0.27 }, "geometry": { "type": "Polygon", "coordinates": [ [ [ -0.145546512964636, 53.60197092084271 ], [ -0.145558319608611, 53.6017014146164 ], [ -0.145105218152857, 53.601694391186768 ], [ -0.145117027486664, 53.601424885015192 ], [ -0.14466392910329, 53.601417859939453 ], [ -0.14464030448217, 53.601956872131069 ], [ -0.145546512964636, 53.60197092084271 ] ] ] } },
{ "type": "Feature", "properties": { "Period": "1990-2026", "Area_m2": 6300.0, "Area_ha": 0.63 }, "geometry": { "type": "Polygon", "coordinates": [ [ [ -0.186779802373673, 53.602602880492562 ], [ -0.186791346817391, 53.60233336808038 ], [ -0.187244465673402, 53.602340233735582 ], [ -0.187267548236923, 53.601801208735026 ], [ -0.186814435143793, 53.60179434321423 ], [ -0.186802891074096, 53.602063855654265 ], [ -0.185443544272696, 53.602043248600317 ], [ -0.185431991371623, 53.602312760824717 ], [ -0.185885109666456, 53.602319631624944 ], [ -0.185873559459728, 53.602589143902662 ], [ -0.186779802373673, 53.602602880492562 ] ] ] } },
{ "type": "Feature", "properties": { "Period": "1990-2026", "Area_m2": 104400.0, "Area_ha": 10.44 }, "geometry": { "type": "Polygon", "coordinates": [ [ [ -0.16041707683592, 53.604088293237666 ], [ -0.16042878972836, 53.603818784850006 ], [ -0.161335046122288, 53.60383271433605 ], [ -0.161358459811818, 53.603293697246052 ], [ -0.162264705438196, 53.603307619599363 ], [ -0.162276406235555, 53.60303811089711 ], [ -0.162729526451617, 53.603045069433136 ], [ -0.162741224178003, 53.602775560648794 ], [ -0.163194341702131, 53.602782517401714 ], [ -0.163206036357636, 53.602513008535297 ], [ -0.164112266211406, 53.602526916760091 ], [ -0.164123954914775, 53.602257407743544 ], [ -0.164577067244359, 53.602264359215447 ], [ -0.164588752877076, 53.601994850116881 ], [ -0.165494972341474, 53.602008747779792 ], [ -0.165483292471381, 53.60227825701439 ], [ -0.166389518455232, 53.602292147953527 ], [ -0.166401192562685, 53.602022638582959 ], [ -0.16685430295698, 53.602029581412133 ], [ -0.166889315501, 53.601221053012651 ], [ -0.167342417440647, 53.601227993923054 ], [ -0.167330749662887, 53.60149750347145 ], [ -0.16823695987154, 53.601511380283419 ], [ -0.168248621886907, 53.601241870599175 ], [ -0.167795519569298, 53.601234933118583 ], [ -0.167807184276906, 53.600965423488276 ], [ -0.16599478842108, 53.60093765668865 ], [ -0.166006464464115, 53.600668147316163 ], [ -0.164194083158845, 53.600640353350663 ], [ -0.164182395591496, 53.600909862451083 ], [ -0.1637292978573, 53.600902909604528 ], [ -0.163740988305717, 53.600633400572143 ], [ -0.162834799167613, 53.600619489870603 ], [ -0.162823102957073, 53.60088899876682 ], [ -0.162370005791136, 53.600882040775673 ], [ -0.162358306510026, 53.601151549589794 ], [ -0.161452106984543, 53.601137628326661 ], [ -0.161440401751631, 53.601407136990538 ], [ -0.160987299392146, 53.601400173718503 ], [ -0.160975591088436, 53.601669682300241 ], [ -0.160522486037432, 53.601662717245141 ], [ -0.160510774662831, 53.601932225744704 ], [ -0.160057666920317, 53.601925258906512 ], [ -0.160045952474733, 53.602194767323887 ], [ -0.159592842040718, 53.602187798702566 ], [ -0.159581124524056, 53.602457307037753 ], [ -0.159128011398547, 53.602450336633275 ], [ -0.159116290810716, 53.602719844886238 ], [ -0.158663174993722, 53.602712872698561 ], [ -0.158639727485615, 53.603251889026012 ], [ -0.159545970835155, 53.603265831959369 ], [ -0.159522534093413, 53.603804848503842 ], [ -0.159975661815991, 53.603811817534435 ], [ -0.159963946041956, 53.604081325853898 ], [ -0.16041707683592, 53.604088293237666 ] ] ] } },
{ "type": "Feature", "properties": { "Period": "1990-2026", "Area_m2": 3600.0, "Area_ha": 0.36 }, "geometry": { "type": "Polygon", "coordinates": [ [ [ -0.144687552959041, 53.60087884769176 ], [ -0.144722987307672, 53.600070329215086 ], [ -0.144269903520324, 53.60006330276839 ], [ -0.144246275050831, 53.600602314962643 ], [ -0.143793185693124, 53.600595286663605 ], [ -0.143781368290384, 53.600864792670883 ], [ -0.144687552959041, 53.60087884769176 ] ] ] } },
{ "type": "Feature", "properties": { "Period": "1990-2026", "Area_m2": 3600.0, "Area_ha": 0.36 }, "geometry": { "type": "Polygon", "coordinates": [ [ [ -0.138033432205712, 53.597539205578556 ], [ -0.138045284756124, 53.597269700298739 ], [ -0.138498337054796, 53.59727675006188 ], [ -0.138522035819192, 53.596737739322158 ], [ -0.138068989281018, 53.596730689697019 ], [ -0.138057137114559, 53.597000195004888 ], [ -0.137604087888134, 53.596993143596215 ], [ -0.137580377218705, 53.597532154031825 ], [ -0.138033432205712, 53.597539205578556 ] ] ] } },
{ "type": "Feature", "properties": { "Period": "1990-2026", "Area_m2": 2700.0, "Area_ha": 0.27 }, "geometry": { "type": "Polygon", "coordinates": [ [ [ -0.126265992511358, 53.597085804647556 ], [ -0.126289846806258, 53.596546797645601 ], [ -0.125836805467625, 53.596539701728524 ], [ -0.125824875536655, 53.596809205167069 ], [ -0.125371831511141, 53.596802107466054 ], [ -0.125359898506785, 53.597071610821061 ], [ -0.126265992511358, 53.597085804647556 ] ] ] } },
{ "type": "Feature", "properties": { "Period": "1990-2026", "Area_m2": 2700.0, "Area_ha": 0.27 }, "geometry": { "type": "Polygon", "coordinates": [ [ [ -0.153925732006756, 53.596976406415827 ], [ -0.153949234147892, 53.596437390948005 ], [ -0.153496186871042, 53.596430399754944 ], [ -0.153484433015367, 53.596699907427436 ], [ -0.153031383048625, 53.596692914451367 ], [ -0.153019626122252, 53.596962422041408 ], [ -0.153925732006756, 53.596976406415827 ] ] ] } },
{ "type": "Feature", "properties": { "Period": "1990-2026", "Area_m2": 1800.0, "Area_ha": 0.18 }, "geometry": { "type": "Polygon", "coordinates": [ [ [ -0.15166046872386, 53.596941432620341 ], [ -0.15168399966789, 53.596402417837133 ], [ -0.151230953343397, 53.596395418071303 ], [ -0.151207416638814, 53.596934432717482 ], [ -0.15166046872386, 53.596941432620341 ] ] ] } },
{ "type": "Feature", "properties": { "Period": "1990-2026", "Area_m2": 1800.0, "Area_ha": 0.18 }, "geometry": { "type": "Polygon", "coordinates": [ [ [ -0.160280205336304, 53.596804596318414 ], [ -0.160291915987429, 53.596535087621277 ], [ -0.159385816302645, 53.596521151528549 ], [ -0.159374099890859, 53.596790660089304 ], [ -0.160280205336304, 53.596804596318414 ] ] ] } },
{ "type": "Feature", "properties": { "Period": "1990-2026", "Area_m2": 2700.0, "Area_ha": 0.27 }, "geometry": { "type": "Polygon", "coordinates": [ [ [ -0.153507940536339, 53.596160892068475 ], [ -0.153519694011261, 53.595891384367974 ], [ -0.152160570604342, 53.595870400912233 ], [ -0.152148808488902, 53.596139908407331 ], [ -0.153507940536339, 53.596160892068475 ] ] ] } },
{ "type": "Feature", "properties": { "Period": "1990-2026", "Area_m2": 3600.0, "Area_ha": 0.36 }, "geometry": { "type": "Polygon", "coordinates": [ [ [ -0.140846442937916, 53.595425432911227 ], [ -0.140858276672877, 53.595155927105445 ], [ -0.140405246456055, 53.59514888646649 ], [ -0.140417082879272, 53.594879380715597 ], [ -0.139964055734078, 53.594872338431124 ], [ -0.139952216430944, 53.595141844113101 ], [ -0.139499186597592, 53.595134800045251 ], [ -0.139487344222741, 53.595404305644244 ], [ -0.140846442937916, 53.595425432911227 ] ] ] } },
{ "type": "Feature", "properties": { "Period": "1990-2026", "Area_m2": 1800.0, "Area_ha": 0.18 }, "geometry": { "type": "Polygon", "coordinates": [ [ [ -0.121878989988813, 53.593780732422353 ], [ -0.121890943710725, 53.593511229454947 ], [ -0.120984928451247, 53.593497003148329 ], [ -0.120972968970222, 53.59376650597649 ], [ -0.121878989988813, 53.593780732422353 ] ] ] } },
{ "type": "Feature", "properties": { "Period": "1990-2026", "Area_m2": 9900.0, "Area_ha": 0.99 }, "geometry": { "type": "Polygon", "coordinates": [ [ [ -0.120102843865425, 53.592943764564623 ], [ -0.120126772989196, 53.592404759088424 ], [ -0.119673777555199, 53.592397640213818 ], [ -0.119697711662462, 53.59185863482071 ], [ -0.118338743799215, 53.591837268329776 ], [ -0.118314792416292, 53.592376273304659 ], [ -0.118767787268701, 53.592383397321925 ], [ -0.11875581416565, 53.592652899857981 ], [ -0.119208812091314, 53.592660022230739 ], [ -0.119196841673743, 53.592929524822438 ], [ -0.120102843865425, 53.592943764564623 ] ] ] } },
{ "type": "Feature", "properties": { "Period": "1990-2026", "Area_m2": 2700.0, "Area_ha": 0.27 }, "geometry": { "type": "Polygon", "coordinates": [ [ [ -0.116526789363699, 53.591808755676709 ], [ -0.116538776281005, 53.591539253447216 ], [ -0.116085791036525, 53.591532121068305 ], [ -0.116097780638837, 53.591262618894554 ], [ -0.115644798467663, 53.591255484871326 ], [ -0.115620813310556, 53.591794489065109 ], [ -0.116526789363699, 53.591808755676709 ] ] ] } },
{ "type": "Feature", "properties": { "Period": "1990-2026", "Area_m2": 1800.0, "Area_ha": 0.18 }, "geometry": { "type": "Polygon", "coordinates": [ [ [ -0.127899214015424, 53.590908493822752 ], [ -0.127923042151599, 53.590369485757954 ], [ -0.127470066463587, 53.59036239658036 ], [ -0.127446232569258, 53.590901404506404 ], [ -0.127899214015424, 53.590908493822752 ] ] ] } },
{ "type": "Feature", "properties": { "Period": "1990-2026", "Area_m2": 7200.0, "Area_ha": 0.72 }, "geometry": { "type": "Polygon", "coordinates": [ [ [ -0.118386644237728, 53.590759258211207 ], [ -0.118410593293386, 53.590220253067521 ], [ -0.117957621667962, 53.590213127893932 ], [ -0.117969598783825, 53.589943625370708 ], [ -0.117063661872753, 53.589929370020798 ], [ -0.117051678999065, 53.590198872404514 ], [ -0.116598707955685, 53.590191742088699 ], [ -0.116574735868167, 53.590730746674339 ], [ -0.117027712669499, 53.590737877129705 ], [ -0.117039695931315, 53.590468374774147 ], [ -0.11794564435813, 53.590482630403073 ], [ -0.117933666854326, 53.59075213289816 ], [ -0.118386644237728, 53.590759258211207 ] ] ] } },
{ "type": "Feature", "properties": { "Period": "1990-2026", "Area_m2": 1800.0, "Area_ha": 0.18 }, "geometry": { "type": "Polygon", "coordinates": [ [ [ -0.112177132074222, 53.587694829613277 ], [ -0.112201157460601, 53.587155826115378 ], [ -0.111748220219871, 53.587148677714445 ], [ -0.111724189076655, 53.587687681072417 ], [ -0.112177132074222, 53.587694829613277 ] ] ] } },
{ "type": "Feature", "properties": { "Period": "1990-2026", "Area_m2": 2700.0, "Area_ha": 0.27 }, "geometry": { "type": "Polygon", "coordinates": [ [ [ -0.133954247157804, 53.587227428707848 ], [ -0.133966121201246, 53.586957923585459 ], [ -0.134419062162012, 53.586964987866445 ], [ -0.134430933134709, 53.586695482660886 ], [ -0.133525057162379, 53.586681352523286 ], [ -0.133501303510819, 53.587220362643791 ], [ -0.133954247157804, 53.587227428707848 ] ] ] } },
{ "type": "Feature", "properties": { "Period": "1990-2026", "Area_m2": 1800.0, "Area_ha": 0.18 }, "geometry": { "type": "Polygon", "coordinates": [ [ [ -0.111784265475406, 53.586340172571845 ], [ -0.111796280171457, 53.586070670829471 ], [ -0.110890429299935, 53.586056369445835 ], [ -0.11087840884748, 53.586325871048253 ], [ -0.111784265475406, 53.586340172571845 ] ] ] } },
{ "type": "Feature", "properties": { "Period": "1990-2026", "Area_m2": 1800.0, "Area_ha": 0.18 }, "geometry": { "type": "Polygon", "coordinates": [ [ [ -0.131760858574536, 53.585575052378886 ], [ -0.131772745855413, 53.585305547518146 ], [ -0.130866900975073, 53.585291397506211 ], [ -0.130855007937793, 53.585560902228451 ], [ -0.131760858574536, 53.585575052378886 ] ] ] } },
{ "type": "Feature", "properties": { "Period": "1990-2026", "Area_m2": 1800.0, "Area_ha": 0.18 }, "geometry": { "type": "Polygon", "coordinates": [ [ [ -0.125467629450432, 53.584397841721149 ], [ -0.125491482862895, 53.583858833814737 ], [ -0.12503857741626, 53.583851736019845 ], [ -0.125014718247927, 53.584390743787338 ], [ -0.125467629450432, 53.584397841721149 ] ] ] } },
{ "type": "Feature", "properties": { "Period": "1990-2026", "Area_m2": 1800.0, "Area_ha": 0.18 }, "geometry": { "type": "Polygon", "coordinates": [ [ [ -0.069785576353402, 53.582972947644592 ], [ -0.069810136878812, 53.582433957020413 ], [ -0.06935726129565, 53.582426648595771 ], [ -0.069332695015605, 53.582965639076903 ], [ -0.069785576353402, 53.582972947644592 ] ] ] } },
{ "type": "Feature", "properties": { "Period": "1990-2026", "Area_m2": 2700.0, "Area_ha": 0.27 }, "geometry": { "type": "Polygon", "coordinates": [ [ [ -0.063910452256016, 53.582608308238591 ], [ -0.063947404360999, 53.581799825031723 ], [ -0.063494537121263, 53.581792494475657 ], [ -0.063457576384707, 53.582600977467322 ], [ -0.063910452256016, 53.582608308238591 ] ] ] } },
{ "type": "Feature", "properties": { "Period": "1990-2026", "Area_m2": 3600.0, "Area_ha": 0.36 }, "geometry": { "type": "Polygon", "coordinates": [ [ [ -0.126897870335185, 53.582802100102619 ], [ -0.126933620789402, 53.581993587344101 ], [ -0.126480734907709, 53.581986495176153 ], [ -0.126468815404997, 53.582255999373643 ], [ -0.12601592683871, 53.582248905422695 ], [ -0.126004004265352, 53.582518409536718 ], [ -0.12645689570928, 53.582525503557086 ], [ -0.126444975820556, 53.58279500772646 ], [ -0.126897870335185, 53.582802100102619 ] ] ] } },
{ "type": "Feature", "properties": { "Period": "1990-2026", "Area_m2": 2700.0, "Area_ha": 0.27 }, "geometry": { "type": "Polygon", "coordinates": [ [ [ -0.130532927384446, 53.582589272627246 ], [ -0.13055671478537, 53.582050262998223 ], [ -0.129650940129958, 53.582036104366288 ], [ -0.129639040770528, 53.582305609049257 ], [ -0.130091930879548, 53.582312689291321 ], [ -0.130080034205113, 53.582582194029541 ], [ -0.130532927384446, 53.582589272627246 ] ] ] } },
{ "type": "Feature", "properties": { "Period": "1990-2026", "Area_m2": 1800.0, "Area_ha": 0.18 }, "geometry": { "type": "Polygon", "coordinates": [ [ [ -0.12601592683871, 53.582248905422695 ], [ -0.126039771406278, 53.5817098971525 ], [ -0.125586888788177, 53.581702801626832 ], [ -0.125563038465474, 53.582241809758145 ], [ -0.12601592683871, 53.582248905422695 ] ] ] } },
{ "type": "Feature", "properties": { "Period": "1990-2026", "Area_m2": 1800.0, "Area_ha": 0.18 }, "geometry": { "type": "Polygon", "coordinates": [ [ [ -0.102478060515139, 53.581608158171193 ], [ -0.102490132329094, 53.581338657662023 ], [ -0.101584387493017, 53.581324286690432 ], [ -0.101572309924416, 53.581593787058971 ], [ -0.102478060515139, 53.581608158171193 ] ] ] } },
{ "type": "Feature", "properties": { "Period": "1990-2026", "Area_m2": 9900.0, "Area_ha": 0.99 }, "geometry": { "type": "Polygon", "coordinates": [ [ [ -0.111964465489677, 53.58229764495772 ], [ -0.111976477267827, 53.582028143004102 ], [ -0.112429359827903, 53.582035290075993 ], [ -0.112453377045847, 53.581496285986653 ], [ -0.111547623629942, 53.58148199040911 ], [ -0.111559637701993, 53.581212488483217 ], [ -0.110653890818933, 53.581198186191557 ], [ -0.110617830754741, 53.582006691507125 ], [ -0.111523594902244, 53.582020994218652 ], [ -0.111511580246586, 53.582290496102303 ], [ -0.111964465489677, 53.58229764495772 ] ] ] } },
{ "type": "Feature", "properties": { "Period": "1990-2026", "Area_m2": 1800.0, "Area_ha": 0.18 }, "geometry": { "type": "Polygon", "coordinates": [ [ [ -0.123322478594938, 53.581667298294967 ], [ -0.123346356919902, 53.58112829080229 ], [ -0.122893481215932, 53.581121185134279 ], [ -0.122869597136069, 53.581660192487902 ], [ -0.123322478594938, 53.581667298294967 ] ] ] } },
{ "type": "Feature", "properties": { "Period": "1990-2026", "Area_m2": 1800.0, "Area_ha": 0.18 }, "geometry": { "type": "Polygon", "coordinates": [ [ [ -0.119735318596243, 53.580801894269086 ], [ -0.119759241798058, 53.580262887805546 ], [ -0.119306376274165, 53.580255768638409 ], [ -0.119282447317798, 53.580794774962605 ], [ -0.119735318596243, 53.580801894269086 ] ] ] } },
{ "type": "Feature", "properties": { "Period": "1990-2026", "Area_m2": 1800.0, "Area_ha": 0.18 }, "geometry": { "type": "Polygon", "coordinates": [ [ [ -0.072209428213665, 53.579506020065296 ], [ -0.072233954802723, 53.578967028358235 ], [ -0.071781115626717, 53.578959729429513 ], [ -0.071756583284191, 53.579498720993712 ], [ -0.072209428213665, 53.579506020065296 ] ] ] } },
{ "type": "Feature", "properties": { "Period": "1990-2026", "Area_m2": 2700.0, "Area_ha": 0.27 }, "geometry": { "type": "Polygon", "coordinates": [ [ [ -0.34895404462511, 53.583106291622023 ], [ -0.34896454920956, 53.582836755238908 ], [ -0.348511600269394, 53.582830503469076 ], [ -0.348522107562803, 53.582560967133524 ], [ -0.348069161671864, 53.582554713710707 ], [ -0.348048141156702, 53.583093786245783 ], [ -0.34895404462511, 53.583106291622023 ] ] ] } },
{ "type": "Feature", "properties": { "Period": "1990-2026", "Area_m2": 1800.0, "Area_ha": 0.18 }, "geometry": { "type": "Polygon", "coordinates": [ [ [ -0.120271897745379, 53.578922488505896 ], [ -0.120295812482017, 53.578383481706105 ], [ -0.119842966903948, 53.578376364739952 ], [ -0.1198190464134, 53.57891537140047 ], [ -0.120271897745379, 53.578922488505896 ] ] ] } },
{ "type": "Feature", "properties": { "Period": "1990-2026", "Area_m2": 1800.0, "Area_ha": 0.18 }, "geometry": { "type": "Polygon", "coordinates": [ [ [ -0.073188661533111, 53.577903636920645 ], [ -0.073200917982704, 53.577634140846449 ], [ -0.07229526780088, 53.577619548842726 ], [ -0.072283005598315, 53.577889044774146 ], [ -0.073188661533111, 53.577903636920645 ] ] ] } },
{ "type": "Feature", "properties": { "Period": "1990-2026", "Area_m2": 5400.0, "Area_ha": 0.54 }, "geometry": { "type": "Polygon", "coordinates": [ [ [ -0.052873523122889, 53.576226191768562 ], [ -0.05289829269168, 53.575687205921803 ], [ -0.052445493735853, 53.575679834118226 ], [ -0.052433106175697, 53.57594932697657 ], [ -0.051527503113709, 53.575934578086098 ], [ -0.051539896425878, 53.57566508537208 ], [ -0.051087098071823, 53.57565770842951 ], [ -0.051062305494798, 53.576196693699011 ], [ -0.052873523122889, 53.576226191768562 ] ] ] } },
{ "type": "Feature", "properties": { "Period": "1990-2026", "Area_m2": 1800.0, "Area_ha": 0.18 }, "geometry": { "type": "Polygon", "coordinates": [ [ [ -0.059237499104354, 53.575790231306335 ], [ -0.059262187343835, 53.575251243386582 ], [ -0.05880939133728, 53.575243895708908 ], [ -0.058784697345792, 53.575782883484884 ], [ -0.059237499104354, 53.575790231306335 ] ] ] } },
{ "type": "Feature", "properties": { "Period": "1990-2026", "Area_m2": 1800.0, "Area_ha": 0.18 }, "geometry": { "type": "Polygon", "coordinates": [ [ [ -0.060645246746954, 53.574734287733904 ], [ -0.060657581539723, 53.574464793508788 ], [ -0.059752005783, 53.574450107149559 ], [ -0.059739665238527, 53.574719601230974 ], [ -0.060645246746954, 53.574734287733904 ] ] ] } },
{ "type": "Feature", "properties": { "Period": "1990-2026", "Area_m2": 3600.0, "Area_ha": 0.36 }, "geometry": { "type": "Polygon", "coordinates": [ [ [ -0.10139723569902, 53.575388088505981 ], [ -0.101421387399878, 53.574849087246697 ], [ -0.100515781820203, 53.574834709371324 ], [ -0.100491618614479, 53.575373710349197 ], [ -0.10139723569902, 53.575388088505981 ] ] ] } },
{ "type": "Feature", "properties": { "Period": "1990-2026", "Area_m2": 3600.0, "Area_ha": 0.36 }, "geometry": { "type": "Polygon", "coordinates": [ [ [ -0.064279892550327, 53.574523470427842 ], [ -0.064304515523943, 53.57398448078677 ], [ -0.063398948077748, 53.573969822121583 ], [ -0.063374313600863, 53.574508811475788 ], [ -0.064279892550327, 53.574523470427842 ] ] ] } },
{ "type": "Feature", "properties": { "Period": "1990-2026", "Area_m2": 1800.0, "Area_ha": 0.18 }, "geometry": { "type": "Polygon", "coordinates": [ [ [ -0.051149076002503, 53.574310245007219 ], [ -0.051173865770115, 53.573771259538859 ], [ -0.050721087747408, 53.573763881388679 ], [ -0.05069629222841, 53.574302866712642 ], [ -0.051149076002503, 53.574310245007219 ] ] ] } },
{ "type": "Feature", "properties": { "Period": "1990-2026", "Area_m2": 1800.0, "Area_ha": 0.18 }, "geometry": { "type": "Polygon", "coordinates": [ [ [ -0.099610177022893, 53.574820324643646 ], [ -0.099622264084642, 53.574550824274304 ], [ -0.09871666582233, 53.57453643283516 ], [ -0.098704573008321, 53.574805933063686 ], [ -0.099610177022893, 53.574820324643646 ] ] ] } },
{ "type": "Feature", "properties": { "Period": "1990-2026", "Area_m2": 5400.0, "Area_ha": 0.54 }, "geometry": { "type": "Polygon", "coordinates": [ [ [ -0.053853404929202, 53.57462397194918 ], [ -0.053865782859329, 53.5743544788035 ], [ -0.054318568037076, 53.574361845107674 ], [ -0.054355691998077, 53.573553365369172 ], [ -0.053902915447431, 53.573545999281222 ], [ -0.053878160589073, 53.574084985643609 ], [ -0.052972596586252, 53.574070248040698 ], [ -0.052960213105027, 53.574339741056384 ], [ -0.053412997881963, 53.574347110786405 ], [ -0.053400617076047, 53.574616603860008 ], [ -0.053853404929202, 53.57462397194918 ] ] ] } },
{ "type": "Feature", "properties": { "Period": "1990-2026", "Area_m2": 3600.0, "Area_ha": 0.36 }, "geometry": { "type": "Polygon", "coordinates": [ [ [ -0.052519814885525, 53.574062876669892 ], [ -0.052532201041967, 53.57379338371215 ], [ -0.05207942241744, 53.573786010700594 ], [ -0.052104199880014, 53.573247024886747 ], [ -0.051651427207266, 53.57323965030664 ], [ -0.051614252085672, 53.57404812878962 ], [ -0.052519814885525, 53.574062876669892 ] ] ] } },
{ "type": "Feature", "properties": { "Period": "1990-2026", "Area_m2": 1800.0, "Area_ha": 0.18 }, "geometry": { "type": "Polygon", "coordinates": [ [ [ -0.085169322171499, 53.573511244581802 ], [ -0.085181500478704, 53.573241746417118 ], [ -0.0842759377975, 53.573227245911873 ], [ -0.084263753738681, 53.573496743934669 ], [ -0.085169322171499, 53.573511244581802 ] ] ] } },
{ "type": "Feature", "properties": { "Period": "1990-2026", "Area_m2": 1800.0, "Area_ha": 0.18 }, "geometry": { "type": "Polygon", "coordinates": [ [ [ -0.077924796821499, 53.573395047555401 ], [ -0.077949245262871, 53.572856053485836 ], [ -0.077496469860089, 53.572848776754171 ], [ -0.077472015667283, 53.573387770681322 ], [ -0.077924796821499, 53.573395047555401 ] ] ] } },
{ "type": "Feature", "properties": { "Period": "1990-2026", "Area_m2": 1800.0, "Area_ha": 0.18 }, "geometry": { "type": "Polygon", "coordinates": [ [ [ -0.068881493233244, 53.57297968902013 ], [ -0.06890605630401, 53.572440697776699 ], [ -0.068453287744338, 53.572433386859103 ], [ -0.068428718922402, 53.572972377959474 ], [ -0.068881493233244, 53.57297968902013 ] ] ] } },
{ "type": "Feature", "properties": { "Period": "1990-2026", "Area_m2": 5400.0, "Area_ha": 0.54 }, "geometry": { "type": "Polygon", "coordinates": [ [ [ -0.085193678588759, 53.572972248238308 ], [ -0.085218034217435, 53.572433251838262 ], [ -0.085670807226624, 53.57244049930874 ], [ -0.085695156315542, 53.571901502710318 ], [ -0.08478962199671, 53.571887006340191 ], [ -0.084740900025321, 53.572964998913093 ], [ -0.085193678588759, 53.572972248238308 ] ] ] } },
{ "type": "Feature", "properties": { "Period": "1990-2026", "Area_m2": 4500.0, "Area_ha": 0.45 }, "geometry": { "type": "Polygon", "coordinates": [ [ [ -0.089317301470451, 53.571959419676645 ], [ -0.089329452714855, 53.571689920789545 ], [ -0.087065624893999, 53.57165373588608 ], [ -0.087053459271794, 53.571923234419131 ], [ -0.089317301470451, 53.571959419676645 ] ] ] } },
{ "type": "Feature", "properties": { "Period": "1990-2026", "Area_m2": 3600.0, "Area_ha": 0.36 }, "geometry": { "type": "Polygon", "coordinates": [ [ [ -0.079796985522991, 53.572076651219227 ], [ -0.079833620414336, 53.571268159027518 ], [ -0.079380861473564, 53.571260889574212 ], [ -0.079356432659441, 53.571799884240555 ], [ -0.078903668165492, 53.571792612932164 ], [ -0.078891450586313, 53.572062110172979 ], [ -0.079796985522991, 53.572076651219227 ] ] ] } },
{ "type": "Feature", "properties": { "Period": "1990-2026", "Area_m2": 1800.0, "Area_ha": 0.18 }, "geometry": { "type": "Polygon", "coordinates": [ [ [ -0.086172266320165, 53.57136975152936 ], [ -0.086184437299402, 53.571100253109783 ], [ -0.085278919839298, 53.571085760590776 ], [ -0.085266743109175, 53.57135525886855 ], [ -0.086172266320165, 53.57136975152936 ] ] ] } },
{ "type": "Feature", "properties": { "Period": "1990-2026", "Area_m2": 4500.0, "Area_ha": 0.45 }, "geometry": { "type": "Polygon", "coordinates": [ [ [ -0.084409949427406, 53.570262766728064 ], [ -0.084422131119591, 53.569993268535605 ], [ -0.084874877855563, 53.570000518793343 ], [ -0.084887056475356, 53.569731020515825 ], [ -0.083528825484651, 53.569709264817291 ], [ -0.083504450796602, 53.570248260932466 ], [ -0.084409949427406, 53.570262766728064 ] ] ] } },
{ "type": "Feature", "properties": { "Period": "1990-2026", "Area_m2": 5400.0, "Area_ha": 0.54 }, "geometry": { "type": "Polygon", "coordinates": [ [ [ -0.077679851071695, 53.568806320496165 ], [ -0.077728745208417, 53.567728331622938 ], [ -0.07727602463284, 53.567721054531368 ], [ -0.077263798520644, 53.567990551699701 ], [ -0.076811075268167, 53.567983272824335 ], [ -0.076786616700313, 53.568522266976103 ], [ -0.077239345702535, 53.568529545993904 ], [ -0.077227118996613, 53.568799043119789 ], [ -0.077679851071695, 53.568806320496165 ] ] ] } },
{ "type": "Feature", "properties": { "Period": "1990-2026", "Area_m2": 1800.0, "Area_ha": 0.18 }, "geometry": { "type": "Polygon", "coordinates": [ [ [ -0.033363076487636, 53.567007037064506 ], [ -0.033375581233028, 53.566737546868033 ], [ -0.032470185263013, 53.566722655470684 ], [ -0.032457674768959, 53.566992145521461 ], [ -0.033363076487636, 53.567007037064506 ] ] ] } },
{ "type": "Feature", "properties": { "Period": "1990-2026", "Area_m2": 2700.0, "Area_ha": 0.27 }, "geometry": { "type": "Polygon", "coordinates": [ [ [ -0.034293476807054, 53.566482941059434 ], [ -0.034305975399155, 53.566213450688856 ], [ -0.033853282656711, 53.566206009416767 ], [ -0.033865783920715, 53.565936519104746 ], [ -0.033413094254817, 53.565929076193136 ], [ -0.03338808577602, 53.566468056657293 ], [ -0.034293476807054, 53.566482941059434 ] ] ] } },
{ "type": "Feature", "properties": { "Period": "1990-2026", "Area_m2": 1800.0, "Area_ha": 0.18 }, "geometry": { "type": "Polygon", "coordinates": [ [ [ -0.031589821980615, 53.566168777371054 ], [ -0.031614853047942, 53.565629797461312 ], [ -0.031162167268578, 53.565622346060913 ], [ -0.031137130452943, 53.566161325824872 ], [ -0.031589821980615, 53.566168777371054 ] ] ] } },
{ "type": "Feature", "properties": { "Period": "1990-2026", "Area_m2": 3600.0, "Area_ha": 0.36 }, "geometry": { "type": "Polygon", "coordinates": [ [ [ -0.085473720716453, 53.566773786223969 ], [ -0.085498067278889, 53.566234789173656 ], [ -0.085045360594414, 53.566227541621515 ], [ -0.085033184537117, 53.566497040082808 ], [ -0.084127766010279, 53.566482539699152 ], [ -0.08411558400661, 53.566752038004445 ], [ -0.085473720716453, 53.566773786223969 ] ] ] } },
{ "type": "Feature", "properties": { "Period": "1990-2026", "Area_m2": 2700.0, "Area_ha": 0.27 }, "geometry": { "type": "Polygon", "coordinates": [ [ [ -0.033413094254817, 53.565929076193136 ], [ -0.033438101924063, 53.565390095671994 ], [ -0.032532734695962, 53.565375205003122 ], [ -0.032520225214334, 53.565644695125123 ], [ -0.032972911601268, 53.565652141388568 ], [ -0.032960404791306, 53.565921631569182 ], [ -0.033413094254817, 53.565929076193136 ] ] ] } },
{ "type": "Feature", "properties": { "Period": "1990-2026", "Area_m2": 1800.0, "Area_ha": 0.18 }, "geometry": { "type": "Polygon", "coordinates": [ [ [ -0.114114913301579, 53.564531908257848 ], [ -0.114126903628944, 53.564262405165195 ], [ -0.113221517552146, 53.564248125387152 ], [ -0.113209521475882, 53.564517628340099 ], [ -0.114114913301579, 53.564531908257848 ] ] ] } },
{ "type": "Feature", "properties": { "Period": "1990-2026", "Area_m2": 6300.0, "Area_ha": 0.63 }, "geometry": { "type": "Polygon", "coordinates": [ [ [ -0.07879299629931, 53.56423941341626 ], [ -0.078805211018809, 53.563969915836275 ], [ -0.078352530290108, 53.563962643166121 ], [ -0.078376964884199, 53.563423648106017 ], [ -0.07747161551644, 53.563409097913379 ], [ -0.077434946084011, 53.564217590055229 ], [ -0.07879299629931, 53.56423941341626 ] ] ] } },
{ "type": "Feature", "properties": { "Period": "1990-2026", "Area_m2": 2700.0, "Area_ha": 0.27 }, "geometry": { "type": "Polygon", "coordinates": [ [ [ -0.08612113779146, 53.562469053085557 ], [ -0.086145472301854, 53.561930055441138 ], [ -0.085240150710535, 53.561915564318006 ], [ -0.085227977806082, 53.562185063005508 ], [ -0.085680641377114, 53.562192309494066 ], [ -0.085668471149545, 53.562461808238361 ], [ -0.08612113779146, 53.562469053085557 ] ] ] } },
{ "type": "Feature", "properties": { "Period": "1990-2026", "Area_m2": 2700.0, "Area_ha": 0.27 }, "geometry": { "type": "Polygon", "coordinates": [ [ [ -0.117106425265379, 53.558376122588705 ], [ -0.117118393889721, 53.558106618753584 ], [ -0.11757102228248, 53.558113744195573 ], [ -0.117582987839757, 53.557844240276673 ], [ -0.116677736994665, 53.557829987820078 ], [ -0.116653794192909, 53.558368995364908 ], [ -0.117106425265379, 53.558376122588705 ] ] ] } },
{ "type": "Feature", "properties": { "Period": "1990-2026", "Area_m2": 1800.0, "Area_ha": 0.18 }, "geometry": { "type": "Polygon", "coordinates": [ [ [ -0.114021928920903, 53.556439672345974 ], [ -0.114045903486988, 53.555900665441435 ], [ -0.113593299630478, 53.555893526861617 ], [ -0.113569319318331, 53.556432533626456 ], [ -0.114021928920903, 53.556439672345974 ] ] ] } }
]
}
