{
"type": "FeatureCollection",
"name": "Holderness_DSAS_Transects_Complete",
"crs": { "type": "name", "properties": { "name": "urn:ogc:def:crs:OGC:1.3:CRS84" } },
"features": [
{ "type": "Feature", "properties": { "Transect_ID": 1, "Distance_From_North_km": 0.0, "Coastal_Zone": "Flamborough Chalk Headland", "Geology": "Upper Cretaceous Chalk (Flamborough Formation)", "Cliff_Elevation_m": 50.0, "Defense_Status": "Natural High Resistance", "Defense_Type": "Natural Resistant Headland (No Defenses Needed)", "SMP_Policy": "No Active Intervention (NAI)", "EPR_Erosion_Rate_m_yr": 0.29, "LRR_Regression_Rate_m_yr": 0.3, "R_Squared": 0.975, "Std_Error_m_yr": 0.034, "NSM_Total_Retreat_m": 10.4, "SCE_Envelope_m": 10.7, "Downdrift_Starvation_Index": 0.0, "Projected_Retreat_2050_Baseline_m": 7.0, "Projected_Retreat_2050_Climate_Accelerated_m": 8.0, "Projected_Retreat_2100_Baseline_m": 21.5, "Projected_Retreat_2100_Climate_Accelerated_m": 27.9, "Hazard_Class": "Low / Defended (<1.0 m/yr)", "Hazard_Color": "#10b981" }, "geometry": { "type": "LineString", "coordinates": [ [ -0.091887715066075, 54.118037243494683 ], [ -0.08816247703211, 54.113109996948019 ] ] } },
{ "type": "Feature", "properties": { "Transect_ID": 2, "Distance_From_North_km": 0.51, "Coastal_Zone": "Flamborough Chalk Headland", "Geology": "Upper Cretaceous Chalk (Flamborough Formation)", "Cliff_Elevation_m": 47.0, "Defense_Status": "Natural High Resistance", "Defense_Type": "Natural Resistant Headland (No Defenses Needed)", "SMP_Policy": "No Active Intervention (NAI)", "EPR_Erosion_Rate_m_yr": 0.43, "LRR_Regression_Rate_m_yr": 0.45, "R_Squared": 0.978, "Std_Error_m_yr": 0.047, "NSM_Total_Retreat_m": 15.5, "SCE_Envelope_m": 16.5, "Downdrift_Starvation_Index": 0.0, "Projected_Retreat_2050_Baseline_m": 10.3, "Projected_Retreat_2050_Climate_Accelerated_m": 11.9, "Projected_Retreat_2100_Baseline_m": 31.8, "Projected_Retreat_2100_Climate_Accelerated_m": 41.4, "Hazard_Class": "Low / Defended (<1.0 m/yr)", "Hazard_Color": "#10b981" }, "geometry": { "type": "LineString", "coordinates": [ [ -0.096727137652035, 54.116774184002324 ], [ -0.093001431603804, 54.111847082476551 ] ] } },
{ "type": "Feature", "properties": { "Transect_ID": 3, "Distance_From_North_km": 1.02, "Coastal_Zone": "Flamborough Chalk Headland", "Geology": "Upper Cretaceous Chalk (Flamborough Formation)", "Cliff_Elevation_m": 42.0, "Defense_Status": "Natural High Resistance", "Defense_Type": "Natural Resistant Headland (No Defenses Needed)", "SMP_Policy": "No Active Intervention (NAI)", "EPR_Erosion_Rate_m_yr": 0.15, "LRR_Regression_Rate_m_yr": 0.14, "R_Squared": 0.875, "Std_Error_m_yr": 0.036, "NSM_Total_Retreat_m": 5.4, "SCE_Envelope_m": 5.6, "Downdrift_Starvation_Index": 0.0, "Projected_Retreat_2050_Baseline_m": 3.6, "Projected_Retreat_2050_Climate_Accelerated_m": 4.1, "Projected_Retreat_2100_Baseline_m": 11.1, "Projected_Retreat_2100_Climate_Accelerated_m": 14.4, "Hazard_Class": "Low / Defended (<1.0 m/yr)", "Hazard_Color": "#10b981" }, "geometry": { "type": "LineString", "coordinates": [ [ -0.104276843202179, 54.11480321179355 ], [ -0.100550407221273, 54.109876336566835 ] ] } },
{ "type": "Feature", "properties": { "Transect_ID": 4, "Distance_From_North_km": 1.53, "Coastal_Zone": "Flamborough Chalk Headland", "Geology": "Upper Cretaceous Chalk (Flamborough Formation)", "Cliff_Elevation_m": 37.0, "Defense_Status": "Natural High Resistance", "Defense_Type": "Natural Resistant Headland (No Defenses Needed)", "SMP_Policy": "No Active Intervention (NAI)", "EPR_Erosion_Rate_m_yr": 0.15, "LRR_Regression_Rate_m_yr": 0.19, "R_Squared": 0.532, "Std_Error_m_yr": 0.129, "NSM_Total_Retreat_m": 5.4, "SCE_Envelope_m": 5.6, "Downdrift_Starvation_Index": 0.0, "Projected_Retreat_2050_Baseline_m": 3.6, "Projected_Retreat_2050_Climate_Accelerated_m": 4.1, "Projected_Retreat_2100_Baseline_m": 11.1, "Projected_Retreat_2100_Climate_Accelerated_m": 14.4, "Hazard_Class": "Low / Defended (<1.0 m/yr)", "Hazard_Color": "#10b981" }, "geometry": { "type": "LineString", "coordinates": [ [ -0.112657315522856, 54.112614575749156 ], [ -0.108930069558329, 54.107687951809361 ] ] } },
{ "type": "Feature", "properties": { "Transect_ID": 5, "Distance_From_North_km": 2.03, "Coastal_Zone": "Flamborough Chalk Headland", "Geology": "Upper Cretaceous Chalk (Flamborough Formation)", "Cliff_Elevation_m": 34.0, "Defense_Status": "Natural High Resistance", "Defense_Type": "Natural Resistant Headland (No Defenses Needed)", "SMP_Policy": "No Active Intervention (NAI)", "EPR_Erosion_Rate_m_yr": 0.12, "LRR_Regression_Rate_m_yr": 0.1, "R_Squared": 0.665, "Std_Error_m_yr": 0.05, "NSM_Total_Retreat_m": 4.3, "SCE_Envelope_m": 4.5, "Downdrift_Starvation_Index": 0.0, "Projected_Retreat_2050_Baseline_m": 2.9, "Projected_Retreat_2050_Climate_Accelerated_m": 3.3, "Projected_Retreat_2100_Baseline_m": 8.9, "Projected_Retreat_2100_Climate_Accelerated_m": 11.5, "Hazard_Class": "Low / Defended (<1.0 m/yr)", "Hazard_Color": "#10b981" }, "geometry": { "type": "LineString", "coordinates": [ [ -0.121172421860344, 54.110389939407156 ], [ -0.117444353191283, 54.105463570883892 ] ] } },
{ "type": "Feature", "properties": { "Transect_ID": 6, "Distance_From_North_km": 2.54, "Coastal_Zone": "Flamborough Chalk Headland", "Geology": "Upper Cretaceous Chalk (Flamborough Formation)", "Cliff_Elevation_m": 39.0, "Defense_Status": "Natural High Resistance", "Defense_Type": "Natural Resistant Headland (No Defenses Needed)", "SMP_Policy": "No Active Intervention (NAI)", "EPR_Erosion_Rate_m_yr": 0.12, "LRR_Regression_Rate_m_yr": 0.14, "R_Squared": 0.825, "Std_Error_m_yr": 0.045, "NSM_Total_Retreat_m": 4.3, "SCE_Envelope_m": 4.5, "Downdrift_Starvation_Index": 0.0, "Projected_Retreat_2050_Baseline_m": 2.9, "Projected_Retreat_2050_Climate_Accelerated_m": 3.3, "Projected_Retreat_2100_Baseline_m": 8.9, "Projected_Retreat_2100_Climate_Accelerated_m": 11.5, "Hazard_Class": "Low / Defended (<1.0 m/yr)", "Hazard_Color": "#10b981" }, "geometry": { "type": "LineString", "coordinates": [ [ -0.129698066488954, 54.108161702030657 ], [ -0.125969174391755, 54.103235589333579 ] ] } },
{ "type": "Feature", "properties": { "Transect_ID": 7, "Distance_From_North_km": 3.05, "Coastal_Zone": "Flamborough Chalk Headland", "Geology": "Upper Cretaceous Chalk (Flamborough Formation)", "Cliff_Elevation_m": 0.0, "Defense_Status": "Natural High Resistance", "Defense_Type": "Natural Resistant Headland (No Defenses Needed)", "SMP_Policy": "No Active Intervention (NAI)", "EPR_Erosion_Rate_m_yr": 0.14, "LRR_Regression_Rate_m_yr": 0.12, "R_Squared": 0.671, "Std_Error_m_yr": 0.058, "NSM_Total_Retreat_m": 5.0, "SCE_Envelope_m": 5.1, "Downdrift_Starvation_Index": 0.0, "Projected_Retreat_2050_Baseline_m": 3.4, "Projected_Retreat_2050_Climate_Accelerated_m": 3.9, "Projected_Retreat_2100_Baseline_m": 10.4, "Projected_Retreat_2100_Climate_Accelerated_m": 13.5, "Hazard_Class": "Low / Defended (<1.0 m/yr)", "Hazard_Color": "#10b981" }, "geometry": { "type": "LineString", "coordinates": [ [ -0.138223296444141, 54.105932724585408 ], [ -0.134493570541807, 54.101006870596827 ] ] } },
{ "type": "Feature", "properties": { "Transect_ID": 8, "Distance_From_North_km": 3.56, "Coastal_Zone": "Flamborough Chalk Headland", "Geology": "Upper Cretaceous Chalk (Flamborough Formation)", "Cliff_Elevation_m": 0.0, "Defense_Status": "Natural High Resistance", "Defense_Type": "Natural Resistant Headland (No Defenses Needed)", "SMP_Policy": "No Active Intervention (NAI)", "EPR_Erosion_Rate_m_yr": 0.27, "LRR_Regression_Rate_m_yr": 0.29, "R_Squared": 0.925, "Std_Error_m_yr": 0.059, "NSM_Total_Retreat_m": 9.7, "SCE_Envelope_m": 10.0, "Downdrift_Starvation_Index": 0.0, "Projected_Retreat_2050_Baseline_m": 6.5, "Projected_Retreat_2050_Climate_Accelerated_m": 7.5, "Projected_Retreat_2100_Baseline_m": 20.0, "Projected_Retreat_2100_Climate_Accelerated_m": 26.0, "Hazard_Class": "Low / Defended (<1.0 m/yr)", "Hazard_Color": "#10b981" }, "geometry": { "type": "LineString", "coordinates": [ [ -0.146747732817637, 54.10370309081712 ], [ -0.143016886387592, 54.098777570717353 ] ] } },
{ "type": "Feature", "properties": { "Transect_ID": 9, "Distance_From_North_km": 4.07, "Coastal_Zone": "Flamborough Chalk Headland", "Geology": "Upper Cretaceous Chalk (Flamborough Formation)", "Cliff_Elevation_m": 0.0, "Defense_Status": "Natural High Resistance", "Defense_Type": "Natural Resistant Headland (No Defenses Needed)", "SMP_Policy": "No Active Intervention (NAI)", "EPR_Erosion_Rate_m_yr": 0.14, "LRR_Regression_Rate_m_yr": 0.12, "R_Squared": 0.552, "Std_Error_m_yr": 0.076, "NSM_Total_Retreat_m": 5.0, "SCE_Envelope_m": 5.1, "Downdrift_Starvation_Index": 0.0, "Projected_Retreat_2050_Baseline_m": 3.4, "Projected_Retreat_2050_Climate_Accelerated_m": 3.9, "Projected_Retreat_2100_Baseline_m": 10.4, "Projected_Retreat_2100_Climate_Accelerated_m": 13.5, "Hazard_Class": "Low / Defended (<1.0 m/yr)", "Hazard_Color": "#10b981" }, "geometry": { "type": "LineString", "coordinates": [ [ -0.155271581081171, 54.101472350649814 ], [ -0.151535863003709, 54.096548147135955 ] ] } },
{ "type": "Feature", "properties": { "Transect_ID": 10, "Distance_From_North_km": 4.58, "Coastal_Zone": "Flamborough Chalk Headland", "Geology": "Upper Cretaceous Chalk (Flamborough Formation)", "Cliff_Elevation_m": 0.0, "Defense_Status": "Natural High Resistance", "Defense_Type": "Natural Resistant Headland (No Defenses Needed)", "SMP_Policy": "No Active Intervention (NAI)", "EPR_Erosion_Rate_m_yr": 0.12, "LRR_Regression_Rate_m_yr": 0.13, "R_Squared": 0.936, "Std_Error_m_yr": 0.024, "NSM_Total_Retreat_m": 4.3, "SCE_Envelope_m": 4.6, "Downdrift_Starvation_Index": 0.0, "Projected_Retreat_2050_Baseline_m": 2.9, "Projected_Retreat_2050_Climate_Accelerated_m": 3.3, "Projected_Retreat_2100_Baseline_m": 8.9, "Projected_Retreat_2100_Climate_Accelerated_m": 11.5, "Hazard_Class": "Low / Defended (<1.0 m/yr)", "Hazard_Color": "#10b981" }, "geometry": { "type": "LineString", "coordinates": [ [ -0.16378397786656, 54.099238345386325 ], [ -0.160016320731785, 54.094322597158573 ] ] } },
{ "type": "Feature", "properties": { "Transect_ID": 11, "Distance_From_North_km": 5.08, "Coastal_Zone": "Bridlington Protected Bay", "Geology": "Till overlain with beach sand / alluvium", "Cliff_Elevation_m": 0.0, "Defense_Status": "Heavily Defended", "Defense_Type": "Concrete Seawall, Timber Groynes, Rock Armour", "SMP_Policy": "Hold the Line (HTL)", "EPR_Erosion_Rate_m_yr": 0.41, "LRR_Regression_Rate_m_yr": 0.41, "R_Squared": 0.915, "Std_Error_m_yr": 0.087, "NSM_Total_Retreat_m": 14.8, "SCE_Envelope_m": 16.0, "Downdrift_Starvation_Index": 0.05, "Projected_Retreat_2050_Baseline_m": 9.8, "Projected_Retreat_2050_Climate_Accelerated_m": 11.3, "Projected_Retreat_2100_Baseline_m": 30.3, "Projected_Retreat_2100_Climate_Accelerated_m": 39.4, "Hazard_Class": "Low / Defended (<1.0 m/yr)", "Hazard_Color": "#10b981" }, "geometry": { "type": "LineString", "coordinates": [ [ -0.172166974814195, 54.096997956479214 ], [ -0.168252717650922, 54.092121989497159 ] ] } },
{ "type": "Feature", "properties": { "Transect_ID": 12, "Distance_From_North_km": 5.59, "Coastal_Zone": "Bridlington Protected Bay", "Geology": "Till overlain with beach sand / alluvium", "Cliff_Elevation_m": 6.0, "Defense_Status": "Heavily Defended", "Defense_Type": "Concrete Seawall, Timber Groynes, Rock Armour", "SMP_Policy": "Hold the Line (HTL)", "EPR_Erosion_Rate_m_yr": 0.41, "LRR_Regression_Rate_m_yr": 0.43, "R_Squared": 0.982, "Std_Error_m_yr": 0.041, "NSM_Total_Retreat_m": 14.8, "SCE_Envelope_m": 15.9, "Downdrift_Starvation_Index": 0.05, "Projected_Retreat_2050_Baseline_m": 9.8, "Projected_Retreat_2050_Climate_Accelerated_m": 11.3, "Projected_Retreat_2100_Baseline_m": 30.3, "Projected_Retreat_2100_Climate_Accelerated_m": 39.4, "Hazard_Class": "Low / Defended (<1.0 m/yr)", "Hazard_Color": "#10b981" }, "geometry": { "type": "LineString", "coordinates": [ [ -0.179936217311246, 54.094752490091452 ], [ -0.175560269851619, 54.090014137578876 ] ] } },
{ "type": "Feature", "properties": { "Transect_ID": 13, "Distance_From_North_km": 6.1, "Coastal_Zone": "Bridlington Protected Bay", "Geology": "Till overlain with beach sand / alluvium", "Cliff_Elevation_m": 14.0, "Defense_Status": "Heavily Defended", "Defense_Type": "Concrete Seawall, Timber Groynes, Rock Armour", "SMP_Policy": "Hold the Line (HTL)", "EPR_Erosion_Rate_m_yr": 0.36, "LRR_Regression_Rate_m_yr": 0.34, "R_Squared": 0.919, "Std_Error_m_yr": 0.07, "NSM_Total_Retreat_m": 13.0, "SCE_Envelope_m": 13.9, "Downdrift_Starvation_Index": 0.05, "Projected_Retreat_2050_Baseline_m": 8.6, "Projected_Retreat_2050_Climate_Accelerated_m": 9.9, "Projected_Retreat_2100_Baseline_m": 26.6, "Projected_Retreat_2100_Climate_Accelerated_m": 34.6, "Hazard_Class": "Low / Defended (<1.0 m/yr)", "Hazard_Color": "#10b981" }, "geometry": { "type": "LineString", "coordinates": [ [ -0.186252422656797, 54.092471189291345 ], [ -0.180816974191582, 54.088128502722327 ] ] } },
{ "type": "Feature", "properties": { "Transect_ID": 14, "Distance_From_North_km": 6.61, "Coastal_Zone": "Bridlington Protected Bay", "Geology": "Till overlain with beach sand / alluvium", "Cliff_Elevation_m": 13.0, "Defense_Status": "Heavily Defended", "Defense_Type": "Concrete Seawall, Timber Groynes, Rock Armour", "SMP_Policy": "Hold the Line (HTL)", "EPR_Erosion_Rate_m_yr": 0.28, "LRR_Regression_Rate_m_yr": 0.28, "R_Squared": 0.917, "Std_Error_m_yr": 0.059, "NSM_Total_Retreat_m": 10.1, "SCE_Envelope_m": 10.6, "Downdrift_Starvation_Index": 0.05, "Projected_Retreat_2050_Baseline_m": 6.7, "Projected_Retreat_2050_Climate_Accelerated_m": 7.7, "Projected_Retreat_2100_Baseline_m": 20.7, "Projected_Retreat_2100_Climate_Accelerated_m": 26.9, "Hazard_Class": "Low / Defended (<1.0 m/yr)", "Hazard_Color": "#10b981" }, "geometry": { "type": "LineString", "coordinates": [ [ -0.190624760219519, 54.090049576164496 ], [ -0.183626315938358, 54.086565166708588 ] ] } },
{ "type": "Feature", "properties": { "Transect_ID": 15, "Distance_From_North_km": 7.12, "Coastal_Zone": "Bridlington Protected Bay", "Geology": "Till overlain with beach sand / alluvium", "Cliff_Elevation_m": 16.0, "Defense_Status": "Heavily Defended", "Defense_Type": "Concrete Seawall, Timber Groynes, Rock Armour", "SMP_Policy": "Hold the Line (HTL)", "EPR_Erosion_Rate_m_yr": 0.43, "LRR_Regression_Rate_m_yr": 0.42, "R_Squared": 0.988, "Std_Error_m_yr": 0.032, "NSM_Total_Retreat_m": 15.5, "SCE_Envelope_m": 15.8, "Downdrift_Starvation_Index": 0.05, "Projected_Retreat_2050_Baseline_m": 10.3, "Projected_Retreat_2050_Climate_Accelerated_m": 11.9, "Projected_Retreat_2100_Baseline_m": 31.8, "Projected_Retreat_2100_Climate_Accelerated_m": 41.4, "Hazard_Class": "Low / Defended (<1.0 m/yr)", "Hazard_Color": "#10b981" }, "geometry": { "type": "LineString", "coordinates": [ [ -0.193173131998822, 54.087700665957939 ], [ -0.185111585475064, 54.085130539270224 ] ] } },
{ "type": "Feature", "properties": { "Transect_ID": 16, "Distance_From_North_km": 7.63, "Coastal_Zone": "Bridlington Protected Bay", "Geology": "Till overlain with beach sand / alluvium", "Cliff_Elevation_m": 14.0, "Defense_Status": "Heavily Defended", "Defense_Type": "Concrete Seawall, Timber Groynes, Rock Armour", "SMP_Policy": "Hold the Line (HTL)", "EPR_Erosion_Rate_m_yr": 0.47, "LRR_Regression_Rate_m_yr": 0.48, "R_Squared": 0.984, "Std_Error_m_yr": 0.043, "NSM_Total_Retreat_m": 16.9, "SCE_Envelope_m": 18.0, "Downdrift_Starvation_Index": 0.05, "Projected_Retreat_2050_Baseline_m": 11.3, "Projected_Retreat_2050_Climate_Accelerated_m": 13.0, "Projected_Retreat_2100_Baseline_m": 34.8, "Projected_Retreat_2100_Climate_Accelerated_m": 45.2, "Hazard_Class": "Low / Defended (<1.0 m/yr)", "Hazard_Color": "#10b981" }, "geometry": { "type": "LineString", "coordinates": [ [ -0.194715510820736, 54.085750884048423 ], [ -0.186342510654119, 54.083552193000806 ] ] } },
{ "type": "Feature", "properties": { "Transect_ID": 17, "Distance_From_North_km": 8.13, "Coastal_Zone": "Bridlington Protected Bay", "Geology": "Till overlain with beach sand / alluvium", "Cliff_Elevation_m": 14.0, "Defense_Status": "Heavily Defended", "Defense_Type": "Concrete Seawall, Timber Groynes, Rock Armour", "SMP_Policy": "Hold the Line (HTL)", "EPR_Erosion_Rate_m_yr": 0.26, "LRR_Regression_Rate_m_yr": 0.27, "R_Squared": 0.985, "Std_Error_m_yr": 0.023, "NSM_Total_Retreat_m": 9.4, "SCE_Envelope_m": 9.8, "Downdrift_Starvation_Index": 0.05, "Projected_Retreat_2050_Baseline_m": 6.2, "Projected_Retreat_2050_Climate_Accelerated_m": 7.2, "Projected_Retreat_2100_Baseline_m": 19.2, "Projected_Retreat_2100_Climate_Accelerated_m": 25.0, "Hazard_Class": "Low / Defended (<1.0 m/yr)", "Hazard_Color": "#10b981" }, "geometry": { "type": "LineString", "coordinates": [ [ -0.195999551971675, 54.0840044379906 ], [ -0.187571748387603, 54.081879831304917 ] ] } },
{ "type": "Feature", "properties": { "Transect_ID": 18, "Distance_From_North_km": 8.64, "Coastal_Zone": "Bridlington Protected Bay", "Geology": "Till overlain with beach sand / alluvium", "Cliff_Elevation_m": 4.0, "Defense_Status": "Heavily Defended", "Defense_Type": "Concrete Seawall, Timber Groynes, Rock Armour", "SMP_Policy": "Hold the Line (HTL)", "EPR_Erosion_Rate_m_yr": 0.52, "LRR_Regression_Rate_m_yr": 0.51, "R_Squared": 0.997, "Std_Error_m_yr": 0.019, "NSM_Total_Retreat_m": 18.7, "SCE_Envelope_m": 19.4, "Downdrift_Starvation_Index": 0.05, "Projected_Retreat_2050_Baseline_m": 12.5, "Projected_Retreat_2050_Climate_Accelerated_m": 14.4, "Projected_Retreat_2100_Baseline_m": 38.5, "Projected_Retreat_2100_Climate_Accelerated_m": 50.0, "Hazard_Class": "Low / Defended (<1.0 m/yr)", "Hazard_Color": "#10b981" }, "geometry": { "type": "LineString", "coordinates": [ [ -0.197272801397148, 54.082243492397886 ], [ -0.188793707875737, 54.080191147125433 ] ] } },
{ "type": "Feature", "properties": { "Transect_ID": 19, "Distance_From_North_km": 9.15, "Coastal_Zone": "Bridlington Protected Bay", "Geology": "Till overlain with beach sand / alluvium", "Cliff_Elevation_m": 0.0, "Defense_Status": "Heavily Defended", "Defense_Type": "Concrete Seawall, Timber Groynes, Rock Armour", "SMP_Policy": "Hold the Line (HTL)", "EPR_Erosion_Rate_m_yr": 0.49, "LRR_Regression_Rate_m_yr": 0.47, "R_Squared": 0.972, "Std_Error_m_yr": 0.057, "NSM_Total_Retreat_m": 17.6, "SCE_Envelope_m": 18.1, "Downdrift_Starvation_Index": 0.05, "Projected_Retreat_2050_Baseline_m": 11.8, "Projected_Retreat_2050_Climate_Accelerated_m": 13.5, "Projected_Retreat_2100_Baseline_m": 36.3, "Projected_Retreat_2100_Climate_Accelerated_m": 47.1, "Hazard_Class": "Low / Defended (<1.0 m/yr)", "Hazard_Color": "#10b981" }, "geometry": { "type": "LineString", "coordinates": [ [ -0.198608025802076, 54.080268759695294 ], [ -0.189976498498372, 54.07844995302294 ] ] } },
{ "type": "Feature", "properties": { "Transect_ID": 20, "Distance_From_North_km": 9.66, "Coastal_Zone": "Bridlington Protected Bay", "Geology": "Till overlain with beach sand / alluvium", "Cliff_Elevation_m": 0.0, "Defense_Status": "Heavily Defended", "Defense_Type": "Concrete Seawall, Timber Groynes, Rock Armour", "SMP_Policy": "Hold the Line (HTL)", "EPR_Erosion_Rate_m_yr": 0.52, "LRR_Regression_Rate_m_yr": 0.52, "R_Squared": 0.984, "Std_Error_m_yr": 0.047, "NSM_Total_Retreat_m": 18.7, "SCE_Envelope_m": 19.7, "Downdrift_Starvation_Index": 0.05, "Projected_Retreat_2050_Baseline_m": 12.5, "Projected_Retreat_2050_Climate_Accelerated_m": 14.4, "Projected_Retreat_2100_Baseline_m": 38.5, "Projected_Retreat_2100_Climate_Accelerated_m": 50.0, "Hazard_Class": "Low / Defended (<1.0 m/yr)", "Hazard_Color": "#10b981" }, "geometry": { "type": "LineString", "coordinates": [ [ -0.199966101609871, 54.077802408143967 ], [ -0.191120731927238, 54.076383653272579 ] ] } },
{ "type": "Feature", "properties": { "Transect_ID": 21, "Distance_From_North_km": 10.17, "Coastal_Zone": "Bridlington Protected Bay", "Geology": "Till overlain with beach sand / alluvium", "Cliff_Elevation_m": 0.0, "Defense_Status": "Heavily Defended", "Defense_Type": "Concrete Seawall, Timber Groynes, Rock Armour", "SMP_Policy": "Hold the Line (HTL)", "EPR_Erosion_Rate_m_yr": 0.37, "LRR_Regression_Rate_m_yr": 0.3, "R_Squared": 0.644, "Std_Error_m_yr": 0.16, "NSM_Total_Retreat_m": 13.3, "SCE_Envelope_m": 13.6, "Downdrift_Starvation_Index": 0.05, "Projected_Retreat_2050_Baseline_m": 8.9, "Projected_Retreat_2050_Climate_Accelerated_m": 10.2, "Projected_Retreat_2100_Baseline_m": 27.4, "Projected_Retreat_2100_Climate_Accelerated_m": 35.6, "Hazard_Class": "Low / Defended (<1.0 m/yr)", "Hazard_Color": "#10b981" }, "geometry": { "type": "LineString", "coordinates": [ [ -0.201240655451889, 54.074601234587469 ], [ -0.192252415208803, 54.073539289616122 ] ] } },
{ "type": "Feature", "properties": { "Transect_ID": 22, "Distance_From_North_km": 10.68, "Coastal_Zone": "Bridlington Protected Bay", "Geology": "Till overlain with beach sand / alluvium", "Cliff_Elevation_m": 0.0, "Defense_Status": "Heavily Defended", "Defense_Type": "Concrete Seawall, Timber Groynes, Rock Armour", "SMP_Policy": "Hold the Line (HTL)", "EPR_Erosion_Rate_m_yr": 0.5, "LRR_Regression_Rate_m_yr": 0.53, "R_Squared": 0.948, "Std_Error_m_yr": 0.088, "NSM_Total_Retreat_m": 18.0, "SCE_Envelope_m": 18.9, "Downdrift_Starvation_Index": 0.05, "Projected_Retreat_2050_Baseline_m": 12.0, "Projected_Retreat_2050_Climate_Accelerated_m": 13.8, "Projected_Retreat_2100_Baseline_m": 37.0, "Projected_Retreat_2100_Climate_Accelerated_m": 48.1, "Hazard_Class": "Low / Defended (<1.0 m/yr)", "Hazard_Color": "#10b981" }, "geometry": { "type": "LineString", "coordinates": [ [ -0.202419665151913, 54.070646967439998 ], [ -0.193370779912554, 54.069784316266727 ] ] } },
{ "type": "Feature", "properties": { "Transect_ID": 23, "Distance_From_North_km": 11.18, "Coastal_Zone": "Bridlington Protected Bay", "Geology": "Till overlain with beach sand / alluvium", "Cliff_Elevation_m": 0.0, "Defense_Status": "Heavily Defended", "Defense_Type": "Concrete Seawall, Timber Groynes, Rock Armour", "SMP_Policy": "Hold the Line (HTL)", "EPR_Erosion_Rate_m_yr": 0.35, "LRR_Regression_Rate_m_yr": 0.37, "R_Squared": 0.935, "Std_Error_m_yr": 0.07, "NSM_Total_Retreat_m": 12.6, "SCE_Envelope_m": 13.0, "Downdrift_Starvation_Index": 0.05, "Projected_Retreat_2050_Baseline_m": 8.4, "Projected_Retreat_2050_Climate_Accelerated_m": 9.7, "Projected_Retreat_2100_Baseline_m": 25.9, "Projected_Retreat_2100_Climate_Accelerated_m": 33.7, "Hazard_Class": "Low / Defended (<1.0 m/yr)", "Hazard_Color": "#10b981" }, "geometry": { "type": "LineString", "coordinates": [ [ -0.203546122087283, 54.06624564407344 ], [ -0.194477659483114, 54.065461094762618 ] ] } },
{ "type": "Feature", "properties": { "Transect_ID": 24, "Distance_From_North_km": 11.69, "Coastal_Zone": "Bridlington Protected Bay", "Geology": "Till overlain with beach sand / alluvium", "Cliff_Elevation_m": 0.0, "Defense_Status": "Heavily Defended", "Defense_Type": "Concrete Seawall, Timber Groynes, Rock Armour", "SMP_Policy": "Hold the Line (HTL)", "EPR_Erosion_Rate_m_yr": 0.31, "LRR_Regression_Rate_m_yr": 0.31, "R_Squared": 0.991, "Std_Error_m_yr": 0.021, "NSM_Total_Retreat_m": 11.2, "SCE_Envelope_m": 11.5, "Downdrift_Starvation_Index": 0.05, "Projected_Retreat_2050_Baseline_m": 7.4, "Projected_Retreat_2050_Climate_Accelerated_m": 8.6, "Projected_Retreat_2100_Baseline_m": 22.9, "Projected_Retreat_2100_Climate_Accelerated_m": 29.8, "Hazard_Class": "Low / Defended (<1.0 m/yr)", "Hazard_Color": "#10b981" }, "geometry": { "type": "LineString", "coordinates": [ [ -0.204653828066053, 54.06171035587117 ], [ -0.195581316954247, 54.060946206273236 ] ] } },
{ "type": "Feature", "properties": { "Transect_ID": 25, "Distance_From_North_km": 12.2, "Coastal_Zone": "Barmston / Skipsea Unprotected Cliffs", "Geology": "Devensian Skipsea Boulder Clay (Soft Glacial Till)", "Cliff_Elevation_m": 0.0, "Defense_Status": "Unprotected Rapid Erosion", "Defense_Type": "None (Unprotected Soft Cliffs)", "SMP_Policy": "No Active Intervention (NAI)", "EPR_Erosion_Rate_m_yr": 2.28, "LRR_Regression_Rate_m_yr": 2.27, "R_Squared": 1.0, "Std_Error_m_yr": 0.033, "NSM_Total_Retreat_m": 82.1, "SCE_Envelope_m": 88.1, "Downdrift_Starvation_Index": 0.15, "Projected_Retreat_2050_Baseline_m": 54.7, "Projected_Retreat_2050_Climate_Accelerated_m": 62.9, "Projected_Retreat_2100_Baseline_m": 168.7, "Projected_Retreat_2100_Climate_Accelerated_m": 219.3, "Hazard_Class": "High (2.0-3.0 m/yr)", "Hazard_Color": "#f59e0b" }, "geometry": { "type": "LineString", "coordinates": [ [ -0.205757062696275, 54.05715735374298 ], [ -0.196684763843475, 54.05639640701731 ] ] } },
{ "type": "Feature", "properties": { "Transect_ID": 26, "Distance_From_North_km": 12.71, "Coastal_Zone": "Barmston / Skipsea Unprotected Cliffs", "Geology": "Devensian Skipsea Boulder Clay (Soft Glacial Till)", "Cliff_Elevation_m": 0.0, "Defense_Status": "Unprotected Rapid Erosion", "Defense_Type": "None (Unprotected Soft Cliffs)", "SMP_Policy": "No Active Intervention (NAI)", "EPR_Erosion_Rate_m_yr": 2.22, "LRR_Regression_Rate_m_yr": 2.21, "R_Squared": 0.999, "Std_Error_m_yr": 0.054, "NSM_Total_Retreat_m": 79.9, "SCE_Envelope_m": 85.8, "Downdrift_Starvation_Index": 0.15, "Projected_Retreat_2050_Baseline_m": 53.3, "Projected_Retreat_2050_Climate_Accelerated_m": 61.3, "Projected_Retreat_2100_Baseline_m": 164.3, "Projected_Retreat_2100_Climate_Accelerated_m": 213.6, "Hazard_Class": "High (2.0-3.0 m/yr)", "Hazard_Color": "#f59e0b" }, "geometry": { "type": "LineString", "coordinates": [ [ -0.206859463454818, 54.05260372778374 ], [ -0.197788070852393, 54.051843127934653 ] ] } },
{ "type": "Feature", "properties": { "Transect_ID": 27, "Distance_From_North_km": 13.22, "Coastal_Zone": "Barmston / Skipsea Unprotected Cliffs", "Geology": "Devensian Skipsea Boulder Clay (Soft Glacial Till)", "Cliff_Elevation_m": 0.0, "Defense_Status": "Unprotected Rapid Erosion", "Defense_Type": "None (Unprotected Soft Cliffs)", "SMP_Policy": "No Active Intervention (NAI)", "EPR_Erosion_Rate_m_yr": 2.05, "LRR_Regression_Rate_m_yr": 2.05, "R_Squared": 1.0, "Std_Error_m_yr": 0.02, "NSM_Total_Retreat_m": 73.8, "SCE_Envelope_m": 78.9, "Downdrift_Starvation_Index": 0.15, "Projected_Retreat_2050_Baseline_m": 49.2, "Projected_Retreat_2050_Climate_Accelerated_m": 56.6, "Projected_Retreat_2100_Baseline_m": 151.7, "Projected_Retreat_2100_Climate_Accelerated_m": 197.2, "Hazard_Class": "High (2.0-3.0 m/yr)", "Hazard_Color": "#f59e0b" }, "geometry": { "type": "LineString", "coordinates": [ [ -0.207961575036872, 54.048050109978988 ], [ -0.198891136242333, 54.047289659728172 ] ] } },
{ "type": "Feature", "properties": { "Transect_ID": 28, "Distance_From_North_km": 13.73, "Coastal_Zone": "Barmston / Skipsea Unprotected Cliffs", "Geology": "Devensian Skipsea Boulder Clay (Soft Glacial Till)", "Cliff_Elevation_m": 0.0, "Defense_Status": "Unprotected Rapid Erosion", "Defense_Type": "None (Unprotected Soft Cliffs)", "SMP_Policy": "No Active Intervention (NAI)", "EPR_Erosion_Rate_m_yr": 1.95, "LRR_Regression_Rate_m_yr": 1.98, "R_Squared": 0.993, "Std_Error_m_yr": 0.115, "NSM_Total_Retreat_m": 70.2, "SCE_Envelope_m": 72.5, "Downdrift_Starvation_Index": 0.15, "Projected_Retreat_2050_Baseline_m": 46.8, "Projected_Retreat_2050_Climate_Accelerated_m": 53.8, "Projected_Retreat_2100_Baseline_m": 144.3, "Projected_Retreat_2100_Climate_Accelerated_m": 187.6, "Hazard_Class": "Moderate (1.0-2.0 m/yr)", "Hazard_Color": "#38bdf8" }, "geometry": { "type": "LineString", "coordinates": [ [ -0.209063493410833, 54.04349563689513 ], [ -0.199993732061591, 54.042736478210486 ] ] } },
{ "type": "Feature", "properties": { "Transect_ID": 29, "Distance_From_North_km": 14.24, "Coastal_Zone": "Barmston / Skipsea Unprotected Cliffs", "Geology": "Devensian Skipsea Boulder Clay (Soft Glacial Till)", "Cliff_Elevation_m": 0.0, "Defense_Status": "Unprotected Rapid Erosion", "Defense_Type": "None (Unprotected Soft Cliffs)", "SMP_Policy": "No Active Intervention (NAI)", "EPR_Erosion_Rate_m_yr": 2.1, "LRR_Regression_Rate_m_yr": 2.11, "R_Squared": 1.0, "Std_Error_m_yr": 0.031, "NSM_Total_Retreat_m": 75.6, "SCE_Envelope_m": 79.5, "Downdrift_Starvation_Index": 0.15, "Projected_Retreat_2050_Baseline_m": 50.4, "Projected_Retreat_2050_Climate_Accelerated_m": 58.0, "Projected_Retreat_2100_Baseline_m": 155.4, "Projected_Retreat_2100_Climate_Accelerated_m": 202.0, "Hazard_Class": "High (2.0-3.0 m/yr)", "Hazard_Color": "#f59e0b" }, "geometry": { "type": "LineString", "coordinates": [ [ -0.210164352137364, 54.038930279850057 ], [ -0.20109203979627, 54.038185925504919 ] ] } },
{ "type": "Feature", "properties": { "Transect_ID": 30, "Distance_From_North_km": 14.74, "Coastal_Zone": "Barmston / Skipsea Unprotected Cliffs", "Geology": "Devensian Skipsea Boulder Clay (Soft Glacial Till)", "Cliff_Elevation_m": 0.0, "Defense_Status": "Unprotected Rapid Erosion", "Defense_Type": "None (Unprotected Soft Cliffs)", "SMP_Policy": "No Active Intervention (NAI)", "EPR_Erosion_Rate_m_yr": 2.21, "LRR_Regression_Rate_m_yr": 2.25, "R_Squared": 0.997, "Std_Error_m_yr": 0.088, "NSM_Total_Retreat_m": 79.6, "SCE_Envelope_m": 85.8, "Downdrift_Starvation_Index": 0.15, "Projected_Retreat_2050_Baseline_m": 53.0, "Projected_Retreat_2050_Climate_Accelerated_m": 61.0, "Projected_Retreat_2100_Baseline_m": 163.5, "Projected_Retreat_2100_Climate_Accelerated_m": 212.6, "Hazard_Class": "High (2.0-3.0 m/yr)", "Hazard_Color": "#f59e0b" }, "geometry": { "type": "LineString", "coordinates": [ [ -0.211241683807506, 54.034289655877615 ], [ -0.202149381098651, 54.033640075875915 ] ] } },
{ "type": "Feature", "properties": { "Transect_ID": 31, "Distance_From_North_km": 15.25, "Coastal_Zone": "Barmston / Skipsea Unprotected Cliffs", "Geology": "Devensian Skipsea Boulder Clay (Soft Glacial Till)", "Cliff_Elevation_m": 0.0, "Defense_Status": "Unprotected Rapid Erosion", "Defense_Type": "None (Unprotected Soft Cliffs)", "SMP_Policy": "No Active Intervention (NAI)", "EPR_Erosion_Rate_m_yr": 1.88, "LRR_Regression_Rate_m_yr": 1.88, "R_Squared": 1.0, "Std_Error_m_yr": 0.003, "NSM_Total_Retreat_m": 67.7, "SCE_Envelope_m": 69.3, "Downdrift_Starvation_Index": 0.15, "Projected_Retreat_2050_Baseline_m": 45.1, "Projected_Retreat_2050_Climate_Accelerated_m": 51.9, "Projected_Retreat_2100_Baseline_m": 139.1, "Projected_Retreat_2100_Climate_Accelerated_m": 180.9, "Hazard_Class": "Moderate (1.0-2.0 m/yr)", "Hazard_Color": "#38bdf8" }, "geometry": { "type": "LineString", "coordinates": [ [ -0.212125481711606, 54.029363841424839 ], [ -0.202984409626237, 54.029036439673554 ] ] } },
{ "type": "Feature", "properties": { "Transect_ID": 32, "Distance_From_North_km": 15.76, "Coastal_Zone": "Barmston / Skipsea Unprotected Cliffs", "Geology": "Devensian Skipsea Boulder Clay (Soft Glacial Till)", "Cliff_Elevation_m": 0.0, "Defense_Status": "Unprotected Rapid Erosion", "Defense_Type": "None (Unprotected Soft Cliffs)", "SMP_Policy": "No Active Intervention (NAI)", "EPR_Erosion_Rate_m_yr": 2.49, "LRR_Regression_Rate_m_yr": 2.48, "R_Squared": 1.0, "Std_Error_m_yr": 0.026, "NSM_Total_Retreat_m": 89.6, "SCE_Envelope_m": 92.7, "Downdrift_Starvation_Index": 0.15, "Projected_Retreat_2050_Baseline_m": 59.8, "Projected_Retreat_2050_Climate_Accelerated_m": 68.7, "Projected_Retreat_2100_Baseline_m": 184.3, "Projected_Retreat_2100_Climate_Accelerated_m": 239.5, "Hazard_Class": "High (2.0-3.0 m/yr)", "Hazard_Color": "#f59e0b" }, "geometry": { "type": "LineString", "coordinates": [ [ -0.212296627651519, 54.02383863521861 ], [ -0.203149562719355, 54.024087462847 ] ] } },
{ "type": "Feature", "properties": { "Transect_ID": 33, "Distance_From_North_km": 16.27, "Coastal_Zone": "Barmston / Skipsea Unprotected Cliffs", "Geology": "Devensian Skipsea Boulder Clay (Soft Glacial Till)", "Cliff_Elevation_m": 0.0, "Defense_Status": "Unprotected Rapid Erosion", "Defense_Type": "None (Unprotected Soft Cliffs)", "SMP_Policy": "No Active Intervention (NAI)", "EPR_Erosion_Rate_m_yr": 2.15, "LRR_Regression_Rate_m_yr": 2.18, "R_Squared": 0.997, "Std_Error_m_yr": 0.084, "NSM_Total_Retreat_m": 77.4, "SCE_Envelope_m": 80.1, "Downdrift_Starvation_Index": 0.15, "Projected_Retreat_2050_Baseline_m": 51.6, "Projected_Retreat_2050_Climate_Accelerated_m": 59.3, "Projected_Retreat_2100_Baseline_m": 159.1, "Projected_Retreat_2100_Climate_Accelerated_m": 206.8, "Hazard_Class": "High (2.0-3.0 m/yr)", "Hazard_Color": "#f59e0b" }, "geometry": { "type": "LineString", "coordinates": [ [ -0.211200052588218, 54.017567731197595 ], [ -0.20214896419174, 54.018379696055405 ] ] } },
{ "type": "Feature", "properties": { "Transect_ID": 34, "Distance_From_North_km": 16.78, "Coastal_Zone": "Barmston / Skipsea Unprotected Cliffs", "Geology": "Devensian Skipsea Boulder Clay (Soft Glacial Till)", "Cliff_Elevation_m": 0.0, "Defense_Status": "Unprotected Rapid Erosion", "Defense_Type": "None (Unprotected Soft Cliffs)", "SMP_Policy": "No Active Intervention (NAI)", "EPR_Erosion_Rate_m_yr": 2.26, "LRR_Regression_Rate_m_yr": 2.3, "R_Squared": 0.997, "Std_Error_m_yr": 0.084, "NSM_Total_Retreat_m": 81.4, "SCE_Envelope_m": 86.1, "Downdrift_Starvation_Index": 0.15, "Projected_Retreat_2050_Baseline_m": 54.2, "Projected_Retreat_2050_Climate_Accelerated_m": 62.4, "Projected_Retreat_2100_Baseline_m": 167.2, "Projected_Retreat_2100_Climate_Accelerated_m": 217.4, "Hazard_Class": "High (2.0-3.0 m/yr)", "Hazard_Color": "#f59e0b" }, "geometry": { "type": "LineString", "coordinates": [ [ -0.20892045844936, 54.010708251143164 ], [ -0.199976545439234, 54.011856818301872 ] ] } },
{ "type": "Feature", "properties": { "Transect_ID": 35, "Distance_From_North_km": 17.29, "Coastal_Zone": "Barmston / Skipsea Unprotected Cliffs", "Geology": "Devensian Skipsea Boulder Clay (Soft Glacial Till)", "Cliff_Elevation_m": 0.0, "Defense_Status": "Unprotected Rapid Erosion", "Defense_Type": "None (Unprotected Soft Cliffs)", "SMP_Policy": "No Active Intervention (NAI)", "EPR_Erosion_Rate_m_yr": 2.23, "LRR_Regression_Rate_m_yr": 2.19, "R_Squared": 0.995, "Std_Error_m_yr": 0.114, "NSM_Total_Retreat_m": 80.3, "SCE_Envelope_m": 82.1, "Downdrift_Starvation_Index": 0.15, "Projected_Retreat_2050_Baseline_m": 53.5, "Projected_Retreat_2050_Climate_Accelerated_m": 61.5, "Projected_Retreat_2100_Baseline_m": 165.0, "Projected_Retreat_2100_Climate_Accelerated_m": 214.5, "Hazard_Class": "High (2.0-3.0 m/yr)", "Hazard_Color": "#f59e0b" }, "geometry": { "type": "LineString", "coordinates": [ [ -0.20603033087733, 54.003577295640767 ], [ -0.19714034001341, 54.004859283944235 ] ] } },
{ "type": "Feature", "properties": { "Transect_ID": 36, "Distance_From_North_km": 17.79, "Coastal_Zone": "Barmston / Skipsea Unprotected Cliffs", "Geology": "Devensian Skipsea Boulder Clay (Soft Glacial Till)", "Cliff_Elevation_m": 0.0, "Defense_Status": "Unprotected Rapid Erosion", "Defense_Type": "None (Unprotected Soft Cliffs)", "SMP_Policy": "No Active Intervention (NAI)", "EPR_Erosion_Rate_m_yr": 2.07, "LRR_Regression_Rate_m_yr": 2.07, "R_Squared": 0.998, "Std_Error_m_yr": 0.07, "NSM_Total_Retreat_m": 74.5, "SCE_Envelope_m": 76.1, "Downdrift_Starvation_Index": 0.15, "Projected_Retreat_2050_Baseline_m": 49.7, "Projected_Retreat_2050_Climate_Accelerated_m": 57.1, "Projected_Retreat_2100_Baseline_m": 153.2, "Projected_Retreat_2100_Climate_Accelerated_m": 199.1, "Hazard_Class": "High (2.0-3.0 m/yr)", "Hazard_Color": "#f59e0b" }, "geometry": { "type": "LineString", "coordinates": [ [ -0.202970843458002, 53.996389517636345 ], [ -0.194096614912592, 53.997705282121487 ] ] } },
{ "type": "Feature", "properties": { "Transect_ID": 37, "Distance_From_North_km": 18.3, "Coastal_Zone": "Barmston / Skipsea Unprotected Cliffs", "Geology": "Devensian Skipsea Boulder Clay (Soft Glacial Till)", "Cliff_Elevation_m": 0.0, "Defense_Status": "Unprotected Rapid Erosion", "Defense_Type": "None (Unprotected Soft Cliffs)", "SMP_Policy": "No Active Intervention (NAI)", "EPR_Erosion_Rate_m_yr": 1.93, "LRR_Regression_Rate_m_yr": 1.91, "R_Squared": 0.998, "Std_Error_m_yr": 0.053, "NSM_Total_Retreat_m": 69.5, "SCE_Envelope_m": 73.8, "Downdrift_Starvation_Index": 0.15, "Projected_Retreat_2050_Baseline_m": 46.3, "Projected_Retreat_2050_Climate_Accelerated_m": 53.3, "Projected_Retreat_2100_Baseline_m": 142.8, "Projected_Retreat_2100_Climate_Accelerated_m": 185.7, "Hazard_Class": "Moderate (1.0-2.0 m/yr)", "Hazard_Color": "#38bdf8" }, "geometry": { "type": "LineString", "coordinates": [ [ -0.199888852221868, 53.989201041983712 ], [ -0.191018227501541, 53.990521645796939 ] ] } },
{ "type": "Feature", "properties": { "Transect_ID": 38, "Distance_From_North_km": 18.81, "Coastal_Zone": "Barmston / Skipsea Unprotected Cliffs", "Geology": "Devensian Skipsea Boulder Clay (Soft Glacial Till)", "Cliff_Elevation_m": 0.0, "Defense_Status": "Unprotected Rapid Erosion", "Defense_Type": "None (Unprotected Soft Cliffs)", "SMP_Policy": "No Active Intervention (NAI)", "EPR_Erosion_Rate_m_yr": 2.22, "LRR_Regression_Rate_m_yr": 2.21, "R_Squared": 1.0, "Std_Error_m_yr": 0.029, "NSM_Total_Retreat_m": 79.9, "SCE_Envelope_m": 82.2, "Downdrift_Starvation_Index": 0.15, "Projected_Retreat_2050_Baseline_m": 53.3, "Projected_Retreat_2050_Climate_Accelerated_m": 61.3, "Projected_Retreat_2100_Baseline_m": 164.3, "Projected_Retreat_2100_Climate_Accelerated_m": 213.6, "Hazard_Class": "High (2.0-3.0 m/yr)", "Hazard_Color": "#f59e0b" }, "geometry": { "type": "LineString", "coordinates": [ [ -0.196806563603642, 53.982013912163708 ], [ -0.18793755396485, 53.983334708708419 ] ] } },
{ "type": "Feature", "properties": { "Transect_ID": 39, "Distance_From_North_km": 19.32, "Coastal_Zone": "Barmston / Skipsea Unprotected Cliffs", "Geology": "Devensian Skipsea Boulder Clay (Soft Glacial Till)", "Cliff_Elevation_m": 0.0, "Defense_Status": "Unprotected Rapid Erosion", "Defense_Type": "None (Unprotected Soft Cliffs)", "SMP_Policy": "No Active Intervention (NAI)", "EPR_Erosion_Rate_m_yr": 2.04, "LRR_Regression_Rate_m_yr": 2.06, "R_Squared": 0.999, "Std_Error_m_yr": 0.046, "NSM_Total_Retreat_m": 73.4, "SCE_Envelope_m": 78.5, "Downdrift_Starvation_Index": 0.15, "Projected_Retreat_2050_Baseline_m": 49.0, "Projected_Retreat_2050_Climate_Accelerated_m": 56.3, "Projected_Retreat_2100_Baseline_m": 151.0, "Projected_Retreat_2100_Climate_Accelerated_m": 196.2, "Hazard_Class": "High (2.0-3.0 m/yr)", "Hazard_Color": "#f59e0b" }, "geometry": { "type": "LineString", "coordinates": [ [ -0.193725310289993, 53.974826894085879 ], [ -0.184857747553711, 53.976147492509554 ] ] } },
{ "type": "Feature", "properties": { "Transect_ID": 40, "Distance_From_North_km": 19.83, "Coastal_Zone": "Barmston / Skipsea Unprotected Cliffs", "Geology": "Devensian Skipsea Boulder Clay (Soft Glacial Till)", "Cliff_Elevation_m": 0.0, "Defense_Status": "Unprotected Rapid Erosion", "Defense_Type": "None (Unprotected Soft Cliffs)", "SMP_Policy": "No Active Intervention (NAI)", "EPR_Erosion_Rate_m_yr": 1.98, "LRR_Regression_Rate_m_yr": 2.01, "R_Squared": 0.993, "Std_Error_m_yr": 0.12, "NSM_Total_Retreat_m": 71.3, "SCE_Envelope_m": 73.8, "Downdrift_Starvation_Index": 0.15, "Projected_Retreat_2050_Baseline_m": 47.5, "Projected_Retreat_2050_Climate_Accelerated_m": 54.6, "Projected_Retreat_2100_Baseline_m": 146.5, "Projected_Retreat_2100_Climate_Accelerated_m": 190.5, "Hazard_Class": "Moderate (1.0-2.0 m/yr)", "Hazard_Color": "#38bdf8" }, "geometry": { "type": "LineString", "coordinates": [ [ -0.190645095805321, 53.967639808135722 ], [ -0.181778972411749, 53.9689601921866 ] ] } },
{ "type": "Feature", "properties": { "Transect_ID": 41, "Distance_From_North_km": 20.34, "Coastal_Zone": "Barmston / Skipsea Unprotected Cliffs", "Geology": "Devensian Skipsea Boulder Clay (Soft Glacial Till)", "Cliff_Elevation_m": 0.0, "Defense_Status": "Unprotected Rapid Erosion", "Defense_Type": "None (Unprotected Soft Cliffs)", "SMP_Policy": "No Active Intervention (NAI)", "EPR_Erosion_Rate_m_yr": 2.19, "LRR_Regression_Rate_m_yr": 2.16, "R_Squared": 0.997, "Std_Error_m_yr": 0.076, "NSM_Total_Retreat_m": 78.8, "SCE_Envelope_m": 83.8, "Downdrift_Starvation_Index": 0.15, "Projected_Retreat_2050_Baseline_m": 52.6, "Projected_Retreat_2050_Climate_Accelerated_m": 60.4, "Projected_Retreat_2100_Baseline_m": 162.1, "Projected_Retreat_2100_Climate_Accelerated_m": 210.7, "Hazard_Class": "High (2.0-3.0 m/yr)", "Hazard_Color": "#f59e0b" }, "geometry": { "type": "LineString", "coordinates": [ [ -0.187565914800979, 53.960452643463242 ], [ -0.178701230207743, 53.961772813257035 ] ] } },
{ "type": "Feature", "properties": { "Transect_ID": 42, "Distance_From_North_km": 20.84, "Coastal_Zone": "Barmston / Skipsea Unprotected Cliffs", "Geology": "Devensian Skipsea Boulder Clay (Soft Glacial Till)", "Cliff_Elevation_m": 0.0, "Defense_Status": "Unprotected Rapid Erosion", "Defense_Type": "None (Unprotected Soft Cliffs)", "SMP_Policy": "No Active Intervention (NAI)", "EPR_Erosion_Rate_m_yr": 1.97, "LRR_Regression_Rate_m_yr": 1.99, "R_Squared": 0.998, "Std_Error_m_yr": 0.058, "NSM_Total_Retreat_m": 70.9, "SCE_Envelope_m": 72.7, "Downdrift_Starvation_Index": 0.15, "Projected_Retreat_2050_Baseline_m": 47.3, "Projected_Retreat_2050_Climate_Accelerated_m": 54.4, "Projected_Retreat_2100_Baseline_m": 145.8, "Projected_Retreat_2100_Climate_Accelerated_m": 189.5, "Hazard_Class": "Moderate (1.0-2.0 m/yr)", "Hazard_Color": "#38bdf8" }, "geometry": { "type": "LineString", "coordinates": [ [ -0.184487766607667, 53.95326540013005 ], [ -0.175624520272643, 53.954585355782406 ] ] } },
{ "type": "Feature", "properties": { "Transect_ID": 43, "Distance_From_North_km": 21.35, "Coastal_Zone": "Barmston / Skipsea Unprotected Cliffs", "Geology": "Devensian Skipsea Boulder Clay (Soft Glacial Till)", "Cliff_Elevation_m": 0.0, "Defense_Status": "Unprotected Rapid Erosion", "Defense_Type": "None (Unprotected Soft Cliffs)", "SMP_Policy": "No Active Intervention (NAI)", "EPR_Erosion_Rate_m_yr": 2.19, "LRR_Regression_Rate_m_yr": 2.23, "R_Squared": 0.996, "Std_Error_m_yr": 0.105, "NSM_Total_Retreat_m": 78.8, "SCE_Envelope_m": 83.5, "Downdrift_Starvation_Index": 0.15, "Projected_Retreat_2050_Baseline_m": 52.6, "Projected_Retreat_2050_Climate_Accelerated_m": 60.4, "Projected_Retreat_2100_Baseline_m": 162.1, "Projected_Retreat_2100_Climate_Accelerated_m": 210.7, "Hazard_Class": "High (2.0-3.0 m/yr)", "Hazard_Color": "#f59e0b" }, "geometry": { "type": "LineString", "coordinates": [ [ -0.181410646510657, 53.946078068745841 ], [ -0.172548843959925, 53.947397824550244 ] ] } },
{ "type": "Feature", "properties": { "Transect_ID": 44, "Distance_From_North_km": 21.86, "Coastal_Zone": "Barmston / Skipsea Unprotected Cliffs", "Geology": "Devensian Skipsea Boulder Clay (Soft Glacial Till)", "Cliff_Elevation_m": 0.0, "Defense_Status": "Unprotected Rapid Erosion", "Defense_Type": "None (Unprotected Soft Cliffs)", "SMP_Policy": "No Active Intervention (NAI)", "EPR_Erosion_Rate_m_yr": 2.22, "LRR_Regression_Rate_m_yr": 2.19, "R_Squared": 0.998, "Std_Error_m_yr": 0.063, "NSM_Total_Retreat_m": 79.9, "SCE_Envelope_m": 82.6, "Downdrift_Starvation_Index": 0.15, "Projected_Retreat_2050_Baseline_m": 53.3, "Projected_Retreat_2050_Climate_Accelerated_m": 61.3, "Projected_Retreat_2100_Baseline_m": 164.3, "Projected_Retreat_2100_Climate_Accelerated_m": 213.6, "Hazard_Class": "High (2.0-3.0 m/yr)", "Hazard_Color": "#f59e0b" }, "geometry": { "type": "LineString", "coordinates": [ [ -0.178334470057157, 53.938890617851733 ], [ -0.169474250408912, 53.940210500402038 ] ] } },
{ "type": "Feature", "properties": { "Transect_ID": 45, "Distance_From_North_km": 22.37, "Coastal_Zone": "Hornsea Defended Coastal Town", "Geology": "Skipsea Till with sand and gravel lenses", "Cliff_Elevation_m": 0.0, "Defense_Status": "Heavily Defended", "Defense_Type": "Massive Seawall, Timber/Rock Groynes, Beach Nourishment", "SMP_Policy": "Hold the Line (HTL)", "EPR_Erosion_Rate_m_yr": 0.58, "LRR_Regression_Rate_m_yr": 0.61, "R_Squared": 0.977, "Std_Error_m_yr": 0.066, "NSM_Total_Retreat_m": 20.9, "SCE_Envelope_m": 22.1, "Downdrift_Starvation_Index": 0.2, "Projected_Retreat_2050_Baseline_m": 13.9, "Projected_Retreat_2050_Climate_Accelerated_m": 16.0, "Projected_Retreat_2100_Baseline_m": 42.9, "Projected_Retreat_2100_Climate_Accelerated_m": 55.8, "Hazard_Class": "Low / Defended (<1.0 m/yr)", "Hazard_Color": "#10b981" }, "geometry": { "type": "LineString", "coordinates": [ [ -0.175258374089271, 53.931704653852194 ], [ -0.166401344225389, 53.933028416021926 ] ] } },
{ "type": "Feature", "properties": { "Transect_ID": 46, "Distance_From_North_km": 22.88, "Coastal_Zone": "Hornsea Defended Coastal Town", "Geology": "Skipsea Till with sand and gravel lenses", "Cliff_Elevation_m": 0.0, "Defense_Status": "Heavily Defended", "Defense_Type": "Massive Seawall, Timber/Rock Groynes, Beach Nourishment", "SMP_Policy": "Hold the Line (HTL)", "EPR_Erosion_Rate_m_yr": 0.48, "LRR_Regression_Rate_m_yr": 0.49, "R_Squared": 0.988, "Std_Error_m_yr": 0.038, "NSM_Total_Retreat_m": 17.3, "SCE_Envelope_m": 18.0, "Downdrift_Starvation_Index": 0.2, "Projected_Retreat_2050_Baseline_m": 11.5, "Projected_Retreat_2050_Climate_Accelerated_m": 13.2, "Projected_Retreat_2100_Baseline_m": 35.5, "Projected_Retreat_2100_Climate_Accelerated_m": 46.2, "Hazard_Class": "Low / Defended (<1.0 m/yr)", "Hazard_Color": "#10b981" }, "geometry": { "type": "LineString", "coordinates": [ [ -0.17217829237076, 53.924550599668649 ], [ -0.163334062524503, 53.925900382466274 ] ] } },
{ "type": "Feature", "properties": { "Transect_ID": 47, "Distance_From_North_km": 23.39, "Coastal_Zone": "Hornsea Defended Coastal Town", "Geology": "Skipsea Till with sand and gravel lenses", "Cliff_Elevation_m": 9.0, "Defense_Status": "Heavily Defended", "Defense_Type": "Massive Seawall, Timber/Rock Groynes, Beach Nourishment", "SMP_Policy": "Hold the Line (HTL)", "EPR_Erosion_Rate_m_yr": 0.3, "LRR_Regression_Rate_m_yr": 0.31, "R_Squared": 0.978, "Std_Error_m_yr": 0.032, "NSM_Total_Retreat_m": 10.8, "SCE_Envelope_m": 11.6, "Downdrift_Starvation_Index": 0.2, "Projected_Retreat_2050_Baseline_m": 7.2, "Projected_Retreat_2050_Climate_Accelerated_m": 8.3, "Projected_Retreat_2100_Baseline_m": 22.2, "Projected_Retreat_2100_Climate_Accelerated_m": 28.9, "Hazard_Class": "Low / Defended (<1.0 m/yr)", "Hazard_Color": "#10b981" }, "geometry": { "type": "LineString", "coordinates": [ [ -0.169085435712457, 53.91762041986204 ], [ -0.160286789544549, 53.919067197568516 ] ] } },
{ "type": "Feature", "properties": { "Transect_ID": 48, "Distance_From_North_km": 23.89, "Coastal_Zone": "Hornsea Defended Coastal Town", "Geology": "Skipsea Till with sand and gravel lenses", "Cliff_Elevation_m": 6.0, "Defense_Status": "Heavily Defended", "Defense_Type": "Massive Seawall, Timber/Rock Groynes, Beach Nourishment", "SMP_Policy": "Hold the Line (HTL)", "EPR_Erosion_Rate_m_yr": 0.47, "LRR_Regression_Rate_m_yr": 0.47, "R_Squared": 0.979, "Std_Error_m_yr": 0.049, "NSM_Total_Retreat_m": 16.9, "SCE_Envelope_m": 17.7, "Downdrift_Starvation_Index": 0.2, "Projected_Retreat_2050_Baseline_m": 11.3, "Projected_Retreat_2050_Climate_Accelerated_m": 13.0, "Projected_Retreat_2100_Baseline_m": 34.8, "Projected_Retreat_2100_Climate_Accelerated_m": 45.2, "Hazard_Class": "Low / Defended (<1.0 m/yr)", "Hazard_Color": "#10b981" }, "geometry": { "type": "LineString", "coordinates": [ [ -0.165968231815752, 53.911404017351288 ], [ -0.157288844005454, 53.913080869427667 ] ] } },
{ "type": "Feature", "properties": { "Transect_ID": 49, "Distance_From_North_km": 24.4, "Coastal_Zone": "Hornsea Defended Coastal Town", "Geology": "Skipsea Till with sand and gravel lenses", "Cliff_Elevation_m": 6.0, "Defense_Status": "Heavily Defended", "Defense_Type": "Massive Seawall, Timber/Rock Groynes, Beach Nourishment", "SMP_Policy": "Hold the Line (HTL)", "EPR_Erosion_Rate_m_yr": 0.38, "LRR_Regression_Rate_m_yr": 0.36, "R_Squared": 0.855, "Std_Error_m_yr": 0.106, "NSM_Total_Retreat_m": 13.7, "SCE_Envelope_m": 14.2, "Downdrift_Starvation_Index": 0.2, "Projected_Retreat_2050_Baseline_m": 9.1, "Projected_Retreat_2050_Climate_Accelerated_m": 10.5, "Projected_Retreat_2100_Baseline_m": 28.1, "Projected_Retreat_2100_Climate_Accelerated_m": 36.6, "Hazard_Class": "Low / Defended (<1.0 m/yr)", "Hazard_Color": "#10b981" }, "geometry": { "type": "LineString", "coordinates": [ [ -0.162819456476723, 53.906334717759172 ], [ -0.154362605198669, 53.908368246773051 ] ] } },
{ "type": "Feature", "properties": { "Transect_ID": 50, "Distance_From_North_km": 24.91, "Coastal_Zone": "Hornsea Defended Coastal Town", "Geology": "Skipsea Till with sand and gravel lenses", "Cliff_Elevation_m": 0.0, "Defense_Status": "Heavily Defended", "Defense_Type": "Massive Seawall, Timber/Rock Groynes, Beach Nourishment", "SMP_Policy": "Hold the Line (HTL)", "EPR_Erosion_Rate_m_yr": 0.3, "LRR_Regression_Rate_m_yr": 0.3, "R_Squared": 0.999, "Std_Error_m_yr": 0.007, "NSM_Total_Retreat_m": 10.8, "SCE_Envelope_m": 11.1, "Downdrift_Starvation_Index": 0.2, "Projected_Retreat_2050_Baseline_m": 7.2, "Projected_Retreat_2050_Climate_Accelerated_m": 8.3, "Projected_Retreat_2100_Baseline_m": 22.2, "Projected_Retreat_2100_Climate_Accelerated_m": 28.9, "Hazard_Class": "Low / Defended (<1.0 m/yr)", "Hazard_Color": "#10b981" }, "geometry": { "type": "LineString", "coordinates": [ [ -0.159686034865556, 53.902293456262079 ], [ -0.151474231859748, 53.904650356842424 ] ] } },
{ "type": "Feature", "properties": { "Transect_ID": 51, "Distance_From_North_km": 25.42, "Coastal_Zone": "Hornsea Defended Coastal Town", "Geology": "Skipsea Till with sand and gravel lenses", "Cliff_Elevation_m": 0.0, "Defense_Status": "Heavily Defended", "Defense_Type": "Massive Seawall, Timber/Rock Groynes, Beach Nourishment", "SMP_Policy": "Hold the Line (HTL)", "EPR_Erosion_Rate_m_yr": 0.39, "LRR_Regression_Rate_m_yr": 0.39, "R_Squared": 0.987, "Std_Error_m_yr": 0.032, "NSM_Total_Retreat_m": 14.0, "SCE_Envelope_m": 15.1, "Downdrift_Starvation_Index": 0.2, "Projected_Retreat_2050_Baseline_m": 9.4, "Projected_Retreat_2050_Climate_Accelerated_m": 10.8, "Projected_Retreat_2100_Baseline_m": 28.9, "Projected_Retreat_2100_Climate_Accelerated_m": 37.5, "Hazard_Class": "Low / Defended (<1.0 m/yr)", "Hazard_Color": "#10b981" }, "geometry": { "type": "LineString", "coordinates": [ [ -0.156642360578668, 53.898816917125778 ], [ -0.148561700814146, 53.901326169188152 ] ] } },
{ "type": "Feature", "properties": { "Transect_ID": 52, "Distance_From_North_km": 25.93, "Coastal_Zone": "Hornsea Defended Coastal Town", "Geology": "Skipsea Till with sand and gravel lenses", "Cliff_Elevation_m": 0.0, "Defense_Status": "Heavily Defended", "Defense_Type": "Massive Seawall, Timber/Rock Groynes, Beach Nourishment", "SMP_Policy": "Hold the Line (HTL)", "EPR_Erosion_Rate_m_yr": 0.41, "LRR_Regression_Rate_m_yr": 0.43, "R_Squared": 0.977, "Std_Error_m_yr": 0.047, "NSM_Total_Retreat_m": 14.8, "SCE_Envelope_m": 15.4, "Downdrift_Starvation_Index": 0.2, "Projected_Retreat_2050_Baseline_m": 9.8, "Projected_Retreat_2050_Climate_Accelerated_m": 11.3, "Projected_Retreat_2100_Baseline_m": 30.3, "Projected_Retreat_2100_Climate_Accelerated_m": 39.4, "Hazard_Class": "Low / Defended (<1.0 m/yr)", "Hazard_Color": "#10b981" }, "geometry": { "type": "LineString", "coordinates": [ [ -0.153667144287404, 53.89553025298418 ], [ -0.145620642019687, 53.898076803980317 ] ] } },
{ "type": "Feature", "properties": { "Transect_ID": 53, "Distance_From_North_km": 26.44, "Coastal_Zone": "Hornsea Defended Coastal Town", "Geology": "Skipsea Till with sand and gravel lenses", "Cliff_Elevation_m": 0.0, "Defense_Status": "Heavily Defended", "Defense_Type": "Massive Seawall, Timber/Rock Groynes, Beach Nourishment", "SMP_Policy": "Hold the Line (HTL)", "EPR_Erosion_Rate_m_yr": 0.36, "LRR_Regression_Rate_m_yr": 0.36, "R_Squared": 0.983, "Std_Error_m_yr": 0.033, "NSM_Total_Retreat_m": 13.0, "SCE_Envelope_m": 14.0, "Downdrift_Starvation_Index": 0.2, "Projected_Retreat_2050_Baseline_m": 8.6, "Projected_Retreat_2050_Climate_Accelerated_m": 9.9, "Projected_Retreat_2100_Baseline_m": 26.6, "Projected_Retreat_2100_Climate_Accelerated_m": 34.6, "Hazard_Class": "Low / Defended (<1.0 m/yr)", "Hazard_Color": "#10b981" }, "geometry": { "type": "LineString", "coordinates": [ [ -0.150712269436093, 53.89228107609032 ], [ -0.142670797206091, 53.894832472774596 ] ] } },
{ "type": "Feature", "properties": { "Transect_ID": 54, "Distance_From_North_km": 26.95, "Coastal_Zone": "Cowden North Unprotected", "Geology": "Devensian Skipsea Glacial Till", "Cliff_Elevation_m": 0.0, "Defense_Status": "Unprotected Rapid Erosion", "Defense_Type": "None (Unprotected)", "SMP_Policy": "No Active Intervention (NAI)", "EPR_Erosion_Rate_m_yr": 2.03, "LRR_Regression_Rate_m_yr": 2.06, "R_Squared": 0.997, "Std_Error_m_yr": 0.082, "NSM_Total_Retreat_m": 73.1, "SCE_Envelope_m": 75.0, "Downdrift_Starvation_Index": 0.25, "Projected_Retreat_2050_Baseline_m": 48.7, "Projected_Retreat_2050_Climate_Accelerated_m": 56.0, "Projected_Retreat_2100_Baseline_m": 150.2, "Projected_Retreat_2100_Climate_Accelerated_m": 195.3, "Hazard_Class": "High (2.0-3.0 m/yr)", "Hazard_Color": "#f59e0b" }, "geometry": { "type": "LineString", "coordinates": [ [ -0.147760892787034, 53.88903631702464 ], [ -0.139719900265051, 53.891587550731586 ] ] } },
{ "type": "Feature", "properties": { "Transect_ID": 55, "Distance_From_North_km": 27.45, "Coastal_Zone": "Cowden North Unprotected", "Geology": "Devensian Skipsea Glacial Till", "Cliff_Elevation_m": 0.0, "Defense_Status": "Unprotected Rapid Erosion", "Defense_Type": "None (Unprotected)", "SMP_Policy": "No Active Intervention (NAI)", "EPR_Erosion_Rate_m_yr": 2.21, "LRR_Regression_Rate_m_yr": 2.23, "R_Squared": 0.999, "Std_Error_m_yr": 0.055, "NSM_Total_Retreat_m": 79.6, "SCE_Envelope_m": 84.5, "Downdrift_Starvation_Index": 0.25, "Projected_Retreat_2050_Baseline_m": 53.0, "Projected_Retreat_2050_Climate_Accelerated_m": 61.0, "Projected_Retreat_2100_Baseline_m": 163.5, "Projected_Retreat_2100_Climate_Accelerated_m": 212.6, "Hazard_Class": "High (2.0-3.0 m/yr)", "Hazard_Color": "#f59e0b" }, "geometry": { "type": "LineString", "coordinates": [ [ -0.144811892383501, 53.885792566202518 ], [ -0.136767655341541, 53.888339536010349 ] ] } },
{ "type": "Feature", "properties": { "Transect_ID": 56, "Distance_From_North_km": 27.96, "Coastal_Zone": "Cowden North Unprotected", "Geology": "Devensian Skipsea Glacial Till", "Cliff_Elevation_m": 0.0, "Defense_Status": "Unprotected Rapid Erosion", "Defense_Type": "None (Unprotected)", "SMP_Policy": "No Active Intervention (NAI)", "EPR_Erosion_Rate_m_yr": 2.28, "LRR_Regression_Rate_m_yr": 2.32, "R_Squared": 0.997, "Std_Error_m_yr": 0.088, "NSM_Total_Retreat_m": 82.1, "SCE_Envelope_m": 85.2, "Downdrift_Starvation_Index": 0.25, "Projected_Retreat_2050_Baseline_m": 54.7, "Projected_Retreat_2050_Climate_Accelerated_m": 62.9, "Projected_Retreat_2100_Baseline_m": 168.7, "Projected_Retreat_2100_Climate_Accelerated_m": 219.3, "Hazard_Class": "High (2.0-3.0 m/yr)", "Hazard_Color": "#f59e0b" }, "geometry": { "type": "LineString", "coordinates": [ [ -0.141869332021641, 53.882543122835067 ], [ -0.133803290239441, 53.885065204475119 ] ] } },
{ "type": "Feature", "properties": { "Transect_ID": 57, "Distance_From_North_km": 28.47, "Coastal_Zone": "Cowden North Unprotected", "Geology": "Devensian Skipsea Glacial Till", "Cliff_Elevation_m": 0.0, "Defense_Status": "Unprotected Rapid Erosion", "Defense_Type": "None (Unprotected)", "SMP_Policy": "No Active Intervention (NAI)", "EPR_Erosion_Rate_m_yr": 2.27, "LRR_Regression_Rate_m_yr": 2.27, "R_Squared": 1.0, "Std_Error_m_yr": 0.028, "NSM_Total_Retreat_m": 81.7, "SCE_Envelope_m": 87.2, "Downdrift_Starvation_Index": 0.25, "Projected_Retreat_2050_Baseline_m": 54.5, "Projected_Retreat_2050_Climate_Accelerated_m": 62.7, "Projected_Retreat_2100_Baseline_m": 168.0, "Projected_Retreat_2100_Climate_Accelerated_m": 218.4, "Hazard_Class": "High (2.0-3.0 m/yr)", "Hazard_Color": "#f59e0b" }, "geometry": { "type": "LineString", "coordinates": [ [ -0.138920439257161, 53.879217376881201 ], [ -0.130788214418256, 53.881663386023803 ] ] } },
{ "type": "Feature", "properties": { "Transect_ID": 58, "Distance_From_North_km": 28.98, "Coastal_Zone": "Mappleton Rock Groynes & Revetment", "Geology": "Skipsea Till protected by Norwegian Granite Armour", "Cliff_Elevation_m": 0.0, "Defense_Status": "Locally Defended (Sediment Trap)", "Defense_Type": "2 Massive Rock Groynes & Rock Revetment (1991 Scheme)", "SMP_Policy": "Hold the Line (HTL)", "EPR_Erosion_Rate_m_yr": 0.86, "LRR_Regression_Rate_m_yr": 0.87, "R_Squared": 0.99, "Std_Error_m_yr": 0.06, "NSM_Total_Retreat_m": 31.0, "SCE_Envelope_m": 33.1, "Downdrift_Starvation_Index": 0.1, "Projected_Retreat_2050_Baseline_m": 20.6, "Projected_Retreat_2050_Climate_Accelerated_m": 23.7, "Projected_Retreat_2100_Baseline_m": 63.6, "Projected_Retreat_2100_Climate_Accelerated_m": 82.7, "Hazard_Class": "Low / Defended (<1.0 m/yr)", "Hazard_Color": "#10b981" }, "geometry": { "type": "LineString", "coordinates": [ [ -0.135890352256907, 53.8756056736798 ], [ -0.127658700491519, 53.877931783053469 ] ] } },
{ "type": "Feature", "properties": { "Transect_ID": 59, "Distance_From_North_km": 29.49, "Coastal_Zone": "Mappleton Rock Groynes & Revetment", "Geology": "Skipsea Till protected by Norwegian Granite Armour", "Cliff_Elevation_m": 0.0, "Defense_Status": "Locally Defended (Sediment Trap)", "Defense_Type": "2 Massive Rock Groynes & Rock Revetment (1991 Scheme)", "SMP_Policy": "Hold the Line (HTL)", "EPR_Erosion_Rate_m_yr": 0.28, "LRR_Regression_Rate_m_yr": 0.26, "R_Squared": 0.914, "Std_Error_m_yr": 0.056, "NSM_Total_Retreat_m": 10.1, "SCE_Envelope_m": 10.7, "Downdrift_Starvation_Index": 0.1, "Projected_Retreat_2050_Baseline_m": 6.7, "Projected_Retreat_2050_Climate_Accelerated_m": 7.7, "Projected_Retreat_2100_Baseline_m": 20.7, "Projected_Retreat_2100_Climate_Accelerated_m": 26.9, "Hazard_Class": "Low / Defended (<1.0 m/yr)", "Hazard_Color": "#10b981" }, "geometry": { "type": "LineString", "coordinates": [ [ -0.13269921967884, 53.87153037589195 ], [ -0.124386869721472, 53.873752950189626 ] ] } },
{ "type": "Feature", "properties": { "Transect_ID": 60, "Distance_From_North_km": 30.0, "Coastal_Zone": "Mappleton Rock Groynes & Revetment", "Geology": "Skipsea Till protected by Norwegian Granite Armour", "Cliff_Elevation_m": 0.0, "Defense_Status": "Locally Defended (Sediment Trap)", "Defense_Type": "2 Massive Rock Groynes & Rock Revetment (1991 Scheme)", "SMP_Policy": "Hold the Line (HTL)", "EPR_Erosion_Rate_m_yr": 0.29, "LRR_Regression_Rate_m_yr": 0.28, "R_Squared": 0.984, "Std_Error_m_yr": 0.025, "NSM_Total_Retreat_m": 10.4, "SCE_Envelope_m": 10.9, "Downdrift_Starvation_Index": 0.1, "Projected_Retreat_2050_Baseline_m": 7.0, "Projected_Retreat_2050_Climate_Accelerated_m": 8.0, "Projected_Retreat_2100_Baseline_m": 21.5, "Projected_Retreat_2100_Climate_Accelerated_m": 27.9, "Hazard_Class": "Low / Defended (<1.0 m/yr)", "Hazard_Color": "#10b981" }, "geometry": { "type": "LineString", "coordinates": [ [ -0.129372356299414, 53.867091877929141 ], [ -0.121021266883502, 53.869261940166261 ] ] } },
{ "type": "Feature", "properties": { "Transect_ID": 61, "Distance_From_North_km": 30.5, "Coastal_Zone": "South Mappleton / Cowden / Aldbrough Starvation Hotspot", "Geology": "Devensian Skipsea & Withernsea Glacial Tills", "Cliff_Elevation_m": 0.0, "Defense_Status": "Extreme Downdrift Starvation Hotspot", "Defense_Type": "None (Starved Downdrift Coastline)", "SMP_Policy": "No Active Intervention (NAI)", "EPR_Erosion_Rate_m_yr": 3.3, "LRR_Regression_Rate_m_yr": 3.31, "R_Squared": 0.999, "Std_Error_m_yr": 0.063, "NSM_Total_Retreat_m": 118.8, "SCE_Envelope_m": 122.1, "Downdrift_Starvation_Index": 0.8, "Projected_Retreat_2050_Baseline_m": 79.2, "Projected_Retreat_2050_Climate_Accelerated_m": 91.1, "Projected_Retreat_2100_Baseline_m": 244.2, "Projected_Retreat_2100_Climate_Accelerated_m": 317.5, "Hazard_Class": "Extreme (>3.0 m/yr)", "Hazard_Color": "#f43f5e" }, "geometry": { "type": "LineString", "coordinates": [ [ -0.125986057796683, 53.862506814140957 ], [ -0.117627103015228, 53.864665026382738 ] ] } },
{ "type": "Feature", "properties": { "Transect_ID": 62, "Distance_From_North_km": 31.01, "Coastal_Zone": "South Mappleton / Cowden / Aldbrough Starvation Hotspot", "Geology": "Devensian Skipsea & Withernsea Glacial Tills", "Cliff_Elevation_m": 10.0, "Defense_Status": "Extreme Downdrift Starvation Hotspot", "Defense_Type": "None (Starved Downdrift Coastline)", "SMP_Policy": "No Active Intervention (NAI)", "EPR_Erosion_Rate_m_yr": 3.52, "LRR_Regression_Rate_m_yr": 3.51, "R_Squared": 0.999, "Std_Error_m_yr": 0.062, "NSM_Total_Retreat_m": 126.7, "SCE_Envelope_m": 130.9, "Downdrift_Starvation_Index": 0.84, "Projected_Retreat_2050_Baseline_m": 84.5, "Projected_Retreat_2050_Climate_Accelerated_m": 97.2, "Projected_Retreat_2100_Baseline_m": 260.5, "Projected_Retreat_2100_Climate_Accelerated_m": 338.6, "Hazard_Class": "Extreme (>3.0 m/yr)", "Hazard_Color": "#f43f5e" }, "geometry": { "type": "LineString", "coordinates": [ [ -0.122584087911422, 53.857907177381207 ], [ -0.114242212809724, 53.860087128324629 ] ] } },
{ "type": "Feature", "properties": { "Transect_ID": 63, "Distance_From_North_km": 31.52, "Coastal_Zone": "South Mappleton / Cowden / Aldbrough Starvation Hotspot", "Geology": "Devensian Skipsea & Withernsea Glacial Tills", "Cliff_Elevation_m": 13.0, "Defense_Status": "Extreme Downdrift Starvation Hotspot", "Defense_Type": "None (Starved Downdrift Coastline)", "SMP_Policy": "No Active Intervention (NAI)", "EPR_Erosion_Rate_m_yr": 3.43, "LRR_Regression_Rate_m_yr": 3.43, "R_Squared": 1.0, "Std_Error_m_yr": 0.008, "NSM_Total_Retreat_m": 123.5, "SCE_Envelope_m": 130.0, "Downdrift_Starvation_Index": 0.88, "Projected_Retreat_2050_Baseline_m": 82.3, "Projected_Retreat_2050_Climate_Accelerated_m": 94.7, "Projected_Retreat_2100_Baseline_m": 253.8, "Projected_Retreat_2100_Climate_Accelerated_m": 330.0, "Hazard_Class": "Extreme (>3.0 m/yr)", "Hazard_Color": "#f43f5e" }, "geometry": { "type": "LineString", "coordinates": [ [ -0.11919222309174, 53.853423875233538 ], [ -0.110912351895071, 53.855683795768677 ] ] } },
{ "type": "Feature", "properties": { "Transect_ID": 64, "Distance_From_North_km": 32.03, "Coastal_Zone": "South Mappleton / Cowden / Aldbrough Starvation Hotspot", "Geology": "Devensian Skipsea & Withernsea Glacial Tills", "Cliff_Elevation_m": 13.0, "Defense_Status": "Extreme Downdrift Starvation Hotspot", "Defense_Type": "None (Starved Downdrift Coastline)", "SMP_Policy": "No Active Intervention (NAI)", "EPR_Erosion_Rate_m_yr": 3.57, "LRR_Regression_Rate_m_yr": 3.57, "R_Squared": 0.999, "Std_Error_m_yr": 0.059, "NSM_Total_Retreat_m": 128.5, "SCE_Envelope_m": 138.6, "Downdrift_Starvation_Index": 0.92, "Projected_Retreat_2050_Baseline_m": 85.7, "Projected_Retreat_2050_Climate_Accelerated_m": 98.5, "Projected_Retreat_2100_Baseline_m": 264.2, "Projected_Retreat_2100_Climate_Accelerated_m": 343.4, "Hazard_Class": "Extreme (>3.0 m/yr)", "Hazard_Color": "#f43f5e" }, "geometry": { "type": "LineString", "coordinates": [ [ -0.115860179834613, 53.849300905022794 ], [ -0.107711525292633, 53.851720871796921 ] ] } },
{ "type": "Feature", "properties": { "Transect_ID": 65, "Distance_From_North_km": 32.54, "Coastal_Zone": "South Mappleton / Cowden / Aldbrough Starvation Hotspot", "Geology": "Devensian Skipsea & Withernsea Glacial Tills", "Cliff_Elevation_m": 18.0, "Defense_Status": "Extreme Downdrift Starvation Hotspot", "Defense_Type": "None (Starved Downdrift Coastline)", "SMP_Policy": "No Active Intervention (NAI)", "EPR_Erosion_Rate_m_yr": 3.48, "LRR_Regression_Rate_m_yr": 3.47, "R_Squared": 1.0, "Std_Error_m_yr": 0.036, "NSM_Total_Retreat_m": 125.3, "SCE_Envelope_m": 131.1, "Downdrift_Starvation_Index": 0.94, "Projected_Retreat_2050_Baseline_m": 83.5, "Projected_Retreat_2050_Climate_Accelerated_m": 96.0, "Projected_Retreat_2100_Baseline_m": 257.5, "Projected_Retreat_2100_Climate_Accelerated_m": 334.8, "Hazard_Class": "Extreme (>3.0 m/yr)", "Hazard_Color": "#f43f5e" }, "geometry": { "type": "LineString", "coordinates": [ [ -0.112645008158505, 53.84571938538604 ], [ -0.104667708117473, 53.848330624646977 ] ] } },
{ "type": "Feature", "properties": { "Transect_ID": 66, "Distance_From_North_km": 33.05, "Coastal_Zone": "South Mappleton / Cowden / Aldbrough Starvation Hotspot", "Geology": "Devensian Skipsea & Withernsea Glacial Tills", "Cliff_Elevation_m": 15.0, "Defense_Status": "Extreme Downdrift Starvation Hotspot", "Defense_Type": "None (Starved Downdrift Coastline)", "SMP_Policy": "No Active Intervention (NAI)", "EPR_Erosion_Rate_m_yr": 3.95, "LRR_Regression_Rate_m_yr": 3.99, "R_Squared": 0.999, "Std_Error_m_yr": 0.096, "NSM_Total_Retreat_m": 142.2, "SCE_Envelope_m": 146.5, "Downdrift_Starvation_Index": 0.96, "Projected_Retreat_2050_Baseline_m": 94.8, "Projected_Retreat_2050_Climate_Accelerated_m": 109.0, "Projected_Retreat_2100_Baseline_m": 292.3, "Projected_Retreat_2100_Climate_Accelerated_m": 380.0, "Hazard_Class": "Extreme (>3.0 m/yr)", "Hazard_Color": "#f43f5e" }, "geometry": { "type": "LineString", "coordinates": [ [ -0.109562992197522, 53.84257144884333 ], [ -0.101706462688335, 53.84530714290446 ] ] } },
{ "type": "Feature", "properties": { "Transect_ID": 67, "Distance_From_North_km": 33.55, "Coastal_Zone": "South Mappleton / Cowden / Aldbrough Starvation Hotspot", "Geology": "Devensian Skipsea & Withernsea Glacial Tills", "Cliff_Elevation_m": 16.0, "Defense_Status": "Extreme Downdrift Starvation Hotspot", "Defense_Type": "None (Starved Downdrift Coastline)", "SMP_Policy": "No Active Intervention (NAI)", "EPR_Erosion_Rate_m_yr": 3.78, "LRR_Regression_Rate_m_yr": 3.82, "R_Squared": 0.999, "Std_Error_m_yr": 0.098, "NSM_Total_Retreat_m": 136.1, "SCE_Envelope_m": 144.2, "Downdrift_Starvation_Index": 0.96, "Projected_Retreat_2050_Baseline_m": 90.7, "Projected_Retreat_2050_Climate_Accelerated_m": 104.3, "Projected_Retreat_2100_Baseline_m": 279.7, "Projected_Retreat_2100_Climate_Accelerated_m": 363.6, "Hazard_Class": "Extreme (>3.0 m/yr)", "Hazard_Color": "#f43f5e" }, "geometry": { "type": "LineString", "coordinates": [ [ -0.106568509836984, 53.83961485736657 ], [ -0.098753801244693, 53.842391583068697 ] ] } },
{ "type": "Feature", "properties": { "Transect_ID": 68, "Distance_From_North_km": 34.06, "Coastal_Zone": "South Mappleton / Cowden / Aldbrough Starvation Hotspot", "Geology": "Devensian Skipsea & Withernsea Glacial Tills", "Cliff_Elevation_m": 17.0, "Defense_Status": "Extreme Downdrift Starvation Hotspot", "Defense_Type": "None (Starved Downdrift Coastline)", "SMP_Policy": "No Active Intervention (NAI)", "EPR_Erosion_Rate_m_yr": 3.88, "LRR_Regression_Rate_m_yr": 3.91, "R_Squared": 0.999, "Std_Error_m_yr": 0.077, "NSM_Total_Retreat_m": 139.7, "SCE_Envelope_m": 147.6, "Downdrift_Starvation_Index": 0.96, "Projected_Retreat_2050_Baseline_m": 93.1, "Projected_Retreat_2050_Climate_Accelerated_m": 107.1, "Projected_Retreat_2100_Baseline_m": 287.1, "Projected_Retreat_2100_Climate_Accelerated_m": 373.3, "Hazard_Class": "Extreme (>3.0 m/yr)", "Hazard_Color": "#f43f5e" }, "geometry": { "type": "LineString", "coordinates": [ [ -0.103600431040367, 53.836702337665017 ], [ -0.095795119034898, 53.839487757020414 ] ] } },
{ "type": "Feature", "properties": { "Transect_ID": 69, "Distance_From_North_km": 34.57, "Coastal_Zone": "South Mappleton / Cowden / Aldbrough Starvation Hotspot", "Geology": "Devensian Skipsea & Withernsea Glacial Tills", "Cliff_Elevation_m": 12.0, "Defense_Status": "Extreme Downdrift Starvation Hotspot", "Defense_Type": "None (Starved Downdrift Coastline)", "SMP_Policy": "No Active Intervention (NAI)", "EPR_Erosion_Rate_m_yr": 3.54, "LRR_Regression_Rate_m_yr": 3.57, "R_Squared": 0.999, "Std_Error_m_yr": 0.071, "NSM_Total_Retreat_m": 127.4, "SCE_Envelope_m": 130.1, "Downdrift_Starvation_Index": 0.94, "Projected_Retreat_2050_Baseline_m": 85.0, "Projected_Retreat_2050_Climate_Accelerated_m": 97.7, "Projected_Retreat_2100_Baseline_m": 262.0, "Projected_Retreat_2100_Climate_Accelerated_m": 340.5, "Hazard_Class": "Extreme (>3.0 m/yr)", "Hazard_Color": "#f43f5e" }, "geometry": { "type": "LineString", "coordinates": [ [ -0.100606401407857, 53.833771006581031 ], [ -0.092817784203274, 53.836572193218167 ] ] } },
{ "type": "Feature", "properties": { "Transect_ID": 70, "Distance_From_North_km": 35.08, "Coastal_Zone": "South Mappleton / Cowden / Aldbrough Starvation Hotspot", "Geology": "Devensian Skipsea & Withernsea Glacial Tills", "Cliff_Elevation_m": 11.0, "Defense_Status": "Extreme Downdrift Starvation Hotspot", "Defense_Type": "None (Starved Downdrift Coastline)", "SMP_Policy": "No Active Intervention (NAI)", "EPR_Erosion_Rate_m_yr": 3.54, "LRR_Regression_Rate_m_yr": 3.58, "R_Squared": 0.999, "Std_Error_m_yr": 0.096, "NSM_Total_Retreat_m": 127.4, "SCE_Envelope_m": 130.7, "Downdrift_Starvation_Index": 0.91, "Projected_Retreat_2050_Baseline_m": 85.0, "Projected_Retreat_2050_Climate_Accelerated_m": 97.7, "Projected_Retreat_2100_Baseline_m": 262.0, "Projected_Retreat_2100_Climate_Accelerated_m": 340.5, "Hazard_Class": "Extreme (>3.0 m/yr)", "Hazard_Color": "#f43f5e" }, "geometry": { "type": "LineString", "coordinates": [ [ -0.097422928252789, 53.830693970316872 ], [ -0.08969711959542, 53.833554828191254 ] ] } },
{ "type": "Feature", "properties": { "Transect_ID": 71, "Distance_From_North_km": 35.59, "Coastal_Zone": "South Mappleton / Cowden / Aldbrough Starvation Hotspot", "Geology": "Devensian Skipsea & Withernsea Glacial Tills", "Cliff_Elevation_m": 17.0, "Defense_Status": "Extreme Downdrift Starvation Hotspot", "Defense_Type": "None (Starved Downdrift Coastline)", "SMP_Policy": "No Active Intervention (NAI)", "EPR_Erosion_Rate_m_yr": 3.04, "LRR_Regression_Rate_m_yr": 3.04, "R_Squared": 1.0, "Std_Error_m_yr": 0.04, "NSM_Total_Retreat_m": 109.4, "SCE_Envelope_m": 114.2, "Downdrift_Starvation_Index": 0.87, "Projected_Retreat_2050_Baseline_m": 73.0, "Projected_Retreat_2050_Climate_Accelerated_m": 83.9, "Projected_Retreat_2100_Baseline_m": 225.0, "Projected_Retreat_2100_Climate_Accelerated_m": 292.4, "Hazard_Class": "Extreme (>3.0 m/yr)", "Hazard_Color": "#f43f5e" }, "geometry": { "type": "LineString", "coordinates": [ [ -0.093555924491715, 53.82711053224746 ], [ -0.085951721515817, 53.830082634728669 ] ] } },
{ "type": "Feature", "properties": { "Transect_ID": 72, "Distance_From_North_km": 36.1, "Coastal_Zone": "South Mappleton / Cowden / Aldbrough Starvation Hotspot", "Geology": "Devensian Skipsea & Withernsea Glacial Tills", "Cliff_Elevation_m": 14.0, "Defense_Status": "Extreme Downdrift Starvation Hotspot", "Defense_Type": "None (Starved Downdrift Coastline)", "SMP_Policy": "No Active Intervention (NAI)", "EPR_Erosion_Rate_m_yr": 3.16, "LRR_Regression_Rate_m_yr": 3.17, "R_Squared": 0.999, "Std_Error_m_yr": 0.075, "NSM_Total_Retreat_m": 113.8, "SCE_Envelope_m": 116.4, "Downdrift_Starvation_Index": 0.83, "Projected_Retreat_2050_Baseline_m": 75.8, "Projected_Retreat_2050_Climate_Accelerated_m": 87.2, "Projected_Retreat_2100_Baseline_m": 233.8, "Projected_Retreat_2100_Climate_Accelerated_m": 304.0, "Hazard_Class": "Extreme (>3.0 m/yr)", "Hazard_Color": "#f43f5e" }, "geometry": { "type": "LineString", "coordinates": [ [ -0.088229988156895, 53.822462541192124 ], [ -0.08074435229355, 53.825537474245827 ] ] } },
{ "type": "Feature", "properties": { "Transect_ID": 73, "Distance_From_North_km": 36.61, "Coastal_Zone": "South Mappleton / Cowden / Aldbrough Starvation Hotspot", "Geology": "Devensian Skipsea & Withernsea Glacial Tills", "Cliff_Elevation_m": 12.0, "Defense_Status": "Extreme Downdrift Starvation Hotspot", "Defense_Type": "None (Starved Downdrift Coastline)", "SMP_Policy": "No Active Intervention (NAI)", "EPR_Erosion_Rate_m_yr": 3.37, "LRR_Regression_Rate_m_yr": 3.41, "R_Squared": 0.998, "Std_Error_m_yr": 0.094, "NSM_Total_Retreat_m": 121.3, "SCE_Envelope_m": 128.5, "Downdrift_Starvation_Index": 0.79, "Projected_Retreat_2050_Baseline_m": 80.9, "Projected_Retreat_2050_Climate_Accelerated_m": 93.0, "Projected_Retreat_2100_Baseline_m": 249.4, "Projected_Retreat_2100_Climate_Accelerated_m": 324.2, "Hazard_Class": "Extreme (>3.0 m/yr)", "Hazard_Color": "#f43f5e" }, "geometry": { "type": "LineString", "coordinates": [ [ -0.081128088144024, 53.816519094020308 ], [ -0.073712120554439, 53.819651686868355 ] ] } },
{ "type": "Feature", "properties": { "Transect_ID": 74, "Distance_From_North_km": 37.11, "Coastal_Zone": "South Mappleton / Cowden / Aldbrough Starvation Hotspot", "Geology": "Devensian Skipsea & Withernsea Glacial Tills", "Cliff_Elevation_m": 14.0, "Defense_Status": "Extreme Downdrift Starvation Hotspot", "Defense_Type": "None (Starved Downdrift Coastline)", "SMP_Policy": "No Active Intervention (NAI)", "EPR_Erosion_Rate_m_yr": 3.0, "LRR_Regression_Rate_m_yr": 3.0, "R_Squared": 1.0, "Std_Error_m_yr": 0.01, "NSM_Total_Retreat_m": 108.0, "SCE_Envelope_m": 114.0, "Downdrift_Starvation_Index": 0.75, "Projected_Retreat_2050_Baseline_m": 72.0, "Projected_Retreat_2050_Climate_Accelerated_m": 82.8, "Projected_Retreat_2100_Baseline_m": 222.0, "Projected_Retreat_2100_Climate_Accelerated_m": 288.6, "Hazard_Class": "Extreme (>3.0 m/yr)", "Hazard_Color": "#f43f5e" }, "geometry": { "type": "LineString", "coordinates": [ [ -0.072868321555144, 53.809728816393687 ], [ -0.065480725634771, 53.812883805318677 ] ] } },
{ "type": "Feature", "properties": { "Transect_ID": 75, "Distance_From_North_km": 37.62, "Coastal_Zone": "South Mappleton / Cowden / Aldbrough Starvation Hotspot", "Geology": "Devensian Skipsea & Withernsea Glacial Tills", "Cliff_Elevation_m": 19.0, "Defense_Status": "Extreme Downdrift Starvation Hotspot", "Defense_Type": "None (Starved Downdrift Coastline)", "SMP_Policy": "No Active Intervention (NAI)", "EPR_Erosion_Rate_m_yr": 2.86, "LRR_Regression_Rate_m_yr": 2.88, "R_Squared": 0.999, "Std_Error_m_yr": 0.074, "NSM_Total_Retreat_m": 103.0, "SCE_Envelope_m": 107.9, "Downdrift_Starvation_Index": 0.71, "Projected_Retreat_2050_Baseline_m": 68.6, "Projected_Retreat_2050_Climate_Accelerated_m": 78.9, "Projected_Retreat_2100_Baseline_m": 211.6, "Projected_Retreat_2100_Climate_Accelerated_m": 275.1, "Hazard_Class": "High (2.0-3.0 m/yr)", "Hazard_Color": "#f59e0b" }, "geometry": { "type": "LineString", "coordinates": [ [ -0.064221982837023, 53.802653997394692 ], [ -0.056842375371366, 53.805814498896098 ] ] } },
{ "type": "Feature", "properties": { "Transect_ID": 76, "Distance_From_North_km": 38.13, "Coastal_Zone": "South Mappleton / Cowden / Aldbrough Starvation Hotspot", "Geology": "Devensian Skipsea & Withernsea Glacial Tills", "Cliff_Elevation_m": 23.0, "Defense_Status": "Extreme Downdrift Starvation Hotspot", "Defense_Type": "None (Starved Downdrift Coastline)", "SMP_Policy": "No Active Intervention (NAI)", "EPR_Erosion_Rate_m_yr": 2.53, "LRR_Regression_Rate_m_yr": 2.52, "R_Squared": 1.0, "Std_Error_m_yr": 0.027, "NSM_Total_Retreat_m": 91.1, "SCE_Envelope_m": 95.0, "Downdrift_Starvation_Index": 0.68, "Projected_Retreat_2050_Baseline_m": 60.7, "Projected_Retreat_2050_Climate_Accelerated_m": 69.8, "Projected_Retreat_2100_Baseline_m": 187.2, "Projected_Retreat_2100_Climate_Accelerated_m": 243.4, "Hazard_Class": "High (2.0-3.0 m/yr)", "Hazard_Color": "#f59e0b" }, "geometry": { "type": "LineString", "coordinates": [ [ -0.05551314298369, 53.795530980195615 ], [ -0.048135303942834, 53.798691892066671 ] ] } },
{ "type": "Feature", "properties": { "Transect_ID": 77, "Distance_From_North_km": 38.64, "Coastal_Zone": "South Mappleton / Cowden / Aldbrough Starvation Hotspot", "Geology": "Devensian Skipsea & Withernsea Glacial Tills", "Cliff_Elevation_m": 23.0, "Defense_Status": "Extreme Downdrift Starvation Hotspot", "Defense_Type": "None (Starved Downdrift Coastline)", "SMP_Policy": "No Active Intervention (NAI)", "EPR_Erosion_Rate_m_yr": 2.62, "LRR_Regression_Rate_m_yr": 2.62, "R_Squared": 1.0, "Std_Error_m_yr": 0.024, "NSM_Total_Retreat_m": 94.3, "SCE_Envelope_m": 101.0, "Downdrift_Starvation_Index": 0.65, "Projected_Retreat_2050_Baseline_m": 62.9, "Projected_Retreat_2050_Climate_Accelerated_m": 72.3, "Projected_Retreat_2100_Baseline_m": 193.9, "Projected_Retreat_2100_Climate_Accelerated_m": 252.0, "Hazard_Class": "High (2.0-3.0 m/yr)", "Hazard_Color": "#f59e0b" }, "geometry": { "type": "LineString", "coordinates": [ [ -0.04680188570777, 53.788403479668069 ], [ -0.039424764882419, 53.791563942277897 ] ] } },
{ "type": "Feature", "properties": { "Transect_ID": 78, "Distance_From_North_km": 39.15, "Coastal_Zone": "South Mappleton / Cowden / Aldbrough Starvation Hotspot", "Geology": "Devensian Skipsea & Withernsea Glacial Tills", "Cliff_Elevation_m": 17.0, "Defense_Status": "Extreme Downdrift Starvation Hotspot", "Defense_Type": "None (Starved Downdrift Coastline)", "SMP_Policy": "No Active Intervention (NAI)", "EPR_Erosion_Rate_m_yr": 2.41, "LRR_Regression_Rate_m_yr": 2.41, "R_Squared": 1.0, "Std_Error_m_yr": 0.027, "NSM_Total_Retreat_m": 86.8, "SCE_Envelope_m": 92.2, "Downdrift_Starvation_Index": 0.62, "Projected_Retreat_2050_Baseline_m": 57.8, "Projected_Retreat_2050_Climate_Accelerated_m": 66.5, "Projected_Retreat_2100_Baseline_m": 178.3, "Projected_Retreat_2100_Climate_Accelerated_m": 231.8, "Hazard_Class": "High (2.0-3.0 m/yr)", "Hazard_Color": "#f59e0b" }, "geometry": { "type": "LineString", "coordinates": [ [ -0.038093365630479, 53.781275220784046 ], [ -0.030716871913406, 53.784435159540216 ] ] } },
{ "type": "Feature", "properties": { "Transect_ID": 79, "Distance_From_North_km": 39.66, "Coastal_Zone": "South Mappleton / Cowden / Aldbrough Starvation Hotspot", "Geology": "Devensian Skipsea & Withernsea Glacial Tills", "Cliff_Elevation_m": 19.0, "Defense_Status": "Extreme Downdrift Starvation Hotspot", "Defense_Type": "None (Starved Downdrift Coastline)", "SMP_Policy": "No Active Intervention (NAI)", "EPR_Erosion_Rate_m_yr": 2.53, "LRR_Regression_Rate_m_yr": 2.54, "R_Squared": 1.0, "Std_Error_m_yr": 0.038, "NSM_Total_Retreat_m": 91.1, "SCE_Envelope_m": 94.5, "Downdrift_Starvation_Index": 0.6, "Projected_Retreat_2050_Baseline_m": 60.7, "Projected_Retreat_2050_Climate_Accelerated_m": 69.8, "Projected_Retreat_2100_Baseline_m": 187.2, "Projected_Retreat_2100_Climate_Accelerated_m": 243.4, "Hazard_Class": "High (2.0-3.0 m/yr)", "Hazard_Color": "#f59e0b" }, "geometry": { "type": "LineString", "coordinates": [ [ -0.029387786291291, 53.774146349491247 ], [ -0.022011916004877, 53.777305761349879 ] ] } },
{ "type": "Feature", "properties": { "Transect_ID": 80, "Distance_From_North_km": 40.16, "Coastal_Zone": "Withernsea Defended Seafront", "Geology": "Withernsea Till (Dense reddish-brown glacial clay)", "Cliff_Elevation_m": 11.0, "Defense_Status": "Heavily Defended", "Defense_Type": "Recurved Concrete Seawall, Rock Revetment, Offshore Groynes", "SMP_Policy": "Hold the Line (HTL)", "EPR_Erosion_Rate_m_yr": 0.61, "LRR_Regression_Rate_m_yr": 0.59, "R_Squared": 0.987, "Std_Error_m_yr": 0.047, "NSM_Total_Retreat_m": 22.0, "SCE_Envelope_m": 23.5, "Downdrift_Starvation_Index": 0.3, "Projected_Retreat_2050_Baseline_m": 14.6, "Projected_Retreat_2050_Climate_Accelerated_m": 16.8, "Projected_Retreat_2100_Baseline_m": 45.1, "Projected_Retreat_2100_Climate_Accelerated_m": 58.7, "Hazard_Class": "Low / Defended (<1.0 m/yr)", "Hazard_Color": "#10b981" }, "geometry": { "type": "LineString", "coordinates": [ [ -0.020685144824568, 53.767016865230993 ], [ -0.013309896222477, 53.770175748727041 ] ] } },
{ "type": "Feature", "properties": { "Transect_ID": 81, "Distance_From_North_km": 40.67, "Coastal_Zone": "Withernsea Defended Seafront", "Geology": "Withernsea Till (Dense reddish-brown glacial clay)", "Cliff_Elevation_m": 12.0, "Defense_Status": "Heavily Defended", "Defense_Type": "Recurved Concrete Seawall, Rock Revetment, Offshore Groynes", "SMP_Policy": "Hold the Line (HTL)", "EPR_Erosion_Rate_m_yr": 0.52, "LRR_Regression_Rate_m_yr": 0.54, "R_Squared": 0.975, "Std_Error_m_yr": 0.062, "NSM_Total_Retreat_m": 18.7, "SCE_Envelope_m": 19.5, "Downdrift_Starvation_Index": 0.3, "Projected_Retreat_2050_Baseline_m": 12.5, "Projected_Retreat_2050_Climate_Accelerated_m": 14.4, "Projected_Retreat_2100_Baseline_m": 38.5, "Projected_Retreat_2100_Climate_Accelerated_m": 50.0, "Hazard_Class": "Low / Defended (<1.0 m/yr)", "Hazard_Color": "#10b981" }, "geometry": { "type": "LineString", "coordinates": [ [ -0.011985563795692, 53.759886858767651 ], [ -0.004610887927239, 53.763045173745603 ] ] } },
{ "type": "Feature", "properties": { "Transect_ID": 82, "Distance_From_North_km": 41.18, "Coastal_Zone": "Withernsea Defended Seafront", "Geology": "Withernsea Till (Dense reddish-brown glacial clay)", "Cliff_Elevation_m": 10.0, "Defense_Status": "Heavily Defended", "Defense_Type": "Recurved Concrete Seawall, Rock Revetment, Offshore Groynes", "SMP_Policy": "Hold the Line (HTL)", "EPR_Erosion_Rate_m_yr": 0.44, "LRR_Regression_Rate_m_yr": 0.41, "R_Squared": 0.942, "Std_Error_m_yr": 0.073, "NSM_Total_Retreat_m": 15.8, "SCE_Envelope_m": 16.8, "Downdrift_Starvation_Index": 0.3, "Projected_Retreat_2050_Baseline_m": 10.6, "Projected_Retreat_2050_Climate_Accelerated_m": 12.1, "Projected_Retreat_2100_Baseline_m": 32.6, "Projected_Retreat_2100_Climate_Accelerated_m": 42.3, "Hazard_Class": "Low / Defended (<1.0 m/yr)", "Hazard_Color": "#10b981" }, "geometry": { "type": "LineString", "coordinates": [ [ -0.003291545372703, 53.752758118094633 ], [ 0.004083147840751, 53.755915380688876 ] ] } },
{ "type": "Feature", "properties": { "Transect_ID": 83, "Distance_From_North_km": 41.69, "Coastal_Zone": "Withernsea Defended Seafront", "Geology": "Withernsea Till (Dense reddish-brown glacial clay)", "Cliff_Elevation_m": 9.0, "Defense_Status": "Heavily Defended", "Defense_Type": "Recurved Concrete Seawall, Rock Revetment, Offshore Groynes", "SMP_Policy": "Hold the Line (HTL)", "EPR_Erosion_Rate_m_yr": 0.7, "LRR_Regression_Rate_m_yr": 0.71, "R_Squared": 0.996, "Std_Error_m_yr": 0.033, "NSM_Total_Retreat_m": 25.2, "SCE_Envelope_m": 26.3, "Downdrift_Starvation_Index": 0.3, "Projected_Retreat_2050_Baseline_m": 16.8, "Projected_Retreat_2050_Climate_Accelerated_m": 19.3, "Projected_Retreat_2100_Baseline_m": 51.8, "Projected_Retreat_2100_Climate_Accelerated_m": 67.3, "Hazard_Class": "Low / Defended (<1.0 m/yr)", "Hazard_Color": "#10b981" }, "geometry": { "type": "LineString", "coordinates": [ [ 0.005370210968433, 53.745649499057293 ], [ 0.012748643941029, 53.748802653336575 ] ] } },
{ "type": "Feature", "properties": { "Transect_ID": 84, "Distance_From_North_km": 42.2, "Coastal_Zone": "Withernsea Defended Seafront", "Geology": "Withernsea Till (Dense reddish-brown glacial clay)", "Cliff_Elevation_m": 12.0, "Defense_Status": "Heavily Defended", "Defense_Type": "Recurved Concrete Seawall, Rock Revetment, Offshore Groynes", "SMP_Policy": "Hold the Line (HTL)", "EPR_Erosion_Rate_m_yr": 0.48, "LRR_Regression_Rate_m_yr": 0.47, "R_Squared": 0.992, "Std_Error_m_yr": 0.029, "NSM_Total_Retreat_m": 17.3, "SCE_Envelope_m": 18.6, "Downdrift_Starvation_Index": 0.3, "Projected_Retreat_2050_Baseline_m": 11.5, "Projected_Retreat_2050_Climate_Accelerated_m": 13.2, "Projected_Retreat_2100_Baseline_m": 35.5, "Projected_Retreat_2100_Climate_Accelerated_m": 46.2, "Hazard_Class": "Low / Defended (<1.0 m/yr)", "Hazard_Color": "#10b981" }, "geometry": { "type": "LineString", "coordinates": [ [ 0.013851633390451, 53.738664978875995 ], [ 0.021246754084127, 53.741803337589587 ] ] } },
{ "type": "Feature", "properties": { "Transect_ID": 85, "Distance_From_North_km": 42.71, "Coastal_Zone": "Withernsea Defended Seafront", "Geology": "Withernsea Till (Dense reddish-brown glacial clay)", "Cliff_Elevation_m": 13.0, "Defense_Status": "Heavily Defended", "Defense_Type": "Recurved Concrete Seawall, Rock Revetment, Offshore Groynes", "SMP_Policy": "Hold the Line (HTL)", "EPR_Erosion_Rate_m_yr": 0.53, "LRR_Regression_Rate_m_yr": 0.51, "R_Squared": 0.979, "Std_Error_m_yr": 0.053, "NSM_Total_Retreat_m": 19.1, "SCE_Envelope_m": 19.8, "Downdrift_Starvation_Index": 0.3, "Projected_Retreat_2050_Baseline_m": 12.7, "Projected_Retreat_2050_Climate_Accelerated_m": 14.6, "Projected_Retreat_2100_Baseline_m": 39.2, "Projected_Retreat_2100_Climate_Accelerated_m": 51.0, "Hazard_Class": "Low / Defended (<1.0 m/yr)", "Hazard_Color": "#10b981" }, "geometry": { "type": "LineString", "coordinates": [ [ 0.021741147311254, 53.732092933142191 ], [ 0.029179254307807, 53.735194389000164 ] ] } },
{ "type": "Feature", "properties": { "Transect_ID": 86, "Distance_From_North_km": 43.21, "Coastal_Zone": "Withernsea Defended Seafront", "Geology": "Withernsea Till (Dense reddish-brown glacial clay)", "Cliff_Elevation_m": 11.0, "Defense_Status": "Heavily Defended", "Defense_Type": "Recurved Concrete Seawall, Rock Revetment, Offshore Groynes", "SMP_Policy": "Hold the Line (HTL)", "EPR_Erosion_Rate_m_yr": 0.81, "LRR_Regression_Rate_m_yr": 0.78, "R_Squared": 0.975, "Std_Error_m_yr": 0.088, "NSM_Total_Retreat_m": 29.2, "SCE_Envelope_m": 31.1, "Downdrift_Starvation_Index": 0.3, "Projected_Retreat_2050_Baseline_m": 19.4, "Projected_Retreat_2050_Climate_Accelerated_m": 22.4, "Projected_Retreat_2100_Baseline_m": 59.9, "Projected_Retreat_2100_Climate_Accelerated_m": 77.9, "Hazard_Class": "Low / Defended (<1.0 m/yr)", "Hazard_Color": "#10b981" }, "geometry": { "type": "LineString", "coordinates": [ [ 0.028535516117279, 53.72628574359107 ], [ 0.03604586644188, 53.729324458697604 ] ] } },
{ "type": "Feature", "properties": { "Transect_ID": 87, "Distance_From_North_km": 43.72, "Coastal_Zone": "Withernsea Defended Seafront", "Geology": "Withernsea Till (Dense reddish-brown glacial clay)", "Cliff_Elevation_m": 10.0, "Defense_Status": "Heavily Defended", "Defense_Type": "Recurved Concrete Seawall, Rock Revetment, Offshore Groynes", "SMP_Policy": "Hold the Line (HTL)", "EPR_Erosion_Rate_m_yr": 0.61, "LRR_Regression_Rate_m_yr": 0.6, "R_Squared": 0.996, "Std_Error_m_yr": 0.026, "NSM_Total_Retreat_m": 22.0, "SCE_Envelope_m": 22.5, "Downdrift_Starvation_Index": 0.3, "Projected_Retreat_2050_Baseline_m": 14.6, "Projected_Retreat_2050_Climate_Accelerated_m": 16.8, "Projected_Retreat_2100_Baseline_m": 45.1, "Projected_Retreat_2100_Climate_Accelerated_m": 58.7, "Hazard_Class": "Low / Defended (<1.0 m/yr)", "Hazard_Color": "#10b981" }, "geometry": { "type": "LineString", "coordinates": [ [ 0.034193160363611, 53.721271228018409 ], [ 0.041779305038388, 53.724242168901071 ] ] } },
{ "type": "Feature", "properties": { "Transect_ID": 88, "Distance_From_North_km": 44.23, "Coastal_Zone": "Withernsea Defended Seafront", "Geology": "Withernsea Till (Dense reddish-brown glacial clay)", "Cliff_Elevation_m": 14.0, "Defense_Status": "Heavily Defended", "Defense_Type": "Recurved Concrete Seawall, Rock Revetment, Offshore Groynes", "SMP_Policy": "Hold the Line (HTL)", "EPR_Erosion_Rate_m_yr": 0.39, "LRR_Regression_Rate_m_yr": 0.44, "R_Squared": 0.835, "Std_Error_m_yr": 0.139, "NSM_Total_Retreat_m": 14.0, "SCE_Envelope_m": 15.0, "Downdrift_Starvation_Index": 0.3, "Projected_Retreat_2050_Baseline_m": 9.4, "Projected_Retreat_2050_Climate_Accelerated_m": 10.8, "Projected_Retreat_2100_Baseline_m": 28.9, "Projected_Retreat_2100_Climate_Accelerated_m": 37.5, "Hazard_Class": "Low / Defended (<1.0 m/yr)", "Hazard_Color": "#10b981" }, "geometry": { "type": "LineString", "coordinates": [ [ 0.039206546067924, 53.71670160847146 ], [ 0.046836878355067, 53.71963170458794 ] ] } },
{ "type": "Feature", "properties": { "Transect_ID": 89, "Distance_From_North_km": 44.74, "Coastal_Zone": "Hollym / Holmpton Unprotected Cliffs", "Geology": "Devensian Withernsea Glacial Till", "Cliff_Elevation_m": 10.0, "Defense_Status": "Unprotected High Erosion", "Defense_Type": "None (Unprotected)", "SMP_Policy": "No Active Intervention (NAI)", "EPR_Erosion_Rate_m_yr": 2.53, "LRR_Regression_Rate_m_yr": 2.54, "R_Squared": 1.0, "Std_Error_m_yr": 0.027, "NSM_Total_Retreat_m": 91.1, "SCE_Envelope_m": 96.3, "Downdrift_Starvation_Index": 0.4, "Projected_Retreat_2050_Baseline_m": 60.7, "Projected_Retreat_2050_Climate_Accelerated_m": 69.8, "Projected_Retreat_2100_Baseline_m": 187.2, "Projected_Retreat_2100_Climate_Accelerated_m": 243.4, "Hazard_Class": "High (2.0-3.0 m/yr)", "Hazard_Color": "#f59e0b" }, "geometry": { "type": "LineString", "coordinates": [ [ 0.044029308628288, 53.712259769087765 ], [ 0.051672737277496, 53.715177078995339 ] ] } },
{ "type": "Feature", "properties": { "Transect_ID": 90, "Distance_From_North_km": 45.25, "Coastal_Zone": "Hollym / Holmpton Unprotected Cliffs", "Geology": "Devensian Withernsea Glacial Till", "Cliff_Elevation_m": 8.0, "Defense_Status": "Unprotected High Erosion", "Defense_Type": "None (Unprotected)", "SMP_Policy": "No Active Intervention (NAI)", "EPR_Erosion_Rate_m_yr": 2.57, "LRR_Regression_Rate_m_yr": 2.58, "R_Squared": 1.0, "Std_Error_m_yr": 0.023, "NSM_Total_Retreat_m": 92.5, "SCE_Envelope_m": 98.9, "Downdrift_Starvation_Index": 0.4, "Projected_Retreat_2050_Baseline_m": 61.7, "Projected_Retreat_2050_Climate_Accelerated_m": 70.9, "Projected_Retreat_2100_Baseline_m": 190.2, "Projected_Retreat_2100_Climate_Accelerated_m": 247.2, "Hazard_Class": "High (2.0-3.0 m/yr)", "Hazard_Color": "#f59e0b" }, "geometry": { "type": "LineString", "coordinates": [ [ 0.048824170812086, 53.707834844466262 ], [ 0.056468880336659, 53.710750223915518 ] ] } },
{ "type": "Feature", "properties": { "Transect_ID": 91, "Distance_From_North_km": 45.76, "Coastal_Zone": "Hollym / Holmpton Unprotected Cliffs", "Geology": "Devensian Withernsea Glacial Till", "Cliff_Elevation_m": 6.0, "Defense_Status": "Unprotected High Erosion", "Defense_Type": "None (Unprotected)", "SMP_Policy": "No Active Intervention (NAI)", "EPR_Erosion_Rate_m_yr": 2.58, "LRR_Regression_Rate_m_yr": 2.55, "R_Squared": 0.998, "Std_Error_m_yr": 0.075, "NSM_Total_Retreat_m": 92.9, "SCE_Envelope_m": 99.3, "Downdrift_Starvation_Index": 0.4, "Projected_Retreat_2050_Baseline_m": 61.9, "Projected_Retreat_2050_Climate_Accelerated_m": 71.2, "Projected_Retreat_2100_Baseline_m": 190.9, "Projected_Retreat_2100_Climate_Accelerated_m": 248.2, "Hazard_Class": "High (2.0-3.0 m/yr)", "Hazard_Color": "#f59e0b" }, "geometry": { "type": "LineString", "coordinates": [ [ 0.053619754152693, 53.703408874322754 ], [ 0.061261663455969, 53.706326088606183 ] ] } },
{ "type": "Feature", "properties": { "Transect_ID": 92, "Distance_From_North_km": 46.26, "Coastal_Zone": "Hollym / Holmpton Unprotected Cliffs", "Geology": "Devensian Withernsea Glacial Till", "Cliff_Elevation_m": 8.0, "Defense_Status": "Unprotected High Erosion", "Defense_Type": "None (Unprotected)", "SMP_Policy": "No Active Intervention (NAI)", "EPR_Erosion_Rate_m_yr": 2.45, "LRR_Regression_Rate_m_yr": 2.48, "R_Squared": 0.998, "Std_Error_m_yr": 0.079, "NSM_Total_Retreat_m": 88.2, "SCE_Envelope_m": 90.4, "Downdrift_Starvation_Index": 0.4, "Projected_Retreat_2050_Baseline_m": 58.8, "Projected_Retreat_2050_Climate_Accelerated_m": 67.6, "Projected_Retreat_2100_Baseline_m": 181.3, "Projected_Retreat_2100_Climate_Accelerated_m": 235.7, "Hazard_Class": "High (2.0-3.0 m/yr)", "Hazard_Color": "#f59e0b" }, "geometry": { "type": "LineString", "coordinates": [ [ 0.058430606180445, 53.698976149023345 ], [ 0.066063101743672, 53.701901281925785 ] ] } },
{ "type": "Feature", "properties": { "Transect_ID": 93, "Distance_From_North_km": 46.77, "Coastal_Zone": "Hollym / Holmpton Unprotected Cliffs", "Geology": "Devensian Withernsea Glacial Till", "Cliff_Elevation_m": 8.0, "Defense_Status": "Unprotected High Erosion", "Defense_Type": "None (Unprotected)", "SMP_Policy": "No Active Intervention (NAI)", "EPR_Erosion_Rate_m_yr": 2.69, "LRR_Regression_Rate_m_yr": 2.69, "R_Squared": 0.999, "Std_Error_m_yr": 0.063, "NSM_Total_Retreat_m": 96.8, "SCE_Envelope_m": 99.4, "Downdrift_Starvation_Index": 0.4, "Projected_Retreat_2050_Baseline_m": 64.6, "Projected_Retreat_2050_Climate_Accelerated_m": 74.2, "Projected_Retreat_2100_Baseline_m": 199.1, "Projected_Retreat_2100_Climate_Accelerated_m": 258.8, "Hazard_Class": "High (2.0-3.0 m/yr)", "Hazard_Color": "#f59e0b" }, "geometry": { "type": "LineString", "coordinates": [ [ 0.063285032513501, 53.694529133414484 ], [ 0.070898543888435, 53.697470897023095 ] ] } },
{ "type": "Feature", "properties": { "Transect_ID": 94, "Distance_From_North_km": 47.28, "Coastal_Zone": "Hollym / Holmpton Unprotected Cliffs", "Geology": "Devensian Withernsea Glacial Till", "Cliff_Elevation_m": 19.0, "Defense_Status": "Unprotected High Erosion", "Defense_Type": "None (Unprotected)", "SMP_Policy": "No Active Intervention (NAI)", "EPR_Erosion_Rate_m_yr": 2.63, "LRR_Regression_Rate_m_yr": 2.63, "R_Squared": 1.0, "Std_Error_m_yr": 0.012, "NSM_Total_Retreat_m": 94.7, "SCE_Envelope_m": 99.3, "Downdrift_Starvation_Index": 0.4, "Projected_Retreat_2050_Baseline_m": 63.1, "Projected_Retreat_2050_Climate_Accelerated_m": 72.6, "Projected_Retreat_2100_Baseline_m": 194.6, "Projected_Retreat_2100_Climate_Accelerated_m": 253.0, "Hazard_Class": "High (2.0-3.0 m/yr)", "Hazard_Color": "#f59e0b" }, "geometry": { "type": "LineString", "coordinates": [ [ 0.068207422741862, 53.690065017944811 ], [ 0.07579755095371, 53.693027255004424 ] ] } },
{ "type": "Feature", "properties": { "Transect_ID": 95, "Distance_From_North_km": 47.79, "Coastal_Zone": "Hollym / Holmpton Unprotected Cliffs", "Geology": "Devensian Withernsea Glacial Till", "Cliff_Elevation_m": 18.0, "Defense_Status": "Unprotected High Erosion", "Defense_Type": "None (Unprotected)", "SMP_Policy": "No Active Intervention (NAI)", "EPR_Erosion_Rate_m_yr": 2.7, "LRR_Regression_Rate_m_yr": 2.72, "R_Squared": 0.999, "Std_Error_m_yr": 0.048, "NSM_Total_Retreat_m": 97.2, "SCE_Envelope_m": 104.8, "Downdrift_Starvation_Index": 0.4, "Projected_Retreat_2050_Baseline_m": 64.8, "Projected_Retreat_2050_Climate_Accelerated_m": 74.5, "Projected_Retreat_2100_Baseline_m": 199.8, "Projected_Retreat_2100_Climate_Accelerated_m": 259.7, "Hazard_Class": "High (2.0-3.0 m/yr)", "Hazard_Color": "#f59e0b" }, "geometry": { "type": "LineString", "coordinates": [ [ 0.073188643438286, 53.685590392696788 ], [ 0.080761058800565, 53.688567829585374 ] ] } },
{ "type": "Feature", "properties": { "Transect_ID": 96, "Distance_From_North_km": 48.3, "Coastal_Zone": "Hollym / Holmpton Unprotected Cliffs", "Geology": "Devensian Withernsea Glacial Till", "Cliff_Elevation_m": 14.0, "Defense_Status": "Unprotected High Erosion", "Defense_Type": "None (Unprotected)", "SMP_Policy": "No Active Intervention (NAI)", "EPR_Erosion_Rate_m_yr": 2.86, "LRR_Regression_Rate_m_yr": 2.86, "R_Squared": 0.999, "Std_Error_m_yr": 0.062, "NSM_Total_Retreat_m": 103.0, "SCE_Envelope_m": 110.4, "Downdrift_Starvation_Index": 0.4, "Projected_Retreat_2050_Baseline_m": 68.6, "Projected_Retreat_2050_Climate_Accelerated_m": 78.9, "Projected_Retreat_2100_Baseline_m": 211.6, "Projected_Retreat_2100_Climate_Accelerated_m": 275.1, "Hazard_Class": "High (2.0-3.0 m/yr)", "Hazard_Color": "#f59e0b" }, "geometry": { "type": "LineString", "coordinates": [ [ 0.078196997345542, 53.681113740757489 ], [ 0.085761104592127, 53.684097884431736 ] ] } },
{ "type": "Feature", "properties": { "Transect_ID": 97, "Distance_From_North_km": 48.81, "Coastal_Zone": "Hollym / Holmpton Unprotected Cliffs", "Geology": "Devensian Withernsea Glacial Till", "Cliff_Elevation_m": 19.0, "Defense_Status": "Unprotected High Erosion", "Defense_Type": "None (Unprotected)", "SMP_Policy": "No Active Intervention (NAI)", "EPR_Erosion_Rate_m_yr": 2.68, "LRR_Regression_Rate_m_yr": 2.68, "R_Squared": 1.0, "Std_Error_m_yr": 0.004, "NSM_Total_Retreat_m": 96.5, "SCE_Envelope_m": 104.0, "Downdrift_Starvation_Index": 0.4, "Projected_Retreat_2050_Baseline_m": 64.3, "Projected_Retreat_2050_Climate_Accelerated_m": 74.0, "Projected_Retreat_2100_Baseline_m": 198.3, "Projected_Retreat_2100_Climate_Accelerated_m": 257.8, "Hazard_Class": "High (2.0-3.0 m/yr)", "Hazard_Color": "#f59e0b" }, "geometry": { "type": "LineString", "coordinates": [ [ 0.083210764369067, 53.676638078904624 ], [ 0.090772315188264, 53.679623780555133 ] ] } },
{ "type": "Feature", "properties": { "Transect_ID": 98, "Distance_From_North_km": 49.32, "Coastal_Zone": "Hollym / Holmpton Unprotected Cliffs", "Geology": "Devensian Withernsea Glacial Till", "Cliff_Elevation_m": 20.0, "Defense_Status": "Unprotected High Erosion", "Defense_Type": "None (Unprotected)", "SMP_Policy": "No Active Intervention (NAI)", "EPR_Erosion_Rate_m_yr": 2.54, "LRR_Regression_Rate_m_yr": 2.52, "R_Squared": 0.997, "Std_Error_m_yr": 0.09, "NSM_Total_Retreat_m": 91.4, "SCE_Envelope_m": 97.0, "Downdrift_Starvation_Index": 0.4, "Projected_Retreat_2050_Baseline_m": 61.0, "Projected_Retreat_2050_Climate_Accelerated_m": 70.1, "Projected_Retreat_2100_Baseline_m": 188.0, "Projected_Retreat_2100_Climate_Accelerated_m": 244.3, "Hazard_Class": "High (2.0-3.0 m/yr)", "Hazard_Color": "#f59e0b" }, "geometry": { "type": "LineString", "coordinates": [ [ 0.088223923950685, 53.672162929450224 ], [ 0.095784723659985, 53.675148577070132 ] ] } },
{ "type": "Feature", "properties": { "Transect_ID": 99, "Distance_From_North_km": 49.82, "Coastal_Zone": "Hollym / Holmpton Unprotected Cliffs", "Geology": "Devensian Withernsea Glacial Till", "Cliff_Elevation_m": 22.0, "Defense_Status": "Unprotected High Erosion", "Defense_Type": "None (Unprotected)", "SMP_Policy": "No Active Intervention (NAI)", "EPR_Erosion_Rate_m_yr": 2.95, "LRR_Regression_Rate_m_yr": 2.97, "R_Squared": 0.999, "Std_Error_m_yr": 0.06, "NSM_Total_Retreat_m": 106.2, "SCE_Envelope_m": 108.6, "Downdrift_Starvation_Index": 0.4, "Projected_Retreat_2050_Baseline_m": 70.8, "Projected_Retreat_2050_Climate_Accelerated_m": 81.4, "Projected_Retreat_2100_Baseline_m": 218.3, "Projected_Retreat_2100_Climate_Accelerated_m": 283.8, "Hazard_Class": "High (2.0-3.0 m/yr)", "Hazard_Color": "#f59e0b" }, "geometry": { "type": "LineString", "coordinates": [ [ 0.093235491711608, 53.667688048056391 ], [ 0.100796433681626, 53.670672843857965 ] ] } },
{ "type": "Feature", "properties": { "Transect_ID": 100, "Distance_From_North_km": 50.33, "Coastal_Zone": "Easington Gas Terminal Frontage", "Geology": "Withernsea Till & Low Alluvial Platform", "Cliff_Elevation_m": 20.0, "Defense_Status": "Critical Asset Defense / Surrounding Hotspot", "Defense_Type": "Rock Armor Revetment at Terminal / Unprotected Margins", "SMP_Policy": "Hold the Line (Gas Terminal) / NAI (Cliffs)", "EPR_Erosion_Rate_m_yr": 1.98, "LRR_Regression_Rate_m_yr": 2.0, "R_Squared": 0.999, "Std_Error_m_yr": 0.049, "NSM_Total_Retreat_m": 71.3, "SCE_Envelope_m": 75.4, "Downdrift_Starvation_Index": 0.35, "Projected_Retreat_2050_Baseline_m": 47.5, "Projected_Retreat_2050_Climate_Accelerated_m": 54.6, "Projected_Retreat_2100_Baseline_m": 146.5, "Projected_Retreat_2100_Climate_Accelerated_m": 190.5, "Hazard_Class": "Moderate (1.0-2.0 m/yr)", "Hazard_Color": "#38bdf8" }, "geometry": { "type": "LineString", "coordinates": [ [ 0.098239534018833, 53.663216417644776 ], [ 0.105807601986494, 53.666194109845861 ] ] } },
{ "type": "Feature", "properties": { "Transect_ID": 101, "Distance_From_North_km": 50.84, "Coastal_Zone": "Easington Gas Terminal Frontage", "Geology": "Withernsea Till & Low Alluvial Platform", "Cliff_Elevation_m": 15.0, "Defense_Status": "Critical Asset Defense / Surrounding Hotspot", "Defense_Type": "Rock Armor Revetment at Terminal / Unprotected Margins", "SMP_Policy": "Hold the Line (Gas Terminal) / NAI (Cliffs)", "EPR_Erosion_Rate_m_yr": 1.83, "LRR_Regression_Rate_m_yr": 1.8, "R_Squared": 0.994, "Std_Error_m_yr": 0.1, "NSM_Total_Retreat_m": 65.9, "SCE_Envelope_m": 69.5, "Downdrift_Starvation_Index": 0.35, "Projected_Retreat_2050_Baseline_m": 43.9, "Projected_Retreat_2050_Climate_Accelerated_m": 50.5, "Projected_Retreat_2100_Baseline_m": 135.4, "Projected_Retreat_2100_Climate_Accelerated_m": 176.0, "Hazard_Class": "Moderate (1.0-2.0 m/yr)", "Hazard_Color": "#38bdf8" }, "geometry": { "type": "LineString", "coordinates": [ [ 0.103194852533692, 53.658760541033708 ], [ 0.110810001808529, 53.66169484010495 ] ] } },
{ "type": "Feature", "properties": { "Transect_ID": 102, "Distance_From_North_km": 51.35, "Coastal_Zone": "Easington Gas Terminal Frontage", "Geology": "Withernsea Till & Low Alluvial Platform", "Cliff_Elevation_m": 12.0, "Defense_Status": "Critical Asset Defense / Surrounding Hotspot", "Defense_Type": "Rock Armor Revetment at Terminal / Unprotected Margins", "SMP_Policy": "Hold the Line (Gas Terminal) / NAI (Cliffs)", "EPR_Erosion_Rate_m_yr": 1.88, "LRR_Regression_Rate_m_yr": 1.91, "R_Squared": 0.996, "Std_Error_m_yr": 0.085, "NSM_Total_Retreat_m": 67.7, "SCE_Envelope_m": 72.4, "Downdrift_Starvation_Index": 0.35, "Projected_Retreat_2050_Baseline_m": 45.1, "Projected_Retreat_2050_Climate_Accelerated_m": 51.9, "Projected_Retreat_2100_Baseline_m": 139.1, "Projected_Retreat_2100_Climate_Accelerated_m": 180.9, "Hazard_Class": "Moderate (1.0-2.0 m/yr)", "Hazard_Color": "#38bdf8" }, "geometry": { "type": "LineString", "coordinates": [ [ 0.107952349023541, 53.654327292535314 ], [ 0.115724739787073, 53.6571115109681 ] ] } },
{ "type": "Feature", "properties": { "Transect_ID": 103, "Distance_From_North_km": 51.86, "Coastal_Zone": "Easington Gas Terminal Frontage", "Geology": "Withernsea Till & Low Alluvial Platform", "Cliff_Elevation_m": 8.0, "Defense_Status": "Critical Asset Defense / Surrounding Hotspot", "Defense_Type": "Rock Armor Revetment at Terminal / Unprotected Margins", "SMP_Policy": "Hold the Line (Gas Terminal) / NAI (Cliffs)", "EPR_Erosion_Rate_m_yr": 1.82, "LRR_Regression_Rate_m_yr": 1.79, "R_Squared": 0.997, "Std_Error_m_yr": 0.073, "NSM_Total_Retreat_m": 65.5, "SCE_Envelope_m": 70.5, "Downdrift_Starvation_Index": 0.35, "Projected_Retreat_2050_Baseline_m": 43.7, "Projected_Retreat_2050_Climate_Accelerated_m": 50.2, "Projected_Retreat_2100_Baseline_m": 134.7, "Projected_Retreat_2100_Climate_Accelerated_m": 175.1, "Hazard_Class": "Moderate (1.0-2.0 m/yr)", "Hazard_Color": "#38bdf8" }, "geometry": { "type": "LineString", "coordinates": [ [ 0.112254546506088, 53.649846936983458 ], [ 0.120307489634892, 53.652332911342796 ] ] } },
{ "type": "Feature", "properties": { "Transect_ID": 104, "Distance_From_North_km": 52.37, "Coastal_Zone": "Easington Gas Terminal Frontage", "Geology": "Withernsea Till & Low Alluvial Platform", "Cliff_Elevation_m": 3.0, "Defense_Status": "Critical Asset Defense / Surrounding Hotspot", "Defense_Type": "Rock Armor Revetment at Terminal / Unprotected Margins", "SMP_Policy": "Hold the Line (Gas Terminal) / NAI (Cliffs)", "EPR_Erosion_Rate_m_yr": 2.21, "LRR_Regression_Rate_m_yr": 2.21, "R_Squared": 1.0, "Std_Error_m_yr": 0.014, "NSM_Total_Retreat_m": 79.6, "SCE_Envelope_m": 85.1, "Downdrift_Starvation_Index": 0.35, "Projected_Retreat_2050_Baseline_m": 53.0, "Projected_Retreat_2050_Climate_Accelerated_m": 61.0, "Projected_Retreat_2100_Baseline_m": 163.5, "Projected_Retreat_2100_Climate_Accelerated_m": 212.6, "Hazard_Class": "High (2.0-3.0 m/yr)", "Hazard_Color": "#f59e0b" }, "geometry": { "type": "LineString", "coordinates": [ [ 0.115967847471836, 53.645167916296352 ], [ 0.124297567351454, 53.647306597713929 ] ] } },
{ "type": "Feature", "properties": { "Transect_ID": 105, "Distance_From_North_km": 52.87, "Coastal_Zone": "Easington Gas Terminal Frontage", "Geology": "Withernsea Till & Low Alluvial Platform", "Cliff_Elevation_m": 3.0, "Defense_Status": "Critical Asset Defense / Surrounding Hotspot", "Defense_Type": "Rock Armor Revetment at Terminal / Unprotected Margins", "SMP_Policy": "Hold the Line (Gas Terminal) / NAI (Cliffs)", "EPR_Erosion_Rate_m_yr": 1.71, "LRR_Regression_Rate_m_yr": 1.69, "R_Squared": 0.998, "Std_Error_m_yr": 0.057, "NSM_Total_Retreat_m": 61.6, "SCE_Envelope_m": 64.4, "Downdrift_Starvation_Index": 0.35, "Projected_Retreat_2050_Baseline_m": 41.0, "Projected_Retreat_2050_Climate_Accelerated_m": 47.2, "Projected_Retreat_2100_Baseline_m": 126.5, "Projected_Retreat_2100_Climate_Accelerated_m": 164.5, "Hazard_Class": "Moderate (1.0-2.0 m/yr)", "Hazard_Color": "#38bdf8" }, "geometry": { "type": "LineString", "coordinates": [ [ 0.119248720807769, 53.640218573940814 ], [ 0.127740624384331, 53.64211716417276 ] ] } },
{ "type": "Feature", "properties": { "Transect_ID": 106, "Distance_From_North_km": 53.38, "Coastal_Zone": "Easington Gas Terminal Frontage", "Geology": "Withernsea Till & Low Alluvial Platform", "Cliff_Elevation_m": 1.0, "Defense_Status": "Critical Asset Defense / Surrounding Hotspot", "Defense_Type": "Rock Armor Revetment at Terminal / Unprotected Margins", "SMP_Policy": "Hold the Line (Gas Terminal) / NAI (Cliffs)", "EPR_Erosion_Rate_m_yr": 2.12, "LRR_Regression_Rate_m_yr": 2.12, "R_Squared": 1.0, "Std_Error_m_yr": 0.004, "NSM_Total_Retreat_m": 76.3, "SCE_Envelope_m": 81.8, "Downdrift_Starvation_Index": 0.35, "Projected_Retreat_2050_Baseline_m": 50.9, "Projected_Retreat_2050_Climate_Accelerated_m": 58.5, "Projected_Retreat_2100_Baseline_m": 156.9, "Projected_Retreat_2100_Climate_Accelerated_m": 203.9, "Hazard_Class": "High (2.0-3.0 m/yr)", "Hazard_Color": "#f59e0b" }, "geometry": { "type": "LineString", "coordinates": [ [ 0.122343438607806, 53.635090390249808 ], [ 0.130902861676155, 53.636876925152684 ] ] } },
{ "type": "Feature", "properties": { "Transect_ID": 107, "Distance_From_North_km": 53.89, "Coastal_Zone": "Easington Gas Terminal Frontage", "Geology": "Withernsea Till & Low Alluvial Platform", "Cliff_Elevation_m": 2.0, "Defense_Status": "Critical Asset Defense / Surrounding Hotspot", "Defense_Type": "Rock Armor Revetment at Terminal / Unprotected Margins", "SMP_Policy": "Hold the Line (Gas Terminal) / NAI (Cliffs)", "EPR_Erosion_Rate_m_yr": 1.95, "LRR_Regression_Rate_m_yr": 1.94, "R_Squared": 1.0, "Std_Error_m_yr": 0.023, "NSM_Total_Retreat_m": 70.2, "SCE_Envelope_m": 73.5, "Downdrift_Starvation_Index": 0.35, "Projected_Retreat_2050_Baseline_m": 46.8, "Projected_Retreat_2050_Climate_Accelerated_m": 53.8, "Projected_Retreat_2100_Baseline_m": 144.3, "Projected_Retreat_2100_Climate_Accelerated_m": 187.6, "Hazard_Class": "Moderate (1.0-2.0 m/yr)", "Hazard_Color": "#38bdf8" }, "geometry": { "type": "LineString", "coordinates": [ [ 0.125312924090163, 53.629958097616701 ], [ 0.133935929156037, 53.631631220133329 ] ] } },
{ "type": "Feature", "properties": { "Transect_ID": 108, "Distance_From_North_km": 54.4, "Coastal_Zone": "Kilnsea Breached Shoreline", "Geology": "Low-lying glacial sediment and gravel barrier", "Cliff_Elevation_m": 5.0, "Defense_Status": "Vulnerable Overwash / Active Retreat", "Defense_Type": "Degraded Historic Revetments / Flood Banks", "SMP_Policy": "Managed Realignment (MR)", "EPR_Erosion_Rate_m_yr": 2.94, "LRR_Regression_Rate_m_yr": 2.96, "R_Squared": 0.999, "Std_Error_m_yr": 0.069, "NSM_Total_Retreat_m": 105.8, "SCE_Envelope_m": 112.2, "Downdrift_Starvation_Index": 0.5, "Projected_Retreat_2050_Baseline_m": 70.6, "Projected_Retreat_2050_Climate_Accelerated_m": 81.1, "Projected_Retreat_2100_Baseline_m": 217.6, "Projected_Retreat_2100_Climate_Accelerated_m": 282.8, "Hazard_Class": "High (2.0-3.0 m/yr)", "Hazard_Color": "#f59e0b" }, "geometry": { "type": "LineString", "coordinates": [ [ 0.12784887798337, 53.625089120369793 ], [ 0.136634750814819, 53.626427431922913 ] ] } },
{ "type": "Feature", "properties": { "Transect_ID": 109, "Distance_From_North_km": 54.91, "Coastal_Zone": "Kilnsea Breached Shoreline", "Geology": "Low-lying glacial sediment and gravel barrier", "Cliff_Elevation_m": 6.0, "Defense_Status": "Vulnerable Overwash / Active Retreat", "Defense_Type": "Degraded Historic Revetments / Flood Banks", "SMP_Policy": "Managed Realignment (MR)", "EPR_Erosion_Rate_m_yr": 2.64, "LRR_Regression_Rate_m_yr": 2.63, "R_Squared": 0.999, "Std_Error_m_yr": 0.05, "NSM_Total_Retreat_m": 95.0, "SCE_Envelope_m": 99.9, "Downdrift_Starvation_Index": 0.5, "Projected_Retreat_2050_Baseline_m": 63.4, "Projected_Retreat_2050_Climate_Accelerated_m": 72.9, "Projected_Retreat_2100_Baseline_m": 195.4, "Projected_Retreat_2100_Climate_Accelerated_m": 254.0, "Hazard_Class": "High (2.0-3.0 m/yr)", "Hazard_Color": "#f59e0b" }, "geometry": { "type": "LineString", "coordinates": [ [ 0.129287610465903, 53.620861959510201 ], [ 0.138305899538301, 53.621429836473467 ] ] } },
{ "type": "Feature", "properties": { "Transect_ID": 110, "Distance_From_North_km": 55.42, "Coastal_Zone": "Kilnsea Breached Shoreline", "Geology": "Low-lying glacial sediment and gravel barrier", "Cliff_Elevation_m": 2.0, "Defense_Status": "Vulnerable Overwash / Active Retreat", "Defense_Type": "Degraded Historic Revetments / Flood Banks", "SMP_Policy": "Managed Realignment (MR)", "EPR_Erosion_Rate_m_yr": 2.75, "LRR_Regression_Rate_m_yr": 2.78, "R_Squared": 0.999, "Std_Error_m_yr": 0.075, "NSM_Total_Retreat_m": 99.0, "SCE_Envelope_m": 106.0, "Downdrift_Starvation_Index": 0.5, "Projected_Retreat_2050_Baseline_m": 66.0, "Projected_Retreat_2050_Climate_Accelerated_m": 75.9, "Projected_Retreat_2100_Baseline_m": 203.5, "Projected_Retreat_2100_Climate_Accelerated_m": 264.6, "Hazard_Class": "High (2.0-3.0 m/yr)", "Hazard_Color": "#f59e0b" }, "geometry": { "type": "LineString", "coordinates": [ [ 0.129281862706495, 53.617374461246627 ], [ 0.138308916691139, 53.616863488504315 ] ] } },
{ "type": "Feature", "properties": { "Transect_ID": 111, "Distance_From_North_km": 55.92, "Coastal_Zone": "Kilnsea Breached Shoreline", "Geology": "Low-lying glacial sediment and gravel barrier", "Cliff_Elevation_m": 0.0, "Defense_Status": "Vulnerable Overwash / Active Retreat", "Defense_Type": "Degraded Historic Revetments / Flood Banks", "SMP_Policy": "Managed Realignment (MR)", "EPR_Erosion_Rate_m_yr": 3.14, "LRR_Regression_Rate_m_yr": 3.12, "R_Squared": 0.999, "Std_Error_m_yr": 0.077, "NSM_Total_Retreat_m": 113.0, "SCE_Envelope_m": 116.2, "Downdrift_Starvation_Index": 0.5, "Projected_Retreat_2050_Baseline_m": 75.4, "Projected_Retreat_2050_Climate_Accelerated_m": 86.7, "Projected_Retreat_2100_Baseline_m": 232.4, "Projected_Retreat_2100_Climate_Accelerated_m": 302.1, "Hazard_Class": "Extreme (>3.0 m/yr)", "Hazard_Color": "#f43f5e" }, "geometry": { "type": "LineString", "coordinates": [ [ 0.128158940263904, 53.614132557055584 ], [ 0.136952175690958, 53.612817465649776 ] ] } },
{ "type": "Feature", "properties": { "Transect_ID": 112, "Distance_From_North_km": 56.43, "Coastal_Zone": "Kilnsea Breached Shoreline", "Geology": "Low-lying glacial sediment and gravel barrier", "Cliff_Elevation_m": 0.0, "Defense_Status": "Vulnerable Overwash / Active Retreat", "Defense_Type": "Degraded Historic Revetments / Flood Banks", "SMP_Policy": "Managed Realignment (MR)", "EPR_Erosion_Rate_m_yr": 2.99, "LRR_Regression_Rate_m_yr": 2.99, "R_Squared": 0.999, "Std_Error_m_yr": 0.064, "NSM_Total_Retreat_m": 107.6, "SCE_Envelope_m": 111.1, "Downdrift_Starvation_Index": 0.5, "Projected_Retreat_2050_Baseline_m": 71.8, "Projected_Retreat_2050_Climate_Accelerated_m": 82.5, "Projected_Retreat_2100_Baseline_m": 221.3, "Projected_Retreat_2100_Climate_Accelerated_m": 287.6, "Hazard_Class": "High (2.0-3.0 m/yr)", "Hazard_Color": "#f59e0b" }, "geometry": { "type": "LineString", "coordinates": [ [ 0.126422629350711, 53.610753868496602 ], [ 0.135063270303441, 53.609121157813199 ] ] } },
{ "type": "Feature", "properties": { "Transect_ID": 113, "Distance_From_North_km": 56.94, "Coastal_Zone": "Kilnsea Breached Shoreline", "Geology": "Low-lying glacial sediment and gravel barrier", "Cliff_Elevation_m": 0.0, "Defense_Status": "Vulnerable Overwash / Active Retreat", "Defense_Type": "Degraded Historic Revetments / Flood Banks", "SMP_Policy": "Managed Realignment (MR)", "EPR_Erosion_Rate_m_yr": 3.0, "LRR_Regression_Rate_m_yr": 3.0, "R_Squared": 0.999, "Std_Error_m_yr": 0.078, "NSM_Total_Retreat_m": 108.0, "SCE_Envelope_m": 116.0, "Downdrift_Starvation_Index": 0.5, "Projected_Retreat_2050_Baseline_m": 72.0, "Projected_Retreat_2050_Climate_Accelerated_m": 82.8, "Projected_Retreat_2100_Baseline_m": 222.0, "Projected_Retreat_2100_Climate_Accelerated_m": 288.6, "Hazard_Class": "Extreme (>3.0 m/yr)", "Hazard_Color": "#f43f5e" }, "geometry": { "type": "LineString", "coordinates": [ [ 0.12447461133602, 53.607256744946831 ], [ 0.133075556040869, 53.605552792748618 ] ] } },
{ "type": "Feature", "properties": { "Transect_ID": 114, "Distance_From_North_km": 57.45, "Coastal_Zone": "Spurn Head Sand Spit", "Geology": "Holocene Marine & Estuarine Sand/Shingle Spit", "Cliff_Elevation_m": 0.0, "Defense_Status": "Dynamic Barrier Spit (Yorkshire Wildlife Trust)", "Defense_Type": "Dynamic Natural Barrier Spit (Post-2013 Breach Adaptation)", "SMP_Policy": "Managed Adaptation / NAI", "EPR_Erosion_Rate_m_yr": 1.46, "LRR_Regression_Rate_m_yr": 1.42, "R_Squared": 0.988, "Std_Error_m_yr": 0.11, "NSM_Total_Retreat_m": 52.6, "SCE_Envelope_m": 56.1, "Downdrift_Starvation_Index": 0.65, "Projected_Retreat_2050_Baseline_m": 35.0, "Projected_Retreat_2050_Climate_Accelerated_m": 40.3, "Projected_Retreat_2100_Baseline_m": 108.0, "Projected_Retreat_2100_Climate_Accelerated_m": 140.5, "Hazard_Class": "Moderate (1.0-2.0 m/yr)", "Hazard_Color": "#38bdf8" }, "geometry": { "type": "LineString", "coordinates": [ [ 0.122485598032748, 53.603724458301826 ], [ 0.131080706397194, 53.602011386959994 ] ] } },
{ "type": "Feature", "properties": { "Transect_ID": 115, "Distance_From_North_km": 57.96, "Coastal_Zone": "Spurn Head Sand Spit", "Geology": "Holocene Marine & Estuarine Sand/Shingle Spit", "Cliff_Elevation_m": 0.0, "Defense_Status": "Dynamic Barrier Spit (Yorkshire Wildlife Trust)", "Defense_Type": "Dynamic Natural Barrier Spit (Post-2013 Breach Adaptation)", "SMP_Policy": "Managed Adaptation / NAI", "EPR_Erosion_Rate_m_yr": 1.98, "LRR_Regression_Rate_m_yr": 1.96, "R_Squared": 0.996, "Std_Error_m_yr": 0.086, "NSM_Total_Retreat_m": 71.3, "SCE_Envelope_m": 74.7, "Downdrift_Starvation_Index": 0.65, "Projected_Retreat_2050_Baseline_m": 47.5, "Projected_Retreat_2050_Climate_Accelerated_m": 54.6, "Projected_Retreat_2100_Baseline_m": 146.5, "Projected_Retreat_2100_Climate_Accelerated_m": 190.5, "Hazard_Class": "Moderate (1.0-2.0 m/yr)", "Hazard_Color": "#38bdf8" }, "geometry": { "type": "LineString", "coordinates": [ [ 0.120492291550625, 53.600186879239843 ], [ 0.1290863899699, 53.598473281942049 ] ] } },
{ "type": "Feature", "properties": { "Transect_ID": 116, "Distance_From_North_km": 58.47, "Coastal_Zone": "Spurn Head Sand Spit", "Geology": "Holocene Marine & Estuarine Sand/Shingle Spit", "Cliff_Elevation_m": 0.0, "Defense_Status": "Dynamic Barrier Spit (Yorkshire Wildlife Trust)", "Defense_Type": "Dynamic Natural Barrier Spit (Post-2013 Breach Adaptation)", "SMP_Policy": "Managed Adaptation / NAI", "EPR_Erosion_Rate_m_yr": 1.74, "LRR_Regression_Rate_m_yr": 1.75, "R_Squared": 1.0, "Std_Error_m_yr": 0.02, "NSM_Total_Retreat_m": 62.6, "SCE_Envelope_m": 65.1, "Downdrift_Starvation_Index": 0.65, "Projected_Retreat_2050_Baseline_m": 41.8, "Projected_Retreat_2050_Climate_Accelerated_m": 48.0, "Projected_Retreat_2100_Baseline_m": 128.8, "Projected_Retreat_2100_Climate_Accelerated_m": 167.4, "Hazard_Class": "Moderate (1.0-2.0 m/yr)", "Hazard_Color": "#38bdf8" }, "geometry": { "type": "LineString", "coordinates": [ [ 0.118499141749854, 53.596649045271946 ], [ 0.127092596940842, 53.59493557254477 ] ] } },
{ "type": "Feature", "properties": { "Transect_ID": 117, "Distance_From_North_km": 58.97, "Coastal_Zone": "Spurn Head Sand Spit", "Geology": "Holocene Marine & Estuarine Sand/Shingle Spit", "Cliff_Elevation_m": 0.0, "Defense_Status": "Dynamic Barrier Spit (Yorkshire Wildlife Trust)", "Defense_Type": "Dynamic Natural Barrier Spit (Post-2013 Breach Adaptation)", "SMP_Policy": "Managed Adaptation / NAI", "EPR_Erosion_Rate_m_yr": 1.57, "LRR_Regression_Rate_m_yr": 1.57, "R_Squared": 0.999, "Std_Error_m_yr": 0.028, "NSM_Total_Retreat_m": 56.5, "SCE_Envelope_m": 58.2, "Downdrift_Starvation_Index": 0.65, "Projected_Retreat_2050_Baseline_m": 37.7, "Projected_Retreat_2050_Climate_Accelerated_m": 43.3, "Projected_Retreat_2100_Baseline_m": 116.2, "Projected_Retreat_2100_Climate_Accelerated_m": 151.0, "Hazard_Class": "Moderate (1.0-2.0 m/yr)", "Hazard_Color": "#38bdf8" }, "geometry": { "type": "LineString", "coordinates": [ [ 0.116508996995584, 53.593115904107229 ], [ 0.125101823351059, 53.591402579583296 ] ] } },
{ "type": "Feature", "properties": { "Transect_ID": 118, "Distance_From_North_km": 59.48, "Coastal_Zone": "Spurn Head Sand Spit", "Geology": "Holocene Marine & Estuarine Sand/Shingle Spit", "Cliff_Elevation_m": 0.0, "Defense_Status": "Dynamic Barrier Spit (Yorkshire Wildlife Trust)", "Defense_Type": "Dynamic Natural Barrier Spit (Post-2013 Breach Adaptation)", "SMP_Policy": "Managed Adaptation / NAI", "EPR_Erosion_Rate_m_yr": 1.62, "LRR_Regression_Rate_m_yr": 1.61, "R_Squared": 0.999, "Std_Error_m_yr": 0.037, "NSM_Total_Retreat_m": 58.3, "SCE_Envelope_m": 61.1, "Downdrift_Starvation_Index": 0.65, "Projected_Retreat_2050_Baseline_m": 38.9, "Projected_Retreat_2050_Climate_Accelerated_m": 44.7, "Projected_Retreat_2100_Baseline_m": 119.9, "Projected_Retreat_2100_Climate_Accelerated_m": 155.8, "Hazard_Class": "Moderate (1.0-2.0 m/yr)", "Hazard_Color": "#38bdf8" }, "geometry": { "type": "LineString", "coordinates": [ [ 0.11455085552394, 53.589638953549731 ], [ 0.123143063148175, 53.587925774836833 ] ] } },
{ "type": "Feature", "properties": { "Transect_ID": 119, "Distance_From_North_km": 59.99, "Coastal_Zone": "Spurn Head Sand Spit", "Geology": "Holocene Marine & Estuarine Sand/Shingle Spit", "Cliff_Elevation_m": 0.0, "Defense_Status": "Dynamic Barrier Spit (Yorkshire Wildlife Trust)", "Defense_Type": "Dynamic Natural Barrier Spit (Post-2013 Breach Adaptation)", "SMP_Policy": "Managed Adaptation / NAI", "EPR_Erosion_Rate_m_yr": 1.61, "LRR_Regression_Rate_m_yr": 1.6, "R_Squared": 0.999, "Std_Error_m_yr": 0.038, "NSM_Total_Retreat_m": 58.0, "SCE_Envelope_m": 59.8, "Downdrift_Starvation_Index": 0.65, "Projected_Retreat_2050_Baseline_m": 38.6, "Projected_Retreat_2050_Climate_Accelerated_m": 44.4, "Projected_Retreat_2100_Baseline_m": 119.1, "Projected_Retreat_2100_Climate_Accelerated_m": 154.9, "Hazard_Class": "Moderate (1.0-2.0 m/yr)", "Hazard_Color": "#38bdf8" }, "geometry": { "type": "LineString", "coordinates": [ [ 0.112787282718245, 53.586506955467996 ], [ 0.121378933084079, 53.58479390807009 ] ] } },
{ "type": "Feature", "properties": { "Transect_ID": 120, "Distance_From_North_km": 60.5, "Coastal_Zone": "Spurn Head Sand Spit", "Geology": "Holocene Marine & Estuarine Sand/Shingle Spit", "Cliff_Elevation_m": 0.0, "Defense_Status": "Dynamic Barrier Spit (Yorkshire Wildlife Trust)", "Defense_Type": "Dynamic Natural Barrier Spit (Post-2013 Breach Adaptation)", "SMP_Policy": "Managed Adaptation / NAI", "EPR_Erosion_Rate_m_yr": 1.64, "LRR_Regression_Rate_m_yr": 1.65, "R_Squared": 0.998, "Std_Error_m_yr": 0.056, "NSM_Total_Retreat_m": 59.0, "SCE_Envelope_m": 61.5, "Downdrift_Starvation_Index": 0.65, "Projected_Retreat_2050_Baseline_m": 39.4, "Projected_Retreat_2050_Climate_Accelerated_m": 45.3, "Projected_Retreat_2100_Baseline_m": 121.4, "Projected_Retreat_2100_Climate_Accelerated_m": 157.8, "Hazard_Class": "Moderate (1.0-2.0 m/yr)", "Hazard_Color": "#38bdf8" }, "geometry": { "type": "LineString", "coordinates": [ [ 0.111657045265155, 53.584499457789718 ], [ 0.12024833849221, 53.582786494545076 ] ] } }
]
}
