{
"type": "FeatureCollection",
"name": "Holderness_DSAS_Transects_BNG",
"crs": { "type": "name", "properties": { "name": "urn:ogc:def:crs:EPSG::27700" } },
"features": [
{ "type": "Feature", "properties": { "Transect_ID": 1, "Distance_From_North_km": 0.0, "Coastal_Zone": "Flamborough Chalk Headland", "Geology": "Upper Cretaceous Chalk (Flamborough Formation)", "Cliff_Elevation_m": 50.0, "Defense_Status": "Natural High Resistance", "Defense_Type": "Natural Resistant Headland (No Defenses Needed)", "SMP_Policy": "No Active Intervention (NAI)", "EPR_Erosion_Rate_m_yr": 0.29, "LRR_Regression_Rate_m_yr": 0.3, "R_Squared": 0.975, "Std_Error_m_yr": 0.034, "NSM_Total_Retreat_m": 10.4, "SCE_Envelope_m": 10.7, "Downdrift_Starvation_Index": 0.0, "Projected_Retreat_2050_Baseline_m": 7.0, "Projected_Retreat_2050_Climate_Accelerated_m": 8.0, "Projected_Retreat_2100_Baseline_m": 21.5, "Projected_Retreat_2100_Climate_Accelerated_m": 27.9, "Hazard_Class": "Low / Defended (<1.0 m/yr)", "Hazard_Color": "#10b981" }, "geometry": { "type": "LineString", "coordinates": [ [ 524815.986727223382331, 470812.325285596132744 ], [ 525074.270242152386345, 470270.763076874078251 ] ] } },
{ "type": "Feature", "properties": { "Transect_ID": 2, "Distance_From_North_km": 0.51, "Coastal_Zone": "Flamborough Chalk Headland", "Geology": "Upper Cretaceous Chalk (Flamborough Formation)", "Cliff_Elevation_m": 47.0, "Defense_Status": "Natural High Resistance", "Defense_Type": "Natural Resistant Headland (No Defenses Needed)", "SMP_Policy": "No Active Intervention (NAI)", "EPR_Erosion_Rate_m_yr": 0.43, "LRR_Regression_Rate_m_yr": 0.45, "R_Squared": 0.978, "Std_Error_m_yr": 0.047, "NSM_Total_Retreat_m": 15.5, "SCE_Envelope_m": 16.5, "Downdrift_Starvation_Index": 0.0, "Projected_Retreat_2050_Baseline_m": 10.3, "Projected_Retreat_2050_Climate_Accelerated_m": 11.9, "Projected_Retreat_2100_Baseline_m": 31.8, "Projected_Retreat_2100_Climate_Accelerated_m": 41.4, "Hazard_Class": "Low / Defended (<1.0 m/yr)", "Hazard_Color": "#10b981" }, "geometry": { "type": "LineString", "coordinates": [ [ 524503.490733384503983, 470663.288734688365366 ], [ 524761.774248313507996, 470121.726525966310874 ] ] } },
{ "type": "Feature", "properties": { "Transect_ID": 3, "Distance_From_North_km": 1.02, "Coastal_Zone": "Flamborough Chalk Headland", "Geology": "Upper Cretaceous Chalk (Flamborough Formation)", "Cliff_Elevation_m": 42.0, "Defense_Status": "Natural High Resistance", "Defense_Type": "Natural Resistant Headland (No Defenses Needed)", "SMP_Policy": "No Active Intervention (NAI)", "EPR_Erosion_Rate_m_yr": 0.15, "LRR_Regression_Rate_m_yr": 0.14, "R_Squared": 0.875, "Std_Error_m_yr": 0.036, "NSM_Total_Retreat_m": 5.4, "SCE_Envelope_m": 5.6, "Downdrift_Starvation_Index": 0.0, "Projected_Retreat_2050_Baseline_m": 3.6, "Projected_Retreat_2050_Climate_Accelerated_m": 4.1, "Projected_Retreat_2100_Baseline_m": 11.1, "Projected_Retreat_2100_Climate_Accelerated_m": 14.4, "Hazard_Class": "Low / Defended (<1.0 m/yr)", "Hazard_Color": "#10b981" }, "geometry": { "type": "LineString", "coordinates": [ [ 524015.946180298051331, 470430.767486293276306 ], [ 524274.229695227055345, 469889.205277571221814 ] ] } },
{ "type": "Feature", "properties": { "Transect_ID": 4, "Distance_From_North_km": 1.53, "Coastal_Zone": "Flamborough Chalk Headland", "Geology": "Upper Cretaceous Chalk (Flamborough Formation)", "Cliff_Elevation_m": 37.0, "Defense_Status": "Natural High Resistance", "Defense_Type": "Natural Resistant Headland (No Defenses Needed)", "SMP_Policy": "No Active Intervention (NAI)", "EPR_Erosion_Rate_m_yr": 0.15, "LRR_Regression_Rate_m_yr": 0.19, "R_Squared": 0.532, "Std_Error_m_yr": 0.129, "NSM_Total_Retreat_m": 5.4, "SCE_Envelope_m": 5.6, "Downdrift_Starvation_Index": 0.0, "Projected_Retreat_2050_Baseline_m": 3.6, "Projected_Retreat_2050_Climate_Accelerated_m": 4.1, "Projected_Retreat_2100_Baseline_m": 11.1, "Projected_Retreat_2100_Climate_Accelerated_m": 14.4, "Hazard_Class": "Low / Defended (<1.0 m/yr)", "Hazard_Color": "#10b981" }, "geometry": { "type": "LineString", "coordinates": [ [ 523474.698891137668397, 470172.63416377059184 ], [ 523732.982406066672411, 469631.071955048537347 ] ] } },
{ "type": "Feature", "properties": { "Transect_ID": 5, "Distance_From_North_km": 2.03, "Coastal_Zone": "Flamborough Chalk Headland", "Geology": "Upper Cretaceous Chalk (Flamborough Formation)", "Cliff_Elevation_m": 34.0, "Defense_Status": "Natural High Resistance", "Defense_Type": "Natural Resistant Headland (No Defenses Needed)", "SMP_Policy": "No Active Intervention (NAI)", "EPR_Erosion_Rate_m_yr": 0.12, "LRR_Regression_Rate_m_yr": 0.1, "R_Squared": 0.665, "Std_Error_m_yr": 0.05, "NSM_Total_Retreat_m": 4.3, "SCE_Envelope_m": 4.5, "Downdrift_Starvation_Index": 0.0, "Projected_Retreat_2050_Baseline_m": 2.9, "Projected_Retreat_2050_Climate_Accelerated_m": 3.3, "Projected_Retreat_2100_Baseline_m": 8.9, "Projected_Retreat_2100_Climate_Accelerated_m": 11.5, "Hazard_Class": "Low / Defended (<1.0 m/yr)", "Hazard_Color": "#10b981" }, "geometry": { "type": "LineString", "coordinates": [ [ 522924.698655931570102, 469910.326359287719242 ], [ 523182.982170860515907, 469368.764150565606542 ] ] } },
{ "type": "Feature", "properties": { "Transect_ID": 6, "Distance_From_North_km": 2.54, "Coastal_Zone": "Flamborough Chalk Headland", "Geology": "Upper Cretaceous Chalk (Flamborough Formation)", "Cliff_Elevation_m": 39.0, "Defense_Status": "Natural High Resistance", "Defense_Type": "Natural Resistant Headland (No Defenses Needed)", "SMP_Policy": "No Active Intervention (NAI)", "EPR_Erosion_Rate_m_yr": 0.12, "LRR_Regression_Rate_m_yr": 0.14, "R_Squared": 0.825, "Std_Error_m_yr": 0.045, "NSM_Total_Retreat_m": 4.3, "SCE_Envelope_m": 4.5, "Downdrift_Starvation_Index": 0.0, "Projected_Retreat_2050_Baseline_m": 2.9, "Projected_Retreat_2050_Climate_Accelerated_m": 3.3, "Projected_Retreat_2100_Baseline_m": 8.9, "Projected_Retreat_2100_Climate_Accelerated_m": 11.5, "Hazard_Class": "Low / Defended (<1.0 m/yr)", "Hazard_Color": "#10b981" }, "geometry": { "type": "LineString", "coordinates": [ [ 522373.959449431102257, 469647.66612234141212 ], [ 522632.242964360106271, 469106.103913619357627 ] ] } },
{ "type": "Feature", "properties": { "Transect_ID": 7, "Distance_From_North_km": 3.05, "Coastal_Zone": "Flamborough Chalk Headland", "Geology": "Upper Cretaceous Chalk (Flamborough Formation)", "Cliff_Elevation_m": 0.0, "Defense_Status": "Natural High Resistance", "Defense_Type": "Natural Resistant Headland (No Defenses Needed)", "SMP_Policy": "No Active Intervention (NAI)", "EPR_Erosion_Rate_m_yr": 0.14, "LRR_Regression_Rate_m_yr": 0.12, "R_Squared": 0.671, "Std_Error_m_yr": 0.058, "NSM_Total_Retreat_m": 5.0, "SCE_Envelope_m": 5.1, "Downdrift_Starvation_Index": 0.0, "Projected_Retreat_2050_Baseline_m": 3.4, "Projected_Retreat_2050_Climate_Accelerated_m": 3.9, "Projected_Retreat_2100_Baseline_m": 10.4, "Projected_Retreat_2100_Climate_Accelerated_m": 13.5, "Hazard_Class": "Low / Defended (<1.0 m/yr)", "Hazard_Color": "#10b981" }, "geometry": { "type": "LineString", "coordinates": [ [ 521823.188679880811833, 469384.990832247771323 ], [ 522081.472886950243264, 468843.428953623981215 ] ] } },
{ "type": "Feature", "properties": { "Transect_ID": 8, "Distance_From_North_km": 3.56, "Coastal_Zone": "Flamborough Chalk Headland", "Geology": "Upper Cretaceous Chalk (Flamborough Formation)", "Cliff_Elevation_m": 0.0, "Defense_Status": "Natural High Resistance", "Defense_Type": "Natural Resistant Headland (No Defenses Needed)", "SMP_Policy": "No Active Intervention (NAI)", "EPR_Erosion_Rate_m_yr": 0.27, "LRR_Regression_Rate_m_yr": 0.29, "R_Squared": 0.925, "Std_Error_m_yr": 0.059, "NSM_Total_Retreat_m": 9.7, "SCE_Envelope_m": 10.0, "Downdrift_Starvation_Index": 0.0, "Projected_Retreat_2050_Baseline_m": 6.5, "Projected_Retreat_2050_Climate_Accelerated_m": 7.5, "Projected_Retreat_2100_Baseline_m": 20.0, "Projected_Retreat_2100_Climate_Accelerated_m": 26.0, "Hazard_Class": "Low / Defended (<1.0 m/yr)", "Hazard_Color": "#10b981" }, "geometry": { "type": "LineString", "coordinates": [ [ 521272.410856682283338, 469122.310449780256022 ], [ 521530.714308503549546, 468580.757749872631393 ] ] } },
{ "type": "Feature", "properties": { "Transect_ID": 9, "Distance_From_North_km": 4.07, "Coastal_Zone": "Flamborough Chalk Headland", "Geology": "Upper Cretaceous Chalk (Flamborough Formation)", "Cliff_Elevation_m": 0.0, "Defense_Status": "Natural High Resistance", "Defense_Type": "Natural Resistant Headland (No Defenses Needed)", "SMP_Policy": "No Active Intervention (NAI)", "EPR_Erosion_Rate_m_yr": 0.14, "LRR_Regression_Rate_m_yr": 0.12, "R_Squared": 0.552, "Std_Error_m_yr": 0.076, "NSM_Total_Retreat_m": 5.0, "SCE_Envelope_m": 5.1, "Downdrift_Starvation_Index": 0.0, "Projected_Retreat_2050_Baseline_m": 3.4, "Projected_Retreat_2050_Climate_Accelerated_m": 3.9, "Projected_Retreat_2100_Baseline_m": 10.4, "Projected_Retreat_2100_Climate_Accelerated_m": 13.5, "Hazard_Class": "Low / Defended (<1.0 m/yr)", "Hazard_Color": "#10b981" }, "geometry": { "type": "LineString", "coordinates": [ [ 520721.613840819976758, 468859.574540731322486 ], [ 520980.178992158500478, 468318.146740823227447 ] ] } },
{ "type": "Feature", "properties": { "Transect_ID": 10, "Distance_From_North_km": 4.58, "Coastal_Zone": "Flamborough Chalk Headland", "Geology": "Upper Cretaceous Chalk (Flamborough Formation)", "Cliff_Elevation_m": 0.0, "Defense_Status": "Natural High Resistance", "Defense_Type": "Natural Resistant Headland (No Defenses Needed)", "SMP_Policy": "No Active Intervention (NAI)", "EPR_Erosion_Rate_m_yr": 0.12, "LRR_Regression_Rate_m_yr": 0.13, "R_Squared": 0.936, "Std_Error_m_yr": 0.024, "NSM_Total_Retreat_m": 4.3, "SCE_Envelope_m": 4.6, "Downdrift_Starvation_Index": 0.0, "Projected_Retreat_2050_Baseline_m": 2.9, "Projected_Retreat_2050_Climate_Accelerated_m": 3.3, "Projected_Retreat_2100_Baseline_m": 8.9, "Projected_Retreat_2100_Climate_Accelerated_m": 11.5, "Hazard_Class": "Low / Defended (<1.0 m/yr)", "Hazard_Color": "#10b981" }, "geometry": { "type": "LineString", "coordinates": [ [ 520171.514137715857942, 468596.561388547939714 ], [ 520432.090517979231663, 468056.098670084553305 ] ] } },
{ "type": "Feature", "properties": { "Transect_ID": 11, "Distance_From_North_km": 5.08, "Coastal_Zone": "Bridlington Protected Bay", "Geology": "Till overlain with beach sand / alluvium", "Cliff_Elevation_m": 0.0, "Defense_Status": "Heavily Defended", "Defense_Type": "Concrete Seawall, Timber Groynes, Rock Armour", "SMP_Policy": "Hold the Line (HTL)", "EPR_Erosion_Rate_m_yr": 0.41, "LRR_Regression_Rate_m_yr": 0.41, "R_Squared": 0.915, "Std_Error_m_yr": 0.087, "NSM_Total_Retreat_m": 14.8, "SCE_Envelope_m": 16.0, "Downdrift_Starvation_Index": 0.05, "Projected_Retreat_2050_Baseline_m": 9.8, "Projected_Retreat_2050_Climate_Accelerated_m": 11.3, "Projected_Retreat_2100_Baseline_m": 30.3, "Projected_Retreat_2100_Climate_Accelerated_m": 39.4, "Hazard_Class": "Low / Defended (<1.0 m/yr)", "Hazard_Color": "#10b981" }, "geometry": { "type": "LineString", "coordinates": [ [ 519629.833195057988632, 468333.12312428408768 ], [ 519899.830441612342838, 467797.304603838012554 ] ] } },
{ "type": "Feature", "properties": { "Transect_ID": 12, "Distance_From_North_km": 5.59, "Coastal_Zone": "Bridlington Protected Bay", "Geology": "Till overlain with beach sand / alluvium", "Cliff_Elevation_m": 6.0, "Defense_Status": "Heavily Defended", "Defense_Type": "Concrete Seawall, Timber Groynes, Rock Armour", "SMP_Policy": "Hold the Line (HTL)", "EPR_Erosion_Rate_m_yr": 0.41, "LRR_Regression_Rate_m_yr": 0.43, "R_Squared": 0.982, "Std_Error_m_yr": 0.041, "NSM_Total_Retreat_m": 14.8, "SCE_Envelope_m": 15.9, "Downdrift_Starvation_Index": 0.05, "Projected_Retreat_2050_Baseline_m": 9.8, "Projected_Retreat_2050_Climate_Accelerated_m": 11.3, "Projected_Retreat_2100_Baseline_m": 30.3, "Projected_Retreat_2100_Climate_Accelerated_m": 39.4, "Hazard_Class": "Low / Defended (<1.0 m/yr)", "Hazard_Color": "#10b981" }, "geometry": { "type": "LineString", "coordinates": [ [ 519128.241476452269126, 468070.217063838965259 ], [ 519427.992462020774838, 467550.458132553787436 ] ] } },
{ "type": "Feature", "properties": { "Transect_ID": 13, "Distance_From_North_km": 6.1, "Coastal_Zone": "Bridlington Protected Bay", "Geology": "Till overlain with beach sand / alluvium", "Cliff_Elevation_m": 14.0, "Defense_Status": "Heavily Defended", "Defense_Type": "Concrete Seawall, Timber Groynes, Rock Armour", "SMP_Policy": "Hold the Line (HTL)", "EPR_Erosion_Rate_m_yr": 0.36, "LRR_Regression_Rate_m_yr": 0.34, "R_Squared": 0.919, "Std_Error_m_yr": 0.07, "NSM_Total_Retreat_m": 13.0, "SCE_Envelope_m": 13.9, "Downdrift_Starvation_Index": 0.05, "Projected_Retreat_2050_Baseline_m": 8.6, "Projected_Retreat_2050_Climate_Accelerated_m": 9.9, "Projected_Retreat_2100_Baseline_m": 26.6, "Projected_Retreat_2100_Climate_Accelerated_m": 34.6, "Hazard_Class": "Low / Defended (<1.0 m/yr)", "Hazard_Color": "#10b981" }, "geometry": { "type": "LineString", "coordinates": [ [ 518721.718845733790658, 467805.815616993873846 ], [ 519089.601110717805568, 467331.829710969002917 ] ] } },
{ "type": "Feature", "properties": { "Transect_ID": 14, "Distance_From_North_km": 6.61, "Coastal_Zone": "Bridlington Protected Bay", "Geology": "Till overlain with beach sand / alluvium", "Cliff_Elevation_m": 13.0, "Defense_Status": "Heavily Defended", "Defense_Type": "Concrete Seawall, Timber Groynes, Rock Armour", "SMP_Policy": "Hold the Line (HTL)", "EPR_Erosion_Rate_m_yr": 0.28, "LRR_Regression_Rate_m_yr": 0.28, "R_Squared": 0.917, "Std_Error_m_yr": 0.059, "NSM_Total_Retreat_m": 10.1, "SCE_Envelope_m": 10.6, "Downdrift_Starvation_Index": 0.05, "Projected_Retreat_2050_Baseline_m": 6.7, "Projected_Retreat_2050_Climate_Accelerated_m": 7.7, "Projected_Retreat_2100_Baseline_m": 20.7, "Projected_Retreat_2100_Climate_Accelerated_m": 26.9, "Hazard_Class": "Low / Defended (<1.0 m/yr)", "Hazard_Color": "#10b981" }, "geometry": { "type": "LineString", "coordinates": [ [ 518442.677669195865747, 467529.091603116830811 ], [ 518910.328836745698936, 467153.189507499802858 ] ] } },
{ "type": "Feature", "properties": { "Transect_ID": 15, "Distance_From_North_km": 7.12, "Coastal_Zone": "Bridlington Protected Bay", "Geology": "Till overlain with beach sand / alluvium", "Cliff_Elevation_m": 16.0, "Defense_Status": "Heavily Defended", "Defense_Type": "Concrete Seawall, Timber Groynes, Rock Armour", "SMP_Policy": "Hold the Line (HTL)", "EPR_Erosion_Rate_m_yr": 0.43, "LRR_Regression_Rate_m_yr": 0.42, "R_Squared": 0.988, "Std_Error_m_yr": 0.032, "NSM_Total_Retreat_m": 15.5, "SCE_Envelope_m": 15.8, "Downdrift_Starvation_Index": 0.05, "Projected_Retreat_2050_Baseline_m": 10.3, "Projected_Retreat_2050_Climate_Accelerated_m": 11.9, "Projected_Retreat_2100_Baseline_m": 31.8, "Projected_Retreat_2100_Climate_Accelerated_m": 41.4, "Hazard_Class": "Low / Defended (<1.0 m/yr)", "Hazard_Color": "#10b981" }, "geometry": { "type": "LineString", "coordinates": [ [ 518282.690110891417135, 467263.518914705375209 ], [ 518817.279644498601556, 466991.096392586419825 ] ] } },
{ "type": "Feature", "properties": { "Transect_ID": 16, "Distance_From_North_km": 7.63, "Coastal_Zone": "Bridlington Protected Bay", "Geology": "Till overlain with beach sand / alluvium", "Cliff_Elevation_m": 14.0, "Defense_Status": "Heavily Defended", "Defense_Type": "Concrete Seawall, Timber Groynes, Rock Armour", "SMP_Policy": "Hold the Line (HTL)", "EPR_Erosion_Rate_m_yr": 0.47, "LRR_Regression_Rate_m_yr": 0.48, "R_Squared": 0.984, "Std_Error_m_yr": 0.043, "NSM_Total_Retreat_m": 16.9, "SCE_Envelope_m": 18.0, "Downdrift_Starvation_Index": 0.05, "Projected_Retreat_2050_Baseline_m": 11.3, "Projected_Retreat_2050_Climate_Accelerated_m": 13.0, "Projected_Retreat_2100_Baseline_m": 34.8, "Projected_Retreat_2100_Climate_Accelerated_m": 45.2, "Hazard_Class": "Low / Defended (<1.0 m/yr)", "Hazard_Color": "#10b981" }, "geometry": { "type": "LineString", "coordinates": [ [ 518187.349370780109894, 467044.033316447632387 ], [ 518741.270198577607516, 466813.443384897720534 ] ] } },
{ "type": "Feature", "properties": { "Transect_ID": 17, "Distance_From_North_km": 8.13, "Coastal_Zone": "Bridlington Protected Bay", "Geology": "Till overlain with beach sand / alluvium", "Cliff_Elevation_m": 14.0, "Defense_Status": "Heavily Defended", "Defense_Type": "Concrete Seawall, Timber Groynes, Rock Armour", "SMP_Policy": "Hold the Line (HTL)", "EPR_Erosion_Rate_m_yr": 0.26, "LRR_Regression_Rate_m_yr": 0.27, "R_Squared": 0.985, "Std_Error_m_yr": 0.023, "NSM_Total_Retreat_m": 9.4, "SCE_Envelope_m": 9.8, "Downdrift_Starvation_Index": 0.05, "Projected_Retreat_2050_Baseline_m": 6.2, "Projected_Retreat_2050_Climate_Accelerated_m": 7.2, "Projected_Retreat_2100_Baseline_m": 19.2, "Projected_Retreat_2100_Climate_Accelerated_m": 25.0, "Hazard_Class": "Low / Defended (<1.0 m/yr)", "Hazard_Color": "#10b981" }, "geometry": { "type": "LineString", "coordinates": [ [ 518108.319859727111179, 466847.601547101396136 ], [ 518665.632900315569714, 466625.335547024791595 ] ] } },
{ "type": "Feature", "properties": { "Transect_ID": 18, "Distance_From_North_km": 8.64, "Coastal_Zone": "Bridlington Protected Bay", "Geology": "Till overlain with beach sand / alluvium", "Cliff_Elevation_m": 4.0, "Defense_Status": "Heavily Defended", "Defense_Type": "Concrete Seawall, Timber Groynes, Rock Armour", "SMP_Policy": "Hold the Line (HTL)", "EPR_Erosion_Rate_m_yr": 0.52, "LRR_Regression_Rate_m_yr": 0.51, "R_Squared": 0.997, "Std_Error_m_yr": 0.019, "NSM_Total_Retreat_m": 18.7, "SCE_Envelope_m": 19.4, "Downdrift_Starvation_Index": 0.05, "Projected_Retreat_2050_Baseline_m": 12.5, "Projected_Retreat_2050_Climate_Accelerated_m": 14.4, "Projected_Retreat_2100_Baseline_m": 38.5, "Projected_Retreat_2100_Climate_Accelerated_m": 50.0, "Hazard_Class": "Low / Defended (<1.0 m/yr)", "Hazard_Color": "#10b981" }, "geometry": { "type": "LineString", "coordinates": [ [ 518030.03018122370122, 466649.576212570187636 ], [ 518590.511616414296441, 466435.425422689062543 ] ] } },
{ "type": "Feature", "properties": { "Transect_ID": 19, "Distance_From_North_km": 9.15, "Coastal_Zone": "Bridlington Protected Bay", "Geology": "Till overlain with beach sand / alluvium", "Cliff_Elevation_m": 0.0, "Defense_Status": "Heavily Defended", "Defense_Type": "Concrete Seawall, Timber Groynes, Rock Armour", "SMP_Policy": "Hold the Line (HTL)", "EPR_Erosion_Rate_m_yr": 0.49, "LRR_Regression_Rate_m_yr": 0.47, "R_Squared": 0.972, "Std_Error_m_yr": 0.057, "NSM_Total_Retreat_m": 17.6, "SCE_Envelope_m": 18.1, "Downdrift_Starvation_Index": 0.05, "Projected_Retreat_2050_Baseline_m": 11.8, "Projected_Retreat_2050_Climate_Accelerated_m": 13.5, "Projected_Retreat_2100_Baseline_m": 36.3, "Projected_Retreat_2100_Climate_Accelerated_m": 47.1, "Hazard_Class": "Low / Defended (<1.0 m/yr)", "Hazard_Color": "#10b981" }, "geometry": { "type": "LineString", "coordinates": [ [ 517948.28490070591215, 466427.665673901850823 ], [ 518518.095538319495972, 466239.740589726134203 ] ] } },
{ "type": "Feature", "properties": { "Transect_ID": 20, "Distance_From_North_km": 9.66, "Coastal_Zone": "Bridlington Protected Bay", "Geology": "Till overlain with beach sand / alluvium", "Cliff_Elevation_m": 0.0, "Defense_Status": "Heavily Defended", "Defense_Type": "Concrete Seawall, Timber Groynes, Rock Armour", "SMP_Policy": "Hold the Line (HTL)", "EPR_Erosion_Rate_m_yr": 0.52, "LRR_Regression_Rate_m_yr": 0.52, "R_Squared": 0.984, "Std_Error_m_yr": 0.047, "NSM_Total_Retreat_m": 18.7, "SCE_Envelope_m": 19.7, "Downdrift_Starvation_Index": 0.05, "Projected_Retreat_2050_Baseline_m": 12.5, "Projected_Retreat_2050_Climate_Accelerated_m": 14.4, "Projected_Retreat_2100_Baseline_m": 38.5, "Projected_Retreat_2100_Climate_Accelerated_m": 50.0, "Hazard_Class": "Low / Defended (<1.0 m/yr)", "Hazard_Color": "#10b981" }, "geometry": { "type": "LineString", "coordinates": [ [ 517866.427956828614697, 466151.027014850464184 ], [ 518449.120125884539448, 466007.954179829685017 ] ] } },
{ "type": "Feature", "properties": { "Transect_ID": 21, "Distance_From_North_km": 10.17, "Coastal_Zone": "Bridlington Protected Bay", "Geology": "Till overlain with beach sand / alluvium", "Cliff_Elevation_m": 0.0, "Defense_Status": "Heavily Defended", "Defense_Type": "Concrete Seawall, Timber Groynes, Rock Armour", "SMP_Policy": "Hold the Line (HTL)", "EPR_Erosion_Rate_m_yr": 0.37, "LRR_Regression_Rate_m_yr": 0.3, "R_Squared": 0.644, "Std_Error_m_yr": 0.16, "NSM_Total_Retreat_m": 13.3, "SCE_Envelope_m": 13.6, "Downdrift_Starvation_Index": 0.05, "Projected_Retreat_2050_Baseline_m": 8.9, "Projected_Retreat_2050_Climate_Accelerated_m": 10.2, "Projected_Retreat_2100_Baseline_m": 27.4, "Projected_Retreat_2100_Climate_Accelerated_m": 35.6, "Hazard_Class": "Low / Defended (<1.0 m/yr)", "Hazard_Color": "#10b981" }, "geometry": { "type": "LineString", "coordinates": [ [ 517792.103106201975606, 465792.78139559936244 ], [ 518383.170097199850716, 465689.631930488161743 ] ] } },
{ "type": "Feature", "properties": { "Transect_ID": 22, "Distance_From_North_km": 10.68, "Coastal_Zone": "Bridlington Protected Bay", "Geology": "Till overlain with beach sand / alluvium", "Cliff_Elevation_m": 0.0, "Defense_Status": "Heavily Defended", "Defense_Type": "Concrete Seawall, Timber Groynes, Rock Armour", "SMP_Policy": "Hold the Line (HTL)", "EPR_Erosion_Rate_m_yr": 0.5, "LRR_Regression_Rate_m_yr": 0.53, "R_Squared": 0.948, "Std_Error_m_yr": 0.088, "NSM_Total_Retreat_m": 18.0, "SCE_Envelope_m": 18.9, "Downdrift_Starvation_Index": 0.05, "Projected_Retreat_2050_Baseline_m": 12.0, "Projected_Retreat_2050_Climate_Accelerated_m": 13.8, "Projected_Retreat_2100_Baseline_m": 37.0, "Projected_Retreat_2100_Climate_Accelerated_m": 48.1, "Hazard_Class": "Low / Defended (<1.0 m/yr)", "Hazard_Color": "#10b981" }, "geometry": { "type": "LineString", "coordinates": [ [ 517726.145203425548971, 465350.91590950259706 ], [ 518320.668056237744167, 465270.029708676738665 ] ] } },
{ "type": "Feature", "properties": { "Transect_ID": 23, "Distance_From_North_km": 11.18, "Coastal_Zone": "Bridlington Protected Bay", "Geology": "Till overlain with beach sand / alluvium", "Cliff_Elevation_m": 0.0, "Defense_Status": "Heavily Defended", "Defense_Type": "Concrete Seawall, Timber Groynes, Rock Armour", "SMP_Policy": "Hold the Line (HTL)", "EPR_Erosion_Rate_m_yr": 0.35, "LRR_Regression_Rate_m_yr": 0.37, "R_Squared": 0.935, "Std_Error_m_yr": 0.07, "NSM_Total_Retreat_m": 12.6, "SCE_Envelope_m": 13.0, "Downdrift_Starvation_Index": 0.05, "Projected_Retreat_2050_Baseline_m": 8.4, "Projected_Retreat_2050_Climate_Accelerated_m": 9.7, "Projected_Retreat_2100_Baseline_m": 25.9, "Projected_Retreat_2100_Climate_Accelerated_m": 33.7, "Hazard_Class": "Low / Defended (<1.0 m/yr)", "Hazard_Color": "#10b981" }, "geometry": { "type": "LineString", "coordinates": [ [ 517664.873769946338143, 464859.404986404115334 ], [ 518260.517110920045525, 464787.231512373313308 ] ] } },
{ "type": "Feature", "properties": { "Transect_ID": 24, "Distance_From_North_km": 11.69, "Coastal_Zone": "Bridlington Protected Bay", "Geology": "Till overlain with beach sand / alluvium", "Cliff_Elevation_m": 0.0, "Defense_Status": "Heavily Defended", "Defense_Type": "Concrete Seawall, Timber Groynes, Rock Armour", "SMP_Policy": "Hold the Line (HTL)", "EPR_Erosion_Rate_m_yr": 0.31, "LRR_Regression_Rate_m_yr": 0.31, "R_Squared": 0.991, "Std_Error_m_yr": 0.021, "NSM_Total_Retreat_m": 11.2, "SCE_Envelope_m": 11.5, "Downdrift_Starvation_Index": 0.05, "Projected_Retreat_2050_Baseline_m": 7.4, "Projected_Retreat_2050_Climate_Accelerated_m": 8.6, "Projected_Retreat_2100_Baseline_m": 22.9, "Projected_Retreat_2100_Climate_Accelerated_m": 29.8, "Hazard_Class": "Low / Defended (<1.0 m/yr)", "Hazard_Color": "#10b981" }, "geometry": { "type": "LineString", "coordinates": [ [ 517605.191332687507384, 464353.023196047579404 ], [ 518201.105071239289828, 464283.117429438396357 ] ] } },
{ "type": "Feature", "properties": { "Transect_ID": 25, "Distance_From_North_km": 12.2, "Coastal_Zone": "Barmston / Skipsea Unprotected Cliffs", "Geology": "Devensian Skipsea Boulder Clay (Soft Glacial Till)", "Cliff_Elevation_m": 0.0, "Defense_Status": "Unprotected Rapid Erosion", "Defense_Type": "None (Unprotected Soft Cliffs)", "SMP_Policy": "No Active Intervention (NAI)", "EPR_Erosion_Rate_m_yr": 2.28, "LRR_Regression_Rate_m_yr": 2.27, "R_Squared": 1.0, "Std_Error_m_yr": 0.033, "NSM_Total_Retreat_m": 82.1, "SCE_Envelope_m": 88.1, "Downdrift_Starvation_Index": 0.15, "Projected_Retreat_2050_Baseline_m": 54.7, "Projected_Retreat_2050_Climate_Accelerated_m": 62.9, "Projected_Retreat_2100_Baseline_m": 168.7, "Projected_Retreat_2100_Climate_Accelerated_m": 219.3, "Hazard_Class": "High (2.0-3.0 m/yr)", "Hazard_Color": "#f59e0b" }, "geometry": { "type": "LineString", "coordinates": [ [ 517545.834960251057055, 463844.679480488179252 ], [ 518141.789363154792227, 463775.121233963000122 ] ] } },
{ "type": "Feature", "properties": { "Transect_ID": 26, "Distance_From_North_km": 12.71, "Coastal_Zone": "Barmston / Skipsea Unprotected Cliffs", "Geology": "Devensian Skipsea Boulder Clay (Soft Glacial Till)", "Cliff_Elevation_m": 0.0, "Defense_Status": "Unprotected Rapid Erosion", "Defense_Type": "None (Unprotected Soft Cliffs)", "SMP_Policy": "No Active Intervention (NAI)", "EPR_Erosion_Rate_m_yr": 2.22, "LRR_Regression_Rate_m_yr": 2.21, "R_Squared": 0.999, "Std_Error_m_yr": 0.054, "NSM_Total_Retreat_m": 79.9, "SCE_Envelope_m": 85.8, "Downdrift_Starvation_Index": 0.15, "Projected_Retreat_2050_Baseline_m": 53.3, "Projected_Retreat_2050_Climate_Accelerated_m": 61.3, "Projected_Retreat_2100_Baseline_m": 164.3, "Projected_Retreat_2100_Climate_Accelerated_m": 213.6, "Hazard_Class": "High (2.0-3.0 m/yr)", "Hazard_Color": "#f59e0b" }, "geometry": { "type": "LineString", "coordinates": [ [ 517486.518365614290815, 463336.269033381540794 ], [ 518082.476111310534179, 463266.739432889095042 ] ] } },
{ "type": "Feature", "properties": { "Transect_ID": 27, "Distance_From_North_km": 13.22, "Coastal_Zone": "Barmston / Skipsea Unprotected Cliffs", "Geology": "Devensian Skipsea Boulder Clay (Soft Glacial Till)", "Cliff_Elevation_m": 0.0, "Defense_Status": "Unprotected Rapid Erosion", "Defense_Type": "None (Unprotected Soft Cliffs)", "SMP_Policy": "No Active Intervention (NAI)", "EPR_Erosion_Rate_m_yr": 2.05, "LRR_Regression_Rate_m_yr": 2.05, "R_Squared": 1.0, "Std_Error_m_yr": 0.02, "NSM_Total_Retreat_m": 73.8, "SCE_Envelope_m": 78.9, "Downdrift_Starvation_Index": 0.15, "Projected_Retreat_2050_Baseline_m": 49.2, "Projected_Retreat_2050_Climate_Accelerated_m": 56.6, "Projected_Retreat_2100_Baseline_m": 151.7, "Projected_Retreat_2100_Climate_Accelerated_m": 197.2, "Hazard_Class": "High (2.0-3.0 m/yr)", "Hazard_Color": "#f59e0b" }, "geometry": { "type": "LineString", "coordinates": [ [ 517427.204125031363219, 462827.86125681939302 ], [ 518023.162643366667908, 462758.338279153336771 ] ] } },
{ "type": "Feature", "properties": { "Transect_ID": 28, "Distance_From_North_km": 13.73, "Coastal_Zone": "Barmston / Skipsea Unprotected Cliffs", "Geology": "Devensian Skipsea Boulder Clay (Soft Glacial Till)", "Cliff_Elevation_m": 0.0, "Defense_Status": "Unprotected Rapid Erosion", "Defense_Type": "None (Unprotected Soft Cliffs)", "SMP_Policy": "No Active Intervention (NAI)", "EPR_Erosion_Rate_m_yr": 1.95, "LRR_Regression_Rate_m_yr": 1.98, "R_Squared": 0.993, "Std_Error_m_yr": 0.115, "NSM_Total_Retreat_m": 70.2, "SCE_Envelope_m": 72.5, "Downdrift_Starvation_Index": 0.15, "Projected_Retreat_2050_Baseline_m": 46.8, "Projected_Retreat_2050_Climate_Accelerated_m": 53.8, "Projected_Retreat_2100_Baseline_m": 144.3, "Projected_Retreat_2100_Climate_Accelerated_m": 187.6, "Hazard_Class": "Moderate (1.0-2.0 m/yr)", "Hazard_Color": "#38bdf8" }, "geometry": { "type": "LineString", "coordinates": [ [ 517367.888393545930739, 462319.359936264983844 ], [ 517963.862543427268974, 462249.971085047873203 ] ] } },
{ "type": "Feature", "properties": { "Transect_ID": 29, "Distance_From_North_km": 14.24, "Coastal_Zone": "Barmston / Skipsea Unprotected Cliffs", "Geology": "Devensian Skipsea Boulder Clay (Soft Glacial Till)", "Cliff_Elevation_m": 0.0, "Defense_Status": "Unprotected Rapid Erosion", "Defense_Type": "None (Unprotected Soft Cliffs)", "SMP_Policy": "No Active Intervention (NAI)", "EPR_Erosion_Rate_m_yr": 2.1, "LRR_Regression_Rate_m_yr": 2.11, "R_Squared": 1.0, "Std_Error_m_yr": 0.031, "NSM_Total_Retreat_m": 75.6, "SCE_Envelope_m": 79.5, "Downdrift_Starvation_Index": 0.15, "Projected_Retreat_2050_Baseline_m": 50.4, "Projected_Retreat_2050_Climate_Accelerated_m": 58.0, "Projected_Retreat_2100_Baseline_m": 155.4, "Projected_Retreat_2100_Climate_Accelerated_m": 202.0, "Hazard_Class": "High (2.0-3.0 m/yr)", "Hazard_Color": "#f59e0b" }, "geometry": { "type": "LineString", "coordinates": [ [ 517308.656121165840887, 461809.650838606990874 ], [ 517904.819243880105205, 461741.904760376957711 ] ] } },
{ "type": "Feature", "properties": { "Transect_ID": 30, "Distance_From_North_km": 14.74, "Coastal_Zone": "Barmston / Skipsea Unprotected Cliffs", "Geology": "Devensian Skipsea Boulder Clay (Soft Glacial Till)", "Cliff_Elevation_m": 0.0, "Defense_Status": "Unprotected Rapid Erosion", "Defense_Type": "None (Unprotected Soft Cliffs)", "SMP_Policy": "No Active Intervention (NAI)", "EPR_Erosion_Rate_m_yr": 2.21, "LRR_Regression_Rate_m_yr": 2.25, "R_Squared": 0.997, "Std_Error_m_yr": 0.088, "NSM_Total_Retreat_m": 79.6, "SCE_Envelope_m": 85.8, "Downdrift_Starvation_Index": 0.15, "Projected_Retreat_2050_Baseline_m": 53.0, "Projected_Retreat_2050_Climate_Accelerated_m": 61.0, "Projected_Retreat_2100_Baseline_m": 163.5, "Projected_Retreat_2100_Climate_Accelerated_m": 212.6, "Hazard_Class": "High (2.0-3.0 m/yr)", "Hazard_Color": "#f59e0b" }, "geometry": { "type": "LineString", "coordinates": [ [ 517251.159622115432285, 461291.60869423346594 ], [ 517848.429007290338632, 461234.431062830786686 ] ] } },
{ "type": "Feature", "properties": { "Transect_ID": 31, "Distance_From_North_km": 15.25, "Coastal_Zone": "Barmston / Skipsea Unprotected Cliffs", "Geology": "Devensian Skipsea Boulder Clay (Soft Glacial Till)", "Cliff_Elevation_m": 0.0, "Defense_Status": "Unprotected Rapid Erosion", "Defense_Type": "None (Unprotected Soft Cliffs)", "SMP_Policy": "No Active Intervention (NAI)", "EPR_Erosion_Rate_m_yr": 1.88, "LRR_Regression_Rate_m_yr": 1.88, "R_Squared": 1.0, "Std_Error_m_yr": 0.003, "NSM_Total_Retreat_m": 67.7, "SCE_Envelope_m": 69.3, "Downdrift_Starvation_Index": 0.15, "Projected_Retreat_2050_Baseline_m": 45.1, "Projected_Retreat_2050_Climate_Accelerated_m": 51.9, "Projected_Retreat_2100_Baseline_m": 139.1, "Projected_Retreat_2100_Climate_Accelerated_m": 180.9, "Hazard_Class": "Moderate (1.0-2.0 m/yr)", "Hazard_Color": "#38bdf8" }, "geometry": { "type": "LineString", "coordinates": [ [ 517207.123487014614511, 460742.16119783022441 ], [ 517806.746655637165532, 460720.899597442068625 ] ] } },
{ "type": "Feature", "properties": { "Transect_ID": 32, "Distance_From_North_km": 15.76, "Coastal_Zone": "Barmston / Skipsea Unprotected Cliffs", "Geology": "Devensian Skipsea Boulder Clay (Soft Glacial Till)", "Cliff_Elevation_m": 0.0, "Defense_Status": "Unprotected Rapid Erosion", "Defense_Type": "None (Unprotected Soft Cliffs)", "SMP_Policy": "No Active Intervention (NAI)", "EPR_Erosion_Rate_m_yr": 2.49, "LRR_Regression_Rate_m_yr": 2.48, "R_Squared": 1.0, "Std_Error_m_yr": 0.026, "NSM_Total_Retreat_m": 89.6, "SCE_Envelope_m": 92.7, "Downdrift_Starvation_Index": 0.15, "Projected_Retreat_2050_Baseline_m": 59.8, "Projected_Retreat_2050_Climate_Accelerated_m": 68.7, "Projected_Retreat_2100_Baseline_m": 184.3, "Projected_Retreat_2100_Climate_Accelerated_m": 239.5, "Hazard_Class": "High (2.0-3.0 m/yr)", "Hazard_Color": "#f59e0b" }, "geometry": { "type": "LineString", "coordinates": [ [ 517211.437780925654806, 460127.212516718835104 ], [ 517809.905589246074669, 460170.06438253755914 ] ] } },
{ "type": "Feature", "properties": { "Transect_ID": 33, "Distance_From_North_km": 16.27, "Coastal_Zone": "Barmston / Skipsea Unprotected Cliffs", "Geology": "Devensian Skipsea Boulder Clay (Soft Glacial Till)", "Cliff_Elevation_m": 0.0, "Defense_Status": "Unprotected Rapid Erosion", "Defense_Type": "None (Unprotected Soft Cliffs)", "SMP_Policy": "No Active Intervention (NAI)", "EPR_Erosion_Rate_m_yr": 2.15, "LRR_Regression_Rate_m_yr": 2.18, "R_Squared": 0.997, "Std_Error_m_yr": 0.084, "NSM_Total_Retreat_m": 77.4, "SCE_Envelope_m": 80.1, "Downdrift_Starvation_Index": 0.15, "Projected_Retreat_2050_Baseline_m": 51.6, "Projected_Retreat_2050_Climate_Accelerated_m": 59.3, "Projected_Retreat_2100_Baseline_m": 159.1, "Projected_Retreat_2100_Climate_Accelerated_m": 206.8, "Hazard_Class": "High (2.0-3.0 m/yr)", "Hazard_Color": "#f59e0b" }, "geometry": { "type": "LineString", "coordinates": [ [ 517300.89618464227533, 459431.405251253920142 ], [ 517891.574936424032785, 459536.755202338623349 ] ] } },
{ "type": "Feature", "properties": { "Transect_ID": 34, "Distance_From_North_km": 16.78, "Coastal_Zone": "Barmston / Skipsea Unprotected Cliffs", "Geology": "Devensian Skipsea Boulder Clay (Soft Glacial Till)", "Cliff_Elevation_m": 0.0, "Defense_Status": "Unprotected Rapid Erosion", "Defense_Type": "None (Unprotected Soft Cliffs)", "SMP_Policy": "No Active Intervention (NAI)", "EPR_Erosion_Rate_m_yr": 2.26, "LRR_Regression_Rate_m_yr": 2.3, "R_Squared": 0.997, "Std_Error_m_yr": 0.084, "NSM_Total_Retreat_m": 81.4, "SCE_Envelope_m": 86.1, "Downdrift_Starvation_Index": 0.15, "Projected_Retreat_2050_Baseline_m": 54.2, "Projected_Retreat_2050_Climate_Accelerated_m": 62.4, "Projected_Retreat_2100_Baseline_m": 167.2, "Projected_Retreat_2100_Climate_Accelerated_m": 217.4, "Hazard_Class": "High (2.0-3.0 m/yr)", "Hazard_Color": "#f59e0b" }, "geometry": { "type": "LineString", "coordinates": [ [ 517469.5472103615175, 458672.082941276079509 ], [ 518052.346084017015528, 458814.720498973445501 ] ] } },
{ "type": "Feature", "properties": { "Transect_ID": 35, "Distance_From_North_km": 17.29, "Coastal_Zone": "Barmston / Skipsea Unprotected Cliffs", "Geology": "Devensian Skipsea Boulder Clay (Soft Glacial Till)", "Cliff_Elevation_m": 0.0, "Defense_Status": "Unprotected Rapid Erosion", "Defense_Type": "None (Unprotected Soft Cliffs)", "SMP_Policy": "No Active Intervention (NAI)", "EPR_Erosion_Rate_m_yr": 2.23, "LRR_Regression_Rate_m_yr": 2.19, "R_Squared": 0.995, "Std_Error_m_yr": 0.114, "NSM_Total_Retreat_m": 80.3, "SCE_Envelope_m": 82.1, "Downdrift_Starvation_Index": 0.15, "Projected_Retreat_2050_Baseline_m": 53.5, "Projected_Retreat_2050_Climate_Accelerated_m": 61.5, "Projected_Retreat_2100_Baseline_m": 165.0, "Projected_Retreat_2100_Climate_Accelerated_m": 214.5, "Hazard_Class": "High (2.0-3.0 m/yr)", "Hazard_Color": "#f59e0b" }, "geometry": { "type": "LineString", "coordinates": [ [ 517679.022465517278761, 457883.579570379457437 ], [ 518258.004723161458969, 458040.994770831195638 ] ] } },
{ "type": "Feature", "properties": { "Transect_ID": 36, "Distance_From_North_km": 17.79, "Coastal_Zone": "Barmston / Skipsea Unprotected Cliffs", "Geology": "Devensian Skipsea Boulder Clay (Soft Glacial Till)", "Cliff_Elevation_m": 0.0, "Defense_Status": "Unprotected Rapid Erosion", "Defense_Type": "None (Unprotected Soft Cliffs)", "SMP_Policy": "No Active Intervention (NAI)", "EPR_Erosion_Rate_m_yr": 2.07, "LRR_Regression_Rate_m_yr": 2.07, "R_Squared": 0.998, "Std_Error_m_yr": 0.07, "NSM_Total_Retreat_m": 74.5, "SCE_Envelope_m": 76.1, "Downdrift_Starvation_Index": 0.15, "Projected_Retreat_2050_Baseline_m": 49.7, "Projected_Retreat_2050_Climate_Accelerated_m": 57.1, "Projected_Retreat_2100_Baseline_m": 153.2, "Projected_Retreat_2100_Climate_Accelerated_m": 199.1, "Hazard_Class": "High (2.0-3.0 m/yr)", "Hazard_Color": "#f59e0b" }, "geometry": { "type": "LineString", "coordinates": [ [ 517899.822054518212099, 457089.045942471770104 ], [ 518477.769650959467981, 457250.218445609847549 ] ] } },
{ "type": "Feature", "properties": { "Transect_ID": 37, "Distance_From_North_km": 18.3, "Coastal_Zone": "Barmston / Skipsea Unprotected Cliffs", "Geology": "Devensian Skipsea Boulder Clay (Soft Glacial Till)", "Cliff_Elevation_m": 0.0, "Defense_Status": "Unprotected Rapid Erosion", "Defense_Type": "None (Unprotected Soft Cliffs)", "SMP_Policy": "No Active Intervention (NAI)", "EPR_Erosion_Rate_m_yr": 1.93, "LRR_Regression_Rate_m_yr": 1.91, "R_Squared": 0.998, "Std_Error_m_yr": 0.053, "NSM_Total_Retreat_m": 69.5, "SCE_Envelope_m": 73.8, "Downdrift_Starvation_Index": 0.15, "Projected_Retreat_2050_Baseline_m": 46.3, "Projected_Retreat_2050_Climate_Accelerated_m": 53.3, "Projected_Retreat_2100_Baseline_m": 142.8, "Projected_Retreat_2100_Climate_Accelerated_m": 185.7, "Hazard_Class": "Moderate (1.0-2.0 m/yr)", "Hazard_Color": "#38bdf8" }, "geometry": { "type": "LineString", "coordinates": [ [ 518122.166087430552579, 456294.48256776825292 ], [ 518699.957610010809731, 456456.213691657118034 ] ] } },
{ "type": "Feature", "properties": { "Transect_ID": 38, "Distance_From_North_km": 18.81, "Coastal_Zone": "Barmston / Skipsea Unprotected Cliffs", "Geology": "Devensian Skipsea Boulder Clay (Soft Glacial Till)", "Cliff_Elevation_m": 0.0, "Defense_Status": "Unprotected Rapid Erosion", "Defense_Type": "None (Unprotected Soft Cliffs)", "SMP_Policy": "No Active Intervention (NAI)", "EPR_Erosion_Rate_m_yr": 2.22, "LRR_Regression_Rate_m_yr": 2.21, "R_Squared": 1.0, "Std_Error_m_yr": 0.029, "NSM_Total_Retreat_m": 79.9, "SCE_Envelope_m": 82.2, "Downdrift_Starvation_Index": 0.15, "Projected_Retreat_2050_Baseline_m": 53.3, "Projected_Retreat_2050_Climate_Accelerated_m": 61.3, "Projected_Retreat_2100_Baseline_m": 164.3, "Projected_Retreat_2100_Climate_Accelerated_m": 213.6, "Hazard_Class": "High (2.0-3.0 m/yr)", "Hazard_Color": "#f59e0b" }, "geometry": { "type": "LineString", "coordinates": [ [ 518344.593466182996053, 455500.079908125451766 ], [ 518922.372384555521421, 455661.856054340722039 ] ] } },
{ "type": "Feature", "properties": { "Transect_ID": 39, "Distance_From_North_km": 19.32, "Coastal_Zone": "Barmston / Skipsea Unprotected Cliffs", "Geology": "Devensian Skipsea Boulder Clay (Soft Glacial Till)", "Cliff_Elevation_m": 0.0, "Defense_Status": "Unprotected Rapid Erosion", "Defense_Type": "None (Unprotected Soft Cliffs)", "SMP_Policy": "No Active Intervention (NAI)", "EPR_Erosion_Rate_m_yr": 2.04, "LRR_Regression_Rate_m_yr": 2.06, "R_Squared": 0.999, "Std_Error_m_yr": 0.046, "NSM_Total_Retreat_m": 73.4, "SCE_Envelope_m": 78.5, "Downdrift_Starvation_Index": 0.15, "Projected_Retreat_2050_Baseline_m": 49.0, "Projected_Retreat_2050_Climate_Accelerated_m": 56.3, "Projected_Retreat_2100_Baseline_m": 151.0, "Projected_Retreat_2100_Climate_Accelerated_m": 196.2, "Hazard_Class": "High (2.0-3.0 m/yr)", "Hazard_Color": "#f59e0b" }, "geometry": { "type": "LineString", "coordinates": [ [ 518567.020274467300624, 454705.698449960094877 ], [ 519144.798686295805965, 454867.476405272085685 ] ] } },
{ "type": "Feature", "properties": { "Transect_ID": 40, "Distance_From_North_km": 19.83, "Coastal_Zone": "Barmston / Skipsea Unprotected Cliffs", "Geology": "Devensian Skipsea Boulder Clay (Soft Glacial Till)", "Cliff_Elevation_m": 0.0, "Defense_Status": "Unprotected Rapid Erosion", "Defense_Type": "None (Unprotected Soft Cliffs)", "SMP_Policy": "No Active Intervention (NAI)", "EPR_Erosion_Rate_m_yr": 1.98, "LRR_Regression_Rate_m_yr": 2.01, "R_Squared": 0.993, "Std_Error_m_yr": 0.12, "NSM_Total_Retreat_m": 71.3, "SCE_Envelope_m": 73.8, "Downdrift_Starvation_Index": 0.15, "Projected_Retreat_2050_Baseline_m": 47.5, "Projected_Retreat_2050_Climate_Accelerated_m": 54.6, "Projected_Retreat_2100_Baseline_m": 146.5, "Projected_Retreat_2100_Climate_Accelerated_m": 190.5, "Hazard_Class": "Moderate (1.0-2.0 m/yr)", "Hazard_Color": "#38bdf8" }, "geometry": { "type": "LineString", "coordinates": [ [ 518789.446745055553038, 453911.318197859218344 ], [ 519367.225156884058379, 454073.096153171209153 ] ] } },
{ "type": "Feature", "properties": { "Transect_ID": 41, "Distance_From_North_km": 20.34, "Coastal_Zone": "Barmston / Skipsea Unprotected Cliffs", "Geology": "Devensian Skipsea Boulder Clay (Soft Glacial Till)", "Cliff_Elevation_m": 0.0, "Defense_Status": "Unprotected Rapid Erosion", "Defense_Type": "None (Unprotected Soft Cliffs)", "SMP_Policy": "No Active Intervention (NAI)", "EPR_Erosion_Rate_m_yr": 2.19, "LRR_Regression_Rate_m_yr": 2.16, "R_Squared": 0.997, "Std_Error_m_yr": 0.076, "NSM_Total_Retreat_m": 78.8, "SCE_Envelope_m": 83.8, "Downdrift_Starvation_Index": 0.15, "Projected_Retreat_2050_Baseline_m": 52.6, "Projected_Retreat_2050_Climate_Accelerated_m": 60.4, "Projected_Retreat_2100_Baseline_m": 162.1, "Projected_Retreat_2100_Climate_Accelerated_m": 210.7, "Hazard_Class": "High (2.0-3.0 m/yr)", "Hazard_Color": "#f59e0b" }, "geometry": { "type": "LineString", "coordinates": [ [ 519011.873215643747244, 453116.937945758400019 ], [ 519589.651627472252585, 453278.715901070390828 ] ] } },
{ "type": "Feature", "properties": { "Transect_ID": 42, "Distance_From_North_km": 20.84, "Coastal_Zone": "Barmston / Skipsea Unprotected Cliffs", "Geology": "Devensian Skipsea Boulder Clay (Soft Glacial Till)", "Cliff_Elevation_m": 0.0, "Defense_Status": "Unprotected Rapid Erosion", "Defense_Type": "None (Unprotected Soft Cliffs)", "SMP_Policy": "No Active Intervention (NAI)", "EPR_Erosion_Rate_m_yr": 1.97, "LRR_Regression_Rate_m_yr": 1.99, "R_Squared": 0.998, "Std_Error_m_yr": 0.058, "NSM_Total_Retreat_m": 70.9, "SCE_Envelope_m": 72.7, "Downdrift_Starvation_Index": 0.15, "Projected_Retreat_2050_Baseline_m": 47.3, "Projected_Retreat_2050_Climate_Accelerated_m": 54.4, "Projected_Retreat_2100_Baseline_m": 145.8, "Projected_Retreat_2100_Climate_Accelerated_m": 189.5, "Hazard_Class": "Moderate (1.0-2.0 m/yr)", "Hazard_Color": "#38bdf8" }, "geometry": { "type": "LineString", "coordinates": [ [ 519234.299686231999658, 452322.557693657639902 ], [ 519812.078098060504999, 452484.335648969630711 ] ] } },
{ "type": "Feature", "properties": { "Transect_ID": 43, "Distance_From_North_km": 21.35, "Coastal_Zone": "Barmston / Skipsea Unprotected Cliffs", "Geology": "Devensian Skipsea Boulder Clay (Soft Glacial Till)", "Cliff_Elevation_m": 0.0, "Defense_Status": "Unprotected Rapid Erosion", "Defense_Type": "None (Unprotected Soft Cliffs)", "SMP_Policy": "No Active Intervention (NAI)", "EPR_Erosion_Rate_m_yr": 2.19, "LRR_Regression_Rate_m_yr": 2.23, "R_Squared": 0.996, "Std_Error_m_yr": 0.105, "NSM_Total_Retreat_m": 78.8, "SCE_Envelope_m": 83.5, "Downdrift_Starvation_Index": 0.15, "Projected_Retreat_2050_Baseline_m": 52.6, "Projected_Retreat_2050_Climate_Accelerated_m": 60.4, "Projected_Retreat_2100_Baseline_m": 162.1, "Projected_Retreat_2100_Climate_Accelerated_m": 210.7, "Hazard_Class": "High (2.0-3.0 m/yr)", "Hazard_Color": "#f59e0b" }, "geometry": { "type": "LineString", "coordinates": [ [ 519456.726449325622525, 451528.17639690003125 ], [ 520034.504422396013979, 451689.955919197003823 ] ] } },
{ "type": "Feature", "properties": { "Transect_ID": 44, "Distance_From_North_km": 21.86, "Coastal_Zone": "Barmston / Skipsea Unprotected Cliffs", "Geology": "Devensian Skipsea Boulder Clay (Soft Glacial Till)", "Cliff_Elevation_m": 0.0, "Defense_Status": "Unprotected Rapid Erosion", "Defense_Type": "None (Unprotected Soft Cliffs)", "SMP_Policy": "No Active Intervention (NAI)", "EPR_Erosion_Rate_m_yr": 2.22, "LRR_Regression_Rate_m_yr": 2.19, "R_Squared": 0.998, "Std_Error_m_yr": 0.063, "NSM_Total_Retreat_m": 79.9, "SCE_Envelope_m": 82.6, "Downdrift_Starvation_Index": 0.15, "Projected_Retreat_2050_Baseline_m": 53.3, "Projected_Retreat_2050_Climate_Accelerated_m": 61.3, "Projected_Retreat_2100_Baseline_m": 164.3, "Projected_Retreat_2100_Climate_Accelerated_m": 213.6, "Hazard_Class": "High (2.0-3.0 m/yr)", "Hazard_Color": "#f59e0b" }, "geometry": { "type": "LineString", "coordinates": [ [ 519679.159094719681889, 450733.79069039755268 ], [ 520256.92652434471529, 450895.607862738601398 ] ] } },
{ "type": "Feature", "properties": { "Transect_ID": 45, "Distance_From_North_km": 22.37, "Coastal_Zone": "Hornsea Defended Coastal Town", "Geology": "Skipsea Till with sand and gravel lenses", "Cliff_Elevation_m": 0.0, "Defense_Status": "Heavily Defended", "Defense_Type": "Massive Seawall, Timber/Rock Groynes, Beach Nourishment", "SMP_Policy": "Hold the Line (HTL)", "EPR_Erosion_Rate_m_yr": 0.58, "LRR_Regression_Rate_m_yr": 0.61, "R_Squared": 0.977, "Std_Error_m_yr": 0.066, "NSM_Total_Retreat_m": 20.9, "SCE_Envelope_m": 22.1, "Downdrift_Starvation_Index": 0.2, "Projected_Retreat_2050_Baseline_m": 13.9, "Projected_Retreat_2050_Climate_Accelerated_m": 16.0, "Projected_Retreat_2100_Baseline_m": 42.9, "Projected_Retreat_2100_Climate_Accelerated_m": 55.8, "Hazard_Class": "Low / Defended (<1.0 m/yr)", "Hazard_Color": "#10b981" }, "geometry": { "type": "LineString", "coordinates": [ [ 519901.649646051228046, 449939.580730858666357 ], [ 520479.290178858907893, 450101.850305510335602 ] ] } },
{ "type": "Feature", "properties": { "Transect_ID": 46, "Distance_From_North_km": 22.88, "Coastal_Zone": "Hornsea Defended Coastal Town", "Geology": "Skipsea Till with sand and gravel lenses", "Cliff_Elevation_m": 0.0, "Defense_Status": "Heavily Defended", "Defense_Type": "Massive Seawall, Timber/Rock Groynes, Beach Nourishment", "SMP_Policy": "Hold the Line (HTL)", "EPR_Erosion_Rate_m_yr": 0.48, "LRR_Regression_Rate_m_yr": 0.49, "R_Squared": 0.988, "Std_Error_m_yr": 0.038, "NSM_Total_Retreat_m": 17.3, "SCE_Envelope_m": 18.0, "Downdrift_Starvation_Index": 0.2, "Projected_Retreat_2050_Baseline_m": 11.5, "Projected_Retreat_2050_Climate_Accelerated_m": 13.2, "Projected_Retreat_2100_Baseline_m": 35.5, "Projected_Retreat_2100_Climate_Accelerated_m": 46.2, "Hazard_Class": "Low / Defended (<1.0 m/yr)", "Hazard_Color": "#10b981" }, "geometry": { "type": "LineString", "coordinates": [ [ 520124.377777864865493, 449148.937803183565848 ], [ 520701.196030894643627, 449314.106513815058861 ] ] } },
{ "type": "Feature", "properties": { "Transect_ID": 47, "Distance_From_North_km": 23.39, "Coastal_Zone": "Hornsea Defended Coastal Town", "Geology": "Skipsea Till with sand and gravel lenses", "Cliff_Elevation_m": 9.0, "Defense_Status": "Heavily Defended", "Defense_Type": "Massive Seawall, Timber/Rock Groynes, Beach Nourishment", "SMP_Policy": "Hold the Line (HTL)", "EPR_Erosion_Rate_m_yr": 0.3, "LRR_Regression_Rate_m_yr": 0.31, "R_Squared": 0.978, "Std_Error_m_yr": 0.032, "NSM_Total_Retreat_m": 10.8, "SCE_Envelope_m": 11.6, "Downdrift_Starvation_Index": 0.2, "Projected_Retreat_2050_Baseline_m": 7.2, "Projected_Retreat_2050_Climate_Accelerated_m": 8.3, "Projected_Retreat_2100_Baseline_m": 22.2, "Projected_Retreat_2100_Climate_Accelerated_m": 28.9, "Hazard_Class": "Low / Defended (<1.0 m/yr)", "Hazard_Color": "#10b981" }, "geometry": { "type": "LineString", "coordinates": [ [ 520347.368758318771143, 448383.231912263494451 ], [ 520921.003276783914771, 448559.139385741087608 ] ] } },
{ "type": "Feature", "properties": { "Transect_ID": 48, "Distance_From_North_km": 23.89, "Coastal_Zone": "Hornsea Defended Coastal Town", "Geology": "Skipsea Till with sand and gravel lenses", "Cliff_Elevation_m": 6.0, "Defense_Status": "Heavily Defended", "Defense_Type": "Massive Seawall, Timber/Rock Groynes, Beach Nourishment", "SMP_Policy": "Hold the Line (HTL)", "EPR_Erosion_Rate_m_yr": 0.47, "LRR_Regression_Rate_m_yr": 0.47, "R_Squared": 0.979, "Std_Error_m_yr": 0.049, "NSM_Total_Retreat_m": 16.9, "SCE_Envelope_m": 17.7, "Downdrift_Starvation_Index": 0.2, "Projected_Retreat_2050_Baseline_m": 11.3, "Projected_Retreat_2050_Climate_Accelerated_m": 13.0, "Projected_Retreat_2100_Baseline_m": 34.8, "Projected_Retreat_2100_Climate_Accelerated_m": 45.2, "Hazard_Class": "Low / Defended (<1.0 m/yr)", "Hazard_Color": "#10b981" }, "geometry": { "type": "LineString", "coordinates": [ [ 520569.969961850903928, 447696.981835273851175 ], [ 521135.185320035729092, 447898.306445970141795 ] ] } },
{ "type": "Feature", "properties": { "Transect_ID": 49, "Distance_From_North_km": 24.4, "Coastal_Zone": "Hornsea Defended Coastal Town", "Geology": "Skipsea Till with sand and gravel lenses", "Cliff_Elevation_m": 6.0, "Defense_Status": "Heavily Defended", "Defense_Type": "Massive Seawall, Timber/Rock Groynes, Beach Nourishment", "SMP_Policy": "Hold the Line (HTL)", "EPR_Erosion_Rate_m_yr": 0.38, "LRR_Regression_Rate_m_yr": 0.36, "R_Squared": 0.855, "Std_Error_m_yr": 0.106, "NSM_Total_Retreat_m": 13.7, "SCE_Envelope_m": 14.2, "Downdrift_Starvation_Index": 0.2, "Projected_Retreat_2050_Baseline_m": 9.1, "Projected_Retreat_2050_Climate_Accelerated_m": 10.5, "Projected_Retreat_2100_Baseline_m": 28.1, "Projected_Retreat_2100_Climate_Accelerated_m": 36.6, "Hazard_Class": "Low / Defended (<1.0 m/yr)", "Hazard_Color": "#10b981" }, "geometry": { "type": "LineString", "coordinates": [ [ 520791.397407803742681, 447138.4048666942399 ], [ 521341.023103145125788, 447379.053147428843658 ] ] } },
{ "type": "Feature", "properties": { "Transect_ID": 50, "Distance_From_North_km": 24.91, "Coastal_Zone": "Hornsea Defended Coastal Town", "Geology": "Skipsea Till with sand and gravel lenses", "Cliff_Elevation_m": 0.0, "Defense_Status": "Heavily Defended", "Defense_Type": "Massive Seawall, Timber/Rock Groynes, Beach Nourishment", "SMP_Policy": "Hold the Line (HTL)", "EPR_Erosion_Rate_m_yr": 0.3, "LRR_Regression_Rate_m_yr": 0.3, "R_Squared": 0.999, "Std_Error_m_yr": 0.007, "NSM_Total_Retreat_m": 10.8, "SCE_Envelope_m": 11.1, "Downdrift_Starvation_Index": 0.2, "Projected_Retreat_2050_Baseline_m": 7.2, "Projected_Retreat_2050_Climate_Accelerated_m": 8.3, "Projected_Retreat_2100_Baseline_m": 22.2, "Projected_Retreat_2100_Climate_Accelerated_m": 28.9, "Hazard_Class": "Low / Defended (<1.0 m/yr)", "Hazard_Color": "#10b981" }, "geometry": { "type": "LineString", "coordinates": [ [ 521008.896580143540632, 446694.175470814749133 ], [ 521541.53040846681688, 446970.402198206749745 ] ] } },
{ "type": "Feature", "properties": { "Transect_ID": 51, "Distance_From_North_km": 25.42, "Coastal_Zone": "Hornsea Defended Coastal Town", "Geology": "Skipsea Till with sand and gravel lenses", "Cliff_Elevation_m": 0.0, "Defense_Status": "Heavily Defended", "Defense_Type": "Massive Seawall, Timber/Rock Groynes, Beach Nourishment", "SMP_Policy": "Hold the Line (HTL)", "EPR_Erosion_Rate_m_yr": 0.39, "LRR_Regression_Rate_m_yr": 0.39, "R_Squared": 0.987, "Std_Error_m_yr": 0.032, "NSM_Total_Retreat_m": 14.0, "SCE_Envelope_m": 15.1, "Downdrift_Starvation_Index": 0.2, "Projected_Retreat_2050_Baseline_m": 9.4, "Projected_Retreat_2050_Climate_Accelerated_m": 10.8, "Projected_Retreat_2100_Baseline_m": 28.9, "Projected_Retreat_2100_Climate_Accelerated_m": 37.5, "Hazard_Class": "Low / Defended (<1.0 m/yr)", "Hazard_Color": "#10b981" }, "geometry": { "type": "LineString", "coordinates": [ [ 521218.904948659182992, 446312.624784300802276 ], [ 521742.514146991888992, 446605.598174596496392 ] ] } },
{ "type": "Feature", "properties": { "Transect_ID": 52, "Distance_From_North_km": 25.93, "Coastal_Zone": "Hornsea Defended Coastal Town", "Geology": "Skipsea Till with sand and gravel lenses", "Cliff_Elevation_m": 0.0, "Defense_Status": "Heavily Defended", "Defense_Type": "Massive Seawall, Timber/Rock Groynes, Beach Nourishment", "SMP_Policy": "Hold the Line (HTL)", "EPR_Erosion_Rate_m_yr": 0.41, "LRR_Regression_Rate_m_yr": 0.43, "R_Squared": 0.977, "Std_Error_m_yr": 0.047, "NSM_Total_Retreat_m": 14.8, "SCE_Envelope_m": 15.4, "Downdrift_Starvation_Index": 0.2, "Projected_Retreat_2050_Baseline_m": 9.8, "Projected_Retreat_2050_Climate_Accelerated_m": 11.3, "Projected_Retreat_2100_Baseline_m": 30.3, "Projected_Retreat_2100_Climate_Accelerated_m": 39.4, "Hazard_Class": "Low / Defended (<1.0 m/yr)", "Hazard_Color": "#10b981" }, "geometry": { "type": "LineString", "coordinates": [ [ 521423.897877614130266, 445952.088653704093304 ], [ 521945.184375827433541, 446249.175150840077549 ] ] } },
{ "type": "Feature", "properties": { "Transect_ID": 53, "Distance_From_North_km": 26.44, "Coastal_Zone": "Hornsea Defended Coastal Town", "Geology": "Skipsea Till with sand and gravel lenses", "Cliff_Elevation_m": 0.0, "Defense_Status": "Heavily Defended", "Defense_Type": "Massive Seawall, Timber/Rock Groynes, Beach Nourishment", "SMP_Policy": "Hold the Line (HTL)", "EPR_Erosion_Rate_m_yr": 0.36, "LRR_Regression_Rate_m_yr": 0.36, "R_Squared": 0.983, "Std_Error_m_yr": 0.033, "NSM_Total_Retreat_m": 13.0, "SCE_Envelope_m": 14.0, "Downdrift_Starvation_Index": 0.2, "Projected_Retreat_2050_Baseline_m": 8.6, "Projected_Retreat_2050_Climate_Accelerated_m": 9.9, "Projected_Retreat_2100_Baseline_m": 26.6, "Projected_Retreat_2100_Climate_Accelerated_m": 34.6, "Hazard_Class": "Low / Defended (<1.0 m/yr)", "Hazard_Color": "#10b981" }, "geometry": { "type": "LineString", "coordinates": [ [ 521627.475597874203231, 445595.69665857712971 ], [ 522148.446741357096471, 445893.335815372935031 ] ] } },
{ "type": "Feature", "properties": { "Transect_ID": 54, "Distance_From_North_km": 26.95, "Coastal_Zone": "Cowden North Unprotected", "Geology": "Devensian Skipsea Glacial Till", "Cliff_Elevation_m": 0.0, "Defense_Status": "Unprotected Rapid Erosion", "Defense_Type": "None (Unprotected)", "SMP_Policy": "No Active Intervention (NAI)", "EPR_Erosion_Rate_m_yr": 2.03, "LRR_Regression_Rate_m_yr": 2.06, "R_Squared": 0.997, "Std_Error_m_yr": 0.082, "NSM_Total_Retreat_m": 73.1, "SCE_Envelope_m": 75.0, "Downdrift_Starvation_Index": 0.25, "Projected_Retreat_2050_Baseline_m": 48.7, "Projected_Retreat_2050_Climate_Accelerated_m": 56.0, "Projected_Retreat_2100_Baseline_m": 150.2, "Projected_Retreat_2100_Climate_Accelerated_m": 195.3, "Hazard_Class": "High (2.0-3.0 m/yr)", "Hazard_Color": "#f59e0b" }, "geometry": { "type": "LineString", "coordinates": [ [ 521830.84024396847235, 445239.798754857038148 ], [ 522351.80952105805045, 445537.441178460896481 ] ] } },
{ "type": "Feature", "properties": { "Transect_ID": 55, "Distance_From_North_km": 27.45, "Coastal_Zone": "Cowden North Unprotected", "Geology": "Devensian Skipsea Glacial Till", "Cliff_Elevation_m": 0.0, "Defense_Status": "Unprotected Rapid Erosion", "Defense_Type": "None (Unprotected)", "SMP_Policy": "No Active Intervention (NAI)", "EPR_Erosion_Rate_m_yr": 2.21, "LRR_Regression_Rate_m_yr": 2.23, "R_Squared": 0.999, "Std_Error_m_yr": 0.055, "NSM_Total_Retreat_m": 79.6, "SCE_Envelope_m": 84.5, "Downdrift_Starvation_Index": 0.25, "Projected_Retreat_2050_Baseline_m": 53.0, "Projected_Retreat_2050_Climate_Accelerated_m": 61.0, "Projected_Retreat_2100_Baseline_m": 163.5, "Projected_Retreat_2100_Climate_Accelerated_m": 212.6, "Hazard_Class": "High (2.0-3.0 m/yr)", "Hazard_Color": "#f59e0b" }, "geometry": { "type": "LineString", "coordinates": [ [ 522034.075359706475865, 444884.017546053451952 ], [ 522555.299492655671202, 445181.213446481677238 ] ] } },
{ "type": "Feature", "properties": { "Transect_ID": 56, "Distance_From_North_km": 27.96, "Coastal_Zone": "Cowden North Unprotected", "Geology": "Devensian Skipsea Glacial Till", "Cliff_Elevation_m": 0.0, "Defense_Status": "Unprotected Rapid Erosion", "Defense_Type": "None (Unprotected)", "SMP_Policy": "No Active Intervention (NAI)", "EPR_Erosion_Rate_m_yr": 2.28, "LRR_Regression_Rate_m_yr": 2.32, "R_Squared": 0.997, "Std_Error_m_yr": 0.088, "NSM_Total_Retreat_m": 82.1, "SCE_Envelope_m": 85.2, "Downdrift_Starvation_Index": 0.25, "Projected_Retreat_2050_Baseline_m": 54.7, "Projected_Retreat_2050_Climate_Accelerated_m": 62.9, "Projected_Retreat_2100_Baseline_m": 168.7, "Projected_Retreat_2100_Climate_Accelerated_m": 219.3, "Hazard_Class": "High (2.0-3.0 m/yr)", "Hazard_Color": "#f59e0b" }, "geometry": { "type": "LineString", "coordinates": [ [ 522236.93333136086585, 444527.600592794595286 ], [ 522759.692671927157789, 444822.08772638568189 ] ] } },
{ "type": "Feature", "properties": { "Transect_ID": 57, "Distance_From_North_km": 28.47, "Coastal_Zone": "Cowden North Unprotected", "Geology": "Devensian Skipsea Glacial Till", "Cliff_Elevation_m": 0.0, "Defense_Status": "Unprotected Rapid Erosion", "Defense_Type": "None (Unprotected)", "SMP_Policy": "No Active Intervention (NAI)", "EPR_Erosion_Rate_m_yr": 2.27, "LRR_Regression_Rate_m_yr": 2.27, "R_Squared": 1.0, "Std_Error_m_yr": 0.028, "NSM_Total_Retreat_m": 81.7, "SCE_Envelope_m": 87.2, "Downdrift_Starvation_Index": 0.25, "Projected_Retreat_2050_Baseline_m": 54.5, "Projected_Retreat_2050_Climate_Accelerated_m": 62.7, "Projected_Retreat_2100_Baseline_m": 168.0, "Projected_Retreat_2100_Climate_Accelerated_m": 218.4, "Hazard_Class": "High (2.0-3.0 m/yr)", "Hazard_Color": "#f59e0b" }, "geometry": { "type": "LineString", "coordinates": [ [ 522440.459815692855045, 444162.714956082170829 ], [ 522967.822679849283304, 444448.87646556366235 ] ] } },
{ "type": "Feature", "properties": { "Transect_ID": 58, "Distance_From_North_km": 28.98, "Coastal_Zone": "Mappleton Rock Groynes & Revetment", "Geology": "Skipsea Till protected by Norwegian Granite Armour", "Cliff_Elevation_m": 0.0, "Defense_Status": "Locally Defended (Sediment Trap)", "Defense_Type": "2 Massive Rock Groynes & Rock Revetment (1991 Scheme)", "SMP_Policy": "Hold the Line (HTL)", "EPR_Erosion_Rate_m_yr": 0.86, "LRR_Regression_Rate_m_yr": 0.87, "R_Squared": 0.99, "Std_Error_m_yr": 0.06, "NSM_Total_Retreat_m": 31.0, "SCE_Envelope_m": 33.1, "Downdrift_Starvation_Index": 0.1, "Projected_Retreat_2050_Baseline_m": 20.6, "Projected_Retreat_2050_Climate_Accelerated_m": 23.7, "Projected_Retreat_2100_Baseline_m": 63.6, "Projected_Retreat_2100_Climate_Accelerated_m": 82.7, "Hazard_Class": "Low / Defended (<1.0 m/yr)", "Hazard_Color": "#10b981" }, "geometry": { "type": "LineString", "coordinates": [ [ 522650.190088690142147, 443766.167335945530795 ], [ 523184.475179437082261, 444039.186459461750928 ] ] } },
{ "type": "Feature", "properties": { "Transect_ID": 59, "Distance_From_North_km": 29.49, "Coastal_Zone": "Mappleton Rock Groynes & Revetment", "Geology": "Skipsea Till protected by Norwegian Granite Armour", "Cliff_Elevation_m": 0.0, "Defense_Status": "Locally Defended (Sediment Trap)", "Defense_Type": "2 Massive Rock Groynes & Rock Revetment (1991 Scheme)", "SMP_Policy": "Hold the Line (HTL)", "EPR_Erosion_Rate_m_yr": 0.28, "LRR_Regression_Rate_m_yr": 0.26, "R_Squared": 0.914, "Std_Error_m_yr": 0.056, "NSM_Total_Retreat_m": 10.1, "SCE_Envelope_m": 10.7, "Downdrift_Starvation_Index": 0.1, "Projected_Retreat_2050_Baseline_m": 6.7, "Projected_Retreat_2050_Climate_Accelerated_m": 7.7, "Projected_Retreat_2100_Baseline_m": 20.7, "Projected_Retreat_2100_Climate_Accelerated_m": 26.9, "Hazard_Class": "Low / Defended (<1.0 m/yr)", "Hazard_Color": "#10b981" }, "geometry": { "type": "LineString", "coordinates": [ [ 522871.899374974542297, 443318.335764068062417 ], [ 523411.835129322716966, 443580.002309840521775 ] ] } },
{ "type": "Feature", "properties": { "Transect_ID": 60, "Distance_From_North_km": 30.0, "Coastal_Zone": "Mappleton Rock Groynes & Revetment", "Geology": "Skipsea Till protected by Norwegian Granite Armour", "Cliff_Elevation_m": 0.0, "Defense_Status": "Locally Defended (Sediment Trap)", "Defense_Type": "2 Massive Rock Groynes & Rock Revetment (1991 Scheme)", "SMP_Policy": "Hold the Line (HTL)", "EPR_Erosion_Rate_m_yr": 0.29, "LRR_Regression_Rate_m_yr": 0.28, "R_Squared": 0.984, "Std_Error_m_yr": 0.025, "NSM_Total_Retreat_m": 10.4, "SCE_Envelope_m": 10.9, "Downdrift_Starvation_Index": 0.1, "Projected_Retreat_2050_Baseline_m": 7.0, "Projected_Retreat_2050_Climate_Accelerated_m": 8.0, "Projected_Retreat_2100_Baseline_m": 21.5, "Projected_Retreat_2100_Climate_Accelerated_m": 27.9, "Hazard_Class": "Low / Defended (<1.0 m/yr)", "Hazard_Color": "#10b981" }, "geometry": { "type": "LineString", "coordinates": [ [ 523103.6385048214579, 442830.346194573037792 ], [ 523646.322333508287556, 443086.264662218163721 ] ] } },
{ "type": "Feature", "properties": { "Transect_ID": 61, "Distance_From_North_km": 30.5, "Coastal_Zone": "South Mappleton / Cowden / Aldbrough Starvation Hotspot", "Geology": "Devensian Skipsea & Withernsea Glacial Tills", "Cliff_Elevation_m": 0.0, "Defense_Status": "Extreme Downdrift Starvation Hotspot", "Defense_Type": "None (Starved Downdrift Coastline)", "SMP_Policy": "No Active Intervention (NAI)", "EPR_Erosion_Rate_m_yr": 3.3, "LRR_Regression_Rate_m_yr": 3.31, "R_Squared": 0.999, "Std_Error_m_yr": 0.063, "NSM_Total_Retreat_m": 118.8, "SCE_Envelope_m": 122.1, "Downdrift_Starvation_Index": 0.8, "Projected_Retreat_2050_Baseline_m": 79.2, "Projected_Retreat_2050_Climate_Accelerated_m": 91.1, "Projected_Retreat_2100_Baseline_m": 244.2, "Projected_Retreat_2100_Climate_Accelerated_m": 317.5, "Hazard_Class": "Extreme (>3.0 m/yr)", "Hazard_Color": "#f43f5e" }, "geometry": { "type": "LineString", "coordinates": [ [ 523339.762119235703722, 442326.16660228924593 ], [ 523883.046714618627448, 442580.80722830875311 ] ] } },
{ "type": "Feature", "properties": { "Transect_ID": 62, "Distance_From_North_km": 31.01, "Coastal_Zone": "South Mappleton / Cowden / Aldbrough Starvation Hotspot", "Geology": "Devensian Skipsea & Withernsea Glacial Tills", "Cliff_Elevation_m": 10.0, "Defense_Status": "Extreme Downdrift Starvation Hotspot", "Defense_Type": "None (Starved Downdrift Coastline)", "SMP_Policy": "No Active Intervention (NAI)", "EPR_Erosion_Rate_m_yr": 3.52, "LRR_Regression_Rate_m_yr": 3.51, "R_Squared": 0.999, "Std_Error_m_yr": 0.062, "NSM_Total_Retreat_m": 126.7, "SCE_Envelope_m": 130.9, "Downdrift_Starvation_Index": 0.84, "Projected_Retreat_2050_Baseline_m": 84.5, "Projected_Retreat_2050_Climate_Accelerated_m": 97.2, "Projected_Retreat_2100_Baseline_m": 260.5, "Projected_Retreat_2100_Climate_Accelerated_m": 338.6, "Hazard_Class": "Extreme (>3.0 m/yr)", "Hazard_Color": "#f43f5e" }, "geometry": { "type": "LineString", "coordinates": [ [ 523577.007049210369587, 441820.404732568305917 ], [ 524119.15305066324072, 442077.460588577610906 ] ] } },
{ "type": "Feature", "properties": { "Transect_ID": 63, "Distance_From_North_km": 31.52, "Coastal_Zone": "South Mappleton / Cowden / Aldbrough Starvation Hotspot", "Geology": "Devensian Skipsea & Withernsea Glacial Tills", "Cliff_Elevation_m": 13.0, "Defense_Status": "Extreme Downdrift Starvation Hotspot", "Defense_Type": "None (Starved Downdrift Coastline)", "SMP_Policy": "No Active Intervention (NAI)", "EPR_Erosion_Rate_m_yr": 3.43, "LRR_Regression_Rate_m_yr": 3.43, "R_Squared": 1.0, "Std_Error_m_yr": 0.008, "NSM_Total_Retreat_m": 123.5, "SCE_Envelope_m": 130.0, "Downdrift_Starvation_Index": 0.88, "Projected_Retreat_2050_Baseline_m": 82.3, "Projected_Retreat_2050_Climate_Accelerated_m": 94.7, "Projected_Retreat_2100_Baseline_m": 253.8, "Projected_Retreat_2100_Climate_Accelerated_m": 330.0, "Hazard_Class": "Extreme (>3.0 m/yr)", "Hazard_Color": "#f43f5e" }, "geometry": { "type": "LineString", "coordinates": [ [ 523813.292409820889588, 441327.57832969474839 ], [ 524351.170801722677425, 441593.44828949670773 ] ] } },
{ "type": "Feature", "properties": { "Transect_ID": 64, "Distance_From_North_km": 32.03, "Coastal_Zone": "South Mappleton / Cowden / Aldbrough Starvation Hotspot", "Geology": "Devensian Skipsea & Withernsea Glacial Tills", "Cliff_Elevation_m": 13.0, "Defense_Status": "Extreme Downdrift Starvation Hotspot", "Defense_Type": "None (Starved Downdrift Coastline)", "SMP_Policy": "No Active Intervention (NAI)", "EPR_Erosion_Rate_m_yr": 3.57, "LRR_Regression_Rate_m_yr": 3.57, "R_Squared": 0.999, "Std_Error_m_yr": 0.059, "NSM_Total_Retreat_m": 128.5, "SCE_Envelope_m": 138.6, "Downdrift_Starvation_Index": 0.92, "Projected_Retreat_2050_Baseline_m": 85.7, "Projected_Retreat_2050_Climate_Accelerated_m": 98.5, "Projected_Retreat_2100_Baseline_m": 264.2, "Projected_Retreat_2100_Climate_Accelerated_m": 343.4, "Hazard_Class": "Extreme (>3.0 m/yr)", "Hazard_Color": "#f43f5e" }, "geometry": { "type": "LineString", "coordinates": [ [ 524044.625068282126449, 440874.743320030916948 ], [ 524573.439740928588435, 441158.21296918898588 ] ] } },
{ "type": "Feature", "properties": { "Transect_ID": 65, "Distance_From_North_km": 32.54, "Coastal_Zone": "South Mappleton / Cowden / Aldbrough Starvation Hotspot", "Geology": "Devensian Skipsea & Withernsea Glacial Tills", "Cliff_Elevation_m": 18.0, "Defense_Status": "Extreme Downdrift Starvation Hotspot", "Defense_Type": "None (Starved Downdrift Coastline)", "SMP_Policy": "No Active Intervention (NAI)", "EPR_Erosion_Rate_m_yr": 3.48, "LRR_Regression_Rate_m_yr": 3.47, "R_Squared": 1.0, "Std_Error_m_yr": 0.036, "NSM_Total_Retreat_m": 125.3, "SCE_Envelope_m": 131.1, "Downdrift_Starvation_Index": 0.94, "Projected_Retreat_2050_Baseline_m": 83.5, "Projected_Retreat_2050_Climate_Accelerated_m": 96.0, "Projected_Retreat_2100_Baseline_m": 257.5, "Projected_Retreat_2100_Climate_Accelerated_m": 334.8, "Hazard_Class": "Extreme (>3.0 m/yr)", "Hazard_Color": "#f43f5e" }, "geometry": { "type": "LineString", "coordinates": [ [ 524266.709457621735055, 440481.947259275766555 ], [ 524783.717764570843428, 440786.417964838095941 ] ] } },
{ "type": "Feature", "properties": { "Transect_ID": 66, "Distance_From_North_km": 33.05, "Coastal_Zone": "South Mappleton / Cowden / Aldbrough Starvation Hotspot", "Geology": "Devensian Skipsea & Withernsea Glacial Tills", "Cliff_Elevation_m": 15.0, "Defense_Status": "Extreme Downdrift Starvation Hotspot", "Defense_Type": "None (Starved Downdrift Coastline)", "SMP_Policy": "No Active Intervention (NAI)", "EPR_Erosion_Rate_m_yr": 3.95, "LRR_Regression_Rate_m_yr": 3.99, "R_Squared": 0.999, "Std_Error_m_yr": 0.096, "NSM_Total_Retreat_m": 142.2, "SCE_Envelope_m": 146.5, "Downdrift_Starvation_Index": 0.96, "Projected_Retreat_2050_Baseline_m": 94.8, "Projected_Retreat_2050_Climate_Accelerated_m": 109.0, "Projected_Retreat_2100_Baseline_m": 292.3, "Projected_Retreat_2100_Climate_Accelerated_m": 380.0, "Hazard_Class": "Extreme (>3.0 m/yr)", "Hazard_Color": "#f43f5e" }, "geometry": { "type": "LineString", "coordinates": [ [ 524478.784084715764038, 440137.160887357313186 ], [ 524987.504039075574838, 440455.286661283636931 ] ] } },
{ "type": "Feature", "properties": { "Transect_ID": 67, "Distance_From_North_km": 33.55, "Coastal_Zone": "South Mappleton / Cowden / Aldbrough Starvation Hotspot", "Geology": "Devensian Skipsea & Withernsea Glacial Tills", "Cliff_Elevation_m": 16.0, "Defense_Status": "Extreme Downdrift Starvation Hotspot", "Defense_Type": "None (Starved Downdrift Coastline)", "SMP_Policy": "No Active Intervention (NAI)", "EPR_Erosion_Rate_m_yr": 3.78, "LRR_Regression_Rate_m_yr": 3.82, "R_Squared": 0.999, "Std_Error_m_yr": 0.098, "NSM_Total_Retreat_m": 136.1, "SCE_Envelope_m": 144.2, "Downdrift_Starvation_Index": 0.96, "Projected_Retreat_2050_Baseline_m": 90.7, "Projected_Retreat_2050_Climate_Accelerated_m": 104.3, "Projected_Retreat_2100_Baseline_m": 279.7, "Projected_Retreat_2100_Climate_Accelerated_m": 363.6, "Hazard_Class": "Extreme (>3.0 m/yr)", "Hazard_Color": "#f43f5e" }, "geometry": { "type": "LineString", "coordinates": [ [ 524684.561555451713502, 439813.515857470687479 ], [ 525190.431508721434511, 440136.154339953733142 ] ] } },
{ "type": "Feature", "properties": { "Transect_ID": 68, "Distance_From_North_km": 34.06, "Coastal_Zone": "South Mappleton / Cowden / Aldbrough Starvation Hotspot", "Geology": "Devensian Skipsea & Withernsea Glacial Tills", "Cliff_Elevation_m": 17.0, "Defense_Status": "Extreme Downdrift Starvation Hotspot", "Defense_Type": "None (Starved Downdrift Coastline)", "SMP_Policy": "No Active Intervention (NAI)", "EPR_Erosion_Rate_m_yr": 3.88, "LRR_Regression_Rate_m_yr": 3.91, "R_Squared": 0.999, "Std_Error_m_yr": 0.077, "NSM_Total_Retreat_m": 139.7, "SCE_Envelope_m": 147.6, "Downdrift_Starvation_Index": 0.96, "Projected_Retreat_2050_Baseline_m": 93.1, "Projected_Retreat_2050_Climate_Accelerated_m": 107.1, "Projected_Retreat_2100_Baseline_m": 287.1, "Projected_Retreat_2100_Climate_Accelerated_m": 373.3, "Hazard_Class": "Extreme (>3.0 m/yr)", "Hazard_Color": "#f43f5e" }, "geometry": { "type": "LineString", "coordinates": [ [ 524888.498056447948329, 439494.73584840586409 ], [ 525393.74664943094831, 439818.346508441434707 ] ] } },
{ "type": "Feature", "properties": { "Transect_ID": 69, "Distance_From_North_km": 34.57, "Coastal_Zone": "South Mappleton / Cowden / Aldbrough Starvation Hotspot", "Geology": "Devensian Skipsea & Withernsea Glacial Tills", "Cliff_Elevation_m": 12.0, "Defense_Status": "Extreme Downdrift Starvation Hotspot", "Defense_Type": "None (Starved Downdrift Coastline)", "SMP_Policy": "No Active Intervention (NAI)", "EPR_Erosion_Rate_m_yr": 3.54, "LRR_Regression_Rate_m_yr": 3.57, "R_Squared": 0.999, "Std_Error_m_yr": 0.071, "NSM_Total_Retreat_m": 127.4, "SCE_Envelope_m": 130.1, "Downdrift_Starvation_Index": 0.94, "Projected_Retreat_2050_Baseline_m": 85.0, "Projected_Retreat_2050_Climate_Accelerated_m": 97.7, "Projected_Retreat_2100_Baseline_m": 262.0, "Projected_Retreat_2100_Climate_Accelerated_m": 340.5, "Hazard_Class": "Extreme (>3.0 m/yr)", "Hazard_Color": "#f43f5e" }, "geometry": { "type": "LineString", "coordinates": [ [ 525094.224869347177446, 439173.917582331399899 ], [ 525598.35070205910597, 439499.274532145645935 ] ] } },
{ "type": "Feature", "properties": { "Transect_ID": 70, "Distance_From_North_km": 35.08, "Coastal_Zone": "South Mappleton / Cowden / Aldbrough Starvation Hotspot", "Geology": "Devensian Skipsea & Withernsea Glacial Tills", "Cliff_Elevation_m": 11.0, "Defense_Status": "Extreme Downdrift Starvation Hotspot", "Defense_Type": "None (Starved Downdrift Coastline)", "SMP_Policy": "No Active Intervention (NAI)", "EPR_Erosion_Rate_m_yr": 3.54, "LRR_Regression_Rate_m_yr": 3.58, "R_Squared": 0.999, "Std_Error_m_yr": 0.096, "NSM_Total_Retreat_m": 127.4, "SCE_Envelope_m": 130.7, "Downdrift_Starvation_Index": 0.91, "Projected_Retreat_2050_Baseline_m": 85.0, "Projected_Retreat_2050_Climate_Accelerated_m": 97.7, "Projected_Retreat_2100_Baseline_m": 262.0, "Projected_Retreat_2100_Climate_Accelerated_m": 340.5, "Hazard_Class": "Extreme (>3.0 m/yr)", "Hazard_Color": "#f43f5e" }, "geometry": { "type": "LineString", "coordinates": [ [ 525312.87989302619826, 438837.233819990593474 ], [ 525812.717754974961281, 439169.140601726830937 ] ] } },
{ "type": "Feature", "properties": { "Transect_ID": 71, "Distance_From_North_km": 35.59, "Coastal_Zone": "South Mappleton / Cowden / Aldbrough Starvation Hotspot", "Geology": "Devensian Skipsea & Withernsea Glacial Tills", "Cliff_Elevation_m": 17.0, "Defense_Status": "Extreme Downdrift Starvation Hotspot", "Defense_Type": "None (Starved Downdrift Coastline)", "SMP_Policy": "No Active Intervention (NAI)", "EPR_Erosion_Rate_m_yr": 3.04, "LRR_Regression_Rate_m_yr": 3.04, "R_Squared": 1.0, "Std_Error_m_yr": 0.04, "NSM_Total_Retreat_m": 109.4, "SCE_Envelope_m": 114.2, "Downdrift_Starvation_Index": 0.87, "Projected_Retreat_2050_Baseline_m": 73.0, "Projected_Retreat_2050_Climate_Accelerated_m": 83.9, "Projected_Retreat_2100_Baseline_m": 225.0, "Projected_Retreat_2100_Climate_Accelerated_m": 292.4, "Hazard_Class": "Extreme (>3.0 m/yr)", "Hazard_Color": "#f43f5e" }, "geometry": { "type": "LineString", "coordinates": [ [ 525578.062439607805572, 438445.43521647300804 ], [ 526069.590086332755163, 438789.529059058288112 ] ] } },
{ "type": "Feature", "properties": { "Transect_ID": 72, "Distance_From_North_km": 36.1, "Coastal_Zone": "South Mappleton / Cowden / Aldbrough Starvation Hotspot", "Geology": "Devensian Skipsea & Withernsea Glacial Tills", "Cliff_Elevation_m": 14.0, "Defense_Status": "Extreme Downdrift Starvation Hotspot", "Defense_Type": "None (Starved Downdrift Coastline)", "SMP_Policy": "No Active Intervention (NAI)", "EPR_Erosion_Rate_m_yr": 3.16, "LRR_Regression_Rate_m_yr": 3.17, "R_Squared": 0.999, "Std_Error_m_yr": 0.075, "NSM_Total_Retreat_m": 113.8, "SCE_Envelope_m": 116.4, "Downdrift_Starvation_Index": 0.83, "Projected_Retreat_2050_Baseline_m": 75.8, "Projected_Retreat_2050_Climate_Accelerated_m": 87.2, "Projected_Retreat_2100_Baseline_m": 233.8, "Projected_Retreat_2100_Climate_Accelerated_m": 304.0, "Hazard_Class": "Extreme (>3.0 m/yr)", "Hazard_Color": "#f43f5e" }, "geometry": { "type": "LineString", "coordinates": [ [ 525942.501129391137511, 437937.814372794062365 ], [ 526425.946661186520942, 438293.173934065445792 ] ] } },
{ "type": "Feature", "properties": { "Transect_ID": 73, "Distance_From_North_km": 36.61, "Coastal_Zone": "South Mappleton / Cowden / Aldbrough Starvation Hotspot", "Geology": "Devensian Skipsea & Withernsea Glacial Tills", "Cliff_Elevation_m": 12.0, "Defense_Status": "Extreme Downdrift Starvation Hotspot", "Defense_Type": "None (Starved Downdrift Coastline)", "SMP_Policy": "No Active Intervention (NAI)", "EPR_Erosion_Rate_m_yr": 3.37, "LRR_Regression_Rate_m_yr": 3.41, "R_Squared": 0.998, "Std_Error_m_yr": 0.094, "NSM_Total_Retreat_m": 121.3, "SCE_Envelope_m": 128.5, "Downdrift_Starvation_Index": 0.79, "Projected_Retreat_2050_Baseline_m": 80.9, "Projected_Retreat_2050_Climate_Accelerated_m": 93.0, "Projected_Retreat_2100_Baseline_m": 249.4, "Projected_Retreat_2100_Climate_Accelerated_m": 324.2, "Hazard_Class": "Extreme (>3.0 m/yr)", "Hazard_Color": "#f43f5e" }, "geometry": { "type": "LineString", "coordinates": [ [ 526427.817672822857276, 437289.272107871307526 ], [ 526906.538923802436329, 437650.970827609824482 ] ] } },
{ "type": "Feature", "properties": { "Transect_ID": 74, "Distance_From_North_km": 37.11, "Coastal_Zone": "South Mappleton / Cowden / Aldbrough Starvation Hotspot", "Geology": "Devensian Skipsea & Withernsea Glacial Tills", "Cliff_Elevation_m": 14.0, "Defense_Status": "Extreme Downdrift Starvation Hotspot", "Defense_Type": "None (Starved Downdrift Coastline)", "SMP_Policy": "No Active Intervention (NAI)", "EPR_Erosion_Rate_m_yr": 3.0, "LRR_Regression_Rate_m_yr": 3.0, "R_Squared": 1.0, "Std_Error_m_yr": 0.01, "NSM_Total_Retreat_m": 108.0, "SCE_Envelope_m": 114.0, "Downdrift_Starvation_Index": 0.75, "Projected_Retreat_2050_Baseline_m": 72.0, "Projected_Retreat_2050_Climate_Accelerated_m": 82.8, "Projected_Retreat_2100_Baseline_m": 222.0, "Projected_Retreat_2100_Climate_Accelerated_m": 288.6, "Hazard_Class": "Extreme (>3.0 m/yr)", "Hazard_Color": "#f43f5e" }, "geometry": { "type": "LineString", "coordinates": [ [ 526992.053441507159732, 436548.64564167422941 ], [ 527468.877478501410224, 436912.84179451566888 ] ] } },
{ "type": "Feature", "properties": { "Transect_ID": 75, "Distance_From_North_km": 37.62, "Coastal_Zone": "South Mappleton / Cowden / Aldbrough Starvation Hotspot", "Geology": "Devensian Skipsea & Withernsea Glacial Tills", "Cliff_Elevation_m": 19.0, "Defense_Status": "Extreme Downdrift Starvation Hotspot", "Defense_Type": "None (Starved Downdrift Coastline)", "SMP_Policy": "No Active Intervention (NAI)", "EPR_Erosion_Rate_m_yr": 2.86, "LRR_Regression_Rate_m_yr": 2.88, "R_Squared": 0.999, "Std_Error_m_yr": 0.074, "NSM_Total_Retreat_m": 103.0, "SCE_Envelope_m": 107.9, "Downdrift_Starvation_Index": 0.71, "Projected_Retreat_2050_Baseline_m": 68.6, "Projected_Retreat_2050_Climate_Accelerated_m": 78.9, "Projected_Retreat_2100_Baseline_m": 211.6, "Projected_Retreat_2100_Climate_Accelerated_m": 275.1, "Hazard_Class": "High (2.0-3.0 m/yr)", "Hazard_Color": "#f59e0b" }, "geometry": { "type": "LineString", "coordinates": [ [ 527582.781248328159563, 435777.126962185429875 ], [ 528059.101807427708991, 436141.98135092027951 ] ] } },
{ "type": "Feature", "properties": { "Transect_ID": 76, "Distance_From_North_km": 38.13, "Coastal_Zone": "South Mappleton / Cowden / Aldbrough Starvation Hotspot", "Geology": "Devensian Skipsea & Withernsea Glacial Tills", "Cliff_Elevation_m": 23.0, "Defense_Status": "Extreme Downdrift Starvation Hotspot", "Defense_Type": "None (Starved Downdrift Coastline)", "SMP_Policy": "No Active Intervention (NAI)", "EPR_Erosion_Rate_m_yr": 2.53, "LRR_Regression_Rate_m_yr": 2.52, "R_Squared": 1.0, "Std_Error_m_yr": 0.027, "NSM_Total_Retreat_m": 91.1, "SCE_Envelope_m": 95.0, "Downdrift_Starvation_Index": 0.68, "Projected_Retreat_2050_Baseline_m": 60.7, "Projected_Retreat_2050_Climate_Accelerated_m": 69.8, "Projected_Retreat_2100_Baseline_m": 187.2, "Projected_Retreat_2100_Climate_Accelerated_m": 243.4, "Hazard_Class": "High (2.0-3.0 m/yr)", "Hazard_Color": "#f59e0b" }, "geometry": { "type": "LineString", "coordinates": [ [ 528177.961288609309122, 435000.432081398670562 ], [ 528654.203524568933062, 435365.388698941329494 ] ] } },
{ "type": "Feature", "properties": { "Transect_ID": 77, "Distance_From_North_km": 38.64, "Coastal_Zone": "South Mappleton / Cowden / Aldbrough Starvation Hotspot", "Geology": "Devensian Skipsea & Withernsea Glacial Tills", "Cliff_Elevation_m": 23.0, "Defense_Status": "Extreme Downdrift Starvation Hotspot", "Defense_Type": "None (Starved Downdrift Coastline)", "SMP_Policy": "No Active Intervention (NAI)", "EPR_Erosion_Rate_m_yr": 2.62, "LRR_Regression_Rate_m_yr": 2.62, "R_Squared": 1.0, "Std_Error_m_yr": 0.024, "NSM_Total_Retreat_m": 94.3, "SCE_Envelope_m": 101.0, "Downdrift_Starvation_Index": 0.65, "Projected_Retreat_2050_Baseline_m": 62.9, "Projected_Retreat_2050_Climate_Accelerated_m": 72.3, "Projected_Retreat_2100_Baseline_m": 193.9, "Projected_Retreat_2100_Climate_Accelerated_m": 252.0, "Hazard_Class": "High (2.0-3.0 m/yr)", "Hazard_Color": "#f59e0b" }, "geometry": { "type": "LineString", "coordinates": [ [ 528773.505921477801166, 434223.316566688299645 ], [ 529249.741637100232765, 434588.281692646269221 ] ] } },
{ "type": "Feature", "properties": { "Transect_ID": 78, "Distance_From_North_km": 39.15, "Coastal_Zone": "South Mappleton / Cowden / Aldbrough Starvation Hotspot", "Geology": "Devensian Skipsea & Withernsea Glacial Tills", "Cliff_Elevation_m": 17.0, "Defense_Status": "Extreme Downdrift Starvation Hotspot", "Defense_Type": "None (Starved Downdrift Coastline)", "SMP_Policy": "No Active Intervention (NAI)", "EPR_Erosion_Rate_m_yr": 2.41, "LRR_Regression_Rate_m_yr": 2.41, "R_Squared": 1.0, "Std_Error_m_yr": 0.027, "NSM_Total_Retreat_m": 86.8, "SCE_Envelope_m": 92.2, "Downdrift_Starvation_Index": 0.62, "Projected_Retreat_2050_Baseline_m": 57.8, "Projected_Retreat_2050_Climate_Accelerated_m": 66.5, "Projected_Retreat_2100_Baseline_m": 178.3, "Projected_Retreat_2100_Climate_Accelerated_m": 231.8, "Hazard_Class": "High (2.0-3.0 m/yr)", "Hazard_Color": "#f59e0b" }, "geometry": { "type": "LineString", "coordinates": [ [ 529369.064325866755098, 433446.185478034138214 ], [ 529845.299769839737564, 433811.150958461978007 ] ] } },
{ "type": "Feature", "properties": { "Transect_ID": 79, "Distance_From_North_km": 39.66, "Coastal_Zone": "South Mappleton / Cowden / Aldbrough Starvation Hotspot", "Geology": "Devensian Skipsea & Withernsea Glacial Tills", "Cliff_Elevation_m": 19.0, "Defense_Status": "Extreme Downdrift Starvation Hotspot", "Defense_Type": "None (Starved Downdrift Coastline)", "SMP_Policy": "No Active Intervention (NAI)", "EPR_Erosion_Rate_m_yr": 2.53, "LRR_Regression_Rate_m_yr": 2.54, "R_Squared": 1.0, "Std_Error_m_yr": 0.038, "NSM_Total_Retreat_m": 91.1, "SCE_Envelope_m": 94.5, "Downdrift_Starvation_Index": 0.6, "Projected_Retreat_2050_Baseline_m": 60.7, "Projected_Retreat_2050_Climate_Accelerated_m": 69.8, "Projected_Retreat_2100_Baseline_m": 187.2, "Projected_Retreat_2100_Climate_Accelerated_m": 243.4, "Hazard_Class": "High (2.0-3.0 m/yr)", "Hazard_Color": "#f59e0b" }, "geometry": { "type": "LineString", "coordinates": [ [ 529964.622549156076275, 432669.054625693184789 ], [ 530440.857993129058741, 433034.020106121024583 ] ] } },
{ "type": "Feature", "properties": { "Transect_ID": 80, "Distance_From_North_km": 40.16, "Coastal_Zone": "Withernsea Defended Seafront", "Geology": "Withernsea Till (Dense reddish-brown glacial clay)", "Cliff_Elevation_m": 11.0, "Defense_Status": "Heavily Defended", "Defense_Type": "Recurved Concrete Seawall, Rock Revetment, Offshore Groynes", "SMP_Policy": "Hold the Line (HTL)", "EPR_Erosion_Rate_m_yr": 0.61, "LRR_Regression_Rate_m_yr": 0.59, "R_Squared": 0.987, "Std_Error_m_yr": 0.047, "NSM_Total_Retreat_m": 22.0, "SCE_Envelope_m": 23.5, "Downdrift_Starvation_Index": 0.3, "Projected_Retreat_2050_Baseline_m": 14.6, "Projected_Retreat_2050_Climate_Accelerated_m": 16.8, "Projected_Retreat_2100_Baseline_m": 45.1, "Projected_Retreat_2100_Climate_Accelerated_m": 58.7, "Hazard_Class": "Low / Defended (<1.0 m/yr)", "Hazard_Color": "#10b981" }, "geometry": { "type": "LineString", "coordinates": [ [ 530560.180679315817542, 431891.923894875042606 ], [ 531036.416262983111665, 432256.889193018665537 ] ] } },
{ "type": "Feature", "properties": { "Transect_ID": 81, "Distance_From_North_km": 40.67, "Coastal_Zone": "Withernsea Defended Seafront", "Geology": "Withernsea Till (Dense reddish-brown glacial clay)", "Cliff_Elevation_m": 12.0, "Defense_Status": "Heavily Defended", "Defense_Type": "Recurved Concrete Seawall, Rock Revetment, Offshore Groynes", "SMP_Policy": "Hold the Line (HTL)", "EPR_Erosion_Rate_m_yr": 0.52, "LRR_Regression_Rate_m_yr": 0.54, "R_Squared": 0.975, "Std_Error_m_yr": 0.062, "NSM_Total_Retreat_m": 18.7, "SCE_Envelope_m": 19.5, "Downdrift_Starvation_Index": 0.3, "Projected_Retreat_2050_Baseline_m": 12.5, "Projected_Retreat_2050_Climate_Accelerated_m": 14.4, "Projected_Retreat_2100_Baseline_m": 38.5, "Projected_Retreat_2100_Climate_Accelerated_m": 50.0, "Hazard_Class": "Low / Defended (<1.0 m/yr)", "Hazard_Color": "#10b981" }, "geometry": { "type": "LineString", "coordinates": [ [ 531155.730252170702443, 431114.80309813702479 ], [ 531631.969347117003053, 431479.763814440462738 ] ] } },
{ "type": "Feature", "properties": { "Transect_ID": 82, "Distance_From_North_km": 41.18, "Coastal_Zone": "Withernsea Defended Seafront", "Geology": "Withernsea Till (Dense reddish-brown glacial clay)", "Cliff_Elevation_m": 10.0, "Defense_Status": "Heavily Defended", "Defense_Type": "Recurved Concrete Seawall, Rock Revetment, Offshore Groynes", "SMP_Policy": "Hold the Line (HTL)", "EPR_Erosion_Rate_m_yr": 0.44, "LRR_Regression_Rate_m_yr": 0.41, "R_Squared": 0.942, "Std_Error_m_yr": 0.073, "NSM_Total_Retreat_m": 15.8, "SCE_Envelope_m": 16.8, "Downdrift_Starvation_Index": 0.3, "Projected_Retreat_2050_Baseline_m": 10.6, "Projected_Retreat_2050_Climate_Accelerated_m": 12.1, "Projected_Retreat_2100_Baseline_m": 32.6, "Projected_Retreat_2100_Climate_Accelerated_m": 42.3, "Hazard_Class": "Low / Defended (<1.0 m/yr)", "Hazard_Color": "#10b981" }, "geometry": { "type": "LineString", "coordinates": [ [ 531751.100604963139631, 430337.886431447346695 ], [ 532227.383642837638035, 430702.789799249032512 ] ] } },
{ "type": "Feature", "properties": { "Transect_ID": 83, "Distance_From_North_km": 41.69, "Coastal_Zone": "Withernsea Defended Seafront", "Geology": "Withernsea Till (Dense reddish-brown glacial clay)", "Cliff_Elevation_m": 9.0, "Defense_Status": "Heavily Defended", "Defense_Type": "Recurved Concrete Seawall, Rock Revetment, Offshore Groynes", "SMP_Policy": "Hold the Line (HTL)", "EPR_Erosion_Rate_m_yr": 0.7, "LRR_Regression_Rate_m_yr": 0.71, "R_Squared": 0.996, "Std_Error_m_yr": 0.033, "NSM_Total_Retreat_m": 25.2, "SCE_Envelope_m": 26.3, "Downdrift_Starvation_Index": 0.3, "Projected_Retreat_2050_Baseline_m": 16.8, "Projected_Retreat_2050_Climate_Accelerated_m": 19.3, "Projected_Retreat_2100_Baseline_m": 51.8, "Projected_Retreat_2100_Climate_Accelerated_m": 67.3, "Hazard_Class": "Low / Defended (<1.0 m/yr)", "Hazard_Color": "#10b981" }, "geometry": { "type": "LineString", "coordinates": [ [ 532344.471737175597809, 429563.221565079293214 ], [ 532821.053735386696644, 429927.734389244753402 ] ] } },
{ "type": "Feature", "properties": { "Transect_ID": 84, "Distance_From_North_km": 42.2, "Coastal_Zone": "Withernsea Defended Seafront", "Geology": "Withernsea Till (Dense reddish-brown glacial clay)", "Cliff_Elevation_m": 12.0, "Defense_Status": "Heavily Defended", "Defense_Type": "Recurved Concrete Seawall, Rock Revetment, Offshore Groynes", "SMP_Policy": "Hold the Line (HTL)", "EPR_Erosion_Rate_m_yr": 0.48, "LRR_Regression_Rate_m_yr": 0.47, "R_Squared": 0.992, "Std_Error_m_yr": 0.029, "NSM_Total_Retreat_m": 17.3, "SCE_Envelope_m": 18.6, "Downdrift_Starvation_Index": 0.3, "Projected_Retreat_2050_Baseline_m": 11.5, "Projected_Retreat_2050_Climate_Accelerated_m": 13.2, "Projected_Retreat_2100_Baseline_m": 35.5, "Projected_Retreat_2100_Climate_Accelerated_m": 46.2, "Hazard_Class": "Low / Defended (<1.0 m/yr)", "Hazard_Color": "#10b981" }, "geometry": { "type": "LineString", "coordinates": [ [ 532925.748622036771849, 428802.097108518704772 ], [ 533403.516894159605727, 429165.053687399427872 ] ] } },
{ "type": "Feature", "properties": { "Transect_ID": 85, "Distance_From_North_km": 42.71, "Coastal_Zone": "Withernsea Defended Seafront", "Geology": "Withernsea Till (Dense reddish-brown glacial clay)", "Cliff_Elevation_m": 13.0, "Defense_Status": "Heavily Defended", "Defense_Type": "Recurved Concrete Seawall, Rock Revetment, Offshore Groynes", "SMP_Policy": "Hold the Line (HTL)", "EPR_Erosion_Rate_m_yr": 0.53, "LRR_Regression_Rate_m_yr": 0.51, "R_Squared": 0.979, "Std_Error_m_yr": 0.053, "NSM_Total_Retreat_m": 19.1, "SCE_Envelope_m": 19.8, "Downdrift_Starvation_Index": 0.3, "Projected_Retreat_2050_Baseline_m": 12.7, "Projected_Retreat_2050_Climate_Accelerated_m": 14.6, "Projected_Retreat_2100_Baseline_m": 39.2, "Projected_Retreat_2100_Climate_Accelerated_m": 51.0, "Hazard_Class": "Low / Defended (<1.0 m/yr)", "Hazard_Color": "#10b981" }, "geometry": { "type": "LineString", "coordinates": [ [ 533466.860270525095984, 428085.814334367460106 ], [ 533947.618418637430295, 428444.801246417977381 ] ] } },
{ "type": "Feature", "properties": { "Transect_ID": 86, "Distance_From_North_km": 43.21, "Coastal_Zone": "Withernsea Defended Seafront", "Geology": "Withernsea Till (Dense reddish-brown glacial clay)", "Cliff_Elevation_m": 11.0, "Defense_Status": "Heavily Defended", "Defense_Type": "Recurved Concrete Seawall, Rock Revetment, Offshore Groynes", "SMP_Policy": "Hold the Line (HTL)", "EPR_Erosion_Rate_m_yr": 0.81, "LRR_Regression_Rate_m_yr": 0.78, "R_Squared": 0.975, "Std_Error_m_yr": 0.088, "NSM_Total_Retreat_m": 29.2, "SCE_Envelope_m": 31.1, "Downdrift_Starvation_Index": 0.3, "Projected_Retreat_2050_Baseline_m": 19.4, "Projected_Retreat_2050_Climate_Accelerated_m": 22.4, "Projected_Retreat_2100_Baseline_m": 59.9, "Projected_Retreat_2100_Climate_Accelerated_m": 77.9, "Hazard_Class": "Low / Defended (<1.0 m/yr)", "Hazard_Color": "#10b981" }, "geometry": { "type": "LineString", "coordinates": [ [ 533933.456449007149786, 427452.609875922440551 ], [ 534419.214805857744068, 427804.801327763241716 ] ] } },
{ "type": "Feature", "properties": { "Transect_ID": 87, "Distance_From_North_km": 43.72, "Coastal_Zone": "Withernsea Defended Seafront", "Geology": "Withernsea Till (Dense reddish-brown glacial clay)", "Cliff_Elevation_m": 10.0, "Defense_Status": "Heavily Defended", "Defense_Type": "Recurved Concrete Seawall, Rock Revetment, Offshore Groynes", "SMP_Policy": "Hold the Line (HTL)", "EPR_Erosion_Rate_m_yr": 0.61, "LRR_Regression_Rate_m_yr": 0.6, "R_Squared": 0.996, "Std_Error_m_yr": 0.026, "NSM_Total_Retreat_m": 22.0, "SCE_Envelope_m": 22.5, "Downdrift_Starvation_Index": 0.3, "Projected_Retreat_2050_Baseline_m": 14.6, "Projected_Retreat_2050_Climate_Accelerated_m": 16.8, "Projected_Retreat_2100_Baseline_m": 45.1, "Projected_Retreat_2100_Climate_Accelerated_m": 58.7, "Hazard_Class": "Low / Defended (<1.0 m/yr)", "Hazard_Color": "#10b981" }, "geometry": { "type": "LineString", "coordinates": [ [ 534322.65180374647025, 426905.477918141812552 ], [ 534813.659237702260725, 427250.313675858604256 ] ] } },
{ "type": "Feature", "properties": { "Transect_ID": 88, "Distance_From_North_km": 44.23, "Coastal_Zone": "Withernsea Defended Seafront", "Geology": "Withernsea Till (Dense reddish-brown glacial clay)", "Cliff_Elevation_m": 14.0, "Defense_Status": "Heavily Defended", "Defense_Type": "Recurved Concrete Seawall, Rock Revetment, Offshore Groynes", "SMP_Policy": "Hold the Line (HTL)", "EPR_Erosion_Rate_m_yr": 0.39, "LRR_Regression_Rate_m_yr": 0.44, "R_Squared": 0.835, "Std_Error_m_yr": 0.139, "NSM_Total_Retreat_m": 14.0, "SCE_Envelope_m": 15.0, "Downdrift_Starvation_Index": 0.3, "Projected_Retreat_2050_Baseline_m": 9.4, "Projected_Retreat_2050_Climate_Accelerated_m": 10.8, "Projected_Retreat_2100_Baseline_m": 28.9, "Projected_Retreat_2100_Climate_Accelerated_m": 37.5, "Hazard_Class": "Low / Defended (<1.0 m/yr)", "Hazard_Color": "#10b981" }, "geometry": { "type": "LineString", "coordinates": [ [ 534668.003648965037428, 426406.646205305936746 ], [ 535162.088464232743718, 426747.058007865503896 ] ] } },
{ "type": "Feature", "properties": { "Transect_ID": 89, "Distance_From_North_km": 44.74, "Coastal_Zone": "Hollym / Holmpton Unprotected Cliffs", "Geology": "Devensian Withernsea Glacial Till", "Cliff_Elevation_m": 10.0, "Defense_Status": "Unprotected High Erosion", "Defense_Type": "None (Unprotected)", "SMP_Policy": "No Active Intervention (NAI)", "EPR_Erosion_Rate_m_yr": 2.53, "LRR_Regression_Rate_m_yr": 2.54, "R_Squared": 1.0, "Std_Error_m_yr": 0.027, "NSM_Total_Retreat_m": 91.1, "SCE_Envelope_m": 96.3, "Downdrift_Starvation_Index": 0.4, "Projected_Retreat_2050_Baseline_m": 60.7, "Projected_Retreat_2050_Climate_Accelerated_m": 69.8, "Projected_Retreat_2100_Baseline_m": 187.2, "Projected_Retreat_2100_Climate_Accelerated_m": 243.4, "Hazard_Class": "High (2.0-3.0 m/yr)", "Hazard_Color": "#f59e0b" }, "geometry": { "type": "LineString", "coordinates": [ [ 535000.437948398990557, 425921.691196647414472 ], [ 535495.459041299065575, 426260.740039123047609 ] ] } },
{ "type": "Feature", "properties": { "Transect_ID": 90, "Distance_From_North_km": 45.25, "Coastal_Zone": "Hollym / Holmpton Unprotected Cliffs", "Geology": "Devensian Withernsea Glacial Till", "Cliff_Elevation_m": 8.0, "Defense_Status": "Unprotected High Erosion", "Defense_Type": "None (Unprotected)", "SMP_Policy": "No Active Intervention (NAI)", "EPR_Erosion_Rate_m_yr": 2.57, "LRR_Regression_Rate_m_yr": 2.58, "R_Squared": 1.0, "Std_Error_m_yr": 0.023, "NSM_Total_Retreat_m": 92.5, "SCE_Envelope_m": 98.9, "Downdrift_Starvation_Index": 0.4, "Projected_Retreat_2050_Baseline_m": 61.7, "Projected_Retreat_2050_Climate_Accelerated_m": 70.9, "Projected_Retreat_2100_Baseline_m": 190.2, "Projected_Retreat_2100_Climate_Accelerated_m": 247.2, "Hazard_Class": "High (2.0-3.0 m/yr)", "Hazard_Color": "#f59e0b" }, "geometry": { "type": "LineString", "coordinates": [ [ 535331.042662227526307, 425438.587472259940114 ], [ 535826.185647966107354, 425777.458279019629117 ] ] } },
{ "type": "Feature", "properties": { "Transect_ID": 91, "Distance_From_North_km": 45.76, "Coastal_Zone": "Hollym / Holmpton Unprotected Cliffs", "Geology": "Devensian Withernsea Glacial Till", "Cliff_Elevation_m": 6.0, "Defense_Status": "Unprotected High Erosion", "Defense_Type": "None (Unprotected)", "SMP_Policy": "No Active Intervention (NAI)", "EPR_Erosion_Rate_m_yr": 2.58, "LRR_Regression_Rate_m_yr": 2.55, "R_Squared": 0.998, "Std_Error_m_yr": 0.075, "NSM_Total_Retreat_m": 92.9, "SCE_Envelope_m": 99.3, "Downdrift_Starvation_Index": 0.4, "Projected_Retreat_2050_Baseline_m": 61.9, "Projected_Retreat_2050_Climate_Accelerated_m": 71.2, "Projected_Retreat_2100_Baseline_m": 190.9, "Projected_Retreat_2100_Climate_Accelerated_m": 248.2, "Hazard_Class": "High (2.0-3.0 m/yr)", "Hazard_Color": "#f59e0b" }, "geometry": { "type": "LineString", "coordinates": [ [ 535661.763699669507332, 424955.391387302428484 ], [ 536156.747134473291226, 425294.495205136889126 ] ] } },
{ "type": "Feature", "properties": { "Transect_ID": 92, "Distance_From_North_km": 46.26, "Coastal_Zone": "Hollym / Holmpton Unprotected Cliffs", "Geology": "Devensian Withernsea Glacial Till", "Cliff_Elevation_m": 8.0, "Defense_Status": "Unprotected High Erosion", "Defense_Type": "None (Unprotected)", "SMP_Policy": "No Active Intervention (NAI)", "EPR_Erosion_Rate_m_yr": 2.45, "LRR_Regression_Rate_m_yr": 2.48, "R_Squared": 0.998, "Std_Error_m_yr": 0.079, "NSM_Total_Retreat_m": 88.2, "SCE_Envelope_m": 90.4, "Downdrift_Starvation_Index": 0.4, "Projected_Retreat_2050_Baseline_m": 58.8, "Projected_Retreat_2050_Climate_Accelerated_m": 67.6, "Projected_Retreat_2100_Baseline_m": 181.3, "Projected_Retreat_2100_Climate_Accelerated_m": 235.7, "Hazard_Class": "High (2.0-3.0 m/yr)", "Hazard_Color": "#f59e0b" }, "geometry": { "type": "LineString", "coordinates": [ [ 535993.579780761152506, 424471.49564593937248 ], [ 536487.947402263525873, 424811.496608893910889 ] ] } },
{ "type": "Feature", "properties": { "Transect_ID": 93, "Distance_From_North_km": 46.77, "Coastal_Zone": "Hollym / Holmpton Unprotected Cliffs", "Geology": "Devensian Withernsea Glacial Till", "Cliff_Elevation_m": 8.0, "Defense_Status": "Unprotected High Erosion", "Defense_Type": "None (Unprotected)", "SMP_Policy": "No Active Intervention (NAI)", "EPR_Erosion_Rate_m_yr": 2.69, "LRR_Regression_Rate_m_yr": 2.69, "R_Squared": 0.999, "Std_Error_m_yr": 0.063, "NSM_Total_Retreat_m": 96.8, "SCE_Envelope_m": 99.4, "Downdrift_Starvation_Index": 0.4, "Projected_Retreat_2050_Baseline_m": 64.6, "Projected_Retreat_2050_Climate_Accelerated_m": 74.2, "Projected_Retreat_2100_Baseline_m": 199.1, "Projected_Retreat_2100_Climate_Accelerated_m": 258.8, "Hazard_Class": "High (2.0-3.0 m/yr)", "Hazard_Color": "#f59e0b" }, "geometry": { "type": "LineString", "coordinates": [ [ 536328.384366297745146, 423986.116524123644922 ], [ 536821.47588452079799, 424327.965547314379364 ] ] } },
{ "type": "Feature", "properties": { "Transect_ID": 94, "Distance_From_North_km": 47.28, "Coastal_Zone": "Hollym / Holmpton Unprotected Cliffs", "Geology": "Devensian Withernsea Glacial Till", "Cliff_Elevation_m": 19.0, "Defense_Status": "Unprotected High Erosion", "Defense_Type": "None (Unprotected)", "SMP_Policy": "No Active Intervention (NAI)", "EPR_Erosion_Rate_m_yr": 2.63, "LRR_Regression_Rate_m_yr": 2.63, "R_Squared": 1.0, "Std_Error_m_yr": 0.012, "NSM_Total_Retreat_m": 94.7, "SCE_Envelope_m": 99.3, "Downdrift_Starvation_Index": 0.4, "Projected_Retreat_2050_Baseline_m": 63.1, "Projected_Retreat_2050_Climate_Accelerated_m": 72.6, "Projected_Retreat_2100_Baseline_m": 194.6, "Projected_Retreat_2100_Climate_Accelerated_m": 253.0, "Hazard_Class": "High (2.0-3.0 m/yr)", "Hazard_Color": "#f59e0b" }, "geometry": { "type": "LineString", "coordinates": [ [ 536667.798077035462484, 423498.988964088610373 ], [ 537159.309963708394207, 423843.105318334070034 ] ] } },
{ "type": "Feature", "properties": { "Transect_ID": 95, "Distance_From_North_km": 47.79, "Coastal_Zone": "Hollym / Holmpton Unprotected Cliffs", "Geology": "Devensian Withernsea Glacial Till", "Cliff_Elevation_m": 18.0, "Defense_Status": "Unprotected High Erosion", "Defense_Type": "None (Unprotected)", "SMP_Policy": "No Active Intervention (NAI)", "EPR_Erosion_Rate_m_yr": 2.7, "LRR_Regression_Rate_m_yr": 2.72, "R_Squared": 0.999, "Std_Error_m_yr": 0.048, "NSM_Total_Retreat_m": 97.2, "SCE_Envelope_m": 104.8, "Downdrift_Starvation_Index": 0.4, "Projected_Retreat_2050_Baseline_m": 64.8, "Projected_Retreat_2050_Climate_Accelerated_m": 74.5, "Projected_Retreat_2100_Baseline_m": 199.8, "Projected_Retreat_2100_Climate_Accelerated_m": 259.7, "Hazard_Class": "High (2.0-3.0 m/yr)", "Hazard_Color": "#f59e0b" }, "geometry": { "type": "LineString", "coordinates": [ [ 537011.198230974259786, 423010.829395748733077 ], [ 537501.521264585666358, 423356.63761240959866 ] ] } },
{ "type": "Feature", "properties": { "Transect_ID": 96, "Distance_From_North_km": 48.3, "Coastal_Zone": "Hollym / Holmpton Unprotected Cliffs", "Geology": "Devensian Withernsea Glacial Till", "Cliff_Elevation_m": 14.0, "Defense_Status": "Unprotected High Erosion", "Defense_Type": "None (Unprotected)", "SMP_Policy": "No Active Intervention (NAI)", "EPR_Erosion_Rate_m_yr": 2.86, "LRR_Regression_Rate_m_yr": 2.86, "R_Squared": 0.999, "Std_Error_m_yr": 0.062, "NSM_Total_Retreat_m": 103.0, "SCE_Envelope_m": 110.4, "Downdrift_Starvation_Index": 0.4, "Projected_Retreat_2050_Baseline_m": 68.6, "Projected_Retreat_2050_Climate_Accelerated_m": 78.9, "Projected_Retreat_2100_Baseline_m": 211.6, "Projected_Retreat_2100_Climate_Accelerated_m": 275.1, "Hazard_Class": "High (2.0-3.0 m/yr)", "Hazard_Color": "#f59e0b" }, "geometry": { "type": "LineString", "coordinates": [ [ 537356.465461370884441, 422522.521091689472087 ], [ 537846.247808390296996, 422869.094680625828914 ] ] } },
{ "type": "Feature", "properties": { "Transect_ID": 97, "Distance_From_North_km": 48.81, "Coastal_Zone": "Hollym / Holmpton Unprotected Cliffs", "Geology": "Devensian Withernsea Glacial Till", "Cliff_Elevation_m": 19.0, "Defense_Status": "Unprotected High Erosion", "Defense_Type": "None (Unprotected)", "SMP_Policy": "No Active Intervention (NAI)", "EPR_Erosion_Rate_m_yr": 2.68, "LRR_Regression_Rate_m_yr": 2.68, "R_Squared": 1.0, "Std_Error_m_yr": 0.004, "NSM_Total_Retreat_m": 96.5, "SCE_Envelope_m": 104.0, "Downdrift_Starvation_Index": 0.4, "Projected_Retreat_2050_Baseline_m": 64.3, "Projected_Retreat_2050_Climate_Accelerated_m": 74.0, "Projected_Retreat_2100_Baseline_m": 198.3, "Projected_Retreat_2100_Climate_Accelerated_m": 257.8, "Hazard_Class": "High (2.0-3.0 m/yr)", "Hazard_Color": "#f59e0b" }, "geometry": { "type": "LineString", "coordinates": [ [ 537702.156026849057525, 422034.357980461441912 ], [ 538191.794120267266408, 422381.135340555512812 ] ] } },
{ "type": "Feature", "properties": { "Transect_ID": 98, "Distance_From_North_km": 49.32, "Coastal_Zone": "Hollym / Holmpton Unprotected Cliffs", "Geology": "Devensian Withernsea Glacial Till", "Cliff_Elevation_m": 20.0, "Defense_Status": "Unprotected High Erosion", "Defense_Type": "None (Unprotected)", "SMP_Policy": "No Active Intervention (NAI)", "EPR_Erosion_Rate_m_yr": 2.54, "LRR_Regression_Rate_m_yr": 2.52, "R_Squared": 0.997, "Std_Error_m_yr": 0.09, "NSM_Total_Retreat_m": 91.4, "SCE_Envelope_m": 97.0, "Downdrift_Starvation_Index": 0.4, "Projected_Retreat_2050_Baseline_m": 61.0, "Projected_Retreat_2050_Climate_Accelerated_m": 70.1, "Projected_Retreat_2100_Baseline_m": 188.0, "Projected_Retreat_2100_Climate_Accelerated_m": 244.3, "Hazard_Class": "High (2.0-3.0 m/yr)", "Hazard_Color": "#f59e0b" }, "geometry": { "type": "LineString", "coordinates": [ [ 538047.873899294645526, 421546.275325205002446 ], [ 538537.492198337684385, 421893.08063260698691 ] ] } },
{ "type": "Feature", "properties": { "Transect_ID": 99, "Distance_From_North_km": 49.82, "Coastal_Zone": "Hollym / Holmpton Unprotected Cliffs", "Geology": "Devensian Withernsea Glacial Till", "Cliff_Elevation_m": 22.0, "Defense_Status": "Unprotected High Erosion", "Defense_Type": "None (Unprotected)", "SMP_Policy": "No Active Intervention (NAI)", "EPR_Erosion_Rate_m_yr": 2.95, "LRR_Regression_Rate_m_yr": 2.97, "R_Squared": 0.999, "Std_Error_m_yr": 0.06, "NSM_Total_Retreat_m": 106.2, "SCE_Envelope_m": 108.6, "Downdrift_Starvation_Index": 0.4, "Projected_Retreat_2050_Baseline_m": 70.8, "Projected_Retreat_2050_Climate_Accelerated_m": 81.4, "Projected_Retreat_2100_Baseline_m": 218.3, "Projected_Retreat_2100_Climate_Accelerated_m": 283.8, "Hazard_Class": "High (2.0-3.0 m/yr)", "Hazard_Color": "#f59e0b" }, "geometry": { "type": "LineString", "coordinates": [ [ 538393.554820470977575, 421058.244026282744016 ], [ 538883.214952170848846, 421404.990266959823202 ] ] } },
{ "type": "Feature", "properties": { "Transect_ID": 100, "Distance_From_North_km": 50.33, "Coastal_Zone": "Easington Gas Terminal Frontage", "Geology": "Withernsea Till & Low Alluvial Platform", "Cliff_Elevation_m": 20.0, "Defense_Status": "Critical Asset Defense / Surrounding Hotspot", "Defense_Type": "Rock Armor Revetment at Terminal / Unprotected Margins", "SMP_Policy": "Hold the Line (Gas Terminal) / NAI (Cliffs)", "EPR_Erosion_Rate_m_yr": 1.98, "LRR_Regression_Rate_m_yr": 2.0, "R_Squared": 0.999, "Std_Error_m_yr": 0.049, "NSM_Total_Retreat_m": 71.3, "SCE_Envelope_m": 75.4, "Downdrift_Starvation_Index": 0.35, "Projected_Retreat_2050_Baseline_m": 47.5, "Projected_Retreat_2050_Climate_Accelerated_m": 54.6, "Projected_Retreat_2100_Baseline_m": 146.5, "Projected_Retreat_2100_Climate_Accelerated_m": 190.5, "Hazard_Class": "Moderate (1.0-2.0 m/yr)", "Hazard_Color": "#38bdf8" }, "geometry": { "type": "LineString", "coordinates": [ [ 538738.796940004220232, 420570.58430177118862 ], [ 539228.980867744423449, 420916.589673095324542 ] ] } },
{ "type": "Feature", "properties": { "Transect_ID": 101, "Distance_From_North_km": 50.84, "Coastal_Zone": "Easington Gas Terminal Frontage", "Geology": "Withernsea Till & Low Alluvial Platform", "Cliff_Elevation_m": 15.0, "Defense_Status": "Critical Asset Defense / Surrounding Hotspot", "Defense_Type": "Rock Armor Revetment at Terminal / Unprotected Margins", "SMP_Policy": "Hold the Line (Gas Terminal) / NAI (Cliffs)", "EPR_Erosion_Rate_m_yr": 1.83, "LRR_Regression_Rate_m_yr": 1.8, "R_Squared": 0.994, "Std_Error_m_yr": 0.1, "NSM_Total_Retreat_m": 65.9, "SCE_Envelope_m": 69.5, "Downdrift_Starvation_Index": 0.35, "Projected_Retreat_2050_Baseline_m": 43.9, "Projected_Retreat_2050_Climate_Accelerated_m": 50.5, "Projected_Retreat_2100_Baseline_m": 135.4, "Projected_Retreat_2100_Climate_Accelerated_m": 176.0, "Hazard_Class": "Moderate (1.0-2.0 m/yr)", "Hazard_Color": "#38bdf8" }, "geometry": { "type": "LineString", "coordinates": [ [ 539080.836778793251142, 420084.606284204230178 ], [ 539574.304368631565012, 420425.912214095762465 ] ] } },
{ "type": "Feature", "properties": { "Transect_ID": 102, "Distance_From_North_km": 51.35, "Coastal_Zone": "Easington Gas Terminal Frontage", "Geology": "Withernsea Till & Low Alluvial Platform", "Cliff_Elevation_m": 12.0, "Defense_Status": "Critical Asset Defense / Surrounding Hotspot", "Defense_Type": "Rock Armor Revetment at Terminal / Unprotected Margins", "SMP_Policy": "Hold the Line (Gas Terminal) / NAI (Cliffs)", "EPR_Erosion_Rate_m_yr": 1.88, "LRR_Regression_Rate_m_yr": 1.91, "R_Squared": 0.996, "Std_Error_m_yr": 0.085, "NSM_Total_Retreat_m": 67.7, "SCE_Envelope_m": 72.4, "Downdrift_Starvation_Index": 0.35, "Projected_Retreat_2050_Baseline_m": 45.1, "Projected_Retreat_2050_Climate_Accelerated_m": 51.9, "Projected_Retreat_2100_Baseline_m": 139.1, "Projected_Retreat_2100_Climate_Accelerated_m": 180.9, "Hazard_Class": "Moderate (1.0-2.0 m/yr)", "Hazard_Color": "#38bdf8" }, "geometry": { "type": "LineString", "coordinates": [ [ 539409.797873269300908, 419600.781879940419458 ], [ 539914.183055077213794, 419925.736628132581245 ] ] } },
{ "type": "Feature", "properties": { "Transect_ID": 103, "Distance_From_North_km": 51.86, "Coastal_Zone": "Easington Gas Terminal Frontage", "Geology": "Withernsea Till & Low Alluvial Platform", "Cliff_Elevation_m": 8.0, "Defense_Status": "Critical Asset Defense / Surrounding Hotspot", "Defense_Type": "Rock Armor Revetment at Terminal / Unprotected Margins", "SMP_Policy": "Hold the Line (Gas Terminal) / NAI (Cliffs)", "EPR_Erosion_Rate_m_yr": 1.82, "LRR_Regression_Rate_m_yr": 1.79, "R_Squared": 0.997, "Std_Error_m_yr": 0.073, "NSM_Total_Retreat_m": 65.5, "SCE_Envelope_m": 70.5, "Downdrift_Starvation_Index": 0.35, "Projected_Retreat_2050_Baseline_m": 43.7, "Projected_Retreat_2050_Climate_Accelerated_m": 50.2, "Projected_Retreat_2100_Baseline_m": 134.7, "Projected_Retreat_2100_Climate_Accelerated_m": 175.1, "Hazard_Class": "Moderate (1.0-2.0 m/yr)", "Hazard_Color": "#38bdf8" }, "geometry": { "type": "LineString", "coordinates": [ [ 539708.890179509529844, 419110.845988586428575 ], [ 540232.840002783108503, 419403.209773435955867 ] ] } },
{ "type": "Feature", "properties": { "Transect_ID": 104, "Distance_From_North_km": 52.37, "Coastal_Zone": "Easington Gas Terminal Frontage", "Geology": "Withernsea Till & Low Alluvial Platform", "Cliff_Elevation_m": 3.0, "Defense_Status": "Critical Asset Defense / Surrounding Hotspot", "Defense_Type": "Rock Armor Revetment at Terminal / Unprotected Margins", "SMP_Policy": "Hold the Line (Gas Terminal) / NAI (Cliffs)", "EPR_Erosion_Rate_m_yr": 2.21, "LRR_Regression_Rate_m_yr": 2.21, "R_Squared": 1.0, "Std_Error_m_yr": 0.014, "NSM_Total_Retreat_m": 79.6, "SCE_Envelope_m": 85.1, "Downdrift_Starvation_Index": 0.35, "Projected_Retreat_2050_Baseline_m": 53.0, "Projected_Retreat_2050_Climate_Accelerated_m": 61.0, "Projected_Retreat_2100_Baseline_m": 163.5, "Projected_Retreat_2100_Climate_Accelerated_m": 212.6, "Hazard_Class": "High (2.0-3.0 m/yr)", "Hazard_Color": "#f59e0b" }, "geometry": { "type": "LineString", "coordinates": [ [ 539969.776689222315326, 418597.671808816376142 ], [ 540513.217340158415027, 418851.979219070461113 ] ] } },
{ "type": "Feature", "properties": { "Transect_ID": 105, "Distance_From_North_km": 52.87, "Coastal_Zone": "Easington Gas Terminal Frontage", "Geology": "Withernsea Till & Low Alluvial Platform", "Cliff_Elevation_m": 3.0, "Defense_Status": "Critical Asset Defense / Surrounding Hotspot", "Defense_Type": "Rock Armor Revetment at Terminal / Unprotected Margins", "SMP_Policy": "Hold the Line (Gas Terminal) / NAI (Cliffs)", "EPR_Erosion_Rate_m_yr": 1.71, "LRR_Regression_Rate_m_yr": 1.69, "R_Squared": 0.998, "Std_Error_m_yr": 0.057, "NSM_Total_Retreat_m": 61.6, "SCE_Envelope_m": 64.4, "Downdrift_Starvation_Index": 0.35, "Projected_Retreat_2050_Baseline_m": 41.0, "Projected_Retreat_2050_Climate_Accelerated_m": 47.2, "Projected_Retreat_2100_Baseline_m": 126.5, "Projected_Retreat_2100_Climate_Accelerated_m": 164.5, "Hazard_Class": "Moderate (1.0-2.0 m/yr)", "Hazard_Color": "#38bdf8" }, "geometry": { "type": "LineString", "coordinates": [ [ 540203.028274546377361, 418053.590649865800515 ], [ 540758.041651242179796, 418281.538344937958755 ] ] } },
{ "type": "Feature", "properties": { "Transect_ID": 106, "Distance_From_North_km": 53.38, "Coastal_Zone": "Easington Gas Terminal Frontage", "Geology": "Withernsea Till & Low Alluvial Platform", "Cliff_Elevation_m": 1.0, "Defense_Status": "Critical Asset Defense / Surrounding Hotspot", "Defense_Type": "Rock Armor Revetment at Terminal / Unprotected Margins", "SMP_Policy": "Hold the Line (Gas Terminal) / NAI (Cliffs)", "EPR_Erosion_Rate_m_yr": 2.12, "LRR_Regression_Rate_m_yr": 2.12, "R_Squared": 1.0, "Std_Error_m_yr": 0.004, "NSM_Total_Retreat_m": 76.3, "SCE_Envelope_m": 81.8, "Downdrift_Starvation_Index": 0.35, "Projected_Retreat_2050_Baseline_m": 50.9, "Projected_Retreat_2050_Climate_Accelerated_m": 58.5, "Projected_Retreat_2100_Baseline_m": 156.9, "Projected_Retreat_2100_Climate_Accelerated_m": 203.9, "Hazard_Class": "High (2.0-3.0 m/yr)", "Hazard_Color": "#f59e0b" }, "geometry": { "type": "LineString", "coordinates": [ [ 540424.616383007611148, 417489.260063268127851 ], [ 540984.525729491957463, 417704.902182807680219 ] ] } },
{ "type": "Feature", "properties": { "Transect_ID": 107, "Distance_From_North_km": 53.89, "Coastal_Zone": "Easington Gas Terminal Frontage", "Geology": "Withernsea Till & Low Alluvial Platform", "Cliff_Elevation_m": 2.0, "Defense_Status": "Critical Asset Defense / Surrounding Hotspot", "Defense_Type": "Rock Armor Revetment at Terminal / Unprotected Margins", "SMP_Policy": "Hold the Line (Gas Terminal) / NAI (Cliffs)", "EPR_Erosion_Rate_m_yr": 1.95, "LRR_Regression_Rate_m_yr": 1.94, "R_Squared": 1.0, "Std_Error_m_yr": 0.023, "NSM_Total_Retreat_m": 70.2, "SCE_Envelope_m": 73.5, "Downdrift_Starvation_Index": 0.35, "Projected_Retreat_2050_Baseline_m": 46.8, "Projected_Retreat_2050_Climate_Accelerated_m": 53.8, "Projected_Retreat_2100_Baseline_m": 144.3, "Projected_Retreat_2100_Climate_Accelerated_m": 187.6, "Hazard_Class": "Moderate (1.0-2.0 m/yr)", "Hazard_Color": "#38bdf8" }, "geometry": { "type": "LineString", "coordinates": [ [ 540637.986453020712361, 416924.235031347721815 ], [ 541202.538500460912473, 417127.412258740456309 ] ] } },
{ "type": "Feature", "properties": { "Transect_ID": 108, "Distance_From_North_km": 54.4, "Coastal_Zone": "Kilnsea Breached Shoreline", "Geology": "Low-lying glacial sediment and gravel barrier", "Cliff_Elevation_m": 5.0, "Defense_Status": "Vulnerable Overwash / Active Retreat", "Defense_Type": "Degraded Historic Revetments / Flood Banks", "SMP_Policy": "Managed Realignment (MR)", "EPR_Erosion_Rate_m_yr": 2.94, "LRR_Regression_Rate_m_yr": 2.96, "R_Squared": 0.999, "Std_Error_m_yr": 0.069, "NSM_Total_Retreat_m": 105.8, "SCE_Envelope_m": 112.2, "Downdrift_Starvation_Index": 0.5, "Projected_Retreat_2050_Baseline_m": 70.6, "Projected_Retreat_2050_Climate_Accelerated_m": 81.1, "Projected_Retreat_2100_Baseline_m": 217.6, "Projected_Retreat_2100_Climate_Accelerated_m": 282.8, "Hazard_Class": "High (2.0-3.0 m/yr)", "Hazard_Color": "#f59e0b" }, "geometry": { "type": "LineString", "coordinates": [ [ 540821.859164311084896, 416387.651335202041082 ], [ 541398.358230533078313, 416553.930698459327687 ] ] } },
{ "type": "Feature", "properties": { "Transect_ID": 109, "Distance_From_North_km": 54.91, "Coastal_Zone": "Kilnsea Breached Shoreline", "Geology": "Low-lying glacial sediment and gravel barrier", "Cliff_Elevation_m": 6.0, "Defense_Status": "Vulnerable Overwash / Active Retreat", "Defense_Type": "Degraded Historic Revetments / Flood Banks", "SMP_Policy": "Managed Realignment (MR)", "EPR_Erosion_Rate_m_yr": 2.64, "LRR_Regression_Rate_m_yr": 2.63, "R_Squared": 0.999, "Std_Error_m_yr": 0.05, "NSM_Total_Retreat_m": 95.0, "SCE_Envelope_m": 99.9, "Downdrift_Starvation_Index": 0.5, "Projected_Retreat_2050_Baseline_m": 63.4, "Projected_Retreat_2050_Climate_Accelerated_m": 72.9, "Projected_Retreat_2100_Baseline_m": 195.4, "Projected_Retreat_2100_Climate_Accelerated_m": 254.0, "Hazard_Class": "High (2.0-3.0 m/yr)", "Hazard_Color": "#f59e0b" }, "geometry": { "type": "LineString", "coordinates": [ [ 540931.069914086256176, 415920.293947452330031 ], [ 541525.569726605317555, 416001.349316890176851 ] ] } },
{ "type": "Feature", "properties": { "Transect_ID": 110, "Distance_From_North_km": 55.42, "Coastal_Zone": "Kilnsea Breached Shoreline", "Geology": "Low-lying glacial sediment and gravel barrier", "Cliff_Elevation_m": 2.0, "Defense_Status": "Vulnerable Overwash / Active Retreat", "Defense_Type": "Degraded Historic Revetments / Flood Banks", "SMP_Policy": "Managed Realignment (MR)", "EPR_Erosion_Rate_m_yr": 2.75, "LRR_Regression_Rate_m_yr": 2.78, "R_Squared": 0.999, "Std_Error_m_yr": 0.075, "NSM_Total_Retreat_m": 99.0, "SCE_Envelope_m": 106.0, "Downdrift_Starvation_Index": 0.5, "Projected_Retreat_2050_Baseline_m": 66.0, "Projected_Retreat_2050_Climate_Accelerated_m": 75.9, "Projected_Retreat_2100_Baseline_m": 203.5, "Projected_Retreat_2100_Climate_Accelerated_m": 264.6, "Hazard_Class": "High (2.0-3.0 m/yr)", "Hazard_Color": "#f59e0b" }, "geometry": { "type": "LineString", "coordinates": [ [ 540942.300342346308753, 415532.35436178650707 ], [ 541541.035985349793918, 415493.423271418898366 ] ] } },
{ "type": "Feature", "properties": { "Transect_ID": 111, "Distance_From_North_km": 55.92, "Coastal_Zone": "Kilnsea Breached Shoreline", "Geology": "Low-lying glacial sediment and gravel barrier", "Cliff_Elevation_m": 0.0, "Defense_Status": "Vulnerable Overwash / Active Retreat", "Defense_Type": "Degraded Historic Revetments / Flood Banks", "SMP_Policy": "Managed Realignment (MR)", "EPR_Erosion_Rate_m_yr": 3.14, "LRR_Regression_Rate_m_yr": 3.12, "R_Squared": 0.999, "Std_Error_m_yr": 0.077, "NSM_Total_Retreat_m": 113.0, "SCE_Envelope_m": 116.2, "Downdrift_Starvation_Index": 0.5, "Projected_Retreat_2050_Baseline_m": 75.4, "Projected_Retreat_2050_Climate_Accelerated_m": 86.7, "Projected_Retreat_2100_Baseline_m": 232.4, "Projected_Retreat_2100_Climate_Accelerated_m": 302.1, "Hazard_Class": "Extreme (>3.0 m/yr)", "Hazard_Color": "#f43f5e" }, "geometry": { "type": "LineString", "coordinates": [ [ 540878.819660165929236, 415169.522491710551549 ], [ 541464.821200124337338, 415040.672985827142838 ] ] } },
{ "type": "Feature", "properties": { "Transect_ID": 112, "Distance_From_North_km": 56.43, "Coastal_Zone": "Kilnsea Breached Shoreline", "Geology": "Low-lying glacial sediment and gravel barrier", "Cliff_Elevation_m": 0.0, "Defense_Status": "Vulnerable Overwash / Active Retreat", "Defense_Type": "Degraded Historic Revetments / Flood Banks", "SMP_Policy": "Managed Realignment (MR)", "EPR_Erosion_Rate_m_yr": 2.99, "LRR_Regression_Rate_m_yr": 2.99, "R_Squared": 0.999, "Std_Error_m_yr": 0.064, "NSM_Total_Retreat_m": 107.6, "SCE_Envelope_m": 111.1, "Downdrift_Starvation_Index": 0.5, "Projected_Retreat_2050_Baseline_m": 71.8, "Projected_Retreat_2050_Climate_Accelerated_m": 82.5, "Projected_Retreat_2100_Baseline_m": 221.3, "Projected_Retreat_2100_Climate_Accelerated_m": 287.6, "Hazard_Class": "High (2.0-3.0 m/yr)", "Hazard_Color": "#f59e0b" }, "geometry": { "type": "LineString", "coordinates": [ [ 540775.207541668787599, 414790.263966119033284 ], [ 541352.21802139445208, 414625.768050404556561 ] ] } },
{ "type": "Feature", "properties": { "Transect_ID": 113, "Distance_From_North_km": 56.94, "Coastal_Zone": "Kilnsea Breached Shoreline", "Geology": "Low-lying glacial sediment and gravel barrier", "Cliff_Elevation_m": 0.0, "Defense_Status": "Vulnerable Overwash / Active Retreat", "Defense_Type": "Degraded Historic Revetments / Flood Banks", "SMP_Policy": "Managed Realignment (MR)", "EPR_Erosion_Rate_m_yr": 3.0, "LRR_Regression_Rate_m_yr": 3.0, "R_Squared": 0.999, "Std_Error_m_yr": 0.078, "NSM_Total_Retreat_m": 108.0, "SCE_Envelope_m": 116.0, "Downdrift_Starvation_Index": 0.5, "Projected_Retreat_2050_Baseline_m": 72.0, "Projected_Retreat_2050_Climate_Accelerated_m": 82.8, "Projected_Retreat_2100_Baseline_m": 222.0, "Projected_Retreat_2100_Climate_Accelerated_m": 288.6, "Hazard_Class": "Extreme (>3.0 m/yr)", "Hazard_Color": "#f43f5e" }, "geometry": { "type": "LineString", "coordinates": [ [ 540657.964750044280663, 414397.416019520082045 ], [ 541232.628904277575202, 414224.901933604618534 ] ] } },
{ "type": "Feature", "properties": { "Transect_ID": 114, "Distance_From_North_km": 57.45, "Coastal_Zone": "Spurn Head Sand Spit", "Geology": "Holocene Marine & Estuarine Sand/Shingle Spit", "Cliff_Elevation_m": 0.0, "Defense_Status": "Dynamic Barrier Spit (Yorkshire Wildlife Trust)", "Defense_Type": "Dynamic Natural Barrier Spit (Post-2013 Breach Adaptation)", "SMP_Policy": "Managed Adaptation / NAI", "EPR_Erosion_Rate_m_yr": 1.46, "LRR_Regression_Rate_m_yr": 1.42, "R_Squared": 0.988, "Std_Error_m_yr": 0.11, "NSM_Total_Retreat_m": 52.6, "SCE_Envelope_m": 56.1, "Downdrift_Starvation_Index": 0.65, "Projected_Retreat_2050_Baseline_m": 35.0, "Projected_Retreat_2050_Climate_Accelerated_m": 40.3, "Projected_Retreat_2100_Baseline_m": 108.0, "Projected_Retreat_2100_Climate_Accelerated_m": 140.5, "Hazard_Class": "Moderate (1.0-2.0 m/yr)", "Hazard_Color": "#38bdf8" }, "geometry": { "type": "LineString", "coordinates": [ [ 540538.104528603027575, 414000.579283658415079 ], [ 541112.455097161000594, 413827.024034826550633 ] ] } },
{ "type": "Feature", "properties": { "Transect_ID": 115, "Distance_From_North_km": 57.96, "Coastal_Zone": "Spurn Head Sand Spit", "Geology": "Holocene Marine & Estuarine Sand/Shingle Spit", "Cliff_Elevation_m": 0.0, "Defense_Status": "Dynamic Barrier Spit (Yorkshire Wildlife Trust)", "Defense_Type": "Dynamic Natural Barrier Spit (Post-2013 Breach Adaptation)", "SMP_Policy": "Managed Adaptation / NAI", "EPR_Erosion_Rate_m_yr": 1.98, "LRR_Regression_Rate_m_yr": 1.96, "R_Squared": 0.996, "Std_Error_m_yr": 0.086, "NSM_Total_Retreat_m": 71.3, "SCE_Envelope_m": 74.7, "Downdrift_Starvation_Index": 0.65, "Projected_Retreat_2050_Baseline_m": 47.5, "Projected_Retreat_2050_Climate_Accelerated_m": 54.6, "Projected_Retreat_2100_Baseline_m": 146.5, "Projected_Retreat_2100_Climate_Accelerated_m": 190.5, "Hazard_Class": "Moderate (1.0-2.0 m/yr)", "Hazard_Color": "#38bdf8" }, "geometry": { "type": "LineString", "coordinates": [ [ 540417.955224802368321, 413603.148970959940925 ], [ 540992.282891800510697, 413429.5179514947813 ] ] } },
{ "type": "Feature", "properties": { "Transect_ID": 116, "Distance_From_North_km": 58.47, "Coastal_Zone": "Spurn Head Sand Spit", "Geology": "Holocene Marine & Estuarine Sand/Shingle Spit", "Cliff_Elevation_m": 0.0, "Defense_Status": "Dynamic Barrier Spit (Yorkshire Wildlife Trust)", "Defense_Type": "Dynamic Natural Barrier Spit (Post-2013 Breach Adaptation)", "SMP_Policy": "Managed Adaptation / NAI", "EPR_Erosion_Rate_m_yr": 1.74, "LRR_Regression_Rate_m_yr": 1.75, "R_Squared": 1.0, "Std_Error_m_yr": 0.02, "NSM_Total_Retreat_m": 62.6, "SCE_Envelope_m": 65.1, "Downdrift_Starvation_Index": 0.65, "Projected_Retreat_2050_Baseline_m": 41.8, "Projected_Retreat_2050_Climate_Accelerated_m": 48.0, "Projected_Retreat_2100_Baseline_m": 128.8, "Projected_Retreat_2100_Climate_Accelerated_m": 167.4, "Hazard_Class": "Moderate (1.0-2.0 m/yr)", "Hazard_Color": "#38bdf8" }, "geometry": { "type": "LineString", "coordinates": [ [ 540297.794483796693385, 413205.694212264032103 ], [ 540872.121340175857767, 413032.060511498188134 ] ] } },
{ "type": "Feature", "properties": { "Transect_ID": 117, "Distance_From_North_km": 58.97, "Coastal_Zone": "Spurn Head Sand Spit", "Geology": "Holocene Marine & Estuarine Sand/Shingle Spit", "Cliff_Elevation_m": 0.0, "Defense_Status": "Dynamic Barrier Spit (Yorkshire Wildlife Trust)", "Defense_Type": "Dynamic Natural Barrier Spit (Post-2013 Breach Adaptation)", "SMP_Policy": "Managed Adaptation / NAI", "EPR_Erosion_Rate_m_yr": 1.57, "LRR_Regression_Rate_m_yr": 1.57, "R_Squared": 0.999, "Std_Error_m_yr": 0.028, "NSM_Total_Retreat_m": 56.5, "SCE_Envelope_m": 58.2, "Downdrift_Starvation_Index": 0.65, "Projected_Retreat_2050_Baseline_m": 37.7, "Projected_Retreat_2050_Climate_Accelerated_m": 43.3, "Projected_Retreat_2100_Baseline_m": 116.2, "Projected_Retreat_2100_Climate_Accelerated_m": 151.0, "Hazard_Class": "Moderate (1.0-2.0 m/yr)", "Hazard_Color": "#38bdf8" }, "geometry": { "type": "LineString", "coordinates": [ [ 540177.794432478956878, 412808.770965597825125 ], [ 540752.121288858121261, 412635.137264832039364 ] ] } },
{ "type": "Feature", "properties": { "Transect_ID": 118, "Distance_From_North_km": 59.48, "Coastal_Zone": "Spurn Head Sand Spit", "Geology": "Holocene Marine & Estuarine Sand/Shingle Spit", "Cliff_Elevation_m": 0.0, "Defense_Status": "Dynamic Barrier Spit (Yorkshire Wildlife Trust)", "Defense_Type": "Dynamic Natural Barrier Spit (Post-2013 Breach Adaptation)", "SMP_Policy": "Managed Adaptation / NAI", "EPR_Erosion_Rate_m_yr": 1.62, "LRR_Regression_Rate_m_yr": 1.61, "R_Squared": 0.999, "Std_Error_m_yr": 0.037, "NSM_Total_Retreat_m": 58.3, "SCE_Envelope_m": 61.1, "Downdrift_Starvation_Index": 0.65, "Projected_Retreat_2050_Baseline_m": 38.9, "Projected_Retreat_2050_Climate_Accelerated_m": 44.7, "Projected_Retreat_2100_Baseline_m": 119.9, "Projected_Retreat_2100_Climate_Accelerated_m": 155.8, "Hazard_Class": "Moderate (1.0-2.0 m/yr)", "Hazard_Color": "#38bdf8" }, "geometry": { "type": "LineString", "coordinates": [ [ 540059.704114844091237, 412418.164530343550723 ], [ 540634.030971223255619, 412244.53082957782317 ] ] } },
{ "type": "Feature", "properties": { "Transect_ID": 119, "Distance_From_North_km": 59.99, "Coastal_Zone": "Spurn Head Sand Spit", "Geology": "Holocene Marine & Estuarine Sand/Shingle Spit", "Cliff_Elevation_m": 0.0, "Defense_Status": "Dynamic Barrier Spit (Yorkshire Wildlife Trust)", "Defense_Type": "Dynamic Natural Barrier Spit (Post-2013 Breach Adaptation)", "SMP_Policy": "Managed Adaptation / NAI", "EPR_Erosion_Rate_m_yr": 1.61, "LRR_Regression_Rate_m_yr": 1.6, "R_Squared": 0.999, "Std_Error_m_yr": 0.038, "NSM_Total_Retreat_m": 58.0, "SCE_Envelope_m": 59.8, "Downdrift_Starvation_Index": 0.65, "Projected_Retreat_2050_Baseline_m": 38.6, "Projected_Retreat_2050_Climate_Accelerated_m": 44.4, "Projected_Retreat_2100_Baseline_m": 119.1, "Projected_Retreat_2100_Climate_Accelerated_m": 154.9, "Hazard_Class": "Moderate (1.0-2.0 m/yr)", "Hazard_Color": "#38bdf8" }, "geometry": { "type": "LineString", "coordinates": [ [ 539953.330757807008922, 412066.31419552868465 ], [ 540527.657614186173305, 411892.680494762898888 ] ] } },
{ "type": "Feature", "properties": { "Transect_ID": 120, "Distance_From_North_km": 60.5, "Coastal_Zone": "Spurn Head Sand Spit", "Geology": "Holocene Marine & Estuarine Sand/Shingle Spit", "Cliff_Elevation_m": 0.0, "Defense_Status": "Dynamic Barrier Spit (Yorkshire Wildlife Trust)", "Defense_Type": "Dynamic Natural Barrier Spit (Post-2013 Breach Adaptation)", "SMP_Policy": "Managed Adaptation / NAI", "EPR_Erosion_Rate_m_yr": 1.64, "LRR_Regression_Rate_m_yr": 1.65, "R_Squared": 0.998, "Std_Error_m_yr": 0.056, "NSM_Total_Retreat_m": 59.0, "SCE_Envelope_m": 61.5, "Downdrift_Starvation_Index": 0.65, "Projected_Retreat_2050_Baseline_m": 39.4, "Projected_Retreat_2050_Climate_Accelerated_m": 45.3, "Projected_Retreat_2100_Baseline_m": 121.4, "Projected_Retreat_2100_Climate_Accelerated_m": 157.8, "Hazard_Class": "Moderate (1.0-2.0 m/yr)", "Hazard_Color": "#38bdf8" }, "geometry": { "type": "LineString", "coordinates": [ [ 539885.149813696742058, 411840.792611163808033 ], [ 540459.476670075906441, 411667.158910398080479 ] ] } }
]
}
